customer_id,first_name,last_name,email,phone,city,state,zip_code,country,region,signup_date
CUST-0001,Matthew,Davis,matthew.davis@gmail.com,(752)331-5519x243,Craigmouth,RI,02844,United States,Northeast,2023-11-05
CUST-0002,Jeffrey,White,jeffrey.white@yahoo.com,389.442.6490,North Noah,TN,37482,United States,South,2023-12-14
CUST-0003,Ryan,Cherry,ryan.cherry@gmail.com,985-835-3661,Emmamouth,MA,01184,United States,Northeast,2023-12-19
CUST-0004,Eric,Mccoy,eric.mccoy@gmail.com,(327)327-7963x397,East Michael,NJ,08432,United States,Northeast,2023-08-05
CUST-0005,Christopher,Guerrero,christopher.guerrero@yahoo.com,7162011839,Palmermouth,NH,03384,United States,Northeast,2023-08-04
CUST-0006,Gary,Brown,gary.brown@yahoo.com,979-562-6182x5365,East Claudia,NH,03655,United States,Northeast,2023-01-28
CUST-0007,Christopher,Robbins,christopher.robbins@hotmail.com,911.319.1740x65835,West Diane,UT,84187,United States,West,2023-12-18
CUST-0008,Sarah,Ray,sarah.ray@hotmail.com,(822)842-7597,Lake Cynthiachester,IN,46300,United States,Midwest,2024-01-01
CUST-0009,George,Page,george.page@gmail.com,+1-286-357-3161x930,East Dana,NC,27506,United States,South,2023-12-23
CUST-0010,Karen,Murphy,karen.murphy@gmail.com,(508)325-6801x378,North Katherine,NM,87353,United States,West,2023-12-24
CUST-0011,Samantha,Rodriguez,samantha.rodriguez@yahoo.com,001-296-811-2495x693,Martinchester,DC,20025,United States,South,2023-12-25
CUST-0012,Brett,Mccann,brett.mccann@yahoo.com,+1-393-304-8642x9450,South Elizabethhaven,DC,20024,United States,South,2023-07-27
CUST-0013,Ronnie,Harris,ronnie.harris@hotmail.com,+1-225-879-8538x19701,Gutierrezstad,WV,24959,United States,South,2024-02-18
CUST-0014,David,Williams,david.williams@hotmail.com,872.519.7717x512,New Kelsey,HI,96770,United States,West,2023-10-15
CUST-0015,David,Richardson,david.richardson@hotmail.com,+1-756-461-9009x04668,New Javierton,TX,77869,United States,South,2023-08-09
CUST-0016,Derek,Harmon,derek.harmon@gmail.com,911-276-7845,Huntview,CO,80946,United States,West,2024-03-11
CUST-0017,Jonathan,Brown,jonathan.brown@yahoo.com,445.350.0360x645,Thomasbury,ME,04067,United States,Northeast,2024-01-05
CUST-0018,Eric,Proctor,eric.proctor@hotmail.com,414-723-5471x97584,Lake Angelabury,NC,27749,United States,South,2024-04-16
CUST-0019,April,Anderson,april.anderson@hotmail.com,+1-207-213-8014,South Danielle,TX,79446,United States,South,2023-02-09
CUST-0020,Henry,Newton,henry.newton@yahoo.com,490-417-2813x6342,Saraport,SD,57796,United States,Midwest,2024-03-25
CUST-0021,Alexandria,Brown,alexandria.brown@gmail.com,(649)989-2295,Timothyton,SC,29007,United States,South,2024-04-02
CUST-0022,Kimberly,Martin,kimberly.martin@gmail.com,943.823.7758x895,West Carla,MI,48918,United States,Midwest,2023-11-12
CUST-0023,Diana,Medina,diana.medina@gmail.com,9366962526,Lake Roberthaven,CO,80443,United States,West,2024-01-04
CUST-0024,Kim,Henry,kim.henry@hotmail.com,001-247-862-2923x60894,Smithmouth,WI,54238,United States,Midwest,2023-12-06
CUST-0025,Gary,Mcguire,gary.mcguire@yahoo.com,6589857174,Lake Gregory,KS,66716,United States,Midwest,2024-03-09
CUST-0026,Kristi,Heath,kristi.heath@yahoo.com,+1-201-530-1749x843,Port Tylerchester,UT,84242,United States,West,2023-12-05
CUST-0027,Denise,Dawson,denise.dawson@gmail.com,553.666.5775x4911,East Jacobstad,MD,21406,United States,South,2024-03-17
CUST-0028,Nathan,Gonzalez,nathan.gonzalez@hotmail.com,(224)549-8904x80911,North Zacharystad,IA,52268,United States,Midwest,2023-12-27
CUST-0029,Mary,Larson,mary.larson@gmail.com,001-692-539-6487x77640,Hollychester,IL,62178,United States,Midwest,2024-02-10
CUST-0030,Michael,Myers,michael.myers@gmail.com,717.607.9017x14145,Sanchezstad,GA,31028,United States,South,2024-01-15
CUST-0031,Alejandro,Moore,alejandro.moore@yahoo.com,3243055353,New Valeriechester,AK,99526,United States,West,2023-05-15
CUST-0032,Elizabeth,Watts,elizabeth.watts@gmail.com,001-658-892-9292x40185,Lake Debraport,AZ,85915,United States,West,2023-12-09
CUST-0033,Katherine,Richardson,katherine.richardson@yahoo.com,+1-400-431-8454x3517,Jesusburgh,KS,66593,United States,Midwest,2024-05-09
CUST-0034,Samuel,Warner,samuel.warner@yahoo.com,(610)618-3354,Kimberlytown,NM,87605,United States,West,2023-06-25
CUST-0035,Tony,Francis,tony.francis@hotmail.com,668.903.0786,Fullerton,SC,29927,United States,South,2023-01-02
CUST-0036,Nancy,Miller,nancy.miller@yahoo.com,758.950.1818x965,South Ashley,WY,82784,United States,West,2023-07-09
CUST-0037,Luis,Rivas,luis.rivas@hotmail.com,904.747.9943x21196,West Stacey,CA,94838,United States,West,2023-12-17
CUST-0038,Charles,Murphy,charles.murphy@yahoo.com,(631)596-6566,Port Karen,NJ,08089,United States,Northeast,2024-01-12
CUST-0039,Marcus,Martinez,marcus.martinez@hotmail.com,439.574.3160,Carolchester,NE,68002,United States,Midwest,2023-08-16
CUST-0040,Jacob,West,jacob.west@hotmail.com,(709)772-1013x64141,New Tinatown,SD,57051,United States,Midwest,2023-06-21
CUST-0041,Amanda,Knox,amanda.knox@hotmail.com,+1-484-805-1117x3780,New Joseph,OR,97655,United States,West,2024-02-11
CUST-0042,Michael,Ingram,michael.ingram@gmail.com,675-503-2099x0754,Brianport,IL,62262,United States,Midwest,2023-08-31
CUST-0043,Michelle,Hall,michelle.hall@gmail.com,2207313781,Lake Jenniferside,VA,24079,United States,South,2024-03-08
CUST-0044,Mary,Ellison,mary.ellison@yahoo.com,(817)276-8875x68125,Port Molly,VT,05070,United States,Northeast,2024-01-15
CUST-0045,Jennifer,Nguyen,jennifer.nguyen@gmail.com,(655)267-0134,Laurenfurt,MO,63866,United States,Midwest,2023-03-13
CUST-0046,Gloria,Mays,gloria.mays@hotmail.com,2134350515,Guerreroton,NY,11283,United States,Northeast,2024-01-15
CUST-0047,Travis,Horne,travis.horne@hotmail.com,229.472.8620x018,Gonzalezstad,MT,59908,United States,West,2023-04-08
CUST-0048,Sherry,Lewis,sherry.lewis@hotmail.com,001-972-598-4537x10163,Paulmouth,KS,67648,United States,Midwest,2024-01-24
CUST-0049,Lindsay,Chavez,lindsay.chavez@yahoo.com,001-437-270-4484,North Christopher,GA,30135,United States,South,2023-09-27
CUST-0050,Alejandra,Hatfield,alejandra.hatfield@gmail.com,(709)991-0457x684,East Diana,TN,38343,United States,South,2024-02-13
CUST-0051,Jacob,Lynn,jacob.lynn@yahoo.com,+1-639-792-5372x06808,Michaelberg,VT,05176,United States,Northeast,2024-02-15
CUST-0052,Robert,Brown,robert.brown@gmail.com,001-740-629-5211,South Robertberg,AL,35010,United States,South,2023-12-29
CUST-0053,Margaret,Davis,margaret.davis@hotmail.com,667-594-9643x57901,Janefurt,WI,54708,United States,Midwest,2024-01-09
CUST-0054,Jasmine,Martin,jasmine.martin@yahoo.com,+1-382-446-5959x501,Briannaland,WY,82602,United States,West,2023-05-23
CUST-0055,Rodney,Swanson,rodney.swanson@hotmail.com,376.786.5942,Thomasberg,CT,06372,United States,Northeast,2024-07-09
CUST-0056,John,Wilson,john.wilson@gmail.com,001-978-412-1676x70690,South Jennifer,WY,82441,United States,West,2024-01-22
CUST-0057,Sara,Fletcher,sara.fletcher@yahoo.com,(615)483-5139x152,Johnstonbury,NV,89419,United States,West,2023-07-12
CUST-0058,James,Jordan,james.jordan@yahoo.com,395-683-9659x42451,Reevesside,IA,50586,United States,Midwest,2024-01-17
CUST-0059,Julie,Reese,julie.reese@gmail.com,(500)889-8479,Rachelport,ID,83765,United States,West,2024-03-25
CUST-0060,Jason,Bailey,jason.bailey@yahoo.com,762.353.3590x41579,West Davidchester,VT,05274,United States,Northeast,2024-01-08
CUST-0061,Christina,Trujillo,christina.trujillo@hotmail.com,+1-624-759-6757,Batesland,ND,58270,United States,Midwest,2023-12-20
CUST-0062,Laura,Williams,laura.williams@gmail.com,950-991-5549,South Samuelside,NJ,08177,United States,Northeast,2024-03-26
CUST-0063,Carrie,Turner,carrie.turner@yahoo.com,8934076769,Lake Ericaberg,AR,71966,United States,South,2024-03-06
CUST-0064,William,Warren,william.warren@gmail.com,8262347394,Hollyfort,OK,73061,United States,South,2023-12-30
CUST-0065,Karen,Riddle,karen.riddle@hotmail.com,596-598-4009x669,South Traceyside,KS,66140,United States,Midwest,2023-10-11
CUST-0066,Deborah,Gaines,deborah.gaines@hotmail.com,(249)760-9670x83645,North Roy,DE,19898,United States,South,2023-12-09
CUST-0067,Susan,Rowe,susan.rowe@hotmail.com,(635)504-5338,Williamsfort,NJ,07264,United States,Northeast,2024-01-22
CUST-0068,Theodore,Marsh,theodore.marsh@yahoo.com,(451)231-6299x6663,Annastad,FL,32936,United States,South,2024-03-18
CUST-0069,Kelly,Mcdaniel,kelly.mcdaniel@yahoo.com,204.251.1528,Smithview,NJ,08535,United States,Northeast,2023-12-22
CUST-0070,Theresa,Zimmerman,theresa.zimmerman@gmail.com,635-426-4585,Waltershaven,TX,78867,United States,South,2024-03-07
CUST-0071,Krista,Odom,krista.odom@yahoo.com,977.235.5133x893,Lake Loretta,ND,58317,United States,Midwest,2023-08-04
CUST-0072,Kenneth,Williams,kenneth.williams@gmail.com,769.482.1138,Williamsmouth,OK,73176,United States,South,2023-08-21
CUST-0073,Michael,Phelps,michael.phelps@gmail.com,+1-967-792-7867,Gonzalesview,RI,02836,United States,Northeast,2024-01-29
CUST-0074,Kathleen,Jones,kathleen.jones@yahoo.com,295.475.3505x91290,Lake Andrew,MA,02587,United States,Northeast,2024-01-28
CUST-0075,Abigail,Miller,abigail.miller@gmail.com,(310)565-7318x6957,Wrightchester,WI,53873,United States,Midwest,2024-07-09
CUST-0076,Holly,Lawson,holly.lawson@yahoo.com,255-755-2507x00290,North Barbarachester,NH,03506,United States,Northeast,2024-02-20
CUST-0077,Mary,Brown,mary.brown@yahoo.com,770.295.3292,South Craigville,SC,29130,United States,South,2024-06-22
CUST-0078,Brad,Stanton,brad.stanton@hotmail.com,311-433-0408,Hornhaven,WA,98725,United States,West,2023-11-29
CUST-0079,Samuel,Craig,samuel.craig@yahoo.com,477-805-5773x4073,Brianside,NC,28757,United States,South,2023-11-12
CUST-0080,Tracie,Davila,tracie.davila@gmail.com,8638018210,South Linda,NV,89595,United States,West,2023-01-15
CUST-0081,Aaron,Clark,aaron.clark@gmail.com,001-761-886-4289,West Richardborough,OK,73134,United States,South,2024-01-18
CUST-0082,Jeffrey,Gomez,jeffrey.gomez@gmail.com,9762484959,Karamouth,NH,03807,United States,Northeast,2023-12-24
CUST-0083,Rita,Lamb,rita.lamb@yahoo.com,9167779868,New Kennethview,HI,96881,United States,West,2024-03-16
CUST-0084,Adam,Jordan,adam.jordan@hotmail.com,552.619.7352x0479,North Sarahfort,WV,25835,United States,South,2024-02-28
CUST-0085,Lauren,Johnson,lauren.johnson@gmail.com,253.633.8086,East Jeremy,NM,88074,United States,West,2024-03-11
CUST-0086,Pamela,Peterson,pamela.peterson@yahoo.com,(218)624-0788x3247,Lake Megan,NH,03551,United States,Northeast,2023-06-09
CUST-0087,Mary,Robertson,mary.robertson@gmail.com,(391)628-8091x44565,East Allison,KY,41158,United States,South,2023-10-22
CUST-0088,Alicia,Gonzales,alicia.gonzales@hotmail.com,(880)343-5179,South Maria,WI,53259,United States,Midwest,2024-01-05
CUST-0089,Zachary,Hunt,zachary.hunt@gmail.com,981-507-5402x283,East Juliashire,KS,66929,United States,Midwest,2024-01-19
CUST-0090,Christopher,Nguyen,christopher.nguyen@gmail.com,(873)618-5147x45598,Millerfurt,SD,57102,United States,Midwest,2024-03-15
CUST-0091,Kayla,Howell,kayla.howell@gmail.com,757.605.7236x20196,South Codyview,LA,70386,United States,South,2024-01-20
CUST-0092,Bethany,Taylor,bethany.taylor@gmail.com,(581)924-1507x022,Westport,WY,82233,United States,West,2023-01-13
CUST-0093,Luis,Pierce,luis.pierce@hotmail.com,994-791-2563x56652,Laurafort,WY,82852,United States,West,2023-11-08
CUST-0094,Jeffery,Murphy,jeffery.murphy@yahoo.com,001-925-495-4338x40054,Livingstonton,ND,58513,United States,Midwest,2023-08-05
CUST-0095,Joseph,Ortega,joseph.ortega@gmail.com,(530)984-9645x1319,North Matthew,NY,11255,United States,Northeast,2023-11-05
CUST-0096,James,Soto,james.soto@hotmail.com,791-408-2519,Jessicashire,SD,57568,United States,Midwest,2023-10-13
CUST-0097,Eric,Hebert,eric.hebert@yahoo.com,599-764-8274,Jordanton,KS,67522,United States,Midwest,2023-01-03
CUST-0098,Billy,Black,billy.black@hotmail.com,001-520-225-0871,Rojasfurt,LA,70051,United States,South,2023-09-19
CUST-0099,Paul,Gould,paul.gould@hotmail.com,(916)548-6046x20916,West Meganberg,NH,03153,United States,Northeast,2024-01-10
CUST-0100,Tina,James,tina.james@yahoo.com,243.313.6596x6477,West Michael,CA,92549,United States,West,2024-11-03
CUST-0101,Kathy,Conner,kathy.conner@yahoo.com,001-643-431-3618x510,Alecchester,VA,23414,United States,South,2023-06-27
CUST-0102,Robert,Sherman,robert.sherman@gmail.com,(793)861-8464,Valdezmouth,ME,04097,United States,Northeast,2024-02-19
CUST-0103,James,Smith,james.smith@gmail.com,+1-400-224-4755x90785,Sharonberg,KS,67607,United States,Midwest,2024-01-16
CUST-0104,Seth,Bennett,seth.bennett@gmail.com,(422)843-7161x3292,Lake Joannafurt,LA,70276,United States,South,2023-12-22
CUST-0105,Brad,Casey,brad.casey@yahoo.com,329-457-4034x335,South Josephhaven,MI,48606,United States,Midwest,2024-03-21
CUST-0106,Eric,Howard,eric.howard@yahoo.com,742-580-4172x3326,East Christopher,MA,02508,United States,Northeast,2023-12-31
CUST-0107,James,Mcmahon,james.mcmahon@yahoo.com,585.759.2723x085,South Lauren,OH,43620,United States,Midwest,2024-06-27
CUST-0108,Jacqueline,Smith,jacqueline.smith@yahoo.com,001-522-556-3379x5114,Destinyburgh,CO,80847,United States,West,2024-02-16
CUST-0109,Lee,Carson,lee.carson@gmail.com,825.493.8351,Robertostad,FL,33887,United States,South,2024-04-26
CUST-0110,Jennifer,Potter,jennifer.potter@gmail.com,(956)371-9421,New Haley,GA,31793,United States,South,2024-01-14
CUST-0111,Elizabeth,Newman,elizabeth.newman@yahoo.com,465-274-8565x51540,East Kaitlynland,IA,51687,United States,Midwest,2024-06-02
CUST-0112,Deborah,Williams,deborah.williams@gmail.com,3989276860,East George,MO,65893,United States,Midwest,2023-12-22
CUST-0113,Karla,Thomas,karla.thomas@gmail.com,001-258-818-7138x80976,Lake Cheyenne,VT,05013,United States,Northeast,2024-01-28
CUST-0114,Christopher,Powell,christopher.powell@yahoo.com,+1-607-929-7322x572,North Amyton,GA,30800,United States,South,2023-04-07
CUST-0115,Christine,Taylor,christine.taylor@hotmail.com,377.356.3203x95144,East Crystal,VA,22044,United States,South,2024-01-03
CUST-0116,Susan,Hunter,susan.hunter@gmail.com,336.985.7153,Samuelburgh,IN,46195,United States,Midwest,2024-02-28
CUST-0117,David,Barr,david.barr@yahoo.com,+1-227-374-9852x75416,Port Emilystad,CA,95554,United States,West,2024-04-12
CUST-0118,Andrea,Richmond,andrea.richmond@gmail.com,694.947.1204,Melissaland,NE,68020,United States,Midwest,2024-01-12
CUST-0119,Jeffrey,Ruiz,jeffrey.ruiz@hotmail.com,484-495-1463x7001,Hawkinsfurt,NE,68030,United States,Midwest,2023-10-16
CUST-0120,Kelly,Garcia,kelly.garcia@yahoo.com,(670)970-1704x89977,West Davidborough,MI,48352,United States,Midwest,2024-02-18
CUST-0121,Amanda,Jones,amanda.jones@yahoo.com,522.698.6474x6502,Carterfurt,OH,44373,United States,Midwest,2023-09-20
CUST-0122,Julie,Dixon,julie.dixon@yahoo.com,(869)788-2767x624,Grayshire,NJ,07114,United States,Northeast,2024-03-10
CUST-0123,Susan,Thomas,susan.thomas@gmail.com,8995638975,Lisaburgh,NE,68009,United States,Midwest,2023-03-07
CUST-0124,Sandra,Stanton,sandra.stanton@hotmail.com,(451)346-1138x582,Stevenfurt,AR,72802,United States,South,2024-07-15
CUST-0125,Monique,Ramirez,monique.ramirez@gmail.com,759-569-9796x030,Port Brian,IN,47117,United States,Midwest,2024-05-19
CUST-0126,Brian,Tyler,brian.tyler@gmail.com,664.445.1211,Rodriguezshire,NE,68116,United States,Midwest,2024-02-08
CUST-0127,Alexandra,Chandler,alexandra.chandler@gmail.com,370-898-3110,East Karaborough,MO,65251,United States,Midwest,2024-03-09
CUST-0128,Adrian,Huff,adrian.huff@gmail.com,(978)787-9638,West Seanhaven,WY,82457,United States,West,2024-03-23
CUST-0129,Colton,Anderson,colton.anderson@gmail.com,+1-314-430-5948x284,New Erika,PA,19172,United States,Northeast,2024-06-19
CUST-0130,Kyle,Mcfarland,kyle.mcfarland@yahoo.com,(238)971-3884x82541,Cristianville,VT,05471,United States,Northeast,2024-04-26
CUST-0131,Jason,Byrd,jason.byrd@hotmail.com,5713345155,Lisaberg,AK,99775,United States,West,2024-04-26
CUST-0132,Jacob,Kim,jacob.kim@yahoo.com,569.232.0051,New Marissaside,WI,54124,United States,Midwest,2024-02-05
CUST-0133,Mitchell,Roberts,mitchell.roberts@hotmail.com,001-707-718-2289x900,New Rodneytown,OR,97592,United States,West,2024-06-26
CUST-0134,Michael,Cox,michael.cox@hotmail.com,001-999-479-3538x60568,East Robertbury,MO,65065,United States,Midwest,2024-01-09
CUST-0135,Natalie,Rios,natalie.rios@hotmail.com,(803)877-1442,Brownshire,NM,87583,United States,West,2023-10-25
CUST-0136,Maria,Sims,maria.sims@gmail.com,+1-688-246-0653x70141,Lake Coryborough,AL,35322,United States,South,2024-06-04
CUST-0137,Thomas,Garcia,thomas.garcia@hotmail.com,840-736-2699x75933,Lake Nicholasland,MN,56351,United States,Midwest,2023-11-14
CUST-0138,Teresa,Stewart,teresa.stewart@yahoo.com,412.939.0070x32875,Gwendolynborough,MD,21553,United States,South,2024-07-10
CUST-0139,Anthony,Blair,anthony.blair@gmail.com,+1-804-608-1088,Brianport,WI,54613,United States,Midwest,2023-12-12
CUST-0140,Luis,Thomas,luis.thomas@yahoo.com,(535)838-3775x700,Johnsonview,MO,64487,United States,Midwest,2023-12-27
CUST-0141,Dean,Avery,dean.avery@hotmail.com,(230)922-9469x81680,Andrewview,NE,68083,United States,Midwest,2023-01-20
CUST-0142,Rebecca,Wilson,rebecca.wilson@hotmail.com,7985908820,Laceystad,OH,43955,United States,Midwest,2023-06-04
CUST-0143,Timothy,Wright,timothy.wright@hotmail.com,(273)786-4853,Lake Hollymouth,WV,26216,United States,South,2024-02-03
CUST-0144,Melissa,Hunt,melissa.hunt@hotmail.com,465.516.0685,East Nicole,WV,26769,United States,South,2024-03-24
CUST-0145,Cathy,Porter,cathy.porter@yahoo.com,539.527.3522x07424,Port Nicoleton,OH,43442,United States,Midwest,2024-01-26
CUST-0146,Lynn,Wilson,lynn.wilson@yahoo.com,(349)921-2569,Port Bernard,RI,02934,United States,Northeast,2024-03-13
CUST-0147,Angela,Moore,angela.moore@gmail.com,852-623-8253,Port Kimberlyfort,IA,51786,United States,Midwest,2024-01-27
CUST-0148,Tammy,Woods,tammy.woods@hotmail.com,629-251-6873x485,South Christopherchester,NY,14662,United States,Northeast,2024-05-02
CUST-0149,David,Montgomery,david.montgomery@gmail.com,7223918376,Debbiemouth,IA,50043,United States,Midwest,2023-08-05
CUST-0150,Laura,Cisneros,laura.cisneros@yahoo.com,995.536.9480x29869,Stewartstad,LA,70913,United States,South,2024-01-18
CUST-0151,Misty,Williams,misty.williams@hotmail.com,380.241.2738x6431,Bethshire,NV,89267,United States,West,2024-07-09
CUST-0152,Laura,Hill,laura.hill@gmail.com,479.800.4022x4421,Salazarchester,NY,10602,United States,Northeast,2024-02-28
CUST-0153,Drew,Smith,drew.smith@yahoo.com,462.999.7727x658,New Antonioton,AK,99839,United States,West,2024-03-17
CUST-0154,Brenda,Wilkins,brenda.wilkins@yahoo.com,001-886-826-1728,Hillview,MO,63561,United States,Midwest,2023-12-26
CUST-0155,Christy,Dougherty,christy.dougherty@yahoo.com,(629)316-9516,Traceyville,MI,49287,United States,Midwest,2023-08-21
CUST-0156,Ann,Pena,ann.pena@hotmail.com,+1-534-534-9906x674,Michellechester,TX,79470,United States,South,2023-09-04
CUST-0157,Samuel,Hanna,samuel.hanna@hotmail.com,+1-372-519-5251x6438,North Gregory,UT,84759,United States,West,2024-02-11
CUST-0158,Teresa,Stephenson,teresa.stephenson@yahoo.com,(410)702-5421x102,North Jacobhaven,MT,59261,United States,West,2024-02-05
CUST-0159,Javier,Sanchez,javier.sanchez@hotmail.com,381.384.2743x408,Wallaceburgh,WA,98205,United States,West,2024-02-13
CUST-0160,Kelly,Young,kelly.young@yahoo.com,679-352-8337x771,Hansonfurt,HI,96865,United States,West,2024-01-12
CUST-0161,Andrew,Collins,andrew.collins@gmail.com,(442)994-4012x80437,New Sara,NJ,08010,United States,Northeast,2024-06-12
CUST-0162,Joel,Yoder,joel.yoder@yahoo.com,(911)556-4486x15320,North William,FL,34377,United States,South,2024-03-28
CUST-0163,Bridget,Young,bridget.young@gmail.com,001-628-722-0249x232,Brownview,SC,29488,United States,South,2024-04-14
CUST-0164,Nancy,Conway,nancy.conway@gmail.com,900.773.4224,Harmonchester,OH,45605,United States,Midwest,2024-05-15
CUST-0165,Ronnie,Jackson,ronnie.jackson@yahoo.com,+1-600-765-8297,North Angelashire,AK,99772,United States,West,2024-10-22
CUST-0166,Joshua,Foster,joshua.foster@gmail.com,(591)605-1224x16593,West Bruce,MT,59282,United States,West,2024-03-03
CUST-0167,Christopher,Le,christopher.le@hotmail.com,989.871.5737x72034,New Donaldmouth,PA,17986,United States,Northeast,2024-02-15
CUST-0168,Tara,Carpenter,tara.carpenter@gmail.com,(842)691-5567x8407,Proctorchester,OR,97475,United States,West,2024-03-18
CUST-0169,Andrew,King,andrew.king@gmail.com,971.832.8761,Nunezfurt,TX,79784,United States,South,2024-08-11
CUST-0170,Joseph,Mills,joseph.mills@gmail.com,001-924-464-6233x164,North Jamesfurt,AK,99623,United States,West,2024-02-29
CUST-0171,Julie,Clarke,julie.clarke@hotmail.com,+1-916-533-6687x6335,Lake Danielle,CO,80417,United States,West,2024-06-23
CUST-0172,William,Barrett,william.barrett@yahoo.com,+1-788-851-1758x7185,Davidstad,TN,37835,United States,South,2024-08-25
CUST-0173,Tiffany,Wise,tiffany.wise@yahoo.com,494.368.4541x9679,New Samantha,NV,89686,United States,West,2024-11-29
CUST-0174,Cory,Manning,cory.manning@gmail.com,515-785-4010x52415,New Anthony,FL,33514,United States,South,2023-02-04
CUST-0175,Travis,Douglas,travis.douglas@gmail.com,590-249-4458,North Rebekah,NJ,07976,United States,Northeast,2024-02-19
CUST-0176,Heather,Cordova,heather.cordova@gmail.com,(845)235-7855,New Jeremy,ID,83479,United States,West,2023-04-20
CUST-0177,Derrick,Long,derrick.long@gmail.com,898.632.0683,Lake Brittany,AR,72925,United States,South,2024-04-05
CUST-0178,Matthew,Graves,matthew.graves@hotmail.com,220-648-9584x1128,Port Ryan,KY,41703,United States,South,2024-06-19
CUST-0179,Marisa,Hill,marisa.hill@gmail.com,364.792.7062x47908,Smithville,MO,63200,United States,Midwest,2024-05-26
CUST-0180,Elizabeth,Le,elizabeth.le@hotmail.com,(934)467-2204x974,East Charles,MA,01328,United States,Northeast,2024-01-31
CUST-0181,Kurt,Lewis,kurt.lewis@hotmail.com,001-530-378-2139x08134,West Brian,IN,47097,United States,Midwest,2023-02-16
CUST-0182,Cheryl,Hayes,cheryl.hayes@gmail.com,+1-980-748-3445,Melodystad,NJ,07103,United States,Northeast,2024-01-23
CUST-0183,Katherine,Hernandez,katherine.hernandez@gmail.com,001-770-365-4148,Barbarabury,MA,01808,United States,Northeast,2024-01-27
CUST-0184,Harold,Rosales,harold.rosales@gmail.com,(654)419-2766,Fowlerstad,MI,48420,United States,Midwest,2024-03-03
CUST-0185,Douglas,Eaton,douglas.eaton@yahoo.com,(924)608-1058,East Katrina,WI,53404,United States,Midwest,2024-07-10
CUST-0186,Lori,Shea,lori.shea@yahoo.com,(663)275-5070x995,Julietown,MO,64962,United States,Midwest,2023-11-11
CUST-0187,Christina,Briggs,christina.briggs@yahoo.com,402.842.4664x3417,Lake Evelyn,LA,70594,United States,South,2024-06-26
CUST-0188,Richard,Johnson,richard.johnson@yahoo.com,+1-699-985-4929x930,East Anthonyfort,WI,53371,United States,Midwest,2024-01-03
CUST-0189,Melissa,Thomas,melissa.thomas@gmail.com,418-816-2802x22938,Maloneside,NE,68074,United States,Midwest,2024-03-14
CUST-0190,Keith,Soto,keith.soto@hotmail.com,001-410-793-7537x7100,New Oscar,KY,40154,United States,South,2023-11-01
CUST-0191,Chelsea,Robinson,chelsea.robinson@gmail.com,001-335-336-9315,Jeremyville,CO,81054,United States,West,2024-02-01
CUST-0192,Christopher,Wilson,christopher.wilson@yahoo.com,892.756.2924,Frankmouth,NM,87659,United States,West,2023-01-22
CUST-0193,Samuel,Huang,samuel.huang@yahoo.com,001-466-757-8059x9930,Sandrashire,AK,99892,United States,West,2024-05-13
CUST-0194,Thomas,Thomas,thomas.thomas@yahoo.com,001-583-659-4600x752,Cassidystad,WV,26068,United States,South,2024-01-15
CUST-0195,Kerry,Wright,kerry.wright@yahoo.com,286.969.7185x497,Lake Seanside,OH,43023,United States,Midwest,2023-11-03
CUST-0196,Christopher,Marshall,christopher.marshall@yahoo.com,001-368-633-7813x935,Port Danielleport,AR,72005,United States,South,2023-12-29
CUST-0197,Angela,Johnson,angela.johnson@yahoo.com,(905)299-1507x691,Wiseland,MN,55201,United States,Midwest,2024-03-29
CUST-0198,Deborah,Perry,deborah.perry@gmail.com,(820)227-5955,Bethview,IA,50509,United States,Midwest,2024-04-07
CUST-0199,Jacob,Rodriguez,jacob.rodriguez@yahoo.com,+1-322-981-8544x5107,East Mia,TN,37830,United States,South,2023-12-30
CUST-0200,Robert,Smith,robert.smith@hotmail.com,2132807120,South Ruth,CA,94758,United States,West,2024-01-23
CUST-0201,Jennifer,Torres,jennifer.torres@gmail.com,(459)376-7682x38452,East Seth,WY,82011,United States,West,2023-12-01
CUST-0202,Steven,Fernandez,steven.fernandez@gmail.com,8783942994,West Dominicshire,TN,37929,United States,South,2023-08-05
CUST-0203,Maria,Ponce,maria.ponce@yahoo.com,870.474.1193x105,South Joelton,AZ,86070,United States,West,2024-02-01
CUST-0204,Ashley,Vega,ashley.vega@yahoo.com,+1-915-353-1317x0648,East Anthony,WI,53440,United States,Midwest,2024-04-24
CUST-0205,Cynthia,Davis,cynthia.davis@yahoo.com,2128666157,Thomasbury,AK,99769,United States,West,2024-04-16
CUST-0206,Michelle,Ortega,michelle.ortega@hotmail.com,281.370.9626x75508,Anthonyview,KS,66432,United States,Midwest,2024-09-09
CUST-0207,Cheyenne,Williams,cheyenne.williams@yahoo.com,539-865-8554,New Jeffreyside,IL,61132,United States,Midwest,2024-02-20
CUST-0208,Amber,Lester,amber.lester@yahoo.com,(921)626-5114,Reneeville,AK,99710,United States,West,2024-04-06
CUST-0209,Joann,Chapman,joann.chapman@gmail.com,623.373.0086,Paulbury,SC,29885,United States,South,2024-01-14
CUST-0210,Katie,Beard,katie.beard@hotmail.com,950-957-0566x5724,Smithstad,GA,30705,United States,South,2024-04-26
CUST-0211,Gerald,Potter,gerald.potter@gmail.com,989-928-0216,Stoneburgh,KS,66909,United States,Midwest,2024-10-26
CUST-0212,Robert,Phillips,robert.phillips@hotmail.com,369.263.4293,North Sandra,FL,34201,United States,South,2024-01-26
CUST-0213,Glenn,Ellis,glenn.ellis@gmail.com,+1-896-798-6625x1741,Lake Ronald,NM,87090,United States,West,2024-06-24
CUST-0214,Karen,Dyer,karen.dyer@hotmail.com,+1-417-439-6358x8945,South Catherineview,TX,76569,United States,South,2024-06-11
CUST-0215,Edwin,Scott,edwin.scott@hotmail.com,654-264-1131x6635,Markchester,DE,19885,United States,South,2023-09-26
CUST-0216,Robert,Hurst,robert.hurst@hotmail.com,+1-647-436-6314x2515,Port Sandrafort,OR,97047,United States,West,2023-04-21
CUST-0217,Brenda,Brown,brenda.brown@gmail.com,(274)358-4709,Danielmouth,IN,47882,United States,Midwest,2023-06-30
CUST-0218,Diana,Collins,diana.collins@yahoo.com,803.232.7831x197,South Michaelshire,NJ,07564,United States,Northeast,2023-10-02
CUST-0219,Stephanie,Payne,stephanie.payne@yahoo.com,(334)665-4404x60679,Stephanieberg,VT,05332,United States,Northeast,2024-03-14
CUST-0220,Jeffrey,Lopez,jeffrey.lopez@yahoo.com,5944233216,Smithhaven,KY,41415,United States,South,2023-09-30
CUST-0221,Rachel,Smith,rachel.smith@hotmail.com,765-613-4200x7819,Allenberg,WY,82291,United States,West,2023-11-10
CUST-0222,Norman,Snyder,norman.snyder@hotmail.com,849.628.5848,Palmerstad,MS,39104,United States,South,2024-11-16
CUST-0223,Jeanne,Schultz,jeanne.schultz@yahoo.com,899-494-7060x2904,New Annafurt,HI,96790,United States,West,2024-01-24
CUST-0224,Hannah,Lee,hannah.lee@gmail.com,(757)288-3927,Reedland,RI,02843,United States,Northeast,2024-02-05
CUST-0225,Kevin,Mcdaniel,kevin.mcdaniel@gmail.com,588-959-6235,Chaseberg,RI,02923,United States,Northeast,2024-01-23
CUST-0226,James,Booth,james.booth@hotmail.com,(860)581-2349x90371,Thomaschester,WV,24863,United States,South,2024-10-12
CUST-0227,Francisco,Montoya,francisco.montoya@yahoo.com,276-989-3245x358,Gregoryview,VA,22226,United States,South,2024-06-01
CUST-0228,Christina,Thomas,christina.thomas@gmail.com,845-993-5208x740,Mitchellhaven,DE,19974,United States,South,2024-01-06
CUST-0229,James,Johns,james.johns@yahoo.com,702-591-1422,Ayalaland,WY,82282,United States,West,2024-07-18
CUST-0230,Mary,Klein,mary.klein@hotmail.com,+1-894-908-6820x4287,Smithburgh,HI,96714,United States,West,2024-09-22
CUST-0231,Alec,Lam,alec.lam@gmail.com,349.214.2296x53171,Bradleyfort,MD,21792,United States,South,2024-05-05
CUST-0232,Thomas,Sanders,thomas.sanders@hotmail.com,771.398.7478x3806,Port Emily,CT,06065,United States,Northeast,2024-03-24
CUST-0233,Nathaniel,Benson,nathaniel.benson@hotmail.com,241-740-5692x824,Troyland,PA,19559,United States,Northeast,2023-12-29
CUST-0234,Ronald,Hernandez,ronald.hernandez@gmail.com,834-952-2925x012,Skinnerland,AK,99635,United States,West,2024-02-14
CUST-0235,Mason,Johnson,mason.johnson@hotmail.com,001-426-904-9455x88344,South Samanthashire,MD,21709,United States,South,2024-12-04
CUST-0236,Andrea,Williams,andrea.williams@yahoo.com,001-427-949-4885x9588,West Johnberg,OR,97905,United States,West,2024-04-26
CUST-0237,Brittney,Adams,brittney.adams@hotmail.com,001-934-564-0879x2612,North Rebecca,UT,84544,United States,West,2023-11-28
CUST-0238,Emily,Palmer,emily.palmer@yahoo.com,+1-365-961-6700,North Alantown,MO,64314,United States,Midwest,2023-11-20
CUST-0239,Samuel,Freeman,samuel.freeman@yahoo.com,+1-527-902-8729x529,Frazierland,MT,59885,United States,West,2023-12-03
CUST-0240,Gary,Stone,gary.stone@gmail.com,(606)353-1690x11501,New Jeffrey,VA,23598,United States,South,2024-05-14
CUST-0241,Stephanie,Ward,stephanie.ward@gmail.com,001-714-267-2359x8628,New Amy,IL,61144,United States,Midwest,2024-11-15
CUST-0242,Christie,Hopkins,christie.hopkins@yahoo.com,305.919.6749x951,New Josephchester,CA,90450,United States,West,2023-11-15
CUST-0243,Michael,Glover,michael.glover@gmail.com,001-765-981-9826x7360,Michaelfurt,PA,19304,United States,Northeast,2023-10-01
CUST-0244,Thomas,Berg,thomas.berg@gmail.com,(903)291-5527x0685,Kevinfurt,VT,05108,United States,Northeast,2023-12-14
CUST-0245,John,Williams,john.williams@yahoo.com,801.362.0560x1027,Ramirezview,SD,57288,United States,Midwest,2023-03-08
CUST-0246,Lori,Holmes,lori.holmes@hotmail.com,618-979-2714,Danaport,KS,66538,United States,Midwest,2024-02-23
CUST-0247,Elizabeth,Cochran,elizabeth.cochran@gmail.com,795-281-3311x7379,Port Tammy,CT,06308,United States,Northeast,2024-01-02
CUST-0248,Nicholas,Smith,nicholas.smith@gmail.com,483-773-2388,East Connie,VT,05049,United States,Northeast,2024-01-10
CUST-0249,Clifford,Jones,clifford.jones@yahoo.com,+1-880-665-1031x0050,Robertport,WY,83052,United States,West,2023-12-22
CUST-0250,Jacob,Grant,jacob.grant@gmail.com,(994)820-8888x80101,North Curtis,MD,21402,United States,South,2023-10-10
CUST-0251,Timothy,Cardenas,timothy.cardenas@yahoo.com,+1-409-491-9506,Ramosfurt,UT,84409,United States,West,2024-05-28
CUST-0252,Amanda,Kelly,amanda.kelly@yahoo.com,(632)555-8397x5221,Lake Angela,RI,02863,United States,Northeast,2024-11-08
CUST-0253,Christian,Case,christian.case@gmail.com,437-628-7837,Marisabury,DE,19741,United States,South,2024-03-30
CUST-0254,Claudia,Johnson,claudia.johnson@yahoo.com,752-944-5524x96972,North Raymondbury,DC,20028,United States,South,2024-03-12
CUST-0255,Robert,Gilmore,robert.gilmore@yahoo.com,261.307.6782,Taylorborough,OR,97649,United States,West,2023-01-07
CUST-0256,Kyle,Thompson,kyle.thompson@gmail.com,+1-876-238-0852x8250,Kiddville,DC,20002,United States,South,2023-03-11
CUST-0257,Jason,Smith,jason.smith@gmail.com,+1-746-938-1535x065,Crystalborough,AZ,86527,United States,West,2024-03-14
CUST-0258,Shawn,Schneider,shawn.schneider@hotmail.com,(839)356-7281x6557,North Ashleyfort,MN,55939,United States,Midwest,2024-05-12
CUST-0259,Deborah,Moran,deborah.moran@gmail.com,8498600746,Mejiatown,OH,43649,United States,Midwest,2024-02-12
CUST-0260,Elizabeth,Coleman,elizabeth.coleman@yahoo.com,001-449-949-0792x92347,East Gregoryfurt,NV,89199,United States,West,2024-06-18
CUST-0261,Susan,Lee,susan.lee@yahoo.com,(964)929-3505x694,Lake Amystad,TX,79308,United States,South,2024-03-10
CUST-0262,Cynthia,Evans,cynthia.evans@gmail.com,+1-561-290-4803x3072,East Taylorbury,MS,38685,United States,South,2024-01-22
CUST-0263,Marcus,Howe,marcus.howe@gmail.com,740.949.3275x439,West Elizabeth,CA,93667,United States,West,2023-10-01
CUST-0264,Crystal,Bryant,crystal.bryant@gmail.com,001-420-768-3097x33727,Gonzalezfurt,NC,28729,United States,South,2024-06-17
CUST-0265,Stacy,Wright,stacy.wright@hotmail.com,882-920-0396,Wheelershire,TN,38237,United States,South,2023-01-16
CUST-0266,Cassandra,Hamilton,cassandra.hamilton@hotmail.com,+1-272-738-6564x64126,Port Alanton,MI,48790,United States,Midwest,2024-05-28
CUST-0267,Elizabeth,Downs,elizabeth.downs@gmail.com,001-803-552-2042x1253,Lake Jessicafort,AL,36128,United States,South,2024-03-09
CUST-0268,Trevor,Thomas,trevor.thomas@hotmail.com,+1-961-516-2401x62258,Paulberg,NE,68023,United States,Midwest,2024-02-08
CUST-0269,Melissa,Washington,melissa.washington@yahoo.com,(970)557-9174x92312,New Johntown,NY,11713,United States,Northeast,2023-05-01
CUST-0270,James,Hernandez,james.hernandez@gmail.com,(387)550-8697x0855,Burtonchester,CT,06217,United States,Northeast,2024-02-29
CUST-0271,Aimee,Doyle,aimee.doyle@hotmail.com,237.409.9806x9650,Lake Timothy,NV,89308,United States,West,2024-04-10
CUST-0272,Cassandra,Martinez,cassandra.martinez@hotmail.com,001-485-593-8385,North Michaelside,MS,38823,United States,South,2024-03-16
CUST-0273,Janet,Wilson,janet.wilson@gmail.com,6432912599,Morrisonbury,SD,57174,United States,Midwest,2023-02-10
CUST-0274,Roberta,Wilson,roberta.wilson@yahoo.com,(232)213-3494,Lake Johnchester,NJ,08541,United States,Northeast,2024-04-12
CUST-0275,Tara,Mendez,tara.mendez@gmail.com,418.849.9646x988,Kimberlybury,VA,22428,United States,South,2023-11-11
CUST-0276,Jeffrey,Orr,jeffrey.orr@gmail.com,001-757-407-3086x106,North Tiffanyshire,GA,31708,United States,South,2024-10-29
CUST-0277,Allen,Pierce,allen.pierce@gmail.com,802-368-3429,Elizabethtown,NV,89657,United States,West,2023-08-01
CUST-0278,Laura,Lee,laura.lee@gmail.com,(498)229-7419,Lake Connie,ID,83813,United States,West,2024-03-28
CUST-0279,Julie,Preston,julie.preston@gmail.com,001-252-929-9530x365,Port Jenna,WA,98767,United States,West,2024-05-01
CUST-0280,Megan,Edwards,megan.edwards@hotmail.com,+1-853-578-9621x889,Ashleymouth,ND,58071,United States,Midwest,2023-07-18
CUST-0281,Robert,Warren,robert.warren@yahoo.com,937-755-0921,Lake Robertmouth,TN,38378,United States,South,2023-06-26
CUST-0282,Melanie,Martin,melanie.martin@hotmail.com,+1-910-350-4765x520,Ericchester,LA,70891,United States,South,2024-02-18
CUST-0283,Denise,Gomez,denise.gomez@hotmail.com,001-885-675-2873x352,Jacquelinechester,SC,29712,United States,South,2023-03-26
CUST-0284,Darrell,Mann,darrell.mann@gmail.com,320-739-6689x924,South Jasmine,OH,44300,United States,Midwest,2023-10-28
CUST-0285,Nathan,Scott,nathan.scott@gmail.com,504.804.3953x70955,Port Nancyport,WY,82498,United States,West,2024-01-02
CUST-0286,Cynthia,Bailey,cynthia.bailey@yahoo.com,+1-344-377-8556x65539,South Ronald,NM,87196,United States,West,2023-12-25
CUST-0287,Joyce,Kemp,joyce.kemp@gmail.com,+1-721-847-6902x2918,Lake Nicholasstad,NJ,08710,United States,Northeast,2023-03-25
CUST-0288,Jonathan,Sandoval,jonathan.sandoval@yahoo.com,001-372-315-7060,Lake Richardstad,NV,89253,United States,West,2023-12-23
CUST-0289,Brandi,Whitney,brandi.whitney@hotmail.com,(427)744-8051,Port Rogershire,WA,98150,United States,West,2024-05-03
CUST-0290,Richard,Santana,richard.santana@gmail.com,001-634-467-9000x08899,Frychester,PA,15586,United States,Northeast,2024-07-09
CUST-0291,Ryan,Schroeder,ryan.schroeder@gmail.com,579-440-7419x71201,Pennyshire,LA,70801,United States,South,2024-05-02
CUST-0292,Justin,Leblanc,justin.leblanc@gmail.com,896-627-0540x20841,Bettyfurt,MA,01210,United States,Northeast,2024-06-16
CUST-0293,Ian,Baker,ian.baker@hotmail.com,836.644.2305x5990,Glennmouth,KS,66155,United States,Midwest,2024-03-25
CUST-0294,Jeffrey,Evans,jeffrey.evans@hotmail.com,(661)884-5716,Powellshire,CO,81570,United States,West,2024-04-25
CUST-0295,Anthony,Ward,anthony.ward@hotmail.com,+1-342-623-2473x2181,Arnoldville,LA,70411,United States,South,2023-03-26
CUST-0296,Samantha,Saunders,samantha.saunders@gmail.com,+1-322-568-5541x9363,South Brittanystad,NH,03270,United States,Northeast,2024-03-18
CUST-0297,William,Gonzales,william.gonzales@yahoo.com,(944)566-3922,New Whitney,KS,67662,United States,Midwest,2024-11-03
CUST-0298,Brian,Sloan,brian.sloan@hotmail.com,426-623-9785x6220,East Veronicaville,WI,54367,United States,Midwest,2023-06-19
CUST-0299,Amber,Norman,amber.norman@hotmail.com,(763)362-0400x5554,East Nathan,NJ,08638,United States,Northeast,2024-04-27
CUST-0300,Nancy,Walton,nancy.walton@hotmail.com,238-533-6345x66471,North Michael,OR,97390,United States,West,2023-11-19
CUST-0301,Madison,Abbott,madison.abbott@gmail.com,+1-995-715-5197,Smithhaven,SC,29939,United States,South,2024-06-24
CUST-0302,Stephen,Hughes,stephen.hughes@hotmail.com,449.787.0146,Port Angela,TX,78690,United States,South,2024-11-08
CUST-0303,Belinda,White,belinda.white@gmail.com,770-426-1983,Jamestown,MO,65185,United States,Midwest,2024-02-24
CUST-0304,Virginia,Mccarthy,virginia.mccarthy@yahoo.com,001-603-806-2415,West Bonniestad,MI,48202,United States,Midwest,2023-12-23
CUST-0305,Lisa,Clayton,lisa.clayton@hotmail.com,001-279-956-8287,Lake Sharon,AK,99676,United States,West,2024-06-08
CUST-0306,Alicia,Bradley,alicia.bradley@gmail.com,+1-932-762-6464x21658,Port Jenniferborough,NY,10980,United States,Northeast,2023-12-28
CUST-0307,Mariah,Stein,mariah.stein@gmail.com,+1-801-800-4613x18271,Weberbury,MA,02174,United States,Northeast,2024-06-05
CUST-0308,Duane,Meyer,duane.meyer@hotmail.com,+1-368-369-2845,East Philip,ID,83581,United States,West,2024-02-19
CUST-0309,Edward,Martinez,edward.martinez@hotmail.com,001-262-523-9418,South Darryl,NY,10271,United States,Northeast,2023-12-17
CUST-0310,Nicole,Glover,nicole.glover@hotmail.com,(991)551-0137x213,Daltonchester,IN,47507,United States,Midwest,2024-01-11
CUST-0311,Kevin,Campbell,kevin.campbell@yahoo.com,001-230-481-5200x097,Wallacestad,MN,56527,United States,Midwest,2024-12-26
CUST-0312,Austin,Sullivan,austin.sullivan@hotmail.com,945.636.2456x6858,Davisberg,KY,42367,United States,South,2024-02-24
CUST-0313,Brittany,Rose,brittany.rose@hotmail.com,788-205-5056x34181,West Robert,MI,48313,United States,Midwest,2023-06-18
CUST-0314,Jonathan,Riley,jonathan.riley@hotmail.com,892-357-1835x36739,Hernandezstad,LA,70612,United States,South,2024-03-13
CUST-0315,Lee,Jenkins,lee.jenkins@yahoo.com,+1-787-518-1463x05120,New Mary,RI,02900,United States,Northeast,2024-04-20
CUST-0316,Grant,Pollard,grant.pollard@yahoo.com,(749)558-0908x153,North Keith,VT,05215,United States,Northeast,2024-02-16
CUST-0317,John,Pena,john.pena@hotmail.com,001-441-493-0024x165,East Edward,LA,71063,United States,South,2023-03-20
CUST-0318,Todd,Perez,todd.perez@gmail.com,455.835.8802x5903,Angelastad,OK,73035,United States,South,2024-08-25
CUST-0319,Allison,Mills,allison.mills@yahoo.com,(929)220-4439x5234,West Arthur,AL,35546,United States,South,2024-05-17
CUST-0320,Vanessa,Garcia,vanessa.garcia@gmail.com,(544)688-2946,South Grantberg,ND,58468,United States,Midwest,2023-12-27
CUST-0321,Julie,Brown,julie.brown@hotmail.com,(791)652-8531x87449,New Oliviabury,IL,62601,United States,Midwest,2023-02-22
CUST-0322,Amanda,Francis,amanda.francis@gmail.com,001-204-251-4819x40856,North Charles,CO,80057,United States,West,2023-08-09
CUST-0323,Denise,Hawkins,denise.hawkins@yahoo.com,257-626-9685,Mooremouth,KS,66247,United States,Midwest,2023-01-08
CUST-0324,Laura,Johnson,laura.johnson@hotmail.com,(574)209-6191x92562,Schneiderview,WA,99198,United States,West,2024-04-03
CUST-0325,Elizabeth,Bennett,elizabeth.bennett@yahoo.com,8094846507,New Karenchester,NE,68100,United States,Midwest,2024-05-11
CUST-0326,Mark,Wood,mark.wood@hotmail.com,(269)721-7536,Heathton,NY,14785,United States,Northeast,2023-07-07
CUST-0327,Vicki,Lowery,vicki.lowery@yahoo.com,6579080438,Williamsfort,OK,73011,United States,South,2024-11-06
CUST-0328,Corey,Maxwell,corey.maxwell@yahoo.com,492.589.4673x605,West Monicaborough,WI,54191,United States,Midwest,2023-12-21
CUST-0329,Frank,Dixon,frank.dixon@gmail.com,001-643-722-5752x13625,Lake Darren,KS,67110,United States,Midwest,2023-12-23
CUST-0330,Bruce,Hudson,bruce.hudson@gmail.com,(750)592-2477x85115,Jonathanshire,VT,05198,United States,Northeast,2024-03-10
CUST-0331,Kimberly,Meza,kimberly.meza@yahoo.com,537-359-7750,Lloydborough,NM,87613,United States,West,2024-01-16
CUST-0332,Elizabeth,Graves,elizabeth.graves@hotmail.com,+1-625-479-1366x2301,Tammymouth,TN,37116,United States,South,2024-01-10
CUST-0333,Kristen,Harris,kristen.harris@yahoo.com,001-956-457-1461x2570,Stewartmouth,VA,22535,United States,South,2023-04-13
CUST-0334,Roger,Knight,roger.knight@yahoo.com,(480)618-4207x86996,Christyfort,NY,11619,United States,Northeast,2024-05-24
CUST-0335,Albert,Martin,albert.martin@hotmail.com,(798)558-0135x6873,Jenniferside,NH,03042,United States,Northeast,2024-07-14
CUST-0336,Rachel,Barnett,rachel.barnett@yahoo.com,001-320-655-6907x68241,Harriston,DC,20002,United States,South,2024-08-03
CUST-0337,Kaitlyn,Mooney,kaitlyn.mooney@gmail.com,(486)376-1680x279,East Stephen,AK,99682,United States,West,2024-07-21
CUST-0338,Joseph,Williams,joseph.williams@yahoo.com,640.734.7235x19263,Kellystad,CO,81191,United States,West,2023-07-05
CUST-0339,Joe,Pierce,joe.pierce@gmail.com,511-261-8948x18141,South Erin,ME,04432,United States,Northeast,2024-02-05
CUST-0340,Savannah,Moore,savannah.moore@yahoo.com,314-935-3249x196,South Ashley,IA,51664,United States,Midwest,2024-02-21
CUST-0341,Jonathan,Lawrence,jonathan.lawrence@yahoo.com,(716)643-0712x18990,Samuelshire,MT,59757,United States,West,2023-07-20
CUST-0342,Sheri,Morrison,sheri.morrison@yahoo.com,(582)503-4518x63709,Port Thomasland,VT,05473,United States,Northeast,2023-11-22
CUST-0343,Hannah,Barajas,hannah.barajas@hotmail.com,897.878.2546x1305,Simmonsside,KS,67129,United States,Midwest,2023-08-01
CUST-0344,Rachel,Arroyo,rachel.arroyo@yahoo.com,805-828-8461x24443,Lake Ryanstad,MD,21757,United States,South,2024-03-20
CUST-0345,Danielle,Figueroa,danielle.figueroa@yahoo.com,451-950-1079x0216,North Faithburgh,TX,77064,United States,South,2023-05-20
CUST-0346,Anthony,Jackson,anthony.jackson@hotmail.com,(434)987-4536x4923,South Saraberg,PA,18448,United States,Northeast,2023-02-14
CUST-0347,Christina,Downs,christina.downs@hotmail.com,001-785-600-8249x6915,Zacharyfort,MS,38945,United States,South,2023-06-29
CUST-0348,Tom,Williams,tom.williams@hotmail.com,836-394-3617x8481,Lake David,NM,87603,United States,West,2023-08-06
CUST-0349,Traci,Wong,traci.wong@gmail.com,+1-443-638-8950,Ryanmouth,OK,73123,United States,South,2023-10-30
CUST-0350,Brittney,Gaines,brittney.gaines@gmail.com,702.392.5988x611,West Clayton,ND,58193,United States,Midwest,2024-03-26
CUST-0351,Carlos,Bennett,carlos.bennett@yahoo.com,001-921-806-0902x504,Patrickfurt,MN,55327,United States,Midwest,2024-04-01
CUST-0352,Rebecca,Roberts,rebecca.roberts@hotmail.com,966-804-2298x06941,Stephaniestad,NV,89624,United States,West,2024-06-19
CUST-0353,Shannon,Gibson,shannon.gibson@yahoo.com,252-658-5961x940,Jessicabury,WV,25874,United States,South,2024-11-18
CUST-0354,Sonya,Mccann,sonya.mccann@gmail.com,001-701-691-8649x95030,Jasonmouth,OK,73108,United States,South,2024-09-01
CUST-0355,Carl,Clark,carl.clark@gmail.com,975-581-5387x141,Seanport,MI,48050,United States,Midwest,2024-06-16
CUST-0356,Troy,Harrison,troy.harrison@gmail.com,9068659239,Patrickborough,MN,56438,United States,Midwest,2024-11-09
CUST-0357,Bobby,Randolph,bobby.randolph@yahoo.com,+1-261-715-2160,Lanefurt,VT,05417,United States,Northeast,2024-04-17
CUST-0358,Becky,Holmes,becky.holmes@hotmail.com,(821)208-7805,Laurashire,NJ,08514,United States,Northeast,2023-12-16
CUST-0359,Mark,Glenn,mark.glenn@hotmail.com,844-584-7076,South Tracy,LA,71058,United States,South,2023-08-30
CUST-0360,Clinton,Doyle,clinton.doyle@yahoo.com,5059211517,Josephburgh,MD,21381,United States,South,2023-12-05
CUST-0361,Dawn,Meyers,dawn.meyers@yahoo.com,(941)939-3738x67989,Shaneville,KY,40032,United States,South,2024-05-12
CUST-0362,Danny,Young,danny.young@yahoo.com,+1-268-368-6571x831,New Monica,IA,50825,United States,Midwest,2025-01-14
CUST-0363,Randall,Rodriguez,randall.rodriguez@hotmail.com,6369102840,Claytonborough,DE,19709,United States,South,2024-06-21
CUST-0364,Gabrielle,Morris,gabrielle.morris@gmail.com,240.787.9953,Brittneyland,WA,99247,United States,West,2024-04-14
CUST-0365,Mark,Smith,mark.smith@gmail.com,8167566125,North Jamesburgh,IL,62197,United States,Midwest,2024-04-28
CUST-0366,Tiffany,Rodriguez,tiffany.rodriguez@gmail.com,(445)218-7473x500,South Carlafort,MA,01898,United States,Northeast,2024-01-19
CUST-0367,Corey,Ibarra,corey.ibarra@hotmail.com,(723)601-4118,Melissafurt,DE,19972,United States,South,2024-02-16
CUST-0368,Kathryn,Holmes,kathryn.holmes@hotmail.com,976-606-1209x16902,North Michaelstad,WV,26881,United States,South,2024-06-05
CUST-0369,Jeremy,Henry,jeremy.henry@gmail.com,811-333-6421x42434,West Kathy,OH,44631,United States,Midwest,2023-05-07
CUST-0370,Justin,Quinn,justin.quinn@hotmail.com,642-634-3207x9478,West Shelleyview,WI,54275,United States,Midwest,2024-05-07
CUST-0371,Frank,Jones,frank.jones@yahoo.com,6337779747,Ericbury,VT,05041,United States,Northeast,2024-11-21
CUST-0372,Diane,Jones,diane.jones@yahoo.com,+1-945-531-0217x9973,Danielside,ID,83542,United States,West,2023-11-10
CUST-0373,Susan,Johnston,susan.johnston@hotmail.com,9449905094,Cooleyside,IL,61333,United States,Midwest,2023-04-06
CUST-0374,Connie,Garcia,connie.garcia@hotmail.com,(644)709-1267,Port Natalieland,IN,46790,United States,Midwest,2023-11-29
CUST-0375,Richard,Cook,richard.cook@yahoo.com,2232879005,Crystalmouth,WV,25582,United States,South,2024-01-04
CUST-0376,Amber,Wilson,amber.wilson@hotmail.com,961-230-8977x9542,South Victoriaberg,NM,87626,United States,West,2023-11-13
CUST-0377,Brittany,Evans,brittany.evans@gmail.com,254-261-0212x2113,Rachelview,LA,70093,United States,South,2024-01-07
CUST-0378,Melissa,Jones,melissa.jones@yahoo.com,(684)857-5988x11248,Port Jesseton,WA,98981,United States,West,2024-06-23
CUST-0379,Scott,Brewer,scott.brewer@hotmail.com,686-406-0649x8157,West Elizabeth,PA,17833,United States,Northeast,2024-03-02
CUST-0380,Alexandra,Edwards,alexandra.edwards@hotmail.com,+1-872-427-0126,West Loriville,WI,53750,United States,Midwest,2024-01-20
CUST-0381,Cory,Levine,cory.levine@yahoo.com,001-495-406-9298x68538,Peckport,ND,58053,United States,Midwest,2024-10-08
CUST-0382,Timothy,Stanley,timothy.stanley@hotmail.com,2819971159,New Brittneymouth,RI,02832,United States,Northeast,2024-03-12
CUST-0383,Heather,Hart,heather.hart@yahoo.com,893-992-9905x991,North Kimmouth,ME,04744,United States,Northeast,2023-12-25
CUST-0384,Barbara,Briggs,barbara.briggs@hotmail.com,(416)863-3077x2761,New Patriciaberg,CT,06116,United States,Northeast,2023-11-08
CUST-0385,Michael,Mitchell,michael.mitchell@gmail.com,(481)608-6924,East Johnmouth,IL,61375,United States,Midwest,2023-08-31
CUST-0386,Kevin,Hanson,kevin.hanson@yahoo.com,001-812-795-0960x7614,West Teresa,ME,04549,United States,Northeast,2024-06-25
CUST-0387,Jonathan,Grimes,jonathan.grimes@hotmail.com,+1-558-312-7425,Maxhaven,IA,52207,United States,Midwest,2024-05-20
CUST-0388,Monica,Edwards,monica.edwards@yahoo.com,(588)488-5779x81721,Lake Catherineburgh,MS,39226,United States,South,2024-03-12
CUST-0389,Rachel,Michael,rachel.michael@gmail.com,312.885.3949x8123,Port Shannon,ID,83374,United States,West,2024-03-23
CUST-0390,Mike,Jackson,mike.jackson@hotmail.com,001-439-784-5660x5766,West Kenneth,MD,21475,United States,South,2023-10-09
CUST-0391,Nancy,Williams,nancy.williams@hotmail.com,510-448-7904,Kathyfurt,AL,35173,United States,South,2025-06-15
CUST-0392,Vickie,Reynolds,vickie.reynolds@hotmail.com,879.274.1214x6827,East Suzannechester,VA,22735,United States,South,2023-09-15
CUST-0393,Thomas,Watkins,thomas.watkins@yahoo.com,588.573.1332x115,Swansonburgh,OH,43668,United States,Midwest,2024-10-21
CUST-0394,Patricia,Jimenez,patricia.jimenez@gmail.com,443.897.7101,Christopherside,FL,32483,United States,South,2024-06-29
CUST-0395,Jacqueline,Macias,jacqueline.macias@gmail.com,244-852-6878,Johnchester,LA,70566,United States,South,2024-06-16
CUST-0396,Stanley,Brown,stanley.brown@hotmail.com,+1-502-621-4071x424,Lake Kurtfort,AZ,85482,United States,West,2024-07-03
CUST-0397,Victoria,Rodriguez,victoria.rodriguez@hotmail.com,(226)988-1813x58847,Port Kellymouth,AR,72714,United States,South,2024-06-12
CUST-0398,Robert,Allen,robert.allen@hotmail.com,+1-245-342-9821x05584,South Bradley,OK,73069,United States,South,2024-02-22
CUST-0399,Paige,Hamilton,paige.hamilton@hotmail.com,329.878.6290x8293,Lake Adammouth,ME,03948,United States,Northeast,2024-01-11
CUST-0400,Sheri,Adkins,sheri.adkins@gmail.com,(565)820-0136x4697,East Nicholas,VT,05001,United States,Northeast,2024-02-12
CUST-0401,Robert,Palmer,robert.palmer@hotmail.com,996.519.6945x6063,Danielborough,FL,32379,United States,South,2024-04-15
CUST-0402,Brooke,Sanders,brooke.sanders@hotmail.com,981.635.5993,Thomasport,SD,57210,United States,Midwest,2024-05-14
CUST-0403,Cheyenne,Green,cheyenne.green@gmail.com,256.871.8043x434,North Michelle,WI,53535,United States,Midwest,2024-10-21
CUST-0404,Robert,Rasmussen,robert.rasmussen@yahoo.com,+1-746-855-7516,Adamtown,NY,14368,United States,Northeast,2024-10-01
CUST-0405,Deborah,Ruiz,deborah.ruiz@hotmail.com,001-338-732-4423x3317,South Lisaport,CT,06055,United States,Northeast,2023-12-22
CUST-0406,Kevin,Jones,kevin.jones@hotmail.com,889-652-3085,North Gabrielletown,AL,35488,United States,South,2024-04-16
CUST-0407,Sean,Wilkerson,sean.wilkerson@gmail.com,237.927.1120x5132,East John,OR,97365,United States,West,2024-07-10
CUST-0408,James,Maddox,james.maddox@hotmail.com,001-712-985-8118x265,Lake William,ME,04344,United States,Northeast,2023-11-16
CUST-0409,Cameron,Pierce,cameron.pierce@yahoo.com,535-242-3136,East Melody,NM,87210,United States,West,2024-02-24
CUST-0410,Melissa,Gibson,melissa.gibson@hotmail.com,(343)751-0321,Nguyenchester,NM,87133,United States,West,2023-06-16
CUST-0411,Tammy,Hill,tammy.hill@gmail.com,867-295-5065x277,Hannaberg,NH,03287,United States,Northeast,2024-03-07
CUST-0412,Dustin,Harvey,dustin.harvey@yahoo.com,+1-270-567-7025x990,Connieburgh,MI,49918,United States,Midwest,2023-06-14
CUST-0413,Lisa,Jackson,lisa.jackson@yahoo.com,793-336-9361,Dylantown,ID,83464,United States,West,2024-03-04
CUST-0414,Larry,Velez,larry.velez@hotmail.com,(727)550-6099,East Sandra,AR,72063,United States,South,2023-07-10
CUST-0415,Kimberly,Jackson,kimberly.jackson@yahoo.com,243-439-0202,Brewertown,KY,42686,United States,South,2024-03-20
CUST-0416,Derrick,Austin,derrick.austin@yahoo.com,744-734-1794x37242,Lake Tammy,NM,87941,United States,West,2023-04-10
CUST-0417,Eric,Miller,eric.miller@yahoo.com,446.421.7819,North Suzanne,DE,19945,United States,South,2024-11-05
CUST-0418,John,Bowen,john.bowen@yahoo.com,(870)829-1336,Leahhaven,CA,92681,United States,West,2023-09-30
CUST-0419,Nicole,Smith,nicole.smith@yahoo.com,001-858-516-5401x511,Pamelaton,MT,59526,United States,West,2023-12-28
CUST-0420,Alicia,Hale,alicia.hale@gmail.com,(437)737-0898,Port Nicole,NY,12399,United States,Northeast,2024-01-28
CUST-0421,Kayla,Turner,kayla.turner@gmail.com,001-527-714-3444x36315,Ricardobury,CA,93069,United States,West,2024-06-16
CUST-0422,Victoria,Rodriguez,victoria.rodriguez@hotmail.com,001-342-696-9743,Williamsburgh,OR,97897,United States,West,2024-01-28
CUST-0423,Mary,Robbins,mary.robbins@hotmail.com,948.547.8752,Dickersonport,SD,57488,United States,Midwest,2024-01-27
CUST-0424,Erin,Nelson,erin.nelson@gmail.com,813.676.0317x462,New Richard,UT,84445,United States,West,2023-12-15
CUST-0425,Christina,Obrien,christina.obrien@yahoo.com,(304)580-3762x7948,East Ryan,AR,72603,United States,South,2024-01-18
CUST-0426,Eric,Martin,eric.martin@gmail.com,(323)327-3843x646,New Monica,GA,31964,United States,South,2023-05-10
CUST-0427,Joseph,Morgan,joseph.morgan@yahoo.com,824.274.2938,Jameshaven,GA,31688,United States,South,2023-10-07
CUST-0428,Bryan,Walker,bryan.walker@yahoo.com,210-807-2495,Kochtown,OR,97220,United States,West,2024-01-13
CUST-0429,Sherry,Austin,sherry.austin@gmail.com,2726745677,Matthewstad,MD,21074,United States,South,2024-03-05
CUST-0430,James,Leon,james.leon@hotmail.com,475.841.0209x0568,Kathyport,CO,80435,United States,West,2023-03-28
CUST-0431,Tiffany,Berg,tiffany.berg@yahoo.com,(916)447-0827,Christinefort,KS,66760,United States,Midwest,2025-01-24
CUST-0432,Erin,Garcia,erin.garcia@gmail.com,9423390801,Matthewsstad,DE,19946,United States,South,2024-01-15
CUST-0433,Edward,Rodriguez,edward.rodriguez@yahoo.com,813.679.7851,Pricemouth,OK,73029,United States,South,2023-04-27
CUST-0434,Amber,Wells,amber.wells@gmail.com,001-459-441-6036,Alisonstad,WI,53655,United States,Midwest,2024-06-28
CUST-0435,Mario,Wilson,mario.wilson@gmail.com,(846)908-2231x80042,Lake Nicholas,NE,68079,United States,Midwest,2024-03-12
CUST-0436,Kristina,Lewis,kristina.lewis@yahoo.com,001-719-912-3149,Davidfort,RI,02924,United States,Northeast,2024-04-13
CUST-0437,Katherine,Tran,katherine.tran@hotmail.com,3744730076,East Lisa,RI,02822,United States,Northeast,2024-04-25
CUST-0438,Patricia,Ryan,patricia.ryan@hotmail.com,8044314903,New Scott,DC,20033,United States,South,2023-10-23
CUST-0439,George,Gay,george.gay@gmail.com,244-639-0888x355,Johnsonfort,SC,29373,United States,South,2023-12-09
CUST-0440,Marcia,Mullins,marcia.mullins@gmail.com,(852)847-4420x907,New Amanda,IA,50934,United States,Midwest,2024-04-10
CUST-0441,Ryan,Morales,ryan.morales@hotmail.com,827-938-6685x029,New Tyler,WY,82329,United States,West,2024-11-16
CUST-0442,Andrew,Massey,andrew.massey@gmail.com,251.490.4076,Port Monica,ND,58473,United States,Midwest,2024-04-29
CUST-0443,Dawn,Miller,dawn.miller@hotmail.com,001-749-671-1621,Tapiaside,MO,65193,United States,Midwest,2024-03-30
CUST-0444,John,Taylor,john.taylor@hotmail.com,001-772-504-5628x45178,Matthewville,NH,03784,United States,Northeast,2024-05-22
CUST-0445,Jonathan,Smith,jonathan.smith@yahoo.com,795-834-6467x712,North Tyler,NH,03652,United States,Northeast,2024-04-19
CUST-0446,Cheryl,Gray,cheryl.gray@gmail.com,+1-205-339-9734x8225,South Thomasbury,MD,21641,United States,South,2024-06-10
CUST-0447,Ashley,Davis,ashley.davis@hotmail.com,733.456.1706x18724,Lopezland,PA,17208,United States,Northeast,2025-07-05
CUST-0448,Timothy,Mendoza,timothy.mendoza@gmail.com,001-491-470-7421,Port Melissamouth,NV,89659,United States,West,2024-02-24
CUST-0449,Thomas,Gonzalez,thomas.gonzalez@gmail.com,+1-967-414-7798,East Larry,MD,20883,United States,South,2024-01-13
CUST-0450,Jason,Bradley,jason.bradley@hotmail.com,810-857-5352,East Andrewport,OR,97793,United States,West,2024-01-16
CUST-0451,Andrea,Hernandez,andrea.hernandez@gmail.com,977-248-8889x394,West Tamara,SC,29552,United States,South,2024-02-09
CUST-0452,Anna,Bates,anna.bates@yahoo.com,586-651-0854,Bauerchester,AR,72018,United States,South,2024-02-20
CUST-0453,Samantha,Gibbs,samantha.gibbs@gmail.com,6182905367,Aguilarmouth,SC,29228,United States,South,2023-06-08
CUST-0454,Jeffrey,Riggs,jeffrey.riggs@hotmail.com,(313)598-5514,Port Denisehaven,WV,25615,United States,South,2023-04-02
CUST-0455,Amanda,Roberts,amanda.roberts@gmail.com,(813)302-8841,East Linda,CT,06335,United States,Northeast,2023-11-15
CUST-0456,Sarah,Mitchell,sarah.mitchell@yahoo.com,(561)878-8964x06660,Williamsshire,WI,54733,United States,Midwest,2023-06-29
CUST-0457,Samantha,Alvarez,samantha.alvarez@gmail.com,001-578-644-8212x18882,Port Manuel,IN,46388,United States,Midwest,2024-06-26
CUST-0458,Miranda,Chan,miranda.chan@gmail.com,(490)234-8396x5480,New Amymouth,SD,57072,United States,Midwest,2023-08-05
CUST-0459,Michael,Rivera,michael.rivera@gmail.com,939-657-1059x83117,Port Luisfort,IN,46113,United States,Midwest,2024-04-22
CUST-0460,Michael,Mason,michael.mason@yahoo.com,(204)333-5847,Harrisstad,KY,41335,United States,South,2024-12-01
CUST-0461,Danielle,Allen,danielle.allen@hotmail.com,362.983.8546,Trevinohaven,TX,76555,United States,South,2023-12-31
CUST-0462,Paula,Parker,paula.parker@hotmail.com,(466)612-9685,Ramirezville,CO,81184,United States,West,2024-01-09
CUST-0463,James,Guerrero,james.guerrero@hotmail.com,(359)716-4842,New Williamhaven,HI,96774,United States,West,2024-01-30
CUST-0464,Rachel,Smith,rachel.smith@gmail.com,(802)741-4267,Dayland,KS,66612,United States,Midwest,2023-05-11
CUST-0465,Lisa,Underwood,lisa.underwood@gmail.com,001-344-796-6406,Gibsonstad,ID,83234,United States,West,2025-08-13
CUST-0466,Thomas,Campbell,thomas.campbell@hotmail.com,415.361.6943,East Kaylee,OK,73041,United States,South,2024-06-04
CUST-0467,Anna,Palmer,anna.palmer@gmail.com,811.414.5761x2861,Bakerton,CA,90699,United States,West,2024-01-20
CUST-0468,Bruce,Davis,bruce.davis@yahoo.com,297.581.9344x5327,New Deborah,HI,96741,United States,West,2024-11-14
CUST-0469,Lindsey,Anderson,lindsey.anderson@gmail.com,001-984-255-4847x137,North Victorialand,AL,35068,United States,South,2023-10-03
CUST-0470,Renee,Hammond,renee.hammond@gmail.com,(721)907-4754x80075,Kristenside,NE,68115,United States,Midwest,2023-06-27
CUST-0471,Jennifer,Stephens,jennifer.stephens@gmail.com,001-879-554-4228x43674,Websterville,NH,03351,United States,Northeast,2024-06-20
CUST-0472,Melissa,Hernandez,melissa.hernandez@gmail.com,220.256.0742x3246,Justinbury,VT,05150,United States,Northeast,2024-08-26
CUST-0473,Kyle,Joyce,kyle.joyce@gmail.com,331-653-3914x659,Davidstad,RI,02934,United States,Northeast,2023-10-28
CUST-0474,Jeffrey,Johnson,jeffrey.johnson@yahoo.com,968.640.6134x080,North Brianna,NM,87940,United States,West,2023-08-13
CUST-0475,Michael,Williams,michael.williams@gmail.com,+1-868-984-6151x6665,Shariland,ME,04096,United States,Northeast,2024-02-10
CUST-0476,Lisa,Walker,lisa.walker@hotmail.com,532.586.8978,Barbaraborough,AZ,85112,United States,West,2024-03-09
CUST-0477,Justin,Wood,justin.wood@yahoo.com,(772)610-9164,New Michaelburgh,IA,52005,United States,Midwest,2024-05-11
CUST-0478,Dan,Newman,dan.newman@gmail.com,212.558.0680x1554,New Sophia,ME,04210,United States,Northeast,2024-03-12
CUST-0479,James,Parrish,james.parrish@hotmail.com,(800)546-8477x3739,Whiteheadtown,VA,22740,United States,South,2024-03-23
CUST-0480,Colin,Zamora,colin.zamora@hotmail.com,290-440-5897x42105,Saraview,ME,04722,United States,Northeast,2024-07-23
CUST-0481,Amber,Simpson,amber.simpson@yahoo.com,971-411-5440x686,North Darren,VT,05204,United States,Northeast,2024-10-07
CUST-0482,Michael,Paul,michael.paul@yahoo.com,001-592-537-2772x4620,Sarahton,NJ,07379,United States,Northeast,2024-07-12
CUST-0483,Heather,Mcgrath,heather.mcgrath@hotmail.com,456.233.2047x1565,Robbinstown,CA,93119,United States,West,2025-01-24
CUST-0484,Gilbert,Silva,gilbert.silva@yahoo.com,674.440.7347x2749,East Carrieport,UT,84434,United States,West,2024-01-31
CUST-0485,Brian,George,brian.george@gmail.com,001-471-541-3283x143,Hartmanfort,IA,51301,United States,Midwest,2023-07-21
CUST-0486,John,Blankenship,john.blankenship@hotmail.com,246.799.9031,Heatherbury,KY,40614,United States,South,2024-05-03
CUST-0487,Cheryl,Bowers,cheryl.bowers@yahoo.com,503.297.8315,New Katherine,DC,20027,United States,South,2024-03-06
CUST-0488,Alexander,Schwartz,alexander.schwartz@gmail.com,302.678.2808,North Kaylahaven,DC,20034,United States,South,2024-01-07
CUST-0489,Timothy,Stewart,timothy.stewart@gmail.com,001-274-274-3514,East Charles,SD,57747,United States,Midwest,2024-11-07
CUST-0490,Dennis,Marks,dennis.marks@gmail.com,+1-446-685-4823x65833,Kingshire,PA,19598,United States,Northeast,2023-12-19
CUST-0491,Richard,Wood,richard.wood@hotmail.com,633.478.2258x273,West Seanstad,TX,78739,United States,South,2023-12-17
CUST-0492,Mary,Gilbert,mary.gilbert@gmail.com,+1-314-223-2020,Marshhaven,IL,62579,United States,Midwest,2023-12-29
CUST-0493,Amanda,Cline,amanda.cline@yahoo.com,+1-404-348-6211x283,New Kimberly,NV,89875,United States,West,2023-12-14
CUST-0494,Amy,Andrade,amy.andrade@hotmail.com,2867142222,North Lindsey,DE,19937,United States,South,2023-12-08
CUST-0495,Austin,Krause,austin.krause@gmail.com,7127594629,Garychester,OH,44533,United States,Midwest,2025-01-19
CUST-0496,Cameron,Hicks,cameron.hicks@gmail.com,+1-286-394-1640x187,Dianeside,IA,51909,United States,Midwest,2023-06-10
CUST-0497,Bryce,White,bryce.white@gmail.com,001-754-748-9888,New Michaelmouth,TN,38370,United States,South,2024-01-13
CUST-0498,Adam,Perez,adam.perez@yahoo.com,001-535-559-0585x0635,New Andrew,GA,30528,United States,South,2024-09-26
CUST-0499,Cheyenne,Johns,cheyenne.johns@hotmail.com,5284001407,Lake Kimberly,LA,71133,United States,South,2023-01-12
CUST-0500,Scott,Nguyen,scott.nguyen@gmail.com,587-473-7294,Jamesborough,GA,31565,United States,South,2024-06-04
CUST-0501,Heather,Daugherty,heather.daugherty@yahoo.com,(959)352-8879x99579,New Margaret,CA,94938,United States,West,2024-04-07
CUST-0502,Christine,Cline,christine.cline@hotmail.com,(798)888-0922,New Erikamouth,AR,71912,United States,South,2024-08-18
CUST-0503,Jessica,Smith,jessica.smith@hotmail.com,+1-645-713-1249x39361,West Nathanhaven,HI,96815,United States,West,2024-04-23
CUST-0504,Brandon,Fisher,brandon.fisher@yahoo.com,(509)862-5030,Merrittmouth,DC,20036,United States,South,2023-04-18
CUST-0505,Jacob,Williams,jacob.williams@gmail.com,(628)777-8535,Hardybury,MD,21645,United States,South,2024-03-19
CUST-0506,Amy,Hall,amy.hall@yahoo.com,2603225374,Port Carolynstad,RI,02883,United States,Northeast,2024-04-08
CUST-0507,Lori,Schmidt,lori.schmidt@yahoo.com,+1-367-298-1415x6575,South Crystalburgh,WV,26483,United States,South,2024-05-12
CUST-0508,Nathan,Gillespie,nathan.gillespie@gmail.com,(883)241-1734,Saramouth,OR,97128,United States,West,2024-09-25
CUST-0509,Patricia,Owens,patricia.owens@gmail.com,208-495-0616x693,Sharonview,ME,03940,United States,Northeast,2024-04-17
CUST-0510,Amanda,Williams,amanda.williams@yahoo.com,(639)885-1100,East Emily,NH,03682,United States,Northeast,2025-05-11
CUST-0511,Brian,White,brian.white@hotmail.com,8582254029,West Sharonstad,DE,19946,United States,South,2023-07-31
CUST-0512,Mary,Armstrong,mary.armstrong@gmail.com,(203)709-2767x880,Natashaside,NJ,08816,United States,Northeast,2023-02-12
CUST-0513,Curtis,Frazier,curtis.frazier@gmail.com,323.450.2823x02592,Port Cassandra,VT,05438,United States,Northeast,2024-08-29
CUST-0514,Tyler,Sherman,tyler.sherman@gmail.com,+1-757-715-7579x82799,Meadowsstad,MD,21701,United States,South,2023-09-27
CUST-0515,Cristian,Baxter,cristian.baxter@yahoo.com,280-261-4333x238,Oliverburgh,VT,05335,United States,Northeast,2024-02-01
CUST-0516,Vickie,Duran,vickie.duran@gmail.com,772.343.1025x2999,South Natasha,MT,59730,United States,West,2024-04-15
CUST-0517,Valerie,Diaz,valerie.diaz@hotmail.com,514-804-7995x2088,South Jacqueline,LA,71169,United States,South,2023-08-22
CUST-0518,Jacob,Wilson,jacob.wilson@gmail.com,001-730-381-4477,Keithside,NC,28794,United States,South,2023-12-14
CUST-0519,Aaron,Oconnor,aaron.oconnor@gmail.com,851.474.1476x761,Suzanneville,OH,44995,United States,Midwest,2024-04-04
CUST-0520,Steven,Serrano,steven.serrano@gmail.com,(374)908-1962,South Jessefurt,NY,12672,United States,Northeast,2023-12-30
CUST-0521,Brad,Johnson,brad.johnson@yahoo.com,(762)589-5882x130,Lake David,NH,03301,United States,Northeast,2024-02-14
CUST-0522,Timothy,Santos,timothy.santos@hotmail.com,770-429-6126x0329,Mayshire,CO,80092,United States,West,2024-07-13
CUST-0523,Tiffany,Elliott,tiffany.elliott@gmail.com,4307791323,New Travisside,RI,02863,United States,Northeast,2024-02-15
CUST-0524,David,Bishop,david.bishop@yahoo.com,(376)878-2301x50296,West Cassandraport,AZ,85432,United States,West,2024-01-28
CUST-0525,Anthony,Jones,anthony.jones@hotmail.com,964.983.8123x8611,North Angelafort,NV,89136,United States,West,2024-08-25
CUST-0526,Tammy,Wells,tammy.wells@yahoo.com,556-380-4299x1831,Martinmouth,WV,25235,United States,South,2025-06-26
CUST-0527,Heather,Hunter,heather.hunter@hotmail.com,001-876-921-2727x36894,New Cheryl,MA,02278,United States,Northeast,2024-02-09
CUST-0528,Heather,Kelly,heather.kelly@yahoo.com,001-922-400-3297x559,Lake Jason,RI,02838,United States,Northeast,2024-01-20
CUST-0529,Wendy,Nelson,wendy.nelson@hotmail.com,409.635.9354x084,Butlerport,KY,42387,United States,South,2024-09-09
CUST-0530,Elizabeth,Peterson,elizabeth.peterson@gmail.com,001-342-372-4251x742,Watsonchester,AK,99892,United States,West,2023-04-03
CUST-0531,Roberta,Castaneda,roberta.castaneda@gmail.com,(295)946-8869,Matthewfurt,CO,81323,United States,West,2024-08-12
CUST-0532,Justin,Thomas,justin.thomas@yahoo.com,955-716-7379x4981,Port Janetport,IA,52653,United States,Midwest,2023-02-26
CUST-0533,Nicholas,Weaver,nicholas.weaver@yahoo.com,442.806.6719,Smithland,UT,84354,United States,West,2024-07-14
CUST-0534,Tiffany,Williams,tiffany.williams@hotmail.com,(230)899-0720x815,West Tina,OR,97172,United States,West,2024-06-13
CUST-0535,Larry,Dominguez,larry.dominguez@hotmail.com,293.633.5413x87131,South Christian,PA,16608,United States,Northeast,2024-05-26
CUST-0536,Aaron,Smith,aaron.smith@gmail.com,7139547700,Martinchester,AK,99702,United States,West,2024-01-27
CUST-0537,Dana,Smith,dana.smith@yahoo.com,001-387-707-1644x59065,Sharonchester,WI,54804,United States,Midwest,2024-09-12
CUST-0538,Jacqueline,Brandt,jacqueline.brandt@gmail.com,(405)503-0381x34458,Matthewmouth,UT,84132,United States,West,2024-06-17
CUST-0539,Tina,Wood,tina.wood@gmail.com,413.847.5692x32305,Bellburgh,LA,70901,United States,South,2024-02-19
CUST-0540,Nicole,Gonzalez,nicole.gonzalez@yahoo.com,+1-942-892-3537x74244,Bakershire,OR,97434,United States,West,2023-12-29
CUST-0541,Kathryn,Brock,kathryn.brock@yahoo.com,9638161493,South Justinborough,AZ,85891,United States,West,2024-03-01
CUST-0542,John,Rush,john.rush@yahoo.com,(562)648-3259x391,Georgehaven,WI,53141,United States,Midwest,2025-03-21
CUST-0543,Beth,Smith,beth.smith@yahoo.com,+1-830-942-8064x79671,Royberg,WI,53904,United States,Midwest,2024-04-26
CUST-0544,Robin,Little,robin.little@yahoo.com,556-349-9403x2103,Port Nathaniel,ID,83419,United States,West,2023-11-01
CUST-0545,Kathryn,Strong,kathryn.strong@gmail.com,(702)625-9602,Ruizside,NM,87990,United States,West,2023-05-19
CUST-0546,Daniel,Phillips,daniel.phillips@gmail.com,(205)770-2360x3599,South Alyssa,ND,58758,United States,Midwest,2024-07-07
CUST-0547,Ariel,Gonzalez,ariel.gonzalez@yahoo.com,001-284-975-7014x07379,West Gail,TN,37222,United States,South,2023-04-25
CUST-0548,Michele,Bell,michele.bell@yahoo.com,381-255-4410x54039,Alishatown,NH,03099,United States,Northeast,2024-02-03
CUST-0549,Jeremy,Lee,jeremy.lee@hotmail.com,476-356-2224x77453,West Jennifer,LA,70055,United States,South,2023-05-15
CUST-0550,Jennifer,Jones,jennifer.jones@yahoo.com,444-616-8817x369,Smithville,ID,83840,United States,West,2024-05-09
CUST-0551,Vincent,Wolf,vincent.wolf@hotmail.com,+1-286-573-0457x192,Kimberlymouth,PA,17757,United States,Northeast,2023-03-17
CUST-0552,James,Salas,james.salas@gmail.com,854.813.1580x40230,North Davidton,NV,89726,United States,West,2024-06-17
CUST-0553,Cody,Brown,cody.brown@gmail.com,001-783-912-0656,Gibbston,SD,57784,United States,Midwest,2023-09-04
CUST-0554,William,Coleman,william.coleman@hotmail.com,+1-945-572-9186x091,Stephanieshire,NY,11332,United States,Northeast,2024-06-21
CUST-0555,Tracey,Holt,tracey.holt@gmail.com,554-352-2318x93458,Benjamintown,CO,80824,United States,West,2024-06-04
CUST-0556,Jeffrey,Cohen,jeffrey.cohen@yahoo.com,894-304-2562,Lisaburgh,NM,87900,United States,West,2023-09-08
CUST-0557,Debra,Rivera,debra.rivera@hotmail.com,566.929.7710x78820,Christopherfurt,MN,55351,United States,Midwest,2024-11-22
CUST-0558,David,Wilkerson,david.wilkerson@gmail.com,775-595-8459,Browntown,NE,68037,United States,Midwest,2024-04-23
CUST-0559,Kimberly,Jordan,kimberly.jordan@gmail.com,+1-707-832-3023,Jessicamouth,MI,48004,United States,Midwest,2024-07-19
CUST-0560,Michelle,Hayes,michelle.hayes@gmail.com,(620)246-7726,East Abigailberg,MA,02536,United States,Northeast,2023-09-01
CUST-0561,Katherine,Ramirez,katherine.ramirez@hotmail.com,605-341-8168x8922,Michellefurt,TX,78433,United States,South,2024-12-20
CUST-0562,Mary,Harrell,mary.harrell@hotmail.com,338-237-6398x6495,East Kim,CT,06284,United States,Northeast,2023-12-09
CUST-0563,Larry,Vasquez,larry.vasquez@yahoo.com,(484)695-0751,Brendafort,HI,96718,United States,West,2023-12-20
CUST-0564,Joseph,Cook,joseph.cook@hotmail.com,7295499552,Summerfort,MI,49117,United States,Midwest,2025-04-25
CUST-0565,Susan,Anderson,susan.anderson@hotmail.com,(698)484-7506,Leahborough,NE,68075,United States,Midwest,2024-10-17
CUST-0566,Roberta,Anderson,roberta.anderson@hotmail.com,668-491-5198x13714,North Dominic,VT,05060,United States,Northeast,2023-03-02
CUST-0567,Victoria,Shaw,victoria.shaw@gmail.com,(937)281-9934x8024,East Heather,NY,11622,United States,Northeast,2023-11-23
CUST-0568,Michael,Pierce,michael.pierce@gmail.com,(953)588-7935x3112,Lake Janet,ME,04867,United States,Northeast,2024-01-27
CUST-0569,Tonya,Noble,tonya.noble@hotmail.com,+1-297-256-0601x256,Royside,TX,78808,United States,South,2023-12-17
CUST-0570,Jacob,Herman,jacob.herman@gmail.com,918-678-5111,Shelbyborough,MT,59476,United States,West,2024-03-14
CUST-0571,Brooke,Riley,brooke.riley@gmail.com,392-944-1285,New Elizabethstad,WI,53961,United States,Midwest,2024-01-12
CUST-0572,Jorge,Williams,jorge.williams@gmail.com,494-409-5720x484,South Leslie,OK,73186,United States,South,2023-11-11
CUST-0573,Jeremy,Wright,jeremy.wright@gmail.com,+1-623-952-3491x347,East Amandaland,AZ,85932,United States,West,2023-11-04
CUST-0574,Patricia,White,patricia.white@gmail.com,(206)228-2581x037,New Josephtown,NJ,08988,United States,Northeast,2023-04-13
CUST-0575,Sarah,Gardner,sarah.gardner@hotmail.com,411-808-3844,Mccoyburgh,CO,81399,United States,West,2024-05-07
CUST-0576,Jerry,Williams,jerry.williams@hotmail.com,(658)571-7345,New Michaelchester,MA,01070,United States,Northeast,2024-11-01
CUST-0577,Nicholas,Duncan,nicholas.duncan@gmail.com,9766711163,Port Jessicatown,KY,42310,United States,South,2024-01-24
CUST-0578,Brandon,Wright,brandon.wright@hotmail.com,(730)385-9696x0175,South Brianna,MA,02740,United States,Northeast,2024-06-30
CUST-0579,Danielle,Holland,danielle.holland@hotmail.com,(609)374-4320,Lake Andrewmouth,DE,19792,United States,South,2024-03-28
CUST-0580,Darrell,Long,darrell.long@hotmail.com,+1-585-952-7478x21374,North Sarah,WY,82464,United States,West,2023-09-01
CUST-0581,Steven,Rodriguez,steven.rodriguez@yahoo.com,(412)215-3258x512,Torresmouth,MT,59049,United States,West,2024-01-13
CUST-0582,Danny,Hernandez,danny.hernandez@gmail.com,+1-429-419-7639x363,Gatesland,NC,27428,United States,South,2024-03-24
CUST-0583,Ellen,Reyes,ellen.reyes@gmail.com,(304)566-3126,Burtonfort,AL,36148,United States,South,2023-01-13
CUST-0584,Gordon,Hanson,gordon.hanson@gmail.com,635.853.4068,Lake Lauren,TX,77873,United States,South,2024-04-06
CUST-0585,Robert,Marquez,robert.marquez@gmail.com,(394)816-5872x2978,Johnton,OH,45401,United States,Midwest,2024-04-26
CUST-0586,Donald,Hahn,donald.hahn@hotmail.com,237.585.9687,South Carlosland,NJ,07413,United States,Northeast,2024-10-24
CUST-0587,Charles,Jenkins,charles.jenkins@yahoo.com,(392)621-5120x0098,Lake Alex,NE,68005,United States,Midwest,2024-05-03
CUST-0588,Alan,Black,alan.black@yahoo.com,+1-344-383-1663,Port Patricia,AR,72475,United States,South,2023-04-29
CUST-0589,Lisa,French,lisa.french@yahoo.com,777-968-5844x36316,New Johnnychester,IL,60950,United States,Midwest,2024-10-25
CUST-0590,Megan,Brown,megan.brown@yahoo.com,(267)429-2790,West Laceystad,ND,58223,United States,Midwest,2024-10-26
CUST-0591,Brian,Mejia,brian.mejia@yahoo.com,814-576-2504x399,New Jamie,MS,38957,United States,South,2023-03-04
CUST-0592,Jennifer,Edwards,jennifer.edwards@hotmail.com,+1-418-782-9779x693,Lawsontown,SC,29039,United States,South,2024-02-24
CUST-0593,David,Reed,david.reed@gmail.com,938-869-9631x2518,Brownfort,WI,54111,United States,Midwest,2025-03-20
CUST-0594,Emily,Perez,emily.perez@hotmail.com,346.855.9432,West Stephanie,NY,14861,United States,Northeast,2024-11-14
CUST-0595,Alexander,Diaz,alexander.diaz@hotmail.com,001-925-467-0933,North Stephenview,SD,57310,United States,Midwest,2023-11-22
CUST-0596,Christina,Thompson,christina.thompson@gmail.com,8825505990,Karenberg,NH,03678,United States,Northeast,2024-06-20
CUST-0597,Kristy,Davis,kristy.davis@gmail.com,(889)899-8691x51769,East Tonyamouth,WI,54757,United States,Midwest,2024-05-19
CUST-0598,Brandon,Ellis,brandon.ellis@yahoo.com,001-282-402-4332x934,Sherryport,AR,72090,United States,South,2024-11-14
CUST-0599,Edward,Bautista,edward.bautista@yahoo.com,001-985-608-8376x81612,Lake Davidchester,IN,47523,United States,Midwest,2024-11-05
CUST-0600,Dylan,Castillo,dylan.castillo@hotmail.com,753.973.4514x8072,East Adamhaven,LA,70571,United States,South,2023-05-17
CUST-0601,Charlotte,Cline,charlotte.cline@yahoo.com,9475727514,Hartmanfort,OK,73175,United States,South,2024-07-05
CUST-0602,Anthony,Thomas,anthony.thomas@gmail.com,(524)895-1107,Jonesborough,FL,33490,United States,South,2024-04-03
CUST-0603,Mark,Barker,mark.barker@yahoo.com,001-605-344-5057,Stacyland,ME,04376,United States,Northeast,2024-05-13
CUST-0604,Christine,Phelps,christine.phelps@hotmail.com,(748)529-9842,Lake Allen,NH,03658,United States,Northeast,2025-05-11
CUST-0605,Catherine,Taylor,catherine.taylor@hotmail.com,310.471.0173x515,Lake Kimchester,VT,05384,United States,Northeast,2024-04-03
CUST-0606,Christina,Lyons,christina.lyons@yahoo.com,901-929-3004,Stephanieside,NY,14330,United States,Northeast,2024-10-13
CUST-0607,Jose,Torres,jose.torres@hotmail.com,(369)523-0351x577,Port Jameshaven,DE,19980,United States,South,2024-03-25
CUST-0608,Natasha,Ho,natasha.ho@gmail.com,+1-561-961-5219x54462,Angelaport,AK,99710,United States,West,2023-03-15
CUST-0609,Jessica,Mccall,jessica.mccall@hotmail.com,396.259.5479,Martinezland,SD,57335,United States,Midwest,2024-06-08
CUST-0610,Gregory,Sanders,gregory.sanders@hotmail.com,(653)358-6272,Costaland,RI,02873,United States,Northeast,2023-06-04
CUST-0611,Alicia,Parker,alicia.parker@gmail.com,816.717.6874,North Xavier,KS,67662,United States,Midwest,2023-12-17
CUST-0612,Jason,Turner,jason.turner@yahoo.com,001-705-915-2605x85304,Staffordshire,VA,22141,United States,South,2024-09-11
CUST-0613,Kim,Smith,kim.smith@yahoo.com,(814)795-4542x0911,Lake Jacob,HI,96868,United States,West,2024-06-29
CUST-0614,Michelle,Patrick,michelle.patrick@yahoo.com,001-579-703-7379x420,New Antonio,MD,20838,United States,South,2023-07-01
CUST-0615,Robert,Washington,robert.washington@yahoo.com,9443288070,Johnsonmouth,OK,73045,United States,South,2025-02-21
CUST-0616,Kevin,Welch,kevin.welch@hotmail.com,(394)325-9748,Ramosberg,AL,35428,United States,South,2023-06-18
CUST-0617,Carrie,Wright,carrie.wright@hotmail.com,+1-802-496-9362x945,Kimberlybury,OK,73177,United States,South,2023-06-08
CUST-0618,Kelly,Sandoval,kelly.sandoval@hotmail.com,+1-628-947-4930x21397,New Nicolas,NE,68076,United States,Midwest,2024-02-06
CUST-0619,Natalie,Rodriguez,natalie.rodriguez@gmail.com,8903363781,Jameston,CO,81541,United States,West,2023-05-18
CUST-0620,Tammy,Hess,tammy.hess@yahoo.com,979.813.9646x0471,Harrisstad,IA,52009,United States,Midwest,2023-11-10
CUST-0621,Barbara,Jones,barbara.jones@hotmail.com,(733)687-8212,Heiditown,DE,19851,United States,South,2024-03-29
CUST-0622,Chelsea,Gonzales,chelsea.gonzales@gmail.com,9087998542,East Jasonmouth,NJ,08360,United States,Northeast,2024-05-06
CUST-0623,Teresa,Lynn,teresa.lynn@hotmail.com,001-899-555-8554x452,Lovefurt,DE,19941,United States,South,2024-10-26
CUST-0624,Stephanie,Shields,stephanie.shields@yahoo.com,+1-744-420-0053x4634,West Kathrynfort,TN,37523,United States,South,2023-11-25
CUST-0625,Brandon,Cunningham,brandon.cunningham@yahoo.com,001-963-596-8690x030,Lake Johnny,GA,30310,United States,South,2024-06-11
CUST-0626,Courtney,Padilla,courtney.padilla@gmail.com,965.392.8122,Tylerchester,NY,11594,United States,Northeast,2024-06-04
CUST-0627,Pamela,Williams,pamela.williams@gmail.com,775-693-9315x47469,North Donaldmouth,VA,23912,United States,South,2023-07-24
CUST-0628,Christopher,Johnson,christopher.johnson@gmail.com,946-358-2741x8344,West Brandonborough,ME,04566,United States,Northeast,2023-04-20
CUST-0629,Kathleen,Marquez,kathleen.marquez@yahoo.com,001-726-292-4462x49634,Benjaminfort,NC,28116,United States,South,2024-02-07
CUST-0630,John,Parker,john.parker@hotmail.com,886-652-7357,Moniquefort,VA,23302,United States,South,2024-10-30
CUST-0631,Randall,Barnes,randall.barnes@yahoo.com,001-505-585-0303x76270,Port Roberttown,LA,71222,United States,South,2024-11-17
CUST-0632,William,Carter,william.carter@hotmail.com,338-610-5189x526,East Josephton,NE,68001,United States,Midwest,2023-05-16
CUST-0633,Teresa,Rogers,teresa.rogers@gmail.com,618.422.0601x821,Kimberlymouth,NM,88061,United States,West,2023-07-10
CUST-0634,Allison,Delgado,allison.delgado@gmail.com,520.882.4297,Jamieland,NM,87590,United States,West,2024-08-14
CUST-0635,Peter,Matthews,peter.matthews@hotmail.com,472-455-3597,Lake Ralph,KS,66228,United States,Midwest,2023-12-06
CUST-0636,Jessica,Norris,jessica.norris@yahoo.com,+1-330-372-2383x686,Port Elizabethview,NJ,07012,United States,Northeast,2023-03-12
CUST-0637,Michael,James,michael.james@gmail.com,684-320-9565,West Annastad,OK,73196,United States,South,2024-02-29
CUST-0638,Mary,Berger,mary.berger@gmail.com,+1-834-814-2961x78584,Lake Davidton,GA,31144,United States,South,2024-08-16
CUST-0639,Kenneth,Taylor,kenneth.taylor@yahoo.com,+1-327-533-0715x557,West Jessica,MO,64546,United States,Midwest,2024-03-15
CUST-0640,Erica,Hoover,erica.hoover@hotmail.com,+1-414-283-5694x45094,Port Jennifertown,IL,61386,United States,Midwest,2023-05-23
CUST-0641,Adam,Richards,adam.richards@hotmail.com,(412)416-5051x0201,Wagnershire,RI,02862,United States,Northeast,2024-09-09
CUST-0642,Heather,Johnson,heather.johnson@gmail.com,(747)418-8851x4522,Justinville,NC,27541,United States,South,2024-07-01
CUST-0643,Brandi,Thompson,brandi.thompson@yahoo.com,(609)835-4927x49997,West Amandamouth,WV,25856,United States,South,2023-10-25
CUST-0644,Laura,Moreno,laura.moreno@yahoo.com,001-724-701-4948x289,Jasonmouth,FL,34488,United States,South,2024-06-17
CUST-0645,Lauren,Hudson,lauren.hudson@yahoo.com,310.964.6919x7804,Cookbury,CA,94032,United States,West,2023-11-06
CUST-0646,Diana,Mason,diana.mason@gmail.com,896.633.9310,South Jessica,LA,70400,United States,South,2023-12-20
CUST-0647,Jessica,Wilson,jessica.wilson@yahoo.com,4043692928,Luketown,WY,82860,United States,West,2023-08-29
CUST-0648,Erin,Brown,erin.brown@yahoo.com,386-909-1524x14182,Nathanstad,DC,20032,United States,South,2023-11-19
CUST-0649,Erin,Powell,erin.powell@yahoo.com,001-617-392-8266x468,Williamsberg,NE,68093,United States,Midwest,2024-03-13
CUST-0650,Daniel,Murphy,daniel.murphy@hotmail.com,+1-932-805-8869x09262,Lake Mckenzie,MI,49782,United States,Midwest,2024-03-01
CUST-0651,Brianna,Castaneda,brianna.castaneda@gmail.com,+1-787-344-6522,Port April,DC,20011,United States,South,2024-03-12
CUST-0652,Timothy,Anderson,timothy.anderson@gmail.com,792-822-7441x1160,Wallaceport,NC,28224,United States,South,2024-04-27
CUST-0653,Ashley,Lopez,ashley.lopez@hotmail.com,632.384.4466x52185,Lake Louis,LA,70472,United States,South,2024-06-20
CUST-0654,Jill,Wilkins,jill.wilkins@gmail.com,(843)904-3889,New Andrewhaven,AL,36760,United States,South,2023-10-15
CUST-0655,David,Johnson,david.johnson@hotmail.com,736-249-6960,South Jason,ME,04715,United States,Northeast,2025-03-21
CUST-0656,Kyle,Juarez,kyle.juarez@hotmail.com,989-296-4074,Rushtown,WA,98140,United States,West,2024-01-18
CUST-0657,Drew,Martinez,drew.martinez@yahoo.com,785-257-0466x120,Davidburgh,MD,21194,United States,South,2024-03-22
CUST-0658,Kelly,Campbell,kelly.campbell@yahoo.com,771-644-1746x544,West Elizabeth,PA,19253,United States,Northeast,2024-02-25
CUST-0659,Sandra,Valencia,sandra.valencia@yahoo.com,(956)881-5712,South David,PA,15346,United States,Northeast,2023-08-19
CUST-0660,Sandra,Larson,sandra.larson@yahoo.com,348.748.3377,West David,TX,77411,United States,South,2024-03-25
CUST-0661,Roger,Hester,roger.hester@hotmail.com,(250)640-8886x514,Johnsonview,NY,13072,United States,Northeast,2024-11-12
CUST-0662,Sharon,Mcdowell,sharon.mcdowell@yahoo.com,(312)877-0345,Jonathanside,GA,30477,United States,South,2024-02-29
CUST-0663,Christopher,Stevenson,christopher.stevenson@yahoo.com,(610)737-2978x353,Dennisland,NH,03759,United States,Northeast,2023-04-17
CUST-0664,Larry,Smith,larry.smith@gmail.com,+1-637-261-5943x529,North Brendafort,OH,45414,United States,Midwest,2023-06-19
CUST-0665,Omar,Wright,omar.wright@gmail.com,672.862.4738,Leton,NM,87577,United States,West,2024-02-09
CUST-0666,Gregory,Snyder,gregory.snyder@yahoo.com,203-762-4971x9917,Halltown,MN,55700,United States,Midwest,2024-06-09
CUST-0667,Amy,Brown,amy.brown@hotmail.com,8698606676,Briannafort,MI,48317,United States,Midwest,2024-02-23
CUST-0668,Christina,Young,christina.young@gmail.com,442.784.6309,Bruceview,OK,73069,United States,South,2024-01-15
CUST-0669,Steven,Johnston,steven.johnston@gmail.com,+1-885-507-0752,North Kimberlyborough,WI,53636,United States,Midwest,2023-09-21
CUST-0670,Albert,Collins,albert.collins@gmail.com,948.799.3891x5355,Kimshire,OH,45113,United States,Midwest,2024-05-03
CUST-0671,Jason,Moss,jason.moss@gmail.com,8039382767,Hartport,MO,63190,United States,Midwest,2023-01-10
CUST-0672,Jasmine,Garner,jasmine.garner@gmail.com,703-873-5726,North Amy,NJ,07278,United States,Northeast,2023-11-03
CUST-0673,Matthew,Page,matthew.page@hotmail.com,+1-823-374-0119,Lucaschester,MA,01639,United States,Northeast,2024-10-20
CUST-0674,Timothy,Davis,timothy.davis@yahoo.com,+1-892-468-8079x04514,East Andrewtown,IL,62657,United States,Midwest,2024-08-28
CUST-0675,Donna,Watkins,donna.watkins@hotmail.com,+1-606-998-8730x794,West Charlesbury,VT,05223,United States,Northeast,2024-02-08
CUST-0676,Laura,Blankenship,laura.blankenship@hotmail.com,226-305-1832,Williamborough,KS,67494,United States,Midwest,2024-03-03
CUST-0677,William,Terry,william.terry@gmail.com,339-774-2009x08322,Port Kennethville,OR,97593,United States,West,2024-02-24
CUST-0678,Jesus,Jackson,jesus.jackson@gmail.com,+1-574-769-0175x383,New Jadefort,MO,65614,United States,Midwest,2024-05-24
CUST-0679,Brian,Martin,brian.martin@hotmail.com,(328)359-5427x30790,West Sara,IA,50322,United States,Midwest,2024-03-21
CUST-0680,Evan,Ryan,evan.ryan@hotmail.com,(946)747-4597x437,Jonesville,WY,83047,United States,West,2024-03-01
CUST-0681,Joshua,Rivera,joshua.rivera@gmail.com,3992156652,Thompsonstad,NE,68110,United States,Midwest,2023-09-24
CUST-0682,Victoria,Simmons,victoria.simmons@hotmail.com,001-957-430-4189x16326,Evansfurt,AZ,85482,United States,West,2024-04-14
CUST-0683,Amanda,Jenkins,amanda.jenkins@hotmail.com,+1-525-709-0721x852,Carlosmouth,MA,02105,United States,Northeast,2024-05-11
CUST-0684,Sara,Buckley,sara.buckley@gmail.com,001-445-653-7521x9647,South Wendy,WV,26357,United States,South,2023-06-24
CUST-0685,Michael,Sanders,michael.sanders@hotmail.com,(633)546-3455,Nancytown,NM,87643,United States,West,2023-12-09
CUST-0686,Joseph,Sellers,joseph.sellers@gmail.com,771.637.7723,Lake Alexis,VA,23148,United States,South,2024-05-14
CUST-0687,Brandi,Clark,brandi.clark@yahoo.com,568.289.5079,Michaelburgh,MO,63774,United States,Midwest,2024-07-01
CUST-0688,Dana,Henry,dana.henry@gmail.com,902-642-5538x29324,North Samanthaberg,MO,65166,United States,Midwest,2023-04-17
CUST-0689,Matthew,Daugherty,matthew.daugherty@hotmail.com,+1-666-845-4458x2290,Bartlettstad,TX,78494,United States,South,2024-05-07
CUST-0690,Robert,Webster,robert.webster@hotmail.com,+1-463-771-8982x40580,Pamelaport,DC,20025,United States,South,2024-02-02
CUST-0691,Beth,Lewis,beth.lewis@hotmail.com,2279910837,Liuhaven,TN,37792,United States,South,2024-05-03
CUST-0692,Anthony,Grant,anthony.grant@hotmail.com,001-770-744-8257x78656,Port Carriestad,GA,30624,United States,South,2023-06-12
CUST-0693,Jennifer,Pearson,jennifer.pearson@hotmail.com,880.725.3793,Juliashire,NY,12061,United States,Northeast,2023-08-21
CUST-0694,Amber,Gallegos,amber.gallegos@gmail.com,001-779-205-9862,Jacquelinemouth,AZ,85788,United States,West,2024-05-07
CUST-0695,Mario,Wong,mario.wong@gmail.com,302-441-8493x9118,North Brandon,FL,34600,United States,South,2024-02-15
CUST-0696,Brian,Huber,brian.huber@gmail.com,001-556-785-4253x33200,New Gregory,NC,28408,United States,South,2024-01-14
CUST-0697,Stacey,Colon,stacey.colon@hotmail.com,934.231.8127,Chadview,PA,19008,United States,Northeast,2024-04-29
CUST-0698,Jose,White,jose.white@hotmail.com,420-573-6963,South Rebecca,MI,48254,United States,Midwest,2023-11-15
CUST-0699,Mark,Roth,mark.roth@gmail.com,(738)299-8659x79350,North Erinfurt,CT,06036,United States,Northeast,2024-04-26
CUST-0700,Joshua,Mendez,joshua.mendez@gmail.com,7794002467,Cookland,NH,03245,United States,Northeast,2024-09-05
CUST-0701,Samuel,Owen,samuel.owen@yahoo.com,3492237448,Aaronside,CT,06188,United States,Northeast,2024-01-01
CUST-0702,Brittany,Reeves,brittany.reeves@gmail.com,001-542-813-2927,East Frank,ND,58427,United States,Midwest,2023-06-12
CUST-0703,Nicole,Diaz,nicole.diaz@gmail.com,2922480962,West Keithton,NJ,08658,United States,Northeast,2024-10-25
CUST-0704,Elizabeth,Preston,elizabeth.preston@gmail.com,870.626.8186x765,Port Karen,AL,36768,United States,South,2023-12-05
CUST-0705,Julie,Cardenas,julie.cardenas@gmail.com,001-868-678-7996,East Victor,WA,98472,United States,West,2023-04-25
CUST-0706,Steven,Scott,steven.scott@gmail.com,2784091957,Nicolestad,GA,31217,United States,South,2024-11-15
CUST-0707,Anne,Perkins,anne.perkins@yahoo.com,427.359.4303x7631,North Donnachester,NE,68088,United States,Midwest,2023-08-26
CUST-0708,Lauren,Patton,lauren.patton@yahoo.com,569.264.5132x2024,West Ryanstad,TN,37391,United States,South,2025-03-09
CUST-0709,George,Mathis,george.mathis@yahoo.com,776.631.7593,Wilsonberg,GA,30693,United States,South,2024-05-11
CUST-0710,Charles,Miller,charles.miller@gmail.com,952-257-8546x7845,Carterberg,CA,91731,United States,West,2024-09-08
CUST-0711,Dawn,Dougherty,dawn.dougherty@gmail.com,255.610.9142x0002,Port Joshua,NM,88361,United States,West,2024-04-17
CUST-0712,Katelyn,Owens,katelyn.owens@hotmail.com,862.513.0042,North Stephenhaven,DC,20017,United States,South,2024-03-02
CUST-0713,Vincent,Barton,vincent.barton@gmail.com,+1-389-788-0358x6750,Lake Alexis,KY,42200,United States,South,2024-01-05
CUST-0714,Michael,Diaz,michael.diaz@hotmail.com,592.764.8616,Larsonshire,MI,49812,United States,Midwest,2023-12-13
CUST-0715,Michele,Ramirez,michele.ramirez@hotmail.com,(201)325-9748x3941,Kimberlymouth,SC,29080,United States,South,2024-04-30
CUST-0716,Amy,Jordan,amy.jordan@yahoo.com,(498)804-2424x3477,Bauerbury,VT,05458,United States,Northeast,2024-10-23
CUST-0717,Jade,Gonzalez,jade.gonzalez@yahoo.com,+1-654-373-2451,South Patricia,MT,59096,United States,West,2024-03-12
CUST-0718,William,Adams,william.adams@yahoo.com,872.759.1827,East Paulfurt,TN,37449,United States,South,2025-01-08
CUST-0719,Roy,Garcia,roy.garcia@yahoo.com,738.657.8313,Davidside,CO,81279,United States,West,2024-05-28
CUST-0720,Jacqueline,Reyes,jacqueline.reyes@hotmail.com,627.826.1966x60600,West Robinview,MI,49301,United States,Midwest,2024-07-26
CUST-0721,Walter,Robertson,walter.robertson@gmail.com,(302)772-4802x70722,Danaside,UT,84249,United States,West,2024-01-06
CUST-0722,Ricky,Padilla,ricky.padilla@yahoo.com,922-819-5884,West Corey,OH,44473,United States,Midwest,2024-05-26
CUST-0723,Paige,Collins,paige.collins@gmail.com,312.775.4869,Benjaminstad,MO,65209,United States,Midwest,2023-11-07
CUST-0724,Deborah,Brown,deborah.brown@yahoo.com,+1-820-365-3701,Hamiltonside,MA,02397,United States,Northeast,2024-03-04
CUST-0725,Jaime,Griffin,jaime.griffin@gmail.com,300-568-4036x626,New Ernest,SD,57427,United States,Midwest,2023-11-11
CUST-0726,Keith,Davila,keith.davila@yahoo.com,436.340.9747x7147,Spearsview,VA,23538,United States,South,2024-07-07
CUST-0727,Michael,Hunt,michael.hunt@hotmail.com,001-388-804-8527,Port Jeffrey,WI,54265,United States,Midwest,2024-08-17
CUST-0728,Nicholas,Walton,nicholas.walton@gmail.com,201-581-8510x7981,West Joannatown,NY,13731,United States,Northeast,2024-11-17
CUST-0729,Kathleen,Roman,kathleen.roman@yahoo.com,001-400-591-7873x887,Melissaton,OH,45525,United States,Midwest,2023-08-22
CUST-0730,Christopher,Deleon,christopher.deleon@hotmail.com,(899)781-8420x498,Hoffmanmouth,AZ,85364,United States,West,2024-03-07
CUST-0731,Scott,King,scott.king@yahoo.com,695.904.7863x8478,South Tammyberg,SC,29142,United States,South,2024-07-24
CUST-0732,Wayne,Gutierrez,wayne.gutierrez@gmail.com,(856)984-8841,Tinamouth,CA,95386,United States,West,2024-06-29
CUST-0733,Michael,White,michael.white@yahoo.com,+1-275-758-4701,Edwardsside,KS,67884,United States,Midwest,2023-08-03
CUST-0734,John,Smith,john.smith@hotmail.com,871.464.8704x9594,Smithtown,SD,57140,United States,Midwest,2024-08-04
CUST-0735,Laurie,Huerta,laurie.huerta@yahoo.com,(214)225-5633x0026,Davieshaven,UT,84133,United States,West,2023-02-08
CUST-0736,William,Morris,william.morris@gmail.com,682.343.9013,Port Melindatown,ME,04715,United States,Northeast,2024-03-09
CUST-0737,Jesse,Green,jesse.green@yahoo.com,+1-459-434-3028x1252,South Melaniebury,IA,51044,United States,Midwest,2024-06-25
CUST-0738,Shawn,Parrish,shawn.parrish@yahoo.com,355.461.3522x52593,Sharpborough,WV,24842,United States,South,2024-03-31
CUST-0739,Brian,Ward,brian.ward@gmail.com,001-986-301-4378,Alexisburgh,CO,81485,United States,West,2024-02-12
CUST-0740,Brian,Hicks,brian.hicks@gmail.com,5808687981,Timothyburgh,NV,89648,United States,West,2023-05-04
CUST-0741,Robert,Stewart,robert.stewart@gmail.com,347-247-9544,Mariatown,CT,06054,United States,Northeast,2023-06-10
CUST-0742,Amy,Watts,amy.watts@yahoo.com,879-987-1636x2947,West Peter,WI,53934,United States,Midwest,2024-06-10
CUST-0743,Tammie,Jenkins,tammie.jenkins@hotmail.com,+1-393-634-4958x5663,Lake Nicholasshire,SD,57794,United States,Midwest,2024-02-19
CUST-0744,Tabitha,Carr,tabitha.carr@yahoo.com,436.641.6091,Petersenshire,VA,23612,United States,South,2023-07-21
CUST-0745,Sarah,Montoya,sarah.montoya@hotmail.com,6458421244,Port Kathy,CT,06300,United States,Northeast,2024-05-23
CUST-0746,Kimberly,Rodriguez,kimberly.rodriguez@gmail.com,649-512-4904x861,Ryanhaven,NH,03361,United States,Northeast,2024-06-14
CUST-0747,Debra,Galvan,debra.galvan@gmail.com,959-254-7600x66390,East William,HI,96757,United States,West,2024-07-09
CUST-0748,Jeremy,Henderson,jeremy.henderson@yahoo.com,887.367.0471x2397,East Patrickmouth,VT,05023,United States,Northeast,2024-08-01
CUST-0749,Douglas,Calderon,douglas.calderon@gmail.com,(274)652-8466x70078,Williamsfort,MD,20847,United States,South,2023-06-12
CUST-0750,Cameron,Lawson,cameron.lawson@gmail.com,(408)866-5589,Watkinsmouth,AK,99857,United States,West,2024-07-30
CUST-0751,Kimberly,Khan,kimberly.khan@gmail.com,(285)920-0130,Danielburgh,AZ,85371,United States,West,2024-07-14
CUST-0752,Kelly,Hughes,kelly.hughes@hotmail.com,903-560-2228,West Christinaborough,MA,01644,United States,Northeast,2023-11-18
CUST-0753,Roger,Graves,roger.graves@yahoo.com,(502)618-8895x7388,Padillaland,DC,20008,United States,South,2023-06-28
CUST-0754,Stuart,Silva,stuart.silva@hotmail.com,001-310-704-6447x5143,Port Meghan,AR,72206,United States,South,2024-03-08
CUST-0755,John,Wilson,john.wilson@gmail.com,001-658-265-8135x83136,Port Melissa,ME,04542,United States,Northeast,2023-12-23
CUST-0756,Brian,Taylor,brian.taylor@hotmail.com,001-822-266-7650,Juliechester,MN,55939,United States,Midwest,2024-07-28
CUST-0757,Mark,Bullock,mark.bullock@hotmail.com,+1-492-760-8137x87167,Port Charles,MS,39518,United States,South,2023-09-18
CUST-0758,Craig,Howard,craig.howard@yahoo.com,435.955.0617,East Amy,NV,89360,United States,West,2024-03-20
CUST-0759,Johnny,Hanna,johnny.hanna@hotmail.com,001-202-903-8573,East Jennifershire,GA,30402,United States,South,2024-02-25
CUST-0760,Devon,Carpenter,devon.carpenter@yahoo.com,471.285.0959x2469,Carterhaven,KS,66348,United States,Midwest,2024-03-16
CUST-0761,Matthew,Harris,matthew.harris@gmail.com,(878)782-3395x0008,Lake Claytonborough,ND,58104,United States,Midwest,2023-04-01
CUST-0762,Diana,Nguyen,diana.nguyen@yahoo.com,(915)655-4357x1156,South Gregg,NE,68068,United States,Midwest,2023-07-26
CUST-0763,Michelle,Carrillo,michelle.carrillo@hotmail.com,703-983-1623x787,West Briana,OR,97807,United States,West,2024-08-30
CUST-0764,Jason,Stevenson,jason.stevenson@gmail.com,417-896-0215x34592,East Jessica,UT,84448,United States,West,2023-12-05
CUST-0765,Shannon,Richardson,shannon.richardson@hotmail.com,001-499-802-5984x6746,West Shanestad,DC,20037,United States,South,2024-01-15
CUST-0766,Steven,Robertson,steven.robertson@gmail.com,+1-874-275-1563x362,Robertbury,ID,83687,United States,West,2024-01-15
CUST-0767,Nancy,Ingram,nancy.ingram@yahoo.com,(403)432-3933x5490,Jenkinsport,HI,96793,United States,West,2023-09-17
CUST-0768,Julia,Frazier,julia.frazier@yahoo.com,423-571-5327,Lake Heidihaven,ID,83310,United States,West,2024-03-26
CUST-0769,Scott,Lewis,scott.lewis@yahoo.com,435.764.8813,South Connie,CO,81444,United States,West,2023-03-09
CUST-0770,Patrick,Chavez,patrick.chavez@gmail.com,657.858.8125x8896,Burnsshire,SC,29732,United States,South,2024-05-16
CUST-0771,Teresa,Harrington,teresa.harrington@hotmail.com,001-251-612-6311x1730,Port Katelyn,MO,64598,United States,Midwest,2024-04-06
CUST-0772,Cheryl,Martin,cheryl.martin@gmail.com,(262)900-5574x261,West Paula,SC,29676,United States,South,2024-05-24
CUST-0773,Joseph,Ball,joseph.ball@hotmail.com,+1-635-328-8554x6445,New Elizabeth,UT,84451,United States,West,2023-01-20
CUST-0774,Susan,Dorsey,susan.dorsey@gmail.com,(964)605-0425,Jamesmouth,KS,67921,United States,Midwest,2024-01-11
CUST-0775,Andrew,Boyd,andrew.boyd@gmail.com,388-983-0786x5660,South Katherinetown,NY,14798,United States,Northeast,2023-04-18
CUST-0776,Thomas,Franklin,thomas.franklin@hotmail.com,568-567-8978,Holmesview,PA,18794,United States,Northeast,2024-08-21
CUST-0777,Justin,Christian,justin.christian@yahoo.com,7537417791,Jenniferville,GA,31055,United States,South,2024-04-23
CUST-0778,Michele,Best,michele.best@gmail.com,291-959-2046x62008,Andersonmouth,IA,50032,United States,Midwest,2024-01-26
CUST-0779,Amy,Pineda,amy.pineda@yahoo.com,743-358-6048x3711,Samuelville,NJ,07276,United States,Northeast,2024-03-15
CUST-0780,Mark,Lopez,mark.lopez@hotmail.com,903-411-3396,Thompsonmouth,SD,57130,United States,Midwest,2024-06-27
CUST-0781,Rebecca,Meadows,rebecca.meadows@yahoo.com,3612214136,East Zachary,KY,41911,United States,South,2024-01-10
CUST-0782,Sandra,Woods,sandra.woods@gmail.com,001-889-824-1884,Wardport,NJ,08285,United States,Northeast,2023-01-23
CUST-0783,Caleb,Day,caleb.day@hotmail.com,001-279-466-5642x73882,New Dawnchester,KY,41807,United States,South,2024-04-04
CUST-0784,Edward,Jackson,edward.jackson@hotmail.com,825.298.1821,New Michelemouth,TX,77003,United States,South,2023-11-11
CUST-0785,Benjamin,Gardner,benjamin.gardner@yahoo.com,256-994-9992x14901,Sophiaton,AL,35683,United States,South,2023-04-14
CUST-0786,Tammy,Morris,tammy.morris@yahoo.com,(428)237-2315x954,Phillipsmouth,NJ,07746,United States,Northeast,2023-12-16
CUST-0787,Brittany,Estrada,brittany.estrada@yahoo.com,(362)564-4640x652,Richardland,ME,04790,United States,Northeast,2023-10-07
CUST-0788,Thomas,Huang,thomas.huang@yahoo.com,9524770037,New Erica,UT,84080,United States,West,2023-04-13
CUST-0789,Alyssa,Bell,alyssa.bell@yahoo.com,958.796.3080x7280,Ortizfurt,OH,45482,United States,Midwest,2024-09-16
CUST-0790,Tammy,Ramirez,tammy.ramirez@gmail.com,660-873-5741,Markville,HI,96878,United States,West,2023-09-27
CUST-0791,Sarah,Brown,sarah.brown@hotmail.com,+1-835-495-2317x84313,Lake Elijahhaven,CA,92993,United States,West,2024-02-21
CUST-0792,William,Thompson,william.thompson@hotmail.com,739-605-7516x486,West Madelinebury,NH,03844,United States,Northeast,2024-08-17
CUST-0793,Adrian,Hopkins,adrian.hopkins@yahoo.com,001-536-572-0233x6770,North John,MN,56431,United States,Midwest,2023-05-09
CUST-0794,Mary,Brown,mary.brown@hotmail.com,688-819-2674x6809,East Daniel,PA,16632,United States,Northeast,2024-09-18
CUST-0795,Misty,Donaldson,misty.donaldson@gmail.com,596.851.0515,Jeremyshire,MD,21482,United States,South,2023-05-23
CUST-0796,Dustin,Turner,dustin.turner@gmail.com,246-688-3760x73628,Tracymouth,SD,57540,United States,Midwest,2024-09-14
CUST-0797,Mark,Preston,mark.preston@gmail.com,762-883-6691x193,Jesusview,NV,89394,United States,West,2023-07-06
CUST-0798,John,Morrison,john.morrison@gmail.com,757.323.1553x5661,South Nicholasfurt,VT,05073,United States,Northeast,2024-02-16
CUST-0799,Daniel,Taylor,daniel.taylor@gmail.com,+1-618-938-7784x0776,Lake Jason,KY,40674,United States,South,2024-01-12
CUST-0800,George,Martinez,george.martinez@yahoo.com,+1-771-487-7140x9691,East Edwardstad,NJ,08375,United States,Northeast,2023-06-15
CUST-0801,Leah,Farrell,leah.farrell@gmail.com,001-764-521-0209x266,South Sherryborough,MD,20991,United States,South,2024-03-12
CUST-0802,Joshua,Ayers,joshua.ayers@gmail.com,9708258333,Weaverborough,IL,60772,United States,Midwest,2023-03-17
CUST-0803,David,Johnson,david.johnson@hotmail.com,847-651-2494x0621,Steveburgh,MO,63645,United States,Midwest,2023-11-01
CUST-0804,Drew,Martin,drew.martin@yahoo.com,(642)713-8362x45473,Bakerville,NM,87524,United States,West,2024-05-10
CUST-0805,Ronald,Vargas,ronald.vargas@yahoo.com,(716)880-1766,Amandaborough,CT,06369,United States,Northeast,2025-11-21
CUST-0806,Alec,Powers,alec.powers@yahoo.com,6814222210,Kimberlyshire,KS,66673,United States,Midwest,2024-06-05
CUST-0807,Amanda,Moore,amanda.moore@yahoo.com,2752631280,Patriciafort,MO,65090,United States,Midwest,2023-02-20
CUST-0808,Brian,Evans,brian.evans@gmail.com,001-998-938-1414x7614,Mathischester,OR,97830,United States,West,2024-05-28
CUST-0809,Rita,Hart,rita.hart@hotmail.com,001-905-631-9943x8478,Joshuamouth,MN,55160,United States,Midwest,2024-03-13
CUST-0810,William,Gonzalez,william.gonzalez@yahoo.com,+1-309-942-1485,Spencermouth,OR,97556,United States,West,2023-05-29
CUST-0811,Jody,Mitchell,jody.mitchell@yahoo.com,001-520-855-3780,New Troyville,ME,04090,United States,Northeast,2023-10-02
CUST-0812,Bradley,Smith,bradley.smith@gmail.com,8273133052,Johnsonland,VT,05400,United States,Northeast,2023-12-31
CUST-0813,Ashley,Boyle,ashley.boyle@gmail.com,001-997-296-9914,Barryfurt,ME,04161,United States,Northeast,2023-04-25
CUST-0814,Miranda,Thompson,miranda.thompson@yahoo.com,+1-831-999-1041x815,South Mark,AK,99817,United States,West,2023-02-16
CUST-0815,Barbara,Howard,barbara.howard@hotmail.com,+1-751-429-9300x18885,New Oscarchester,TX,79806,United States,South,2024-10-28
CUST-0816,Holly,Todd,holly.todd@gmail.com,365-517-1164x77431,Hernandezberg,MT,59691,United States,West,2024-09-21
CUST-0817,Bryan,Vargas,bryan.vargas@yahoo.com,+1-361-496-9438x08729,Hillchester,LA,70159,United States,South,2023-12-14
CUST-0818,Troy,Cox,troy.cox@hotmail.com,+1-565-637-2445x64629,West Brianna,AL,36362,United States,South,2023-02-23
CUST-0819,Teresa,Munoz,teresa.munoz@yahoo.com,+1-757-589-3905x563,Lake Marybury,OR,97336,United States,West,2024-05-11
CUST-0820,Luke,Zuniga,luke.zuniga@gmail.com,589.909.0146x7626,Robertborough,UT,84511,United States,West,2023-02-05
CUST-0821,Emily,Franklin,emily.franklin@hotmail.com,412-544-5038x9503,West Nicole,WY,82551,United States,West,2024-01-24
CUST-0822,Shane,Beltran,shane.beltran@gmail.com,3408650735,Burtonstad,WV,24844,United States,South,2024-07-21
CUST-0823,Paul,Smith,paul.smith@yahoo.com,001-467-935-3261,Jonathanmouth,AR,72805,United States,South,2024-01-28
CUST-0824,Jose,Oneal,jose.oneal@hotmail.com,(669)262-9237,Martinezchester,RI,02909,United States,Northeast,2024-04-30
CUST-0825,Christopher,Holt,christopher.holt@yahoo.com,001-658-312-1561,Williamsville,WV,26767,United States,South,2023-12-29
CUST-0826,Ashley,Wood,ashley.wood@hotmail.com,+1-320-271-9315x473,Williamstown,NY,12151,United States,Northeast,2024-07-11
CUST-0827,Angela,Jones,angela.jones@hotmail.com,001-745-528-7466x310,Arnoldview,ME,04074,United States,Northeast,2024-02-19
CUST-0828,Brittany,Reed,brittany.reed@hotmail.com,883-439-2728,Port Laurieburgh,WY,82394,United States,West,2024-01-26
CUST-0829,Sarah,Butler,sarah.butler@yahoo.com,300.933.9258,Kingburgh,IA,52322,United States,Midwest,2024-06-15
CUST-0830,Jordan,Valenzuela,jordan.valenzuela@gmail.com,672.626.4470,Port Elizabethside,RI,02832,United States,Northeast,2024-10-02
CUST-0831,John,Chang,john.chang@hotmail.com,482.342.7278x3247,Lake Kimberlybury,MN,55126,United States,Midwest,2023-12-05
CUST-0832,Amy,Whitehead,amy.whitehead@yahoo.com,(952)622-3361,East Jackiebury,IA,50986,United States,Midwest,2023-02-07
CUST-0833,Eric,Howell,eric.howell@yahoo.com,398.265.2745x3638,Port Jeffreytown,SD,57561,United States,Midwest,2024-01-27
CUST-0834,Brandy,Gutierrez,brandy.gutierrez@yahoo.com,590-928-1891x90902,Lake Lorraine,IL,60979,United States,Midwest,2024-12-15
CUST-0835,Anthony,Rivas,anthony.rivas@yahoo.com,(245)320-6987,Bentleyview,SC,29478,United States,South,2023-06-25
CUST-0836,David,Cooper,david.cooper@yahoo.com,984-963-5155x601,West Kim,KY,40475,United States,South,2024-03-07
CUST-0837,James,Lowe,james.lowe@gmail.com,337.239.2982x91778,Lake Heidi,UT,84708,United States,West,2023-12-01
CUST-0838,Kevin,Martinez,kevin.martinez@gmail.com,(855)819-3487x47063,North Dianestad,WI,53683,United States,Midwest,2023-08-08
CUST-0839,Matthew,Rose,matthew.rose@gmail.com,290-422-6994x4440,South Michelle,WA,98050,United States,West,2023-02-10
CUST-0840,Pamela,Martinez,pamela.martinez@hotmail.com,2255535585,North Trevormouth,WY,82909,United States,West,2023-08-12
CUST-0841,Peter,Lutz,peter.lutz@gmail.com,697-767-7189,Karenfurt,TX,77055,United States,South,2025-01-23
CUST-0842,Nicholas,Brown,nicholas.brown@yahoo.com,225.339.8286x76685,Johnsonview,UT,84046,United States,West,2024-10-17
CUST-0843,Robert,Dean,robert.dean@gmail.com,+1-363-707-5779x058,East Brandystad,FL,32718,United States,South,2023-01-26
CUST-0844,Nicholas,Cooper,nicholas.cooper@hotmail.com,952-922-2454x82518,Gabriellaport,SD,57752,United States,Midwest,2024-01-31
CUST-0845,Jonathan,Fleming,jonathan.fleming@hotmail.com,363.798.7230,West Jeanettetown,CT,06269,United States,Northeast,2024-02-01
CUST-0846,Kimberly,Lopez,kimberly.lopez@hotmail.com,558.456.6344,Ericfurt,SD,57494,United States,Midwest,2024-08-15
CUST-0847,Andre,Contreras,andre.contreras@hotmail.com,(654)829-5736,Sethbury,TN,38301,United States,South,2024-07-05
CUST-0848,Jennifer,Boyd,jennifer.boyd@gmail.com,647.827.8216x1284,Jasmineburgh,AZ,85310,United States,West,2024-05-25
CUST-0849,Charles,Cummings,charles.cummings@hotmail.com,+1-846-372-7400,Debramouth,MD,21907,United States,South,2023-09-04
CUST-0850,Yvonne,Hendrix,yvonne.hendrix@yahoo.com,+1-792-290-8538x4858,East Saraton,DC,20020,United States,South,2023-11-05
CUST-0851,Anne,Smith,anne.smith@hotmail.com,238.780.8976x72298,South Daniellemouth,NH,03649,United States,Northeast,2023-06-11
CUST-0852,Timothy,Wilkins,timothy.wilkins@yahoo.com,(462)621-8479,West Angela,AZ,85187,United States,West,2024-02-27
CUST-0853,Tamara,Abbott,tamara.abbott@yahoo.com,(799)334-3616x2911,Sarahhaven,PA,19283,United States,Northeast,2024-01-25
CUST-0854,Bianca,Boyd,bianca.boyd@yahoo.com,210.943.4330,Lake Janicestad,MS,38777,United States,South,2023-04-19
CUST-0855,Penny,Cook,penny.cook@yahoo.com,412-768-2195x3893,Lake Tom,WA,98821,United States,West,2024-10-11
CUST-0856,Robert,Benton,robert.benton@yahoo.com,868.259.7013x77161,Moodyview,FL,33415,United States,South,2024-05-03
CUST-0857,Jared,Fields,jared.fields@hotmail.com,612.879.8398x8415,East Marieport,CO,81398,United States,West,2023-11-19
CUST-0858,Angela,Collins,angela.collins@yahoo.com,912.388.0371,Lake Stephanie,ME,04630,United States,Northeast,2023-05-07
CUST-0859,Amanda,Marshall,amanda.marshall@gmail.com,901.613.6555,Markborough,MA,01099,United States,Northeast,2023-02-25
CUST-0860,Michael,Turner,michael.turner@yahoo.com,(810)758-5726,Nicholston,WV,25868,United States,South,2023-05-19
CUST-0861,Stephen,Beck,stephen.beck@gmail.com,(885)999-8073x720,Lake Jonathon,NE,68099,United States,Midwest,2024-06-10
CUST-0862,Christopher,Hernandez,christopher.hernandez@hotmail.com,001-863-533-6296x7425,Mooreton,ID,83296,United States,West,2024-05-21
CUST-0863,Michael,Franklin,michael.franklin@yahoo.com,001-236-360-5926x106,Cunninghambury,IL,62040,United States,Midwest,2024-01-14
CUST-0864,Sarah,Ramirez,sarah.ramirez@gmail.com,+1-589-843-9590x6792,Peckfort,FL,33830,United States,South,2024-04-19
CUST-0865,Shawn,Saunders,shawn.saunders@hotmail.com,235.712.0133x45494,Lake Reneeshire,DC,20018,United States,South,2024-05-29
CUST-0866,Jacqueline,Brown,jacqueline.brown@yahoo.com,535.813.1285x724,Padillaport,OH,43624,United States,Midwest,2025-05-22
CUST-0867,Melissa,Johnson,melissa.johnson@gmail.com,2985230729,South Malikview,MS,39724,United States,South,2023-09-25
CUST-0868,Denise,Williams,denise.williams@hotmail.com,+1-725-857-8969,Waltersville,ND,58645,United States,Midwest,2023-10-29
CUST-0869,Alicia,Anderson,alicia.anderson@yahoo.com,001-990-337-3961x55897,Vasquezton,NC,27492,United States,South,2024-11-09
CUST-0870,Connie,Fitzpatrick,connie.fitzpatrick@gmail.com,947.221.4413x3126,Port Jillport,LA,71187,United States,South,2024-05-11
CUST-0871,Ronald,Roth,ronald.roth@yahoo.com,526-324-1686,Levineborough,HI,96766,United States,West,2024-06-29
CUST-0872,Anna,Flores,anna.flores@yahoo.com,001-634-701-7391,Lake Destinyborough,KY,41632,United States,South,2024-09-15
CUST-0873,Jordan,Nguyen,jordan.nguyen@yahoo.com,691.546.4371x564,Port David,NM,88375,United States,West,2023-01-17
CUST-0874,Kelsey,Baxter,kelsey.baxter@hotmail.com,+1-318-445-1847x74445,Teresabury,ME,04294,United States,Northeast,2024-11-29
CUST-0875,Craig,Bell,craig.bell@hotmail.com,+1-568-484-3827x2186,West Michael,WV,26664,United States,South,2024-04-04
CUST-0876,Danielle,Vincent,danielle.vincent@yahoo.com,(260)767-4151,Grossport,MI,49497,United States,Midwest,2024-01-25
CUST-0877,Steven,Williams,steven.williams@yahoo.com,784.945.0701x772,Jacksonhaven,DE,19882,United States,South,2023-02-03
CUST-0878,Gregory,Howard,gregory.howard@yahoo.com,344-997-4479x85445,North Jeffreyview,NJ,07353,United States,Northeast,2024-11-03
CUST-0879,Juan,Powell,juan.powell@hotmail.com,+1-812-876-1171x3652,North Angela,CA,95589,United States,West,2024-10-27
CUST-0880,Barbara,Simpson,barbara.simpson@hotmail.com,224.970.6388,Lake Alyssa,GA,30448,United States,South,2023-05-27
CUST-0881,Dustin,Vaughn,dustin.vaughn@hotmail.com,(336)706-6150x683,Robertborough,WI,53574,United States,Midwest,2023-10-06
CUST-0882,Monica,Le,monica.le@gmail.com,001-729-705-4102,Richardsonview,IA,51186,United States,Midwest,2024-03-06
CUST-0883,Ricky,Farmer,ricky.farmer@hotmail.com,(482)627-7513x4111,South Jessica,UT,84708,United States,West,2023-12-23
CUST-0884,Jeffrey,Baker,jeffrey.baker@gmail.com,258-356-3724,South Steventown,WA,98784,United States,West,2024-05-26
CUST-0885,Jeffrey,Thompson,jeffrey.thompson@yahoo.com,001-843-454-6402x994,West Anthony,UT,84643,United States,West,2023-10-25
CUST-0886,Jesus,Brown,jesus.brown@hotmail.com,+1-593-843-7849x93500,Owensmouth,MT,59026,United States,West,2024-11-19
CUST-0887,Sharon,Scott,sharon.scott@gmail.com,(329)796-9607x874,New Fernandoton,OK,73107,United States,South,2025-01-05
CUST-0888,Laura,White,laura.white@hotmail.com,(399)341-3728x9924,East Melissahaven,MS,39749,United States,South,2024-01-16
CUST-0889,Randall,Saunders,randall.saunders@hotmail.com,001-881-500-7894,Alexiston,CO,80759,United States,West,2023-07-15
CUST-0890,Gregory,Nelson,gregory.nelson@gmail.com,736-222-9259x63893,East Natashaville,DC,20020,United States,South,2024-07-14
CUST-0891,Wayne,Small,wayne.small@gmail.com,326.264.8619x813,Gabrielmouth,MT,59661,United States,West,2024-02-26
CUST-0892,Brandi,Cuevas,brandi.cuevas@yahoo.com,959-566-4775,Karenfurt,AL,35484,United States,South,2023-03-21
CUST-0893,Benjamin,Harris,benjamin.harris@yahoo.com,764-690-1319,Joneston,KY,40690,United States,South,2024-03-18
CUST-0894,John,Brown,john.brown@gmail.com,5474306557,Lake Larryport,OH,45702,United States,Midwest,2023-05-03
CUST-0895,Linda,Moore,linda.moore@hotmail.com,962-787-6640,Lake Thomasshire,DE,19897,United States,South,2023-05-06
CUST-0896,Olivia,Brown,olivia.brown@yahoo.com,+1-699-943-8146,New Andrewbury,NJ,07364,United States,Northeast,2024-04-29
CUST-0897,Sheila,Stafford,sheila.stafford@gmail.com,001-386-329-4707,East Darrylport,MS,39211,United States,South,2024-01-03
CUST-0898,Haley,Smith,haley.smith@yahoo.com,(840)683-3720x919,Lake John,UT,84004,United States,West,2024-02-18
CUST-0899,Melissa,Sanchez,melissa.sanchez@yahoo.com,244.929.6072x05627,Lewisshire,WV,25497,United States,South,2024-07-22
CUST-0900,Lisa,Carson,lisa.carson@gmail.com,001-983-648-1041,Port Emilychester,UT,84403,United States,West,2023-12-22
CUST-0901,Jessica,Wagner,jessica.wagner@yahoo.com,(771)260-6473,Danielburgh,KY,40364,United States,South,2024-07-06
CUST-0902,David,Sanchez,david.sanchez@hotmail.com,(519)406-5443x956,Rachelfort,PA,16231,United States,Northeast,2023-02-17
CUST-0903,Jessica,Strickland,jessica.strickland@yahoo.com,(298)733-8268x67047,Kleinland,MO,63324,United States,Midwest,2023-08-08
CUST-0904,Jennifer,Bauer,jennifer.bauer@yahoo.com,731-459-9695x8838,South Andrewhaven,SD,57413,United States,Midwest,2023-08-27
CUST-0905,Jermaine,Smith,jermaine.smith@gmail.com,+1-635-946-5435,Castilloberg,MS,39775,United States,South,2023-08-10
CUST-0906,Jessica,Stevenson,jessica.stevenson@yahoo.com,(387)458-4993,Stephaniestad,CT,06372,United States,Northeast,2024-11-30
CUST-0907,Matthew,Cunningham,matthew.cunningham@yahoo.com,001-432-552-0550x158,Debbiehaven,UT,84424,United States,West,2024-03-03
CUST-0908,Karen,Fletcher,karen.fletcher@gmail.com,+1-881-699-0504x4577,Kristinaville,IA,50066,United States,Midwest,2024-05-03
CUST-0909,Jason,Gutierrez,jason.gutierrez@hotmail.com,001-640-714-8863x2739,North Teresa,NM,87160,United States,West,2024-02-01
CUST-0910,Mark,Jensen,mark.jensen@yahoo.com,+1-680-258-6855x03212,Port Frankchester,AK,99688,United States,West,2024-09-28
CUST-0911,Edward,Barajas,edward.barajas@yahoo.com,(957)998-8775x42524,Campbellland,SC,29123,United States,South,2024-10-20
CUST-0912,Angela,Hale,angela.hale@hotmail.com,578-675-1141,Lake Amanda,OK,73096,United States,South,2024-06-22
CUST-0913,Kevin,Price,kevin.price@gmail.com,7818285825,New Davidmouth,MA,02593,United States,Northeast,2023-05-07
CUST-0914,Paul,Carpenter,paul.carpenter@yahoo.com,632.571.9886,Jenniferview,SC,29893,United States,South,2023-12-07
CUST-0915,Daniel,Moore,daniel.moore@hotmail.com,950-900-6047x5036,South Wayne,IA,50125,United States,Midwest,2024-02-05
CUST-0916,Angela,Freeman,angela.freeman@yahoo.com,895-493-9532x200,Ryanport,TN,37500,United States,South,2023-05-07
CUST-0917,Joe,Lowe,joe.lowe@gmail.com,001-584-221-1853x9284,Carlmouth,CA,93818,United States,West,2024-03-13
CUST-0918,Christopher,Hall,christopher.hall@gmail.com,+1-244-493-7454x674,Johnsonton,SD,57133,United States,Midwest,2024-06-09
CUST-0919,Zachary,Alvarez,zachary.alvarez@gmail.com,(882)846-5622x05957,South Briannatown,NJ,07165,United States,Northeast,2024-11-23
CUST-0920,Diane,Hess,diane.hess@gmail.com,695.557.5012x819,New Matthewview,VT,05187,United States,Northeast,2023-08-14
CUST-0921,Patricia,Reed,patricia.reed@hotmail.com,(200)815-0381x29633,Carlosville,MD,21325,United States,South,2023-11-30
CUST-0922,Jeanne,Lane,jeanne.lane@hotmail.com,9077559629,Lake Josephfurt,TN,37537,United States,South,2023-12-24
CUST-0923,Joshua,Kennedy,joshua.kennedy@gmail.com,(271)398-5289x342,North Wendy,NE,68088,United States,Midwest,2024-04-20
CUST-0924,Tiffany,Lane,tiffany.lane@yahoo.com,(373)305-0604x818,East Sheilastad,DE,19723,United States,South,2023-11-08
CUST-0925,Cathy,Kerr,cathy.kerr@yahoo.com,481-630-5031,Kathleenstad,FL,34061,United States,South,2024-05-14
CUST-0926,Dawn,Diaz,dawn.diaz@gmail.com,001-235-738-3864,Ballview,AZ,86343,United States,West,2024-01-30
CUST-0927,Claire,Aguilar,claire.aguilar@yahoo.com,+1-798-734-9901x5517,Port Jonathan,AZ,85691,United States,West,2023-11-15
CUST-0928,Doris,Howard,doris.howard@yahoo.com,+1-260-666-6502x25532,West Wendystad,MD,20846,United States,South,2024-01-10
CUST-0929,Dakota,Curry,dakota.curry@hotmail.com,611-209-3959x76684,Hawkinsfort,NY,14245,United States,Northeast,2025-02-10
CUST-0930,Dominique,Lamb,dominique.lamb@yahoo.com,001-272-358-1416,Lindseymouth,DE,19962,United States,South,2024-11-28
CUST-0931,Carlos,Miller,carlos.miller@gmail.com,449.350.2467,Port Johnview,CT,06155,United States,Northeast,2024-08-18
CUST-0932,Joshua,Turner,joshua.turner@gmail.com,+1-751-443-9282x9556,New Kyle,KS,66945,United States,Midwest,2025-03-06
CUST-0933,Tanya,Williams,tanya.williams@gmail.com,270-898-1503,East Davidtown,OH,44602,United States,Midwest,2024-04-16
CUST-0934,Raven,Cooper,raven.cooper@hotmail.com,392.508.2811,Pierceberg,FL,33180,United States,South,2025-01-07
CUST-0935,Mallory,Davis,mallory.davis@yahoo.com,001-973-842-3947x1771,Mullinsfurt,MO,64057,United States,Midwest,2025-03-11
CUST-0936,Brittany,Sawyer,brittany.sawyer@gmail.com,+1-459-802-0605x929,Ronaldstad,NJ,08748,United States,Northeast,2025-03-15
CUST-0937,Sandra,Pitts,sandra.pitts@gmail.com,+1-328-492-5084x50392,Williamsside,MS,38853,United States,South,2023-01-22
CUST-0938,Aaron,Lynn,aaron.lynn@yahoo.com,317.684.9169,West Shannonmouth,TX,77130,United States,South,2024-11-21
CUST-0939,William,Welch,william.welch@hotmail.com,(648)344-0485x55571,Kimchester,WV,26510,United States,South,2024-10-29
CUST-0940,Michael,Adams,michael.adams@hotmail.com,(928)615-5721,Cisnerosmouth,VT,05071,United States,Northeast,2024-10-31
CUST-0941,Charles,Burgess,charles.burgess@gmail.com,(561)509-2268x7563,Traceyland,OH,45336,United States,Midwest,2024-12-07
CUST-0942,Steve,Barnes,steve.barnes@hotmail.com,(666)387-0026x0638,Port Patricia,NE,68083,United States,Midwest,2023-11-14
CUST-0943,Joseph,Smith,joseph.smith@hotmail.com,001-482-503-9096x096,Mayermouth,PA,19519,United States,Northeast,2024-08-28
CUST-0944,Jesse,Ryan,jesse.ryan@yahoo.com,(840)875-2857,Ritastad,WV,26170,United States,South,2024-01-29
CUST-0945,Robert,Morris,robert.morris@hotmail.com,820-406-8469,Perryshire,WA,98117,United States,West,2024-04-01
CUST-0946,Javier,Reyes,javier.reyes@yahoo.com,001-417-352-9513x5952,Lopezchester,GA,31629,United States,South,2024-12-09
CUST-0947,John,Brown,john.brown@yahoo.com,001-871-409-7931x3049,Stephensmouth,NE,68083,United States,Midwest,2023-12-01
CUST-0948,Katherine,Thompson,katherine.thompson@hotmail.com,001-562-618-8946x58336,Martinezberg,TN,37141,United States,South,2024-12-10
CUST-0949,David,King,david.king@yahoo.com,(984)353-7547,Knoxfort,CT,06074,United States,Northeast,2024-01-05
CUST-0950,Jennifer,Taylor,jennifer.taylor@yahoo.com,(591)739-7235,Anthonymouth,NY,10453,United States,Northeast,2024-04-06
CUST-0951,Glenn,Patel,glenn.patel@gmail.com,001-302-366-5496x7975,Kennethmouth,SC,29095,United States,South,2023-12-21
CUST-0952,Richard,Haynes,richard.haynes@yahoo.com,001-360-385-2517x5275,North Robertfurt,NE,68081,United States,Midwest,2023-12-18
CUST-0953,Becky,Lee,becky.lee@yahoo.com,599.718.8712x8553,Lucasside,LA,70900,United States,South,2024-09-02
CUST-0954,Sean,Ross,sean.ross@hotmail.com,474-914-4782,Port Debra,AZ,86054,United States,West,2024-08-02
CUST-0955,Kathryn,Phillips,kathryn.phillips@hotmail.com,(304)461-0660x733,East Nicholasland,VT,05284,United States,Northeast,2024-05-03
CUST-0956,Barry,Jenkins,barry.jenkins@gmail.com,(477)635-6598x58539,Lake Matthewton,MS,39173,United States,South,2024-03-29
CUST-0957,Nicholas,Mata,nicholas.mata@yahoo.com,(630)200-2401,Chenton,IN,46023,United States,Midwest,2023-11-06
CUST-0958,Cody,Christensen,cody.christensen@hotmail.com,925.937.2921x1625,Hubermouth,NH,03116,United States,Northeast,2023-12-13
CUST-0959,Andrew,Cortez,andrew.cortez@gmail.com,+1-493-947-2316x3030,Walshshire,NH,03577,United States,Northeast,2023-03-26
CUST-0960,Ross,Robinson,ross.robinson@yahoo.com,5805606172,Harrellchester,KS,67756,United States,Midwest,2024-01-12
CUST-0961,Edward,Mcgee,edward.mcgee@hotmail.com,629-863-8501,Mooremouth,MS,38933,United States,South,2024-06-24
CUST-0962,Noah,Cardenas,noah.cardenas@gmail.com,504.331.8015x04304,South Ericburgh,CT,06213,United States,Northeast,2023-03-10
CUST-0963,Raymond,Clark,raymond.clark@hotmail.com,7325362041,South Jennifermouth,UT,84412,United States,West,2024-04-11
CUST-0964,Steven,Holt,steven.holt@hotmail.com,(600)302-9170x544,West Melissa,MS,39214,United States,South,2024-01-29
CUST-0965,Chelsea,Fisher,chelsea.fisher@gmail.com,+1-306-473-5933x48789,Tannerport,OH,45271,United States,Midwest,2024-01-10
CUST-0966,Kevin,Nunez,kevin.nunez@hotmail.com,225.680.4698,Lake Barry,TN,38511,United States,South,2024-03-21
CUST-0967,Michael,Gonzalez,michael.gonzalez@gmail.com,943-873-2126x2156,Molinamouth,MN,56586,United States,Midwest,2024-08-10
CUST-0968,Neil,Chen,neil.chen@hotmail.com,795.455.7638,West Nicolebury,AR,72773,United States,South,2024-04-07
CUST-0969,Oscar,Small,oscar.small@gmail.com,(470)311-4279,Port Ryanton,MT,59633,United States,West,2023-12-25
CUST-0970,Mallory,Campbell,mallory.campbell@hotmail.com,237.362.8495,Millerstad,LA,70453,United States,South,2023-12-05
CUST-0971,Sandra,Dominguez,sandra.dominguez@hotmail.com,(202)392-5189,Port Jenniferborough,IL,61726,United States,Midwest,2024-04-06
CUST-0972,David,Campbell,david.campbell@hotmail.com,3285939923,Bryanchester,DE,19917,United States,South,2024-03-05
CUST-0973,Anthony,Carr,anthony.carr@hotmail.com,+1-991-412-2497x5908,Sergiomouth,NJ,08893,United States,Northeast,2024-02-08
CUST-0974,William,Smith,william.smith@yahoo.com,001-916-847-2143,Port Christopherland,CO,80085,United States,West,2023-11-01
CUST-0975,Joseph,Martin,joseph.martin@yahoo.com,412-879-2157x7724,Marvinchester,TX,78004,United States,South,2024-07-16
CUST-0976,Spencer,Butler,spencer.butler@gmail.com,+1-269-346-4622,West Brian,IN,47314,United States,Midwest,2024-06-15
CUST-0977,Douglas,Conner,douglas.conner@yahoo.com,377-335-7240,Barberview,TN,38496,United States,South,2024-10-31
CUST-0978,Kelsey,Edwards,kelsey.edwards@gmail.com,001-707-233-0785,East Monique,SD,57365,United States,Midwest,2024-04-07
CUST-0979,Carlos,Hatfield,carlos.hatfield@gmail.com,345.582.5633x407,Myersview,RI,02834,United States,Northeast,2024-04-07
CUST-0980,Craig,Wagner,craig.wagner@gmail.com,985.633.0167,Madisonland,AK,99938,United States,West,2024-06-05
CUST-0981,David,Allen,david.allen@hotmail.com,(674)473-0665,Weaverburgh,AR,71733,United States,South,2024-04-06
CUST-0982,David,Le,david.le@gmail.com,8262930096,New Cole,DC,20033,United States,South,2023-05-18
CUST-0983,John,Rivers,john.rivers@gmail.com,(350)770-4513x7729,Rachelmouth,MI,48466,United States,Midwest,2023-03-11
CUST-0984,Sandra,Ramos,sandra.ramos@yahoo.com,001-786-251-7687x9162,New Rebecca,KS,66129,United States,Midwest,2024-01-12
CUST-0985,Alyssa,Watson,alyssa.watson@hotmail.com,285.968.5061,South Jaredfort,FL,32730,United States,South,2023-08-18
CUST-0986,Deborah,Rios,deborah.rios@hotmail.com,001-740-695-7303x57209,East Joel,DC,20028,United States,South,2024-08-05
CUST-0987,Jason,Bailey,jason.bailey@yahoo.com,762-762-7392x76614,East Barbara,OR,97440,United States,West,2023-04-18
CUST-0988,Martin,Palmer,martin.palmer@gmail.com,001-907-601-9539x525,Saraville,IN,46970,United States,Midwest,2024-03-27
CUST-0989,Thomas,Garcia,thomas.garcia@yahoo.com,(486)425-0976x570,West Shirleymouth,CA,92652,United States,West,2023-04-22
CUST-0990,Rodney,Kennedy,rodney.kennedy@gmail.com,(226)493-6372x9532,Thompsonhaven,WI,53503,United States,Midwest,2024-04-24
CUST-0991,Robert,Atkinson,robert.atkinson@hotmail.com,979-592-5510,Port Josephburgh,OK,73034,United States,South,2024-01-18
CUST-0992,Melissa,Whitehead,melissa.whitehead@hotmail.com,+1-343-333-5511x31557,Port Joe,IN,46100,United States,Midwest,2023-08-10
CUST-0993,Kevin,Parsons,kevin.parsons@hotmail.com,846-880-4209,Choiton,PA,17187,United States,Northeast,2024-12-05
CUST-0994,Russell,Smith,russell.smith@gmail.com,+1-734-831-6657x4830,Port Michaelview,IN,46891,United States,Midwest,2024-03-03
CUST-0995,Troy,Williams,troy.williams@gmail.com,001-439-752-9064x47014,Jenniferburgh,IA,52541,United States,Midwest,2024-03-08
CUST-0996,Brad,Nelson,brad.nelson@hotmail.com,886.772.1825x3089,Brendamouth,MI,49830,United States,Midwest,2023-05-01
CUST-0997,James,Lopez,james.lopez@gmail.com,9789411585,South Jessicaburgh,WY,82143,United States,West,2023-08-10
CUST-0998,Sandra,Baker,sandra.baker@yahoo.com,256-532-3076x90326,South Melissa,GA,30771,United States,South,2024-11-01
CUST-0999,Brandy,Ortiz,brandy.ortiz@yahoo.com,5902167630,Garciamouth,DC,20026,United States,South,2024-04-25
CUST-1000,Michael,Barker,michael.barker@hotmail.com,7632620725,East Frank,RI,02865,United States,Northeast,2024-02-06
CUST-1001,Linda,Schmidt,linda.schmidt@yahoo.com,(314)251-1522x91494,Sheliamouth,AL,36341,United States,South,2023-02-23
CUST-1002,Tara,Wilkinson,tara.wilkinson@yahoo.com,(621)387-1862,West Debra,LA,70212,United States,South,2024-02-09
CUST-1003,Theresa,Mccullough,theresa.mccullough@gmail.com,(377)278-8241x3935,Port William,GA,31139,United States,South,2023-01-05
CUST-1004,Stephanie,Mahoney,stephanie.mahoney@gmail.com,(738)923-3549,Jamesfurt,FL,32974,United States,South,2024-04-01
CUST-1005,Kimberly,Hanson,kimberly.hanson@gmail.com,001-563-916-3250x6010,Fowlershire,OH,45060,United States,Midwest,2024-01-01
CUST-1006,Anthony,Carter,anthony.carter@yahoo.com,001-709-909-0024x558,South Erica,KY,41847,United States,South,2024-04-25
CUST-1007,Timothy,Hansen,timothy.hansen@hotmail.com,001-421-723-7444x479,Port Carmen,ID,83349,United States,West,2024-07-21
CUST-1008,Stephen,Nelson,stephen.nelson@hotmail.com,509-214-4512x02334,New Melinda,DE,19972,United States,South,2024-07-18
CUST-1009,Vanessa,Ball,vanessa.ball@gmail.com,001-241-244-6877,West James,TX,75524,United States,South,2024-05-04
CUST-1010,Larry,Thomas,larry.thomas@hotmail.com,(440)966-0059x485,West Debbie,AK,99941,United States,West,2025-04-20
CUST-1011,William,Moore,william.moore@yahoo.com,525-599-4160x13121,Port Judithmouth,FL,32366,United States,South,2023-05-28
CUST-1012,Sarah,Sandoval,sarah.sandoval@yahoo.com,001-256-771-0356,Woodland,AL,36528,United States,South,2024-11-08
CUST-1013,Paula,Smith,paula.smith@hotmail.com,348-704-6559x530,Cainside,MN,55531,United States,Midwest,2024-08-02
CUST-1014,Jeffrey,Williams,jeffrey.williams@gmail.com,001-801-732-9865x8527,New Travis,DC,20029,United States,South,2024-11-14
CUST-1015,Donna,Hale,donna.hale@hotmail.com,001-974-467-6669x7921,Mcdonaldfort,DC,20034,United States,South,2023-02-14
CUST-1016,Miguel,Stone,miguel.stone@gmail.com,+1-478-952-1144x95412,Lake Tammie,KS,66853,United States,Midwest,2023-12-21
CUST-1017,Larry,Parker,larry.parker@gmail.com,+1-720-240-0586,Rodriguezstad,PA,17903,United States,Northeast,2023-05-12
CUST-1018,Luke,Oneal,luke.oneal@hotmail.com,866.400.4402,Port Theresaburgh,MA,01840,United States,Northeast,2024-02-17
CUST-1019,Rachel,Roberts,rachel.roberts@gmail.com,+1-381-354-5375x349,Davisfort,AK,99705,United States,West,2023-10-31
CUST-1020,Joseph,Moore,joseph.moore@hotmail.com,+1-723-832-1436x9754,Lake Jaredchester,ID,83700,United States,West,2023-03-28
CUST-1021,William,Scott,william.scott@yahoo.com,886-271-3288x1547,Raymondside,KY,42307,United States,South,2023-04-01
CUST-1022,Brandon,Rosario,brandon.rosario@hotmail.com,+1-677-728-4860x7280,Jonathantown,AR,72379,United States,South,2025-07-27
CUST-1023,Karen,Harvey,karen.harvey@gmail.com,(803)471-2961,Michaeltown,FL,34035,United States,South,2024-10-05
CUST-1024,Brenda,Lee,brenda.lee@yahoo.com,7849165738,Martinmouth,WV,25709,United States,South,2023-04-07
CUST-1025,Ashley,Floyd,ashley.floyd@gmail.com,564.706.9488x63145,Scottview,NE,68079,United States,Midwest,2024-03-15
CUST-1026,Troy,Beck,troy.beck@hotmail.com,474-689-7341x345,Whitakerfort,ND,58611,United States,Midwest,2023-08-24
CUST-1027,Tammy,Brooks,tammy.brooks@gmail.com,862-730-0609x8865,New Rebeccamouth,DE,19827,United States,South,2023-10-09
CUST-1028,Linda,Garcia,linda.garcia@yahoo.com,935.509.7311x0757,West Vickie,WV,25923,United States,South,2024-02-03
CUST-1029,Anthony,Simmons,anthony.simmons@gmail.com,+1-664-481-2099x7166,Michaelburgh,CA,92599,United States,West,2023-09-17
CUST-1030,Stephen,Murphy,stephen.murphy@hotmail.com,974.400.1504x3394,East Andrewport,NM,88387,United States,West,2024-07-04
CUST-1031,Matthew,Smith,matthew.smith@hotmail.com,462-899-8374x4065,Wesleyview,NH,03794,United States,Northeast,2023-02-27
CUST-1032,Brandon,Martinez,brandon.martinez@gmail.com,6414196017,East Kristi,WY,83077,United States,West,2023-12-18
CUST-1033,Laura,Miller,laura.miller@yahoo.com,+1-553-724-7117x4834,Jasonport,MS,39172,United States,South,2024-11-18
CUST-1034,Bobby,Nielsen,bobby.nielsen@gmail.com,625-666-6621,East Meganmouth,NC,28487,United States,South,2024-11-06
CUST-1035,Vincent,Smith,vincent.smith@hotmail.com,332-867-0123x764,Courtneyburgh,PA,16229,United States,Northeast,2023-06-01
CUST-1036,Jonathan,Reid,jonathan.reid@yahoo.com,4223916812,South Shaneborough,CT,06202,United States,Northeast,2023-12-10
CUST-1037,Rita,Morrow,rita.morrow@gmail.com,(469)406-3723x105,Newtonberg,NH,03047,United States,Northeast,2025-04-14
CUST-1038,Nicole,Zimmerman,nicole.zimmerman@gmail.com,(555)682-9632,East Jorgehaven,NC,28018,United States,South,2023-12-28
CUST-1039,Dylan,Ballard,dylan.ballard@yahoo.com,001-339-255-9280x12386,Whitneybury,IA,52160,United States,Midwest,2024-05-03
CUST-1040,Carl,Miller,carl.miller@hotmail.com,+1-839-429-0769x1681,North Williamhaven,SC,29339,United States,South,2023-04-07
CUST-1041,Brandon,Martin,brandon.martin@gmail.com,+1-382-888-2709,Aguilarfurt,AZ,86013,United States,West,2024-09-18
CUST-1042,Jose,Lewis,jose.lewis@gmail.com,(963)547-3615x615,New Robinbury,WA,99014,United States,West,2023-12-09
CUST-1043,Mark,Weber,mark.weber@yahoo.com,7239969844,Alexandermouth,DC,20004,United States,South,2023-05-01
CUST-1044,Christopher,Merritt,christopher.merritt@hotmail.com,+1-678-604-1812x025,Colleenview,TX,76084,United States,South,2024-03-18
CUST-1045,Christopher,Bridges,christopher.bridges@gmail.com,+1-956-563-8984,North William,ND,58290,United States,Midwest,2024-02-20
CUST-1046,Janet,Love,janet.love@gmail.com,410.947.3770x2829,Taraside,MD,21333,United States,South,2024-02-15
CUST-1047,Elizabeth,Lynch,elizabeth.lynch@yahoo.com,001-679-485-9481x0625,East Joshua,NJ,07201,United States,Northeast,2024-08-16
CUST-1048,Lisa,Richardson,lisa.richardson@yahoo.com,975.677.1410,Erinfort,TN,38311,United States,South,2023-07-15
CUST-1049,Kristen,Barker,kristen.barker@gmail.com,281.364.0572,South Andrea,AK,99945,United States,West,2024-04-27
CUST-1050,John,Johnson,john.johnson@hotmail.com,450-829-7825x52055,Herringmouth,AR,71873,United States,South,2024-01-05
CUST-1051,Allen,Santos,allen.santos@hotmail.com,(882)230-2872,Lynnbury,NM,87955,United States,West,2023-12-19
CUST-1052,Patrick,Lang,patrick.lang@hotmail.com,4234513209,North Kimberly,MT,59729,United States,West,2024-07-08
CUST-1053,Christian,Cook,christian.cook@hotmail.com,690.580.1708,West Jesse,NV,89386,United States,West,2025-03-10
CUST-1054,Stephanie,Chang,stephanie.chang@gmail.com,+1-987-517-7066x976,Johnsonmouth,UT,84171,United States,West,2024-04-19
CUST-1055,Joseph,Henderson,joseph.henderson@yahoo.com,(449)925-6982x379,New Dariustown,CT,06181,United States,Northeast,2024-10-04
CUST-1056,Erika,Murray,erika.murray@gmail.com,4796512116,Alexisfort,NY,13544,United States,Northeast,2024-10-20
CUST-1057,Stephen,Barnes,stephen.barnes@yahoo.com,(615)948-1721,Joseton,VA,23761,United States,South,2023-03-05
CUST-1058,Andrew,Williams,andrew.williams@yahoo.com,+1-276-424-0992,East Dianafurt,NH,03259,United States,Northeast,2023-07-24
CUST-1059,John,Frank,john.frank@gmail.com,448.580.3650x1948,West Justinside,CA,91930,United States,West,2023-12-17
CUST-1060,Jason,Williamson,jason.williamson@gmail.com,836.247.9870x33356,Lake Savannahville,CO,80304,United States,West,2024-12-29
CUST-1061,John,Camacho,john.camacho@hotmail.com,(677)328-0873x9815,West Brenda,MA,01411,United States,Northeast,2025-04-11
CUST-1062,Jennifer,Greene,jennifer.greene@gmail.com,+1-741-664-4254x6164,Elizabethborough,RI,02851,United States,Northeast,2024-01-27
CUST-1063,Monica,Turner,monica.turner@hotmail.com,001-538-555-7341x3874,Griffithton,GA,30571,United States,South,2023-12-13
CUST-1064,Brooke,Burke,brooke.burke@yahoo.com,+1-233-880-4405x88513,New Justin,CA,92405,United States,West,2024-05-23
CUST-1065,Theresa,Clark,theresa.clark@yahoo.com,001-280-300-7799x81966,Cassidybury,FL,33653,United States,South,2024-08-26
CUST-1066,Jesse,Glover,jesse.glover@yahoo.com,792.985.6808x73327,East Jenniferland,LA,71084,United States,South,2023-11-10
CUST-1067,Katelyn,Donovan,katelyn.donovan@yahoo.com,(215)467-3693x0887,Keithton,SC,29626,United States,South,2024-04-19
CUST-1068,Timothy,Diaz,timothy.diaz@yahoo.com,292.910.2698,Susanmouth,SD,57468,United States,Midwest,2024-06-24
CUST-1069,Stephen,Martin,stephen.martin@hotmail.com,+1-698-731-1948x295,Meganstad,PA,15304,United States,Northeast,2023-12-30
CUST-1070,Amanda,Merritt,amanda.merritt@hotmail.com,+1-888-431-1970x8666,New Natasha,OK,73117,United States,South,2024-03-14
CUST-1071,Megan,Young,megan.young@hotmail.com,+1-950-386-7652x3643,West Angelahaven,VA,22731,United States,South,2024-04-11
CUST-1072,Nicholas,Ferguson,nicholas.ferguson@hotmail.com,512.540.9346x14490,New Jamesville,MA,02436,United States,Northeast,2024-02-23
CUST-1073,Melissa,Sanders,melissa.sanders@hotmail.com,001-924-643-3163x432,Kevinland,MO,63864,United States,Midwest,2024-03-16
CUST-1074,Roy,Lee,roy.lee@hotmail.com,9446349420,Lake Brandonchester,RI,02821,United States,Northeast,2023-09-13
CUST-1075,Erica,Johnson,erica.johnson@gmail.com,001-695-372-4532,Baileyborough,ND,58230,United States,Midwest,2025-05-26
CUST-1076,John,Robinson,john.robinson@yahoo.com,001-646-235-8348x1813,Port Diane,ME,04883,United States,Northeast,2023-02-23
CUST-1077,Edwin,Kelly,edwin.kelly@gmail.com,(237)385-7320x61546,Markmouth,NJ,08294,United States,Northeast,2023-04-03
CUST-1078,Craig,Watson,craig.watson@hotmail.com,+1-495-533-3678x497,Douglasside,NC,27363,United States,South,2024-01-18
CUST-1079,Kevin,Kane,kevin.kane@gmail.com,(297)553-1604x09329,Thompsonshire,RI,02919,United States,Northeast,2023-01-28
CUST-1080,Jonathan,Owen,jonathan.owen@hotmail.com,702-855-7873x91556,West Edwin,NV,89601,United States,West,2024-07-20
CUST-1081,Carrie,Wright,carrie.wright@yahoo.com,001-297-914-8957,North Alexander,CT,06065,United States,Northeast,2024-06-24
CUST-1082,Mitchell,Knox,mitchell.knox@hotmail.com,278.574.6953,South Robin,DC,20015,United States,South,2024-06-14
CUST-1083,Jo,Martinez,jo.martinez@yahoo.com,336.792.4337x11792,Chungview,VT,05170,United States,Northeast,2024-01-05
CUST-1084,Bianca,Mcconnell,bianca.mcconnell@yahoo.com,+1-693-722-9092x09019,Kentbury,DE,19743,United States,South,2023-01-08
CUST-1085,Allison,James,allison.james@gmail.com,001-401-298-6089x23284,East Danieltown,TN,37436,United States,South,2025-05-09
CUST-1086,Angela,Drake,angela.drake@hotmail.com,710-809-5377x3999,Lake Pamela,TN,38101,United States,South,2024-11-30
CUST-1087,Mark,Crosby,mark.crosby@yahoo.com,+1-760-670-1580x98738,North Tina,WY,82771,United States,West,2024-01-17
CUST-1088,Jennifer,Orr,jennifer.orr@yahoo.com,225.402.0364x0085,Lake Nicholas,OK,73034,United States,South,2023-09-15
CUST-1089,Justin,Keller,justin.keller@yahoo.com,825-218-3543x01710,Ryanfurt,WA,98988,United States,West,2024-06-23
CUST-1090,Haley,Hartman,haley.hartman@gmail.com,292.296.3686,East Margaret,IN,47757,United States,Midwest,2024-10-04
CUST-1091,Carol,Roth,carol.roth@yahoo.com,661.331.4838,Domingueztown,NV,89006,United States,West,2024-06-14
CUST-1092,Courtney,Fox,courtney.fox@hotmail.com,001-330-987-2149x9862,Lake Jameschester,NH,03569,United States,Northeast,2024-05-03
CUST-1093,Nathan,Galvan,nathan.galvan@yahoo.com,001-525-570-0492,East Lanceburgh,IA,52029,United States,Midwest,2024-07-05
CUST-1094,Thomas,Long,thomas.long@hotmail.com,7127901970,Lake Ricardoport,NE,68110,United States,Midwest,2024-02-10
CUST-1095,Donald,Brown,donald.brown@yahoo.com,001-393-436-7816x309,East Jennifer,MI,49604,United States,Midwest,2023-12-18
CUST-1096,Nicholas,Lee,nicholas.lee@gmail.com,001-625-209-5788x040,Kathryntown,NJ,07901,United States,Northeast,2024-01-03
CUST-1097,Stephanie,Malone,stephanie.malone@yahoo.com,+1-836-735-9841,New Kristinaton,MT,59556,United States,West,2023-11-21
CUST-1098,Michael,Sharp,michael.sharp@gmail.com,(252)842-2607x30936,West Janet,NE,68042,United States,Midwest,2024-05-03
CUST-1099,Chad,Hawkins,chad.hawkins@gmail.com,982.573.0347x140,East Paulstad,WA,98303,United States,West,2025-10-20
CUST-1100,Kayla,Gamble,kayla.gamble@yahoo.com,+1-560-799-8868x51936,East Robert,CT,06050,United States,Northeast,2023-01-05
CUST-1101,Jeffrey,Hammond,jeffrey.hammond@gmail.com,461-427-9120x089,North Samanthashire,MA,01027,United States,Northeast,2024-06-21
CUST-1102,Tammy,Warren,tammy.warren@gmail.com,001-937-493-1560x30676,Lake Heatherborough,NV,89459,United States,West,2023-01-08
CUST-1103,Sandra,Brown,sandra.brown@hotmail.com,+1-636-773-8541x987,Kristiland,MA,02045,United States,Northeast,2023-08-24
CUST-1104,Gary,Dyer,gary.dyer@yahoo.com,9973880771,North Michaelville,TX,75585,United States,South,2025-10-09
CUST-1105,Wayne,Camacho,wayne.camacho@gmail.com,485-357-1216,Jamesbury,KY,42583,United States,South,2024-11-19
CUST-1106,David,Dixon,david.dixon@hotmail.com,889-734-1885x220,Jessicaview,MS,39518,United States,South,2023-05-22
CUST-1107,Dennis,Arroyo,dennis.arroyo@gmail.com,+1-328-807-8640x92205,Wallton,GA,30856,United States,South,2023-04-06
CUST-1108,Patricia,Carter,patricia.carter@yahoo.com,350-484-3989x6071,Katherineville,UT,84329,United States,West,2024-02-29
CUST-1109,Brenda,Washington,brenda.washington@hotmail.com,927-746-9823,Sharonborough,NM,87211,United States,West,2025-06-28
CUST-1110,Allen,Taylor,allen.taylor@hotmail.com,5986935998,South Stephanie,CA,95928,United States,West,2023-12-26
CUST-1111,Robert,Taylor,robert.taylor@gmail.com,+1-855-634-0940x57847,Ronaldmouth,CO,80358,United States,West,2023-08-08
CUST-1112,Christy,Wilson,christy.wilson@hotmail.com,001-694-664-6308,Phillipsbury,CO,81539,United States,West,2024-02-21
CUST-1113,Austin,Porter,austin.porter@gmail.com,6288027019,Nicholsontown,CO,80007,United States,West,2023-10-03
CUST-1114,Deborah,Luna,deborah.luna@yahoo.com,696-224-5444,Lake Kristopherview,NV,89034,United States,West,2024-06-04
CUST-1115,Joe,Ray,joe.ray@gmail.com,952.567.4053x754,South Daltonhaven,CT,06383,United States,Northeast,2024-10-24
CUST-1116,Alan,Smith,alan.smith@hotmail.com,+1-242-246-3859,Roberttown,WV,26242,United States,South,2024-08-08
CUST-1117,Sean,Brown,sean.brown@gmail.com,001-549-955-7026x309,Hendersonburgh,WV,25224,United States,South,2024-10-31
CUST-1118,Melissa,Taylor,melissa.taylor@gmail.com,+1-345-658-1653x850,Hillville,MS,39728,United States,South,2024-04-13
CUST-1119,Kelli,Foster,kelli.foster@gmail.com,812-945-4227x3889,Clarkmouth,FL,32710,United States,South,2023-06-03
CUST-1120,Courtney,Burgess,courtney.burgess@gmail.com,(619)834-0506,Hurstfort,OK,73130,United States,South,2024-11-26
CUST-1121,Joshua,Moyer,joshua.moyer@yahoo.com,924-988-4476,South Michael,AR,72379,United States,South,2023-07-25
CUST-1122,Emily,Williams,emily.williams@hotmail.com,(553)370-7809x3351,Lake Raymondborough,PA,16997,United States,Northeast,2024-01-07
CUST-1123,Alexis,Joseph,alexis.joseph@yahoo.com,225.466.0669,Jacksonstad,OK,73015,United States,South,2024-05-02
CUST-1124,Sabrina,Lee,sabrina.lee@yahoo.com,943.457.1953,Johnbury,OK,73022,United States,South,2023-08-06
CUST-1125,Adam,Howell,adam.howell@yahoo.com,001-391-820-1122x44567,Terranceberg,MI,48260,United States,Midwest,2023-10-08
CUST-1126,Renee,Howell,renee.howell@gmail.com,761.690.3967x1355,New Aliciaport,TX,76121,United States,South,2024-10-10
CUST-1127,Sarah,Hanson,sarah.hanson@gmail.com,+1-247-236-0221,Richardmouth,DE,19916,United States,South,2024-04-16
CUST-1128,Michelle,Graves,michelle.graves@yahoo.com,+1-890-944-7653x580,Berryburgh,NE,68062,United States,Midwest,2025-05-25
CUST-1129,Julian,Brown,julian.brown@gmail.com,355.762.4490x201,Dunnstad,MN,55410,United States,Midwest,2024-06-24
CUST-1130,Ana,Reese,ana.reese@yahoo.com,435-669-2371x1603,Sharonville,TX,75746,United States,South,2023-07-01
CUST-1131,James,Garcia,james.garcia@gmail.com,551-524-9995x23189,New Kellyshire,WI,54788,United States,Midwest,2023-02-28
CUST-1132,Jonathan,Mcclain,jonathan.mcclain@yahoo.com,957-428-6006,Thomasberg,NV,89536,United States,West,2023-09-15
CUST-1133,Glenn,Parker,glenn.parker@yahoo.com,448-399-2409,New Stacymouth,WA,99280,United States,West,2025-06-01
CUST-1134,Albert,Adams,albert.adams@hotmail.com,3176909448,Brownmouth,AR,71754,United States,South,2024-06-09
CUST-1135,Jorge,Nguyen,jorge.nguyen@gmail.com,832.347.3658,Thomasbury,ME,04519,United States,Northeast,2024-11-11
CUST-1136,Judy,Barnett,judy.barnett@hotmail.com,7509813031,New Melissaview,RI,02917,United States,Northeast,2023-02-25
CUST-1137,Jeffery,Romero,jeffery.romero@yahoo.com,5615061912,West Justin,MD,21634,United States,South,2024-04-30
CUST-1138,Chris,Green,chris.green@gmail.com,001-501-800-1030x87434,New Juan,MN,55282,United States,Midwest,2024-02-04
CUST-1139,Ashley,Price,ashley.price@yahoo.com,001-466-678-4837x38046,Amymouth,CT,06194,United States,Northeast,2023-04-10
CUST-1140,Natasha,Bean,natasha.bean@hotmail.com,944.345.9755,Ashleyhaven,OR,97444,United States,West,2023-01-30
CUST-1141,Rebecca,Graham,rebecca.graham@yahoo.com,859.372.1061x059,West David,NC,27883,United States,South,2023-01-05
CUST-1142,Christy,Landry,christy.landry@yahoo.com,001-985-904-0703x0134,Mcknightville,IN,46288,United States,Midwest,2024-02-20
CUST-1143,Loretta,Ballard,loretta.ballard@yahoo.com,+1-680-738-6670x220,Daviston,GA,31639,United States,South,2024-04-22
CUST-1144,Dylan,Lopez,dylan.lopez@hotmail.com,728-410-6004,New Jeremyland,TX,78508,United States,South,2024-11-26
CUST-1145,Cynthia,Simpson,cynthia.simpson@yahoo.com,628.910.0448,South Briannafurt,NM,87299,United States,West,2024-12-02
CUST-1146,Lee,Pratt,lee.pratt@yahoo.com,(623)630-7915,Samanthashire,IA,52644,United States,Midwest,2024-01-31
CUST-1147,Tiffany,Klein,tiffany.klein@yahoo.com,+1-759-931-9512,West Cynthiaberg,CT,06327,United States,Northeast,2023-03-07
CUST-1148,Benjamin,Smith,benjamin.smith@hotmail.com,001-653-687-6024x150,New Samuel,MN,55563,United States,Midwest,2024-11-05
CUST-1149,Ryan,Shelton,ryan.shelton@gmail.com,906.842.9157x79090,West Charleschester,OK,73125,United States,South,2024-05-21
CUST-1150,Alyssa,Williams,alyssa.williams@gmail.com,001-225-757-1020x80888,Nicoletown,MS,39311,United States,South,2024-05-02
CUST-1151,Daniel,Reilly,daniel.reilly@yahoo.com,7814286296,Wattsborough,DE,19728,United States,South,2023-01-18
CUST-1152,Sara,Phillips,sara.phillips@yahoo.com,(227)260-6626x785,Tiffanyland,WI,54798,United States,Midwest,2024-11-17
CUST-1153,Carlos,West,carlos.west@gmail.com,442.576.7678,West Donaldborough,LA,70063,United States,South,2023-07-30
CUST-1154,Carol,Turner,carol.turner@yahoo.com,(513)207-2298x53424,Nicholasstad,OR,97553,United States,West,2025-01-26
CUST-1155,Paul,Martin,paul.martin@gmail.com,(571)700-6118,North Michelle,IA,50990,United States,Midwest,2024-08-04
CUST-1156,Anthony,Cook,anthony.cook@hotmail.com,3522561461,Port Williamberg,NV,89260,United States,West,2024-03-30
CUST-1157,Brett,Williams,brett.williams@hotmail.com,6094016069,Port Nicole,OK,73177,United States,South,2024-03-31
CUST-1158,Samantha,Mcintyre,samantha.mcintyre@gmail.com,495.926.9121x01927,North Amberburgh,WY,82641,United States,West,2023-08-16
CUST-1159,Troy,Villanueva,troy.villanueva@gmail.com,286-568-8874,Garciaburgh,SC,29569,United States,South,2025-06-28
CUST-1160,Paige,Rios,paige.rios@gmail.com,(700)372-6980x41030,New Zacharyhaven,SC,29123,United States,South,2025-07-10
CUST-1161,Natalie,Norman,natalie.norman@hotmail.com,001-351-230-9144,West Geraldmouth,UT,84302,United States,West,2023-04-01
CUST-1162,Cheryl,Zimmerman,cheryl.zimmerman@gmail.com,583.473.7932x06204,North Markmouth,TN,37564,United States,South,2024-10-31
CUST-1163,Heather,Mann,heather.mann@yahoo.com,(626)519-8151x6685,Jacobchester,OK,73069,United States,South,2024-10-31
CUST-1164,John,Carter,john.carter@gmail.com,(871)390-0044x957,East Garyborough,AK,99551,United States,West,2024-03-06
CUST-1165,Timothy,Brown,timothy.brown@yahoo.com,8474408364,Coryshire,RI,02888,United States,Northeast,2024-04-27
CUST-1166,William,Bass,william.bass@hotmail.com,905-404-6556x23131,New Katherineberg,TX,78030,United States,South,2024-10-17
CUST-1167,Joanne,Johnson,joanne.johnson@gmail.com,(690)577-4011,South Matthew,VT,05053,United States,Northeast,2024-02-28
CUST-1168,Mario,Moore,mario.moore@gmail.com,939.316.2888x474,North Mark,LA,70893,United States,South,2024-05-06
CUST-1169,Curtis,Phillips,curtis.phillips@gmail.com,+1-901-947-4865x080,Kristiview,AK,99653,United States,West,2024-10-10
CUST-1170,Robert,Martin,robert.martin@gmail.com,001-403-990-0487x76129,Myersstad,ID,83392,United States,West,2024-05-27
CUST-1171,James,Hebert,james.hebert@yahoo.com,(774)734-4259x427,North Kennethmouth,LA,70225,United States,South,2024-04-22
CUST-1172,Megan,Peck,megan.peck@gmail.com,+1-321-975-5113x57860,West Erika,VT,05289,United States,Northeast,2023-04-04
CUST-1173,Thomas,Moore,thomas.moore@gmail.com,(537)227-8498x0148,Blacktown,WI,53339,United States,Midwest,2024-01-16
CUST-1174,Andrew,Small,andrew.small@gmail.com,6229128884,Harrisland,MD,20918,United States,South,2025-09-18
CUST-1175,Frank,Perry,frank.perry@yahoo.com,(919)569-6133,Mariabury,MI,49114,United States,Midwest,2024-05-17
CUST-1176,Annette,Lewis,annette.lewis@gmail.com,+1-799-636-8080x65268,Port Christophermouth,MN,55308,United States,Midwest,2024-06-23
CUST-1177,Angela,Harris,angela.harris@gmail.com,001-574-511-5383x60224,Madelineland,AL,35647,United States,South,2023-12-21
CUST-1178,Clayton,Lee,clayton.lee@gmail.com,001-498-332-4271x9323,Jeannemouth,ID,83231,United States,West,2023-01-21
CUST-1179,Karen,Kane,karen.kane@gmail.com,(955)685-5161x5585,New Charles,GA,31131,United States,South,2023-09-04
CUST-1180,Gary,Morton,gary.morton@gmail.com,676.973.0697,Port William,OR,97068,United States,West,2024-07-21
CUST-1181,Kevin,Hill,kevin.hill@hotmail.com,+1-306-404-4969,Stewartmouth,TX,79477,United States,South,2024-04-07
CUST-1182,Tammy,Davenport,tammy.davenport@gmail.com,+1-342-889-3094x8886,North Jake,MT,59374,United States,West,2023-03-30
CUST-1183,Steven,Beck,steven.beck@hotmail.com,001-605-288-7331,East Debra,CA,95659,United States,West,2023-07-13
CUST-1184,Michael,Tucker,michael.tucker@gmail.com,001-508-370-3511x9129,Marshallhaven,GA,31170,United States,South,2023-06-16
CUST-1185,Amanda,Adkins,amanda.adkins@gmail.com,+1-587-238-8074,East Dawn,WV,25497,United States,South,2024-06-27
CUST-1186,Joanna,Rodriguez,joanna.rodriguez@hotmail.com,(279)800-0823,East Catherineton,SD,57055,United States,Midwest,2024-12-14
CUST-1187,Michael,Moore,michael.moore@yahoo.com,+1-989-386-3857x86091,Bellport,AK,99871,United States,West,2023-12-18
CUST-1188,Andrew,Dean,andrew.dean@hotmail.com,(497)532-2431,West Melissa,CO,80317,United States,West,2024-07-20
CUST-1189,Aaron,Miller,aaron.miller@hotmail.com,001-536-792-8160x540,Stephanieborough,WV,25223,United States,South,2024-06-27
CUST-1190,Brandy,Daniel,brandy.daniel@gmail.com,+1-573-686-1742x677,Jonathanshire,ND,58048,United States,Midwest,2023-07-06
CUST-1191,Tiffany,Bennett,tiffany.bennett@hotmail.com,001-810-855-2037x5428,Lake Justin,IN,47387,United States,Midwest,2023-08-03
CUST-1192,Danielle,Fernandez,danielle.fernandez@gmail.com,(898)260-3381x2447,South Brent,MO,64558,United States,Midwest,2024-11-04
CUST-1193,Dennis,Turner,dennis.turner@yahoo.com,+1-827-347-7322x423,Ericfort,NE,68115,United States,Midwest,2023-02-07
CUST-1194,Alexis,Brooks,alexis.brooks@hotmail.com,(517)693-9656x009,New Richard,NJ,07044,United States,Northeast,2023-04-03
CUST-1195,Jeffrey,Hampton,jeffrey.hampton@yahoo.com,+1-606-389-7893x85552,Lake Erinchester,MI,49032,United States,Midwest,2024-07-27
CUST-1196,Kenneth,Martin,kenneth.martin@hotmail.com,(819)396-0664,Erinfort,HI,96741,United States,West,2024-07-19
CUST-1197,Michael,Willis,michael.willis@gmail.com,671-877-2887x5885,North Patricia,MS,39410,United States,South,2024-03-18
CUST-1198,Melinda,Martinez,melinda.martinez@gmail.com,(821)600-1820x218,Riosview,MD,20990,United States,South,2023-12-29
CUST-1199,Sandra,Hendrix,sandra.hendrix@hotmail.com,234-506-5503x4221,Jamesville,WA,98098,United States,West,2023-10-18
CUST-1200,Rhonda,Johnson,rhonda.johnson@gmail.com,001-276-837-6510,Andersonchester,MA,02253,United States,Northeast,2024-04-27
CUST-1201,William,Williams,william.williams@yahoo.com,+1-690-815-8687x594,Jacksonmouth,WY,82243,United States,West,2024-07-28
CUST-1202,Mark,Crosby,mark.crosby@hotmail.com,592.995.8647,Port Nicholashaven,OR,97453,United States,West,2024-05-08
CUST-1203,Karen,Davis,karen.davis@gmail.com,001-796-787-5364x1767,Carriemouth,RI,02840,United States,Northeast,2023-06-14
CUST-1204,Peggy,Terrell,peggy.terrell@gmail.com,(715)301-4025,Port Lindsey,CO,81450,United States,West,2024-04-01
CUST-1205,Matthew,Gonzalez,matthew.gonzalez@yahoo.com,(256)506-4819,Garyfort,AR,72259,United States,South,2024-02-09
CUST-1206,Amy,Hill,amy.hill@gmail.com,378.988.4928,Vasquezville,GA,31928,United States,South,2023-08-06
CUST-1207,Tamara,Ingram,tamara.ingram@yahoo.com,(591)898-2923x4832,Bennettville,HI,96818,United States,West,2024-04-28
CUST-1208,Rebecca,Morton,rebecca.morton@gmail.com,266-931-3157x96785,Rayville,WI,54005,United States,Midwest,2023-07-30
CUST-1209,Cindy,Moore,cindy.moore@hotmail.com,9903971357,Dudleyton,SC,29167,United States,South,2023-11-11
CUST-1210,Diana,Griffith,diana.griffith@yahoo.com,+1-424-925-1030x98657,West Sandramouth,AR,72689,United States,South,2024-08-01
CUST-1211,John,Roberson,john.roberson@hotmail.com,001-641-805-2770x9027,Christineland,UT,84556,United States,West,2024-05-29
CUST-1212,Kimberly,Garrison,kimberly.garrison@hotmail.com,(864)278-9785x0655,Port Joshua,CO,80945,United States,West,2023-10-21
CUST-1213,Linda,Faulkner,linda.faulkner@gmail.com,(691)397-6740,Manningberg,LA,70320,United States,South,2023-05-13
CUST-1214,Danny,Le,danny.le@gmail.com,001-256-527-1087,New Matthew,NH,03745,United States,Northeast,2023-12-17
CUST-1215,Andrea,Bush,andrea.bush@yahoo.com,(913)460-6483,Lake Chelseashire,TX,76414,United States,South,2023-05-15
CUST-1216,Douglas,Rodgers,douglas.rodgers@yahoo.com,+1-532-964-4638x9545,West Sarah,NV,89846,United States,West,2023-10-09
CUST-1217,Andrew,Potter,andrew.potter@gmail.com,001-868-961-2563,Spearstown,NY,10148,United States,Northeast,2024-10-29
CUST-1218,Wendy,Murray,wendy.murray@yahoo.com,475.948.3173,Lake Johnbury,RI,02877,United States,Northeast,2024-01-10
CUST-1219,Jennifer,Miller,jennifer.miller@yahoo.com,001-675-363-6377x2926,New Nathan,NH,03433,United States,Northeast,2024-01-25
CUST-1220,Christopher,Lewis,christopher.lewis@gmail.com,252-827-4559x666,West Christopher,NE,68053,United States,Midwest,2024-04-05
CUST-1221,Tina,Chavez,tina.chavez@hotmail.com,533-263-8587,New Emily,LA,70466,United States,South,2024-08-16
CUST-1222,Melissa,Sexton,melissa.sexton@yahoo.com,383.317.0387x3787,Sophiahaven,IN,47390,United States,Midwest,2023-08-05
CUST-1223,Connie,Alvarez,connie.alvarez@gmail.com,001-306-389-2605x7842,East Jessicaborough,WI,54432,United States,Midwest,2025-02-07
CUST-1224,Tommy,Logan,tommy.logan@gmail.com,+1-962-507-0312x221,East Colleen,NC,28328,United States,South,2024-06-14
CUST-1225,Misty,Cameron,misty.cameron@gmail.com,596-578-6299x538,North Mikefurt,DE,19825,United States,South,2024-01-30
CUST-1226,Eddie,Spears,eddie.spears@yahoo.com,001-431-285-9634x38985,Christinaburgh,MN,55257,United States,Midwest,2024-09-15
CUST-1227,Haley,Hayes,haley.hayes@yahoo.com,850-365-4354x8477,Ashleyland,NV,89105,United States,West,2023-06-21
CUST-1228,Kendra,Gomez,kendra.gomez@gmail.com,001-981-547-0079x226,East Matthewland,DE,19817,United States,South,2024-11-19
CUST-1229,Jeremy,Hudson,jeremy.hudson@gmail.com,(511)754-4950,Timothyton,ME,04894,United States,Northeast,2023-07-12
CUST-1230,Nicholas,Chavez,nicholas.chavez@hotmail.com,429-644-9016x1646,Jennamouth,UT,84287,United States,West,2024-07-05
CUST-1231,Joseph,Moore,joseph.moore@gmail.com,608.619.2911x4608,North Brittanyborough,UT,84265,United States,West,2023-03-09
CUST-1232,Debra,Patterson,debra.patterson@hotmail.com,558-321-3981,Ericland,PA,16075,United States,Northeast,2025-09-10
CUST-1233,Kathleen,Rodriguez,kathleen.rodriguez@gmail.com,001-329-568-5126x9192,Rebeccaville,NY,10651,United States,Northeast,2023-05-30
CUST-1234,Carolyn,Wilson,carolyn.wilson@gmail.com,+1-508-202-5382x12323,East Chadview,ND,58700,United States,Midwest,2024-01-23
CUST-1235,Arthur,Smith,arthur.smith@hotmail.com,6248219454,Velazquezbury,TX,79515,United States,South,2024-10-31
CUST-1236,Alexandra,Jones,alexandra.jones@hotmail.com,+1-708-278-0557x0751,Port Christopherland,MD,21664,United States,South,2024-08-16
CUST-1237,Brent,Howard,brent.howard@gmail.com,637.564.8671x27903,Christopherview,AZ,86497,United States,West,2024-12-28
CUST-1238,Selena,Franco,selena.franco@yahoo.com,(240)666-0996x35844,Danielfurt,IA,52036,United States,Midwest,2023-12-07
CUST-1239,Elizabeth,Adams,elizabeth.adams@gmail.com,579-493-5295x690,Walkerside,MT,59117,United States,West,2023-12-18
CUST-1240,Kelli,Taylor,kelli.taylor@hotmail.com,001-978-450-0720,South Cynthia,RI,02853,United States,Northeast,2024-02-16
CUST-1241,Lisa,Griffin,lisa.griffin@gmail.com,706.969.9869x580,Jessestad,AR,71801,United States,South,2024-02-01
CUST-1242,Raymond,Rodriguez,raymond.rodriguez@hotmail.com,+1-325-786-1893,Dylanshire,AL,35333,United States,South,2024-07-03
CUST-1243,Amanda,Mckinney,amanda.mckinney@hotmail.com,446-398-5997,Andradebury,IN,47772,United States,Midwest,2024-12-02
CUST-1244,Jessica,White,jessica.white@gmail.com,(722)442-8049x814,Kimberlyfort,MD,21835,United States,South,2024-07-11
CUST-1245,Scott,Baird,scott.baird@hotmail.com,573-956-1336,North Shannonborough,IN,47146,United States,Midwest,2024-08-24
CUST-1246,Roy,Cross,roy.cross@hotmail.com,5372644487,Grahamton,WY,82806,United States,West,2025-03-08
CUST-1247,Steven,Murray,steven.murray@hotmail.com,513-506-2975,North Joseph,FL,34821,United States,South,2024-09-22
CUST-1248,Tiffany,Watts,tiffany.watts@gmail.com,688.742.9730,East Jamiestad,WI,54755,United States,Midwest,2024-12-05
CUST-1249,Bailey,James,bailey.james@yahoo.com,+1-355-903-3473,Kelseyview,KY,42309,United States,South,2024-11-05
CUST-1250,Frank,Humphrey,frank.humphrey@gmail.com,401-752-5682x071,Normanton,ME,04627,United States,Northeast,2023-04-05
CUST-1251,Veronica,Brown,veronica.brown@hotmail.com,001-502-722-7282x8397,Dianastad,MA,02616,United States,Northeast,2024-08-31
CUST-1252,Zachary,Conrad,zachary.conrad@yahoo.com,(369)294-3896,North Donnaland,DE,19763,United States,South,2024-01-25
CUST-1253,Philip,Graham,philip.graham@gmail.com,520-464-0900x3784,Kelleymouth,AL,35677,United States,South,2025-07-23
CUST-1254,Rebecca,Jacobs,rebecca.jacobs@gmail.com,661-932-0417x62183,Port Brittany,NY,10203,United States,Northeast,2024-08-23
CUST-1255,Elizabeth,Lewis,elizabeth.lewis@yahoo.com,(456)634-5949x7607,Alexandraborough,WV,24925,United States,South,2024-12-02
CUST-1256,Gregory,Harris,gregory.harris@gmail.com,+1-312-738-7382x95571,South Brookefurt,NV,89865,United States,West,2023-08-13
CUST-1257,Madison,Moss,madison.moss@hotmail.com,(886)470-2165x943,North William,ID,83739,United States,West,2025-08-19
CUST-1258,Samantha,Cobb,samantha.cobb@hotmail.com,832-829-5351x3541,New Daniel,FL,33738,United States,South,2024-10-30
CUST-1259,Tina,Hester,tina.hester@yahoo.com,001-564-623-9644,Baileyport,MO,63704,United States,Midwest,2023-03-07
CUST-1260,Glenn,Shaw,glenn.shaw@yahoo.com,469.810.7751x20410,Joseshire,OH,43770,United States,Midwest,2023-10-19
CUST-1261,Thomas,Bond,thomas.bond@yahoo.com,(887)273-4435,Poolemouth,VA,23099,United States,South,2024-05-18
CUST-1262,Karen,Brown,karen.brown@gmail.com,+1-660-216-1955,West Sarah,IA,51991,United States,Midwest,2023-09-15
CUST-1263,Richard,Ray,richard.ray@hotmail.com,270.844.0193x07894,Reyesville,NC,28262,United States,South,2023-09-22
CUST-1264,Michaela,Alvarez,michaela.alvarez@yahoo.com,736.407.8490,West Marc,OK,73066,United States,South,2023-02-27
CUST-1265,Suzanne,Mcintosh,suzanne.mcintosh@hotmail.com,+1-806-675-1773x44538,New Timothyfort,TX,77770,United States,South,2024-06-25
CUST-1266,Matthew,Webster,matthew.webster@gmail.com,959-802-2653,Port Baileyshire,MN,55824,United States,Midwest,2024-02-05
CUST-1267,Dakota,Benton,dakota.benton@yahoo.com,863-216-9449,South Elizabethberg,CA,92881,United States,West,2024-02-28
CUST-1268,Sonya,Warren,sonya.warren@gmail.com,001-744-621-1318x609,Bassfort,MT,59473,United States,West,2023-12-28
CUST-1269,Peter,Hubbard,peter.hubbard@hotmail.com,001-561-353-1401x70792,Paulside,WV,26252,United States,South,2024-04-13
CUST-1270,John,Mcdonald,john.mcdonald@yahoo.com,001-791-908-9623,Lake Jeffreyville,AZ,85487,United States,West,2025-12-06
CUST-1271,Kevin,Collins,kevin.collins@yahoo.com,3889950618,Harrisfurt,NV,89142,United States,West,2023-05-09
CUST-1272,Anita,Wiggins,anita.wiggins@gmail.com,3534181459,Kathleenstad,AK,99846,United States,West,2023-10-10
CUST-1273,Robert,Collins,robert.collins@yahoo.com,8607880436,Birdfort,NJ,07016,United States,Northeast,2023-03-01
CUST-1274,Jonathan,Jackson,jonathan.jackson@gmail.com,407.763.8807x86052,Amandabury,CA,94601,United States,West,2024-02-06
CUST-1275,Ana,Page,ana.page@yahoo.com,+1-244-429-8058x4453,Robertport,MA,02625,United States,Northeast,2025-06-29
CUST-1276,Michelle,Burns,michelle.burns@hotmail.com,001-686-875-2649x97976,Lake Ariel,OR,97696,United States,West,2023-06-18
CUST-1277,Christopher,Henderson,christopher.henderson@hotmail.com,+1-700-919-9941x64718,West Mark,NV,89214,United States,West,2024-07-23
CUST-1278,Pamela,Adkins,pamela.adkins@gmail.com,726.367.6331,Wardshire,OR,97448,United States,West,2024-08-05
CUST-1279,Jacqueline,Cantu,jacqueline.cantu@hotmail.com,(811)486-1437x20870,East Darleneborough,MT,59119,United States,West,2025-03-07
CUST-1280,Kelly,Newman,kelly.newman@gmail.com,(786)291-9361x08869,Isaacbury,VA,23454,United States,South,2024-10-18
CUST-1281,Kristine,Nguyen,kristine.nguyen@gmail.com,845-737-2641,Christopherland,SD,57433,United States,Midwest,2024-06-28
CUST-1282,Aaron,Bowman,aaron.bowman@hotmail.com,391-875-6130,Lake Josephton,NE,68005,United States,Midwest,2023-07-09
CUST-1283,Nicholas,Vasquez,nicholas.vasquez@yahoo.com,401-614-4671x056,Davidhaven,ME,04405,United States,Northeast,2025-09-02
CUST-1284,Wayne,Mccarthy,wayne.mccarthy@gmail.com,949-401-6653x90796,Alfredfurt,DE,19726,United States,South,2024-10-26
CUST-1285,Lisa,Sanford,lisa.sanford@yahoo.com,438.634.8566x9871,Lake Michaelside,MT,59579,United States,West,2023-04-12
CUST-1286,Sarah,Reeves,sarah.reeves@gmail.com,001-796-677-3443x0284,Jonesshire,AK,99772,United States,West,2023-04-22
CUST-1287,April,Hall,april.hall@yahoo.com,001-862-713-2225x132,New Thomas,MA,01299,United States,Northeast,2023-11-20
CUST-1288,Cynthia,Allen,cynthia.allen@gmail.com,755-709-8957,Lake Toni,HI,96831,United States,West,2024-10-29
CUST-1289,Beverly,Gross,beverly.gross@gmail.com,+1-664-732-2218x7556,New Heather,SC,29777,United States,South,2024-07-27
CUST-1290,Madison,Walker,madison.walker@hotmail.com,(282)565-6956x51081,Josephport,NJ,07079,United States,Northeast,2023-08-21
CUST-1291,John,Nguyen,john.nguyen@hotmail.com,396.677.9765x989,Tinafurt,VT,05317,United States,Northeast,2024-06-13
CUST-1292,Jamie,Blackburn,jamie.blackburn@gmail.com,(209)264-1604x70334,Carmenborough,MS,39353,United States,South,2023-06-21
CUST-1293,Matthew,Ross,matthew.ross@gmail.com,(817)437-2708x75766,Seanville,CO,80496,United States,West,2023-02-01
CUST-1294,Kyle,Espinoza,kyle.espinoza@gmail.com,+1-754-267-3756x7639,Craigburgh,NV,89767,United States,West,2023-08-15
CUST-1295,Karen,Jones,karen.jones@yahoo.com,(509)431-8274x2646,Cunninghamview,CT,06112,United States,Northeast,2023-06-22
CUST-1296,Stephanie,Madden,stephanie.madden@yahoo.com,316-806-0797x34086,Port Brandon,KS,67140,United States,Midwest,2024-04-24
CUST-1297,Carla,Freeman,carla.freeman@hotmail.com,751.477.6580,Lake Michael,NV,89681,United States,West,2024-05-20
CUST-1298,Gerald,Berry,gerald.berry@yahoo.com,868-290-6849x4885,Moorehaven,PA,18861,United States,Northeast,2024-09-07
CUST-1299,Jessica,Weaver,jessica.weaver@hotmail.com,(257)321-1391,Lake Terrimouth,MT,59386,United States,West,2023-04-16
CUST-1300,Jessica,Hall,jessica.hall@yahoo.com,520.390.7463x3047,West Matthewmouth,ND,58506,United States,Midwest,2023-10-23
CUST-1301,Glenda,Shaw,glenda.shaw@hotmail.com,392-677-2004x69065,Brianmouth,CO,81407,United States,West,2023-09-24
CUST-1302,Kristy,Carter,kristy.carter@hotmail.com,001-719-482-0427x7806,Stephanieton,MT,59379,United States,West,2024-01-28
CUST-1303,Rebecca,Gardner,rebecca.gardner@yahoo.com,(201)781-0517x47142,South Jessicabury,MD,21350,United States,South,2024-06-02
CUST-1304,Katrina,Jones,katrina.jones@gmail.com,983-505-2267x65274,East Conniefurt,WV,24933,United States,South,2024-08-19
CUST-1305,Malik,Lawrence,malik.lawrence@hotmail.com,2775054100,South Louisborough,MI,49157,United States,Midwest,2024-01-26
CUST-1306,Spencer,Hendrix,spencer.hendrix@yahoo.com,505.868.9080x8882,New John,IA,52282,United States,Midwest,2023-06-26
CUST-1307,Shannon,Ramirez,shannon.ramirez@yahoo.com,582-616-1851x34218,Dakotastad,MI,48394,United States,Midwest,2025-11-25
CUST-1308,Kyle,Dickerson,kyle.dickerson@gmail.com,(613)278-5136,Snowmouth,WY,82243,United States,West,2024-11-26
CUST-1309,Ralph,Crosby,ralph.crosby@gmail.com,474-310-8835,Cainhaven,HI,96733,United States,West,2023-09-08
CUST-1310,Mario,Adams,mario.adams@gmail.com,272-892-9994,Nancymouth,CA,92912,United States,West,2024-03-19
CUST-1311,Sharon,Mejia,sharon.mejia@yahoo.com,391-877-4519x14864,Port Derrickborough,NC,28632,United States,South,2024-11-17
CUST-1312,Samantha,Cook,samantha.cook@hotmail.com,861.821.1677,Jonesstad,SD,57327,United States,Midwest,2024-01-11
CUST-1313,Rebecca,Petty,rebecca.petty@yahoo.com,745-803-5189x428,Kimberlyton,DE,19709,United States,South,2024-02-19
CUST-1314,Wendy,Thompson,wendy.thompson@gmail.com,611.452.3560,Carsonmouth,ND,58644,United States,Midwest,2024-11-24
CUST-1315,Shawn,Deleon,shawn.deleon@yahoo.com,(269)833-8439x135,Leehaven,NC,28216,United States,South,2023-03-24
CUST-1316,Juan,Houston,juan.houston@gmail.com,567.694.4260x5786,West Steventon,IL,62936,United States,Midwest,2023-09-25
CUST-1317,Rebecca,Higgins,rebecca.higgins@yahoo.com,+1-261-685-1466,Gregorybury,WY,82210,United States,West,2023-04-03
CUST-1318,Jennifer,Graham,jennifer.graham@gmail.com,627-987-0666x36257,South Feliciabury,MN,55566,United States,Midwest,2023-11-30
CUST-1319,Jonathon,Baker,jonathon.baker@yahoo.com,(631)749-9319,West Susan,MN,55704,United States,Midwest,2023-05-01
CUST-1320,Jamie,Shea,jamie.shea@yahoo.com,001-287-361-4618x0466,Vazquezshire,WA,98026,United States,West,2024-02-16
CUST-1321,Jeremy,Hahn,jeremy.hahn@hotmail.com,(903)412-3319x73642,North Doris,TN,38049,United States,South,2024-06-29
CUST-1322,Gregory,Mcdonald,gregory.mcdonald@yahoo.com,4359324458,Lopeztown,GA,31664,United States,South,2023-11-15
CUST-1323,Tom,White,tom.white@yahoo.com,9238993665,Kevinview,KS,66464,United States,Midwest,2025-05-18
CUST-1324,Michael,Lamb,michael.lamb@hotmail.com,511.617.0130,Larsonfort,CT,06040,United States,Northeast,2023-03-12
CUST-1325,Cheyenne,Santana,cheyenne.santana@yahoo.com,001-356-201-3263x53323,South Kellychester,GA,30196,United States,South,2024-05-16
CUST-1326,Jesus,Shields,jesus.shields@yahoo.com,370-585-7367,East Peggy,KY,40981,United States,South,2024-01-01
CUST-1327,Alexis,Lee,alexis.lee@gmail.com,230-552-4726x5817,Moorefurt,IL,60494,United States,Midwest,2023-01-06
CUST-1328,Anthony,Rodriguez,anthony.rodriguez@gmail.com,+1-386-519-7524x0220,East Charles,ID,83658,United States,West,2024-02-01
CUST-1329,Misty,Hodges,misty.hodges@gmail.com,001-576-957-1315x343,West Jared,RI,02824,United States,Northeast,2025-12-25
CUST-1330,Jeremiah,Daniel,jeremiah.daniel@hotmail.com,(911)246-9116,Williamsview,GA,31194,United States,South,2024-01-21
CUST-1331,Joshua,Johnson,joshua.johnson@yahoo.com,583.458.0541,Simmonsport,WI,53216,United States,Midwest,2025-02-04
CUST-1332,Thomas,Travis,thomas.travis@yahoo.com,001-922-307-8994x59455,West Dylan,WI,54015,United States,Midwest,2024-03-23
CUST-1333,Chase,Reyes,chase.reyes@gmail.com,001-445-619-2106x74815,East Michael,TN,37098,United States,South,2024-11-01
CUST-1334,Marcus,Michael,marcus.michael@yahoo.com,642-232-0493x604,West Alecland,CA,91922,United States,West,2023-12-03
CUST-1335,Beth,Thomas,beth.thomas@yahoo.com,393.876.4266x76816,East Jessica,ID,83662,United States,West,2024-06-14
CUST-1336,Angela,Hodge,angela.hodge@hotmail.com,001-351-569-0098x96844,East Melindaton,WY,82982,United States,West,2023-10-21
CUST-1337,Misty,Rodriguez,misty.rodriguez@hotmail.com,4324962474,Port Scott,SD,57568,United States,Midwest,2023-12-12
CUST-1338,David,Benson,david.benson@gmail.com,(730)349-1782,South Alexanderhaven,NY,13971,United States,Northeast,2023-12-20
CUST-1339,Christina,Williams,christina.williams@hotmail.com,(577)243-3969x2701,Singhshire,NJ,07598,United States,Northeast,2024-12-10
CUST-1340,Christopher,Moore,christopher.moore@yahoo.com,860.786.0779,Garcialand,WI,54069,United States,Midwest,2025-01-19
CUST-1341,Martin,Gomez,martin.gomez@yahoo.com,(355)920-2174,Williamton,OR,97720,United States,West,2024-01-25
CUST-1342,Stacy,Johns,stacy.johns@yahoo.com,573-443-1236,East John,WI,53678,United States,Midwest,2024-07-09
CUST-1343,Stephanie,Rivera,stephanie.rivera@gmail.com,001-437-318-1679,Douglasside,PA,16010,United States,Northeast,2024-04-02
CUST-1344,Jesse,Hughes,jesse.hughes@gmail.com,661-255-0185x866,New Terriborough,NH,03266,United States,Northeast,2024-05-12
CUST-1345,Maria,Massey,maria.massey@hotmail.com,378.854.6358,New Sandra,UT,84287,United States,West,2024-02-03
CUST-1346,Kathy,Nunez,kathy.nunez@yahoo.com,419-752-7443,Port William,OR,97094,United States,West,2025-05-21
CUST-1347,Pamela,Walker,pamela.walker@hotmail.com,001-842-978-6163x56519,South Steven,TN,37592,United States,South,2024-09-18
CUST-1348,Stephanie,Park,stephanie.park@gmail.com,461-269-8692x6071,Salinasside,SD,57577,United States,Midwest,2025-11-11
CUST-1349,Lori,James,lori.james@gmail.com,(969)798-2874,Port Michael,SC,29429,United States,South,2024-03-05
CUST-1350,Gary,Drake,gary.drake@hotmail.com,001-928-396-9297x54165,North Lauraview,MA,02463,United States,Northeast,2023-05-20
CUST-1351,Alicia,Herrera,alicia.herrera@yahoo.com,209.632.2516x931,Jennifermouth,SD,57475,United States,Midwest,2024-03-14
CUST-1352,Sherri,Rojas,sherri.rojas@yahoo.com,+1-421-863-8187x1899,Zacharymouth,MA,02772,United States,Northeast,2023-05-29
CUST-1353,Lisa,Mitchell,lisa.mitchell@hotmail.com,(310)975-6054x79918,Eugeneland,GA,30426,United States,South,2024-01-14
CUST-1354,David,Garcia,david.garcia@hotmail.com,2743351544,Smithbury,NH,03087,United States,Northeast,2023-12-03
CUST-1355,Jose,Carter,jose.carter@yahoo.com,+1-869-344-5099x91880,Kimberlyborough,CA,92215,United States,West,2024-07-14
CUST-1356,Frank,Smith,frank.smith@yahoo.com,280-383-5887x9099,New Kellyhaven,NM,87964,United States,West,2024-11-20
CUST-1357,Thomas,Campbell,thomas.campbell@yahoo.com,490.320.9576x70214,Emilyton,NH,03092,United States,Northeast,2024-05-12
CUST-1358,Shannon,Harris,shannon.harris@hotmail.com,+1-252-428-9164x973,Michelleland,SD,57202,United States,Midwest,2025-04-28
CUST-1359,David,Downs,david.downs@gmail.com,217.480.8888,Port Christopherhaven,MD,21506,United States,South,2024-05-08
CUST-1360,Nicholas,Fuller,nicholas.fuller@gmail.com,(639)250-7106x192,Leeport,DC,20001,United States,South,2023-09-09
CUST-1361,William,Hill,william.hill@hotmail.com,001-932-410-1887,Bryanstad,LA,71084,United States,South,2024-03-19
CUST-1362,Diana,Mullen,diana.mullen@hotmail.com,613-322-3132x83751,Murphyside,PA,18263,United States,Northeast,2025-05-02
CUST-1363,Mario,Waller,mario.waller@yahoo.com,(839)274-3486,Lake Stephanieville,AR,72003,United States,South,2024-10-14
CUST-1364,Johnathan,Larsen,johnathan.larsen@gmail.com,(339)736-4107x83386,Donaldville,MN,56329,United States,Midwest,2024-07-23
CUST-1365,Christian,Dalton,christian.dalton@gmail.com,526.540.9742x936,Rachelmouth,NC,27715,United States,South,2025-10-10
CUST-1366,Kimberly,Phillips,kimberly.phillips@yahoo.com,+1-869-776-7944,New Katherine,CA,93809,United States,West,2024-06-05
CUST-1367,Michael,Whitehead,michael.whitehead@gmail.com,+1-343-249-9534x1308,Chenbury,MD,21712,United States,South,2024-01-14
CUST-1368,Christopher,Gardner,christopher.gardner@gmail.com,843-497-9579,South Joelshire,NJ,08205,United States,Northeast,2023-04-10
CUST-1369,Willie,Benson,willie.benson@gmail.com,(791)753-8701x5753,Morrisshire,NH,03778,United States,Northeast,2023-12-16
CUST-1370,Jessica,Davis,jessica.davis@hotmail.com,+1-240-758-7854x57981,Nicolehaven,AZ,86450,United States,West,2023-01-03
CUST-1371,Elizabeth,Payne,elizabeth.payne@gmail.com,356.523.9173x191,Schultzland,AR,72092,United States,South,2023-04-01
CUST-1372,Heather,Rogers,heather.rogers@yahoo.com,+1-597-932-0297x23554,New Leahton,MS,39187,United States,South,2024-07-04
CUST-1373,Daniel,Ho,daniel.ho@hotmail.com,445.287.8408x025,Jillview,ME,04247,United States,Northeast,2024-12-29
CUST-1374,Dawn,Hoffman,dawn.hoffman@gmail.com,001-293-543-4617,North Daniel,CA,91349,United States,West,2023-04-15
CUST-1375,Xavier,Diaz,xavier.diaz@hotmail.com,(315)336-1035,Hernandezbury,TN,37347,United States,South,2024-03-22
CUST-1376,Nicole,Ho,nicole.ho@yahoo.com,001-852-457-1244,Hunterfurt,CO,81644,United States,West,2024-09-12
CUST-1377,Jeremy,Garrett,jeremy.garrett@gmail.com,535.872.7152x76407,North Sharonchester,SC,29918,United States,South,2023-02-20
CUST-1378,Laura,Taylor,laura.taylor@hotmail.com,+1-629-777-8930x12350,Port Vernon,RI,02911,United States,Northeast,2024-01-01
CUST-1379,Matthew,Willis,matthew.willis@yahoo.com,001-835-584-1931x27054,Bentleyland,NC,28547,United States,South,2024-05-25
CUST-1380,Paige,Ortega,paige.ortega@yahoo.com,258.765.5994x939,Carlmouth,MO,65302,United States,Midwest,2024-01-22
CUST-1381,Alicia,Osborne,alicia.osborne@hotmail.com,322.471.9759x8071,North Jennifer,NJ,07187,United States,Northeast,2025-07-29
CUST-1382,Victoria,Arroyo,victoria.arroyo@yahoo.com,(819)692-7317,Christopherborough,PA,15843,United States,Northeast,2025-11-30
CUST-1383,Duane,Roberts,duane.roberts@yahoo.com,+1-460-943-6607x6081,Lake Petertown,OK,73045,United States,South,2023-10-11
CUST-1384,Katelyn,Butler,katelyn.butler@hotmail.com,663-943-8253x621,Collinsburgh,DC,20021,United States,South,2024-06-15
CUST-1385,Hayley,Morton,hayley.morton@yahoo.com,7123211345,Port Kelly,WV,24881,United States,South,2023-01-13
CUST-1386,Phillip,Davis,phillip.davis@yahoo.com,(468)940-0799x4879,Port Lee,AZ,85988,United States,West,2023-09-16
CUST-1387,Jennifer,Mccarthy,jennifer.mccarthy@gmail.com,998.671.7098x43783,East Christopher,NH,03599,United States,Northeast,2025-10-02
CUST-1388,Trevor,Turner,trevor.turner@gmail.com,001-662-706-4620x5919,Collinsfort,OR,97266,United States,West,2023-06-02
CUST-1389,David,Mooney,david.mooney@hotmail.com,(735)646-0713x7599,Jasonmouth,TN,37359,United States,South,2024-01-04
CUST-1390,Kelly,Bennett,kelly.bennett@gmail.com,001-670-275-9125x629,Donaldport,IL,62023,United States,Midwest,2024-06-01
CUST-1391,Justin,Perez,justin.perez@hotmail.com,(288)679-9424x95629,New Amyfurt,MA,01408,United States,Northeast,2024-04-06
CUST-1392,James,Scott,james.scott@gmail.com,+1-718-441-3548x8581,North Annehaven,RI,02831,United States,Northeast,2023-05-24
CUST-1393,Nicholas,Williams,nicholas.williams@yahoo.com,437-730-4214x0412,Port Savannah,NM,87342,United States,West,2023-05-17
CUST-1394,Stephen,Aguirre,stephen.aguirre@yahoo.com,+1-481-813-3469,East Edwardmouth,NC,27498,United States,South,2023-02-01
CUST-1395,Kevin,Gomez,kevin.gomez@yahoo.com,404.652.6279,Lewisview,GA,31652,United States,South,2024-03-11
CUST-1396,Mary,Murray,mary.murray@yahoo.com,302.405.9221x39134,East James,AR,72713,United States,South,2023-11-20
CUST-1397,Vanessa,Lopez,vanessa.lopez@yahoo.com,001-299-502-3684x976,Kevinmouth,NH,03114,United States,Northeast,2024-05-19
CUST-1398,Pamela,Thompson,pamela.thompson@yahoo.com,669.805.4119x56861,South Roger,CT,06185,United States,Northeast,2024-01-23
CUST-1399,Victor,Walton,victor.walton@gmail.com,001-937-559-4610x722,Gwendolynstad,MI,49197,United States,Midwest,2023-12-05
CUST-1400,Ryan,Walker,ryan.walker@hotmail.com,431.341.5621x12330,Juliaview,VA,22420,United States,South,2024-03-04
CUST-1401,Preston,Hernandez,preston.hernandez@yahoo.com,001-920-971-4339,West Joy,CO,81512,United States,West,2025-07-02
CUST-1402,Edward,Williams,edward.williams@yahoo.com,279-508-4515x03320,South Jesseborough,NC,27864,United States,South,2024-11-02
CUST-1403,Tony,Vargas,tony.vargas@gmail.com,001-858-447-8164x689,East Pamela,TN,37290,United States,South,2024-07-16
CUST-1404,Daniel,Clark,daniel.clark@hotmail.com,260-534-3018,New Lindsay,ID,83319,United States,West,2024-04-29
CUST-1405,Michael,Scott,michael.scott@gmail.com,924.540.3667,South Joshualand,AZ,85718,United States,West,2025-12-16
CUST-1406,Sandra,Collins,sandra.collins@hotmail.com,5414447172,East Joymouth,KS,67178,United States,Midwest,2024-03-04
CUST-1407,Alexandra,Johnson,alexandra.johnson@hotmail.com,(303)488-0074x5098,Erikchester,VA,22469,United States,South,2024-07-16
CUST-1408,Hayley,Rhodes,hayley.rhodes@hotmail.com,+1-888-961-5348x6811,New James,NH,03550,United States,Northeast,2024-10-19
CUST-1409,Stephanie,Moore,stephanie.moore@yahoo.com,898.442.8729,Penningtonhaven,NH,03207,United States,Northeast,2024-06-12
CUST-1410,Ronnie,Cox,ronnie.cox@yahoo.com,001-285-270-0293x939,East James,ND,58643,United States,Midwest,2023-12-26
CUST-1411,Mark,Jones,mark.jones@hotmail.com,929-479-0835x84549,New Kristinport,ND,58330,United States,Midwest,2024-01-25
CUST-1412,Cynthia,Rodriguez,cynthia.rodriguez@gmail.com,(286)903-6700x7252,Burtonville,SC,29709,United States,South,2024-01-08
CUST-1413,Brian,Hawkins,brian.hawkins@hotmail.com,001-999-578-5882x9745,North Rachel,HI,96767,United States,West,2024-06-03
CUST-1414,Edward,Wright,edward.wright@yahoo.com,650.371.2251x16431,Brandonhaven,MS,39604,United States,South,2023-07-03
CUST-1415,John,Stanton,john.stanton@yahoo.com,754-814-2994x094,Joshuaville,MS,39238,United States,South,2023-07-27
CUST-1416,Christina,Padilla,christina.padilla@yahoo.com,+1-210-755-5609x3524,Port George,ME,04314,United States,Northeast,2023-12-17
CUST-1417,Angela,Norris,angela.norris@yahoo.com,001-865-721-5085,Josephland,MO,65254,United States,Midwest,2024-08-24
CUST-1418,Troy,Patterson,troy.patterson@hotmail.com,001-666-967-6867x323,Smithstad,NE,68004,United States,Midwest,2024-02-02
CUST-1419,Christopher,Farrell,christopher.farrell@gmail.com,001-288-422-7685x22914,Walkermouth,WY,82043,United States,West,2024-07-10
CUST-1420,Luis,Palmer,luis.palmer@yahoo.com,+1-435-423-9191x2849,West Ashleystad,MI,49363,United States,Midwest,2024-01-13
CUST-1421,Alexandra,Gonzales,alexandra.gonzales@gmail.com,421-419-1829,East Michael,UT,84537,United States,West,2024-07-08
CUST-1422,David,Carter,david.carter@gmail.com,+1-927-404-9627x30494,Leeberg,RI,02822,United States,Northeast,2024-02-08
CUST-1423,Melissa,Torres,melissa.torres@hotmail.com,+1-608-206-4215x10394,Jamesfort,AR,72601,United States,South,2024-08-31
CUST-1424,James,Huynh,james.huynh@yahoo.com,(557)790-4440x96138,Sparksborough,DC,20035,United States,South,2024-12-09
CUST-1425,Mark,Garza,mark.garza@gmail.com,324-881-7039x1463,Joshuaborough,SD,57242,United States,Midwest,2025-08-20
CUST-1426,Peter,Holland,peter.holland@gmail.com,623-878-0155x54156,North Yolandaview,TN,37253,United States,South,2023-08-23
CUST-1427,Dylan,Ashley,dylan.ashley@gmail.com,698.777.2613,Nancyhaven,MI,49136,United States,Midwest,2023-07-26
CUST-1428,Carol,Gallagher,carol.gallagher@hotmail.com,825.475.8410x42792,South Michelle,CA,92115,United States,West,2024-02-22
CUST-1429,Christopher,Nguyen,christopher.nguyen@hotmail.com,504-494-8966x990,Lake Amandashire,MI,49534,United States,Midwest,2024-06-25
CUST-1430,Jason,Yu,jason.yu@gmail.com,972-809-6623,North Laurenville,CT,06190,United States,Northeast,2024-03-17
CUST-1431,Danielle,Richmond,danielle.richmond@yahoo.com,885.454.4715,West Sara,OK,73040,United States,South,2024-12-06
CUST-1432,Melissa,Ball,melissa.ball@gmail.com,(223)670-4001,West Brent,UT,84026,United States,West,2024-05-26
CUST-1433,Brian,Norris,brian.norris@gmail.com,+1-776-499-2096x213,Michaelland,MO,64164,United States,Midwest,2024-11-20
CUST-1434,Kimberly,Arias,kimberly.arias@hotmail.com,(590)290-6415x4449,Port Jennifer,ME,04572,United States,Northeast,2023-08-22
CUST-1435,Erica,Jacobson,erica.jacobson@yahoo.com,747-524-1610x36017,Mcdonaldville,KY,40856,United States,South,2023-11-16
CUST-1436,Brian,Nielsen,brian.nielsen@hotmail.com,+1-476-466-7993x38394,Hannahview,WA,98053,United States,West,2023-07-13
CUST-1437,George,Ryan,george.ryan@gmail.com,001-574-406-1287x911,Carterbury,TX,77265,United States,South,2024-07-26
CUST-1438,Amber,Collins,amber.collins@hotmail.com,(757)960-3606,Leonardville,RI,02835,United States,Northeast,2024-09-05
CUST-1439,Brandy,Hammond,brandy.hammond@gmail.com,+1-971-442-5304x30919,Lake Melissa,GA,31649,United States,South,2023-10-08
CUST-1440,Gabrielle,Jones,gabrielle.jones@hotmail.com,5425998185,Port Julieshire,MI,48851,United States,Midwest,2023-07-17
CUST-1441,Danielle,Robinson,danielle.robinson@hotmail.com,+1-909-935-2679x780,West Karen,CO,81524,United States,West,2024-03-31
CUST-1442,Frederick,Moore,frederick.moore@gmail.com,001-869-596-8105x547,West Taylorton,PA,16086,United States,Northeast,2023-02-12
CUST-1443,Kerry,Fields,kerry.fields@yahoo.com,001-213-461-4007,Taylorberg,TX,78522,United States,South,2024-07-29
CUST-1444,Ashley,Patterson,ashley.patterson@yahoo.com,395.718.0499x262,Lake Sabrina,GA,30736,United States,South,2023-06-14
CUST-1445,Joseph,Ramsey,joseph.ramsey@hotmail.com,+1-413-813-3546x55489,Lake Mary,MN,55758,United States,Midwest,2024-02-22
CUST-1446,Jonathan,Rogers,jonathan.rogers@gmail.com,262-784-4313x517,West Christopherchester,MD,21330,United States,South,2024-03-06
CUST-1447,James,Martin,james.martin@hotmail.com,001-349-203-5217x61048,South Alexmouth,TN,38184,United States,South,2025-06-28
CUST-1448,Michael,Ramirez,michael.ramirez@gmail.com,(266)279-8472,Novakside,VT,05236,United States,Northeast,2024-02-06
CUST-1449,Henry,Roberts,henry.roberts@hotmail.com,(733)604-0446x8946,New Amberfurt,TX,79947,United States,South,2024-02-07
CUST-1450,Theresa,Kemp,theresa.kemp@hotmail.com,(347)215-9486,Mannbury,MT,59643,United States,West,2024-04-20
CUST-1451,Susan,Henderson,susan.henderson@hotmail.com,(953)967-8867,Deborahburgh,FL,32608,United States,South,2023-11-26
CUST-1452,Doris,Mcclure,doris.mcclure@yahoo.com,001-747-831-5855x431,Tinaborough,RI,02917,United States,Northeast,2024-06-22
CUST-1453,Daniel,Turner,daniel.turner@yahoo.com,+1-830-687-5137x75067,Larryside,VA,24649,United States,South,2025-03-20
CUST-1454,Nicole,Porter,nicole.porter@hotmail.com,001-663-573-5270x383,New Deannaport,CO,81577,United States,West,2023-05-27
CUST-1455,Laurie,Ramirez,laurie.ramirez@gmail.com,9279946983,North Ericberg,MD,20830,United States,South,2024-04-19
CUST-1456,Timothy,Hardy,timothy.hardy@yahoo.com,(762)623-1991x8581,Port Mckenzieport,OK,73054,United States,South,2024-05-10
CUST-1457,Heather,Nichols,heather.nichols@yahoo.com,494.901.3110,North Amyhaven,MO,65849,United States,Midwest,2024-12-18
CUST-1458,Hector,George,hector.george@yahoo.com,(865)235-2340x2479,Lake Tylerhaven,TN,38429,United States,South,2023-06-15
CUST-1459,Mark,Hampton,mark.hampton@yahoo.com,546-729-1979,Laurenfort,DC,20003,United States,South,2024-05-11
CUST-1460,Stephanie,Stevens,stephanie.stevens@gmail.com,760.676.4817x79141,South Fredfurt,MI,49440,United States,Midwest,2023-09-10
CUST-1461,Brooke,Walker,brooke.walker@hotmail.com,(544)850-6741,West Nicole,FL,33016,United States,South,2024-08-26
CUST-1462,Jason,Stark,jason.stark@hotmail.com,269.335.3619x238,Rickyton,TX,79359,United States,South,2023-07-08
CUST-1463,Todd,Walker,todd.walker@hotmail.com,803.214.0987x83127,Port Juanport,VT,05260,United States,Northeast,2024-06-06
CUST-1464,Amanda,Freeman,amanda.freeman@yahoo.com,(204)905-2369,Wallberg,WV,25143,United States,South,2023-04-13
CUST-1465,Kevin,Richardson,kevin.richardson@hotmail.com,+1-535-503-0036x1120,North Timothy,UT,84573,United States,West,2025-02-22
CUST-1466,Jasmine,Bonilla,jasmine.bonilla@yahoo.com,+1-750-815-6066,East Heatherside,ND,58737,United States,Midwest,2023-03-20
CUST-1467,Diane,Potts,diane.potts@yahoo.com,001-481-441-3002x604,Gouldborough,CO,81407,United States,West,2023-11-12
CUST-1468,Nicholas,Ramirez,nicholas.ramirez@hotmail.com,888-689-6471,New Nicoletown,TN,37392,United States,South,2024-10-26
CUST-1469,Shari,Smith,shari.smith@gmail.com,001-653-858-7041x3713,Schneiderborough,TX,76794,United States,South,2024-01-25
CUST-1470,Briana,Duncan,briana.duncan@hotmail.com,869.678.0093,Michaelview,NV,89168,United States,West,2024-07-31
CUST-1471,Adrienne,Brown,adrienne.brown@yahoo.com,680-647-4972,Lake Christopher,NC,27074,United States,South,2023-02-13
CUST-1472,Kevin,Norman,kevin.norman@yahoo.com,7412236511,Ebonybury,MS,39046,United States,South,2023-10-31
CUST-1473,Lisa,Parker,lisa.parker@gmail.com,765.840.9298x09548,North Scott,AK,99570,United States,West,2023-07-03
CUST-1474,Nicholas,Young,nicholas.young@yahoo.com,568-335-2218x193,Harrisstad,MS,39299,United States,South,2024-11-07
CUST-1475,Tara,Hull,tara.hull@yahoo.com,445-451-3504,Changton,MD,21752,United States,South,2024-04-01
CUST-1476,David,Moreno,david.moreno@yahoo.com,001-818-960-3536x88860,Port Madeline,ID,83211,United States,West,2023-12-04
CUST-1477,Barbara,Landry,barbara.landry@yahoo.com,864.203.1851x0150,West Chelseafurt,IN,47849,United States,Midwest,2024-03-26
CUST-1478,Caitlin,Martin,caitlin.martin@yahoo.com,360.910.1792,Kerrychester,MI,48241,United States,Midwest,2023-12-17
CUST-1479,Michael,Cohen,michael.cohen@hotmail.com,753.850.3584,East Codyview,WY,82631,United States,West,2023-12-17
CUST-1480,Luis,Walker,luis.walker@hotmail.com,+1-736-986-3894x7836,Melissaberg,NY,10886,United States,Northeast,2024-04-30
CUST-1481,Linda,Merritt,linda.merritt@hotmail.com,+1-519-830-6960x01091,New Sarahside,IL,61851,United States,Midwest,2024-09-07
CUST-1482,Virginia,Rodriguez,virginia.rodriguez@gmail.com,907-921-4905x87864,Newtonberg,IA,51620,United States,Midwest,2025-02-22
CUST-1483,John,Martinez,john.martinez@yahoo.com,539.346.5665x738,Johnmouth,FL,32062,United States,South,2024-04-13
CUST-1484,Steven,Whitehead,steven.whitehead@gmail.com,791-758-4677x78219,Douglasburgh,GA,30494,United States,South,2024-03-17
CUST-1485,Jamie,Goodwin,jamie.goodwin@yahoo.com,226.932.3615x835,Robertsonshire,CA,93100,United States,West,2024-08-17
CUST-1486,Stephanie,Gomez,stephanie.gomez@gmail.com,652.704.1470x017,Fisherton,ME,04182,United States,Northeast,2023-05-06
CUST-1487,Nathan,Meyer,nathan.meyer@gmail.com,814-711-5399,Tranport,DC,20031,United States,South,2024-06-02
CUST-1488,Kara,Mcdonald,kara.mcdonald@yahoo.com,001-270-466-9705x4823,Mendezbury,CT,06310,United States,Northeast,2025-11-07
CUST-1489,Justin,Erickson,justin.erickson@hotmail.com,707.736.6120x0794,Jenniferton,NC,27088,United States,South,2024-03-25
CUST-1490,Shannon,Moss,shannon.moss@gmail.com,001-982-948-0160x710,Lauraberg,WY,82152,United States,West,2024-09-10
CUST-1491,Christopher,Harvey,christopher.harvey@yahoo.com,893-352-1787,Michaelberg,OH,43190,United States,Midwest,2024-08-30
CUST-1492,Michaela,Johnson,michaela.johnson@gmail.com,+1-302-234-4603x3174,Marcusmouth,WV,25414,United States,South,2024-11-05
CUST-1493,Nancy,Jones,nancy.jones@hotmail.com,(473)309-6293x88015,New Destinyland,ND,58400,United States,Midwest,2024-12-25
CUST-1494,Michael,Miles,michael.miles@gmail.com,211-310-0905x0021,Amyfort,AZ,85149,United States,West,2023-07-22
CUST-1495,Cindy,Lindsey,cindy.lindsey@hotmail.com,848-572-4541,Schultzbury,TX,79879,United States,South,2023-07-25
CUST-1496,John,Simon,john.simon@hotmail.com,(528)947-4899x5971,West Arthur,MI,48667,United States,Midwest,2023-07-02
CUST-1497,Erin,Walker,erin.walker@gmail.com,272-920-5961x94435,Tammyburgh,WY,82192,United States,West,2025-01-05
CUST-1498,Carrie,Keith,carrie.keith@gmail.com,+1-506-676-2556x949,New Robert,SC,29262,United States,South,2025-10-01
CUST-1499,Carol,Taylor,carol.taylor@yahoo.com,+1-949-675-8885x6660,Murphyton,FL,32347,United States,South,2024-04-14
CUST-1500,Ashley,Calderon,ashley.calderon@hotmail.com,(897)970-1592x39345,New Anthonymouth,RI,02928,United States,Northeast,2023-07-24
CUST-1501,Jose,Harper,jose.harper@hotmail.com,575.430.1463x7754,Braytown,MO,64956,United States,Midwest,2023-02-06
CUST-1502,Susan,Boyd,susan.boyd@gmail.com,9235184903,Joelberg,GA,30274,United States,South,2023-06-15
CUST-1503,Devin,Pena,devin.pena@hotmail.com,+1-269-580-5383x91778,Gonzalezmouth,HI,96867,United States,West,2023-01-13
CUST-1504,Kristin,Hurst,kristin.hurst@hotmail.com,+1-745-653-3929,Lake Wendy,ID,83401,United States,West,2024-04-08
CUST-1505,Jacob,Knox,jacob.knox@gmail.com,616.800.1907,Nicoleborough,VT,05132,United States,Northeast,2024-08-22
CUST-1506,Mike,Higgins,mike.higgins@yahoo.com,239-689-9330x02406,Port Jason,WY,83060,United States,West,2024-03-07
CUST-1507,Jesse,Murray,jesse.murray@hotmail.com,742.413.8848,Gordonmouth,SC,29353,United States,South,2024-11-11
CUST-1508,Douglas,Anderson,douglas.anderson@gmail.com,8693539780,Sarahchester,HI,96774,United States,West,2024-09-15
CUST-1509,Kevin,Barnes,kevin.barnes@yahoo.com,+1-895-425-1038x60188,Lake Terriborough,WA,98283,United States,West,2023-09-19
CUST-1510,Stephanie,Blake,stephanie.blake@hotmail.com,2208706055,West Keithburgh,NH,03219,United States,Northeast,2024-09-24
CUST-1511,Barbara,Taylor,barbara.taylor@hotmail.com,001-655-604-2783x8506,Port Angieland,AZ,85490,United States,West,2024-07-25
CUST-1512,Mark,Gray,mark.gray@gmail.com,810-747-6046,Robinsonbury,NE,68013,United States,Midwest,2025-07-28
CUST-1513,Elizabeth,Sexton,elizabeth.sexton@gmail.com,966-405-8293,Boydton,MS,39462,United States,South,2024-01-30
CUST-1514,Maria,Cannon,maria.cannon@gmail.com,001-698-296-5491x059,Jasminechester,UT,84180,United States,West,2023-10-16
CUST-1515,Beverly,Galloway,beverly.galloway@gmail.com,(724)556-3234,Thompsonhaven,WA,98906,United States,West,2023-01-04
CUST-1516,Paul,Griffin,paul.griffin@hotmail.com,397-745-0474x7001,New Melindamouth,KS,66064,United States,Midwest,2024-10-25
CUST-1517,Haley,Arias,haley.arias@hotmail.com,685-528-9676x135,Lake Ronald,NH,03184,United States,Northeast,2025-12-25
CUST-1518,Elizabeth,Medina,elizabeth.medina@yahoo.com,711.879.4712x21339,Aaronville,SC,29176,United States,South,2023-02-04
CUST-1519,Rachel,Frederick,rachel.frederick@yahoo.com,927-336-4973x956,East Caroline,ME,04435,United States,Northeast,2023-05-13
CUST-1520,Steven,Harris,steven.harris@gmail.com,(297)706-4023,Stephenshire,WI,54352,United States,Midwest,2024-05-12
CUST-1521,Joseph,Williams,joseph.williams@gmail.com,001-257-636-1570,Lake Catherine,WV,25455,United States,South,2023-05-05
CUST-1522,Bruce,Vaughn,bruce.vaughn@hotmail.com,001-461-221-0767x1352,Port Jennifer,DC,20029,United States,South,2024-03-10
CUST-1523,Teresa,Reynolds,teresa.reynolds@gmail.com,001-478-219-7074x2981,Jeffreyville,NH,03253,United States,Northeast,2023-09-25
CUST-1524,Peter,Werner,peter.werner@hotmail.com,939-436-3804x5278,North Melodystad,IA,50646,United States,Midwest,2023-12-23
CUST-1525,Jessica,Guerrero,jessica.guerrero@gmail.com,3626330621,Allenhaven,OH,44346,United States,Midwest,2024-01-15
CUST-1526,Lisa,Alvarez,lisa.alvarez@yahoo.com,269.215.1122,Mathiston,KS,67594,United States,Midwest,2023-11-26
CUST-1527,Anita,Rodriguez,anita.rodriguez@yahoo.com,+1-839-254-2311x4478,Kevinport,MD,21930,United States,South,2023-01-04
CUST-1528,Mark,Jackson,mark.jackson@yahoo.com,486-903-2508x747,Geraldbury,DC,20006,United States,South,2024-06-25
CUST-1529,Joseph,Hudson,joseph.hudson@yahoo.com,+1-965-205-6066x12650,North Isabella,NM,87159,United States,West,2024-06-17
CUST-1530,Tina,Scott,tina.scott@hotmail.com,001-974-657-4599x31853,Lake Joshuaburgh,IL,60192,United States,Midwest,2024-01-13
CUST-1531,Kelsey,Payne,kelsey.payne@hotmail.com,4353079693,North Jasonport,MS,39060,United States,South,2024-01-10
CUST-1532,Seth,White,seth.white@yahoo.com,8415499819,South Kelsey,UT,84360,United States,West,2024-10-25
CUST-1533,Richard,Jefferson,richard.jefferson@gmail.com,4307351342,East Andrea,OR,97872,United States,West,2024-09-03
CUST-1534,Tina,Poole,tina.poole@gmail.com,497-767-2415x75412,North Jill,NH,03395,United States,Northeast,2024-06-04
CUST-1535,John,Dunlap,john.dunlap@hotmail.com,001-509-510-3567x32178,Torresburgh,NJ,08581,United States,Northeast,2023-08-28
CUST-1536,Miranda,Hudson,miranda.hudson@yahoo.com,(445)524-4949x82813,Christinemouth,WY,82645,United States,West,2023-07-03
CUST-1537,Elizabeth,Johnson,elizabeth.johnson@hotmail.com,695-897-0834x0675,Robertsfort,ME,04528,United States,Northeast,2024-06-14
CUST-1538,Derrick,Foley,derrick.foley@hotmail.com,001-976-621-0356,Bradleyborough,WY,82013,United States,West,2024-05-29
CUST-1539,Jared,Simon,jared.simon@gmail.com,(946)271-4428x52600,Coryburgh,MO,63251,United States,Midwest,2025-06-30
CUST-1540,Emily,Hernandez,emily.hernandez@gmail.com,280.544.4293x9185,Sanchezside,NC,28771,United States,South,2024-12-01
CUST-1541,Charles,Smith,charles.smith@gmail.com,+1-738-366-1600x99972,Stevenburgh,ND,58138,United States,Midwest,2023-09-04
CUST-1542,Wyatt,Green,wyatt.green@gmail.com,(619)685-7174x638,East Todd,NE,68099,United States,Midwest,2023-03-06
CUST-1543,Johnny,Hancock,johnny.hancock@hotmail.com,861-564-6806,Lake Stephanieberg,HI,96790,United States,West,2024-07-15
CUST-1544,Susan,Johnson,susan.johnson@gmail.com,(701)416-6190x332,Ferrellshire,IL,62150,United States,Midwest,2025-03-13
CUST-1545,David,Collins,david.collins@gmail.com,474.458.8300x0866,Port Andreaport,RI,02892,United States,Northeast,2023-12-03
CUST-1546,Susan,Bishop,susan.bishop@gmail.com,001-837-516-1922x948,Harveymouth,FL,33441,United States,South,2024-06-07
CUST-1547,Nicholas,Schultz,nicholas.schultz@hotmail.com,+1-884-826-9023x624,Mcdonaldville,KY,40049,United States,South,2023-11-09
CUST-1548,Richard,Mitchell,richard.mitchell@hotmail.com,001-263-370-9685x87721,Anthonybury,AR,72087,United States,South,2025-08-02
CUST-1549,Joseph,Spence,joseph.spence@yahoo.com,429-848-0788,Cherylshire,TN,37619,United States,South,2023-05-12
CUST-1550,Richard,Barajas,richard.barajas@hotmail.com,+1-947-223-3798x315,Lorimouth,NM,87847,United States,West,2024-04-14
CUST-1551,Pamela,Solomon,pamela.solomon@hotmail.com,001-219-952-9541x7914,Amandaton,MS,38648,United States,South,2023-10-26
CUST-1552,Anna,Kim,anna.kim@gmail.com,+1-523-249-9083x010,Wilsonborough,OK,73014,United States,South,2024-09-25
CUST-1553,Billy,Gonzalez,billy.gonzalez@yahoo.com,762.898.2710,South Jenniferborough,CT,06045,United States,Northeast,2024-10-27
CUST-1554,Julia,Sanford,julia.sanford@hotmail.com,(221)334-8052,Beckberg,VA,22749,United States,South,2024-02-19
CUST-1555,Kerri,Wilson,kerri.wilson@yahoo.com,304-658-3706x12117,South Angela,ND,58055,United States,Midwest,2023-04-07
CUST-1556,Anthony,Curtis,anthony.curtis@gmail.com,521.756.0361,Makaylaberg,DE,19803,United States,South,2024-11-23
CUST-1557,Frank,Jackson,frank.jackson@yahoo.com,478-433-0127,Cassandrachester,ME,04838,United States,Northeast,2024-11-13
CUST-1558,Stephanie,Thompson,stephanie.thompson@gmail.com,+1-290-972-3721x306,Charlesland,CO,80952,United States,West,2024-01-10
CUST-1559,Gail,Taylor,gail.taylor@yahoo.com,001-483-808-2120,West Bobby,WI,53059,United States,Midwest,2024-08-10
CUST-1560,Holly,Martin,holly.martin@gmail.com,311.689.6718,Feliciaberg,HI,96822,United States,West,2024-11-23
CUST-1561,Gabrielle,West,gabrielle.west@hotmail.com,673-899-0671x8678,Lake Samantha,LA,71033,United States,South,2023-04-20
CUST-1562,Sherry,Carr,sherry.carr@hotmail.com,975.445.1878,Tinabury,NH,03044,United States,Northeast,2024-03-17
CUST-1563,Kathryn,Hendricks,kathryn.hendricks@hotmail.com,+1-850-258-8217x295,Jenniferborough,NC,28260,United States,South,2024-06-12
CUST-1564,Douglas,Underwood,douglas.underwood@hotmail.com,7259901520,East Matthew,GA,31319,United States,South,2023-06-13
CUST-1565,Alexis,Yang,alexis.yang@gmail.com,(468)460-4632,New Tracy,NV,88938,United States,West,2025-04-30
CUST-1566,Matthew,Berry,matthew.berry@gmail.com,(483)394-8921,West Adam,CO,80182,United States,West,2023-07-06
CUST-1567,Kimberly,Wheeler,kimberly.wheeler@hotmail.com,(408)610-9631,Jamesberg,IA,51249,United States,Midwest,2024-09-06
CUST-1568,Jacob,Green,jacob.green@yahoo.com,+1-327-568-6189x767,North Gerald,NH,03252,United States,Northeast,2025-07-07
CUST-1569,Brandon,Walker,brandon.walker@hotmail.com,4777124807,Middletonbury,MN,56269,United States,Midwest,2024-10-03
CUST-1570,Phillip,Floyd,phillip.floyd@hotmail.com,(357)538-0571x81377,West Pamelastad,AK,99596,United States,West,2024-09-13
CUST-1571,Natalie,Avila,natalie.avila@gmail.com,350-851-7568x016,Port Heatherberg,NE,68070,United States,Midwest,2024-11-05
CUST-1572,Joseph,Rich,joseph.rich@gmail.com,245.683.2040,Lake Samanthastad,AR,71654,United States,South,2023-09-05
CUST-1573,Ryan,Mercer,ryan.mercer@yahoo.com,+1-898-408-2480,Annamouth,MT,59357,United States,West,2023-02-04
CUST-1574,Carrie,Harris,carrie.harris@gmail.com,+1-822-609-1930x482,West Michael,NC,28446,United States,South,2024-04-02
CUST-1575,Joshua,Williams,joshua.williams@gmail.com,+1-780-593-5354,Coxton,MS,39599,United States,South,2024-04-16
CUST-1576,Joshua,Leon,joshua.leon@hotmail.com,5966154263,Helenmouth,KS,66979,United States,Midwest,2024-08-11
CUST-1577,Jeremy,Griffin,jeremy.griffin@hotmail.com,+1-921-563-1036,New Jacquelineland,MO,65291,United States,Midwest,2025-08-24
CUST-1578,Eric,Edwards,eric.edwards@hotmail.com,621-545-1480,Bellmouth,CO,80780,United States,West,2023-12-21
CUST-1579,Joe,Moore,joe.moore@yahoo.com,593-359-5487x67158,West Ninastad,MS,38923,United States,South,2024-04-20
CUST-1580,Michael,Sanders,michael.sanders@gmail.com,001-695-391-2311x246,Kellertown,IA,50425,United States,Midwest,2023-07-29
CUST-1581,Thomas,Hernandez,thomas.hernandez@gmail.com,382.853.7775,East Cherylview,AK,99937,United States,West,2025-05-11
CUST-1582,Joseph,Cohen,joseph.cohen@gmail.com,(291)598-7878,Port Whitney,MA,02255,United States,Northeast,2023-05-30
CUST-1583,Luis,Clark,luis.clark@yahoo.com,5235002510,East Deanna,CT,06173,United States,Northeast,2024-02-16
CUST-1584,Toni,Garcia,toni.garcia@gmail.com,(284)406-1553,Bruceberg,VA,22571,United States,South,2024-05-28
CUST-1585,William,Vega,william.vega@yahoo.com,(451)267-4071,South Danielle,TN,37391,United States,South,2024-10-05
CUST-1586,Michael,Barnett,michael.barnett@gmail.com,001-444-597-0143x4227,Smithton,MI,48744,United States,Midwest,2024-04-26
CUST-1587,Robert,Mathews,robert.mathews@gmail.com,(533)601-1417,East Bradleyside,DC,20012,United States,South,2023-04-15
CUST-1588,Sandy,Davis,sandy.davis@yahoo.com,+1-713-710-4412,Micheleborough,GA,31998,United States,South,2024-02-24
CUST-1589,William,Ramsey,william.ramsey@yahoo.com,+1-716-847-7394x516,East Christopherview,FL,34788,United States,South,2024-06-14
CUST-1590,Joe,Lewis,joe.lewis@hotmail.com,(791)395-5208,North Christine,AZ,85462,United States,West,2024-08-14
CUST-1591,James,Reese,james.reese@yahoo.com,2627371429,Owensborough,ME,04763,United States,Northeast,2024-02-05
CUST-1592,Adam,Bonilla,adam.bonilla@gmail.com,(497)763-4170x5835,Evansmouth,NM,87400,United States,West,2023-05-15
CUST-1593,Erik,Bailey,erik.bailey@hotmail.com,001-931-320-2721x7785,South Deborah,VT,05478,United States,Northeast,2024-03-23
CUST-1594,Allison,Tapia,allison.tapia@yahoo.com,995-572-2761,North Shelly,FL,32556,United States,South,2023-06-27
CUST-1595,Sonia,Johnson,sonia.johnson@hotmail.com,+1-848-618-9660x263,Rasmussenton,WI,54444,United States,Midwest,2024-04-09
CUST-1596,Michael,Johnson,michael.johnson@yahoo.com,+1-477-215-5611x001,South Josephmouth,VA,23053,United States,South,2025-03-07
CUST-1597,Kristina,Johnston,kristina.johnston@hotmail.com,543-876-5928x8319,Ashleyfurt,NM,87256,United States,West,2024-09-14
CUST-1598,Teresa,Pratt,teresa.pratt@hotmail.com,(202)996-6461x837,Tatemouth,NH,03845,United States,Northeast,2024-09-02
CUST-1599,Jasmine,Morris,jasmine.morris@gmail.com,001-224-262-6599x36425,East Alicia,SC,29064,United States,South,2023-05-26
CUST-1600,Andrew,Fisher,andrew.fisher@gmail.com,894-805-6598x653,South Sean,AL,36169,United States,South,2024-04-02
CUST-1601,Cynthia,Miller,cynthia.miller@yahoo.com,710.974.5573x78190,West Melissa,CO,81022,United States,West,2024-10-23
CUST-1602,Bethany,Burke,bethany.burke@gmail.com,(585)974-3618x131,West Courtney,AK,99667,United States,West,2023-06-02
CUST-1603,William,Mayo,william.mayo@yahoo.com,3393317097,Feliciaburgh,KY,40036,United States,South,2023-02-09
CUST-1604,Natalie,Davis,natalie.davis@hotmail.com,001-355-597-3380,West Casey,IN,46003,United States,Midwest,2023-06-14
CUST-1605,Elizabeth,Smith,elizabeth.smith@gmail.com,+1-632-733-0738x38011,North Georgetown,GA,30481,United States,South,2024-04-29
CUST-1606,Veronica,Robinson,veronica.robinson@yahoo.com,001-538-439-1828x0498,Port Jamesberg,OK,73075,United States,South,2024-08-22
CUST-1607,Kimberly,Jones,kimberly.jones@yahoo.com,805.239.9538x81223,Woodfurt,WA,99381,United States,West,2023-01-29
CUST-1608,Sean,Smith,sean.smith@yahoo.com,+1-493-914-4735x2742,South Emily,RI,02812,United States,Northeast,2023-10-15
CUST-1609,Sheila,Hendricks,sheila.hendricks@yahoo.com,3952091743,Laurenton,ND,58100,United States,Midwest,2024-02-03
CUST-1610,Christopher,Montoya,christopher.montoya@yahoo.com,+1-656-806-1217x76736,Kempstad,NV,89159,United States,West,2023-01-19
CUST-1611,Emma,Harris,emma.harris@hotmail.com,442.305.4697x173,South Sheilastad,DE,19941,United States,South,2024-05-29
CUST-1612,Joy,Gomez,joy.gomez@yahoo.com,503-705-4647,Roseview,WY,82343,United States,West,2025-04-02
CUST-1613,Sarah,Rodriguez,sarah.rodriguez@hotmail.com,948.293.2959x0112,Hoffmanville,ME,04501,United States,Northeast,2024-10-24
CUST-1614,Robert,Williams,robert.williams@hotmail.com,745.415.9446,Rodriguezport,KS,67454,United States,Midwest,2024-05-19
CUST-1615,Nina,Smith,nina.smith@hotmail.com,4375329919,Cobbburgh,MD,21256,United States,South,2024-02-06
CUST-1616,Sarah,Morales,sarah.morales@yahoo.com,733-986-8273x98892,East Joseph,DE,19817,United States,South,2023-03-02
CUST-1617,Carrie,Woods,carrie.woods@hotmail.com,(785)434-6721x089,East Terryhaven,AR,72070,United States,South,2024-03-08
CUST-1618,Alexander,Johnson,alexander.johnson@yahoo.com,(244)494-5064x93669,Chadport,KS,66713,United States,Midwest,2023-10-05
CUST-1619,Stephen,Berg,stephen.berg@gmail.com,(205)488-3117x4552,Susanside,NE,68117,United States,Midwest,2025-07-10
CUST-1620,Angela,Fuller,angela.fuller@hotmail.com,+1-434-273-7446x50099,Juarezfurt,SD,57448,United States,Midwest,2024-02-21
CUST-1621,Carly,Valenzuela,carly.valenzuela@yahoo.com,(918)579-2733,Lake Wesleymouth,DC,20003,United States,South,2025-05-09
CUST-1622,Ashley,Brown,ashley.brown@gmail.com,610-281-7962,Port Elizabeth,SC,29346,United States,South,2024-06-25
CUST-1623,Maria,Castillo,maria.castillo@gmail.com,537.394.3605,Courtneytown,NJ,08968,United States,Northeast,2024-08-15
CUST-1624,Robert,Mcdowell,robert.mcdowell@yahoo.com,820.850.6397,South Mariachester,CA,92486,United States,West,2025-12-10
CUST-1625,John,Rollins,john.rollins@hotmail.com,001-257-663-1709x2378,Greenemouth,DE,19731,United States,South,2024-02-04
CUST-1626,Kaylee,Brewer,kaylee.brewer@hotmail.com,6392701698,New Christine,NY,12980,United States,Northeast,2024-11-28
CUST-1627,Christopher,Williams,christopher.williams@yahoo.com,913-210-1696x277,East Kimtown,RI,02863,United States,Northeast,2024-04-09
CUST-1628,Jamie,Watson,jamie.watson@hotmail.com,3476235588,Gatestown,OH,44219,United States,Midwest,2024-04-30
CUST-1629,Michele,Solis,michele.solis@hotmail.com,(542)551-4505x1178,Lake Tracyview,AK,99935,United States,West,2023-09-05
CUST-1630,Nancy,Nguyen,nancy.nguyen@yahoo.com,+1-967-386-9443x47799,Nataliehaven,SD,57702,United States,Midwest,2024-01-09
CUST-1631,Paula,Campbell,paula.campbell@gmail.com,+1-536-338-5661x66219,South Nicole,NC,28110,United States,South,2023-01-21
CUST-1632,Carolyn,Doyle,carolyn.doyle@gmail.com,(643)431-5132x80156,East Gina,OR,97479,United States,West,2023-12-29
CUST-1633,Jeremiah,Baxter,jeremiah.baxter@hotmail.com,855-215-8044x79783,Williamview,KS,66385,United States,Midwest,2025-02-21
CUST-1634,Lori,Rodriguez,lori.rodriguez@gmail.com,+1-744-375-9055x253,West Jillmouth,VA,22638,United States,South,2024-02-29
CUST-1635,Mark,Rodriguez,mark.rodriguez@hotmail.com,601.487.8179,Brownborough,GA,30718,United States,South,2023-07-18
CUST-1636,John,Cox,john.cox@gmail.com,001-544-984-9861x54418,Jessicafort,ME,04563,United States,Northeast,2024-05-15
CUST-1637,Maxwell,Leon,maxwell.leon@hotmail.com,(374)277-2910x4419,Spencerhaven,NV,89690,United States,West,2024-01-30
CUST-1638,Richard,Mitchell,richard.mitchell@yahoo.com,252-463-4801x39952,Catherineport,AL,35047,United States,South,2025-04-09
CUST-1639,Jason,Paul,jason.paul@hotmail.com,(470)581-4252x01381,Torresland,SC,29818,United States,South,2023-12-26
CUST-1640,Jennifer,Martin,jennifer.martin@gmail.com,6635257084,Wilsonside,MN,55293,United States,Midwest,2024-10-27
CUST-1641,Olivia,Coleman,olivia.coleman@yahoo.com,679.653.4053x202,Michaelland,KS,66137,United States,Midwest,2024-01-06
CUST-1642,Todd,Barnett,todd.barnett@hotmail.com,885-608-4017,Larsenstad,OR,97276,United States,West,2023-03-09
CUST-1643,Jared,Hensley,jared.hensley@hotmail.com,752-703-4353x591,West Grantville,NE,68112,United States,Midwest,2024-04-14
CUST-1644,Kathleen,Hampton,kathleen.hampton@gmail.com,001-225-318-5030x697,Chavezshire,ID,83320,United States,West,2023-08-28
CUST-1645,Joshua,Montgomery,joshua.montgomery@yahoo.com,(224)555-5791x46265,Bowenland,TX,79124,United States,South,2023-08-10
CUST-1646,Justin,Hunt,justin.hunt@hotmail.com,001-903-986-7907x16311,Johnsonland,TX,76081,United States,South,2024-03-14
CUST-1647,Valerie,Preston,valerie.preston@hotmail.com,(581)241-2805x89422,Donnaborough,CO,80480,United States,West,2024-01-08
CUST-1648,Christopher,Baldwin,christopher.baldwin@gmail.com,+1-658-300-5899,Morganport,ND,58286,United States,Midwest,2024-03-05
CUST-1649,Nicholas,Taylor,nicholas.taylor@gmail.com,338.792.9121x649,Jennifertown,MS,38733,United States,South,2024-05-04
CUST-1650,Robert,Bates,robert.bates@gmail.com,362.864.6746x855,Lake Ryanmouth,CA,93390,United States,West,2023-03-27
CUST-1651,Russell,Williams,russell.williams@gmail.com,981-615-3230x67649,West Emily,ND,58110,United States,Midwest,2024-09-23
CUST-1652,Joseph,Shaw,joseph.shaw@hotmail.com,563.525.8645x257,Smithland,OH,45942,United States,Midwest,2023-11-02
CUST-1653,Michael,Serrano,michael.serrano@gmail.com,+1-764-409-9177x619,Chavezview,NC,27893,United States,South,2023-12-15
CUST-1654,Jennifer,Archer,jennifer.archer@gmail.com,+1-319-994-9703,Robertsshire,DC,20014,United States,South,2025-05-03
CUST-1655,Randall,White,randall.white@hotmail.com,+1-652-911-7834x641,West Michael,NC,27331,United States,South,2024-03-12
CUST-1656,Todd,Nunez,todd.nunez@hotmail.com,001-733-314-5611x40711,Alexisfurt,OK,73119,United States,South,2023-11-08
CUST-1657,Emily,Duke,emily.duke@gmail.com,720-887-7645,Taraport,AK,99863,United States,West,2024-04-21
CUST-1658,Timothy,Young,timothy.young@hotmail.com,321.761.0470x1068,North Jennifer,MO,64762,United States,Midwest,2024-02-03
CUST-1659,Brooke,Barnes,brooke.barnes@yahoo.com,489.586.4493x7541,Port Kristineville,NM,87528,United States,West,2023-11-28
CUST-1660,Monica,Huang,monica.huang@yahoo.com,(574)813-3487,New Aaron,AZ,85969,United States,West,2023-07-19
CUST-1661,Ryan,Berry,ryan.berry@yahoo.com,(609)250-1177,East Douglastown,SD,57045,United States,Midwest,2024-03-02
CUST-1662,Michael,Morales,michael.morales@gmail.com,(684)341-0256,South Loriland,MO,63392,United States,Midwest,2024-03-16
CUST-1663,David,Hernandez,david.hernandez@hotmail.com,409-872-5977x20260,New Tiffanyville,MS,39424,United States,South,2023-10-31
CUST-1664,Carrie,Mack,carrie.mack@gmail.com,(730)404-6309,Loganmouth,KY,40911,United States,South,2024-08-25
CUST-1665,Anthony,Powers,anthony.powers@gmail.com,675-494-4675x26785,Santiagotown,WV,25866,United States,South,2024-11-06
CUST-1666,Jessica,Pearson,jessica.pearson@yahoo.com,(936)444-9918,West Derrick,AK,99591,United States,West,2023-01-24
CUST-1667,Alex,Rios,alex.rios@yahoo.com,+1-268-448-5999x901,Davisborough,MN,55395,United States,Midwest,2023-12-12
CUST-1668,Lynn,Merritt,lynn.merritt@yahoo.com,(273)302-8640x05930,Charleneville,DC,20008,United States,South,2025-06-11
CUST-1669,Amber,Wheeler,amber.wheeler@gmail.com,545-999-3835x3174,East Cindy,CA,93150,United States,West,2024-11-27
CUST-1670,Denise,Aguirre,denise.aguirre@gmail.com,293-599-9879,Willisville,MN,56401,United States,Midwest,2024-05-07
CUST-1671,James,Davis,james.davis@gmail.com,001-783-706-2947x07456,Alisonland,KS,66889,United States,Midwest,2024-03-29
CUST-1672,Crystal,Davenport,crystal.davenport@hotmail.com,+1-992-716-0957x197,Lake Joshuaville,WA,98943,United States,West,2024-03-17
CUST-1673,Curtis,Goodwin,curtis.goodwin@yahoo.com,001-430-707-5542,Jacobstad,TX,78647,United States,South,2024-04-26
CUST-1674,Robert,Bernard,robert.bernard@gmail.com,5269550865,Katherinemouth,SD,57683,United States,Midwest,2023-03-26
CUST-1675,Joel,Shaw,joel.shaw@hotmail.com,(833)450-6693x7260,Stephanieberg,CT,06069,United States,Northeast,2024-05-16
CUST-1676,Jean,Young,jean.young@hotmail.com,705-230-0377x4744,Dianafort,WY,82426,United States,West,2025-12-01
CUST-1677,Carmen,Padilla,carmen.padilla@yahoo.com,684-461-6317,Benjaminberg,PA,15193,United States,Northeast,2023-05-23
CUST-1678,Laura,Stewart,laura.stewart@yahoo.com,3896966790,Johnnyfurt,WV,25658,United States,South,2024-08-18
CUST-1679,Sara,Jackson,sara.jackson@gmail.com,+1-908-323-8227x5351,Phillipsland,WI,54162,United States,Midwest,2023-10-01
CUST-1680,Scott,Noble,scott.noble@gmail.com,799-637-6133x722,Warrenview,MI,48954,United States,Midwest,2024-01-04
CUST-1681,Cynthia,Brown,cynthia.brown@hotmail.com,001-395-406-2945x9487,Lake Jasmineshire,FL,34228,United States,South,2024-10-21
CUST-1682,Theresa,Brown,theresa.brown@yahoo.com,662.566.3159,West Richard,AZ,85318,United States,West,2023-04-20
CUST-1683,Eduardo,Forbes,eduardo.forbes@gmail.com,001-412-556-8296x10134,Nathanielchester,MN,56624,United States,Midwest,2024-01-06
CUST-1684,Grant,Graham,grant.graham@gmail.com,(550)491-9694x2182,Port Thomasbury,OH,44095,United States,Midwest,2023-09-20
CUST-1685,Nancy,Reyes,nancy.reyes@gmail.com,539.235.6954,East Amandafort,MI,48968,United States,Midwest,2023-04-03
CUST-1686,Sarah,Walsh,sarah.walsh@gmail.com,(608)622-4979,Jeanfurt,TN,37192,United States,South,2023-03-02
CUST-1687,Mark,Sanchez,mark.sanchez@yahoo.com,(911)237-7910,Port Jonathan,ID,83709,United States,West,2023-06-07
CUST-1688,Connor,Sawyer,connor.sawyer@gmail.com,(741)716-0039x3265,Port Ann,WY,83080,United States,West,2024-08-18
CUST-1689,Natasha,Moore,natasha.moore@gmail.com,901.236.4739,Chelseamouth,UT,84084,United States,West,2024-01-06
CUST-1690,Kristen,Diaz,kristen.diaz@hotmail.com,522-304-0678,West Jessica,NJ,08597,United States,Northeast,2024-10-31
CUST-1691,Matthew,Anderson,matthew.anderson@gmail.com,9963080457,New Ethanchester,VT,05400,United States,Northeast,2023-07-01
CUST-1692,Lindsey,Hicks,lindsey.hicks@yahoo.com,214.937.5744x9545,Jasonbury,NM,88412,United States,West,2025-12-16
CUST-1693,Thomas,Mclaughlin,thomas.mclaughlin@hotmail.com,001-267-214-9564x854,Port Samantha,SD,57229,United States,Midwest,2023-12-14
CUST-1694,Robin,Pennington,robin.pennington@yahoo.com,6228314117,Ryanberg,ID,83224,United States,West,2023-01-18
CUST-1695,Clifford,Whitaker,clifford.whitaker@gmail.com,413-484-1458,Nicholasmouth,FL,33593,United States,South,2023-01-27
CUST-1696,Kimberly,Cruz,kimberly.cruz@gmail.com,743.540.1894,West Jennifer,CA,95677,United States,West,2024-07-24
CUST-1697,Chelsea,Smith,chelsea.smith@hotmail.com,232-841-0238,Port Tara,VA,24542,United States,South,2023-11-10
CUST-1698,Melissa,Nunez,melissa.nunez@yahoo.com,+1-686-743-5861x74806,Whiteshire,WY,82156,United States,West,2024-05-05
CUST-1699,Curtis,Brewer,curtis.brewer@yahoo.com,(599)611-6290,West Melissaburgh,NJ,08719,United States,Northeast,2024-07-29
CUST-1700,Catherine,Taylor,catherine.taylor@hotmail.com,882-558-0388x293,Port Michelle,AZ,85708,United States,West,2024-02-18
CUST-1701,Daniel,Wolfe,daniel.wolfe@yahoo.com,001-808-263-1399x455,Williamsfurt,ME,04856,United States,Northeast,2024-08-03
CUST-1702,Kelsey,Campbell,kelsey.campbell@yahoo.com,(925)838-2340x6260,Dianaborough,IL,61919,United States,Midwest,2023-08-20
CUST-1703,Jacob,Cooley,jacob.cooley@yahoo.com,704-790-6949x710,West Danielfurt,AZ,85882,United States,West,2024-10-01
CUST-1704,Cory,Cook,cory.cook@hotmail.com,3774333923,Bakerbury,DC,20034,United States,South,2023-04-01
CUST-1705,Daniel,Walker,daniel.walker@yahoo.com,525-290-7099x5005,Simpsonland,IL,62419,United States,Midwest,2023-11-29
CUST-1706,Jocelyn,Dodson,jocelyn.dodson@hotmail.com,(322)695-4271x04032,East Derrickstad,AZ,86082,United States,West,2024-02-06
CUST-1707,Anthony,Schneider,anthony.schneider@hotmail.com,+1-646-559-9202,Jennifershire,MA,01486,United States,Northeast,2024-10-12
CUST-1708,Savannah,Barnes,savannah.barnes@hotmail.com,437-723-7619x9257,Howardmouth,MD,21288,United States,South,2023-02-26
CUST-1709,Rachel,Hill,rachel.hill@hotmail.com,223-580-0910,Brooksville,NC,27397,United States,South,2023-10-16
CUST-1710,Kimberly,Underwood,kimberly.underwood@yahoo.com,3512910915,Tammystad,MT,59687,United States,West,2024-11-26
CUST-1711,Jodi,Ball,jodi.ball@hotmail.com,+1-276-698-0126x5230,Millerville,OH,45764,United States,Midwest,2024-02-05
CUST-1712,Larry,Hanna,larry.hanna@yahoo.com,338-688-6342x406,Lopezmouth,NM,87618,United States,West,2025-03-28
CUST-1713,Frank,Wiggins,frank.wiggins@gmail.com,858.458.3894x81299,Graytown,KY,41382,United States,South,2024-10-06
CUST-1714,Elaine,Morales,elaine.morales@gmail.com,867.434.5863x87802,North Linda,AZ,85782,United States,West,2024-02-16
CUST-1715,Vincent,Reyes,vincent.reyes@hotmail.com,+1-657-463-2518,North Leonard,WI,54426,United States,Midwest,2025-04-22
CUST-1716,Daniel,Holt,daniel.holt@gmail.com,+1-388-595-6945x0002,West Melissa,TN,37255,United States,South,2024-05-14
CUST-1717,Rachael,Bernard,rachael.bernard@hotmail.com,+1-985-790-1129,Michellemouth,IL,62675,United States,Midwest,2025-01-18
CUST-1718,Ashley,Griffith,ashley.griffith@gmail.com,(200)864-8601x82703,Thorntonbury,ME,04478,United States,Northeast,2023-08-23
CUST-1719,Melinda,Pruitt,melinda.pruitt@yahoo.com,269-998-6185x54915,North Matthewside,MN,56128,United States,Midwest,2024-02-09
CUST-1720,Caleb,Nguyen,caleb.nguyen@yahoo.com,464.505.1653x55812,Priceview,WY,82713,United States,West,2025-04-26
CUST-1721,Deborah,Johnson,deborah.johnson@gmail.com,001-449-905-5946x42421,Laurahaven,AR,71848,United States,South,2024-02-28
CUST-1722,Melissa,Monroe,melissa.monroe@yahoo.com,583-928-4749x6363,Jonathanchester,TN,38165,United States,South,2024-01-16
CUST-1723,Jason,Garza,jason.garza@hotmail.com,917.433.9806,Smithstad,MI,49863,United States,Midwest,2024-04-09
CUST-1724,Lindsey,Ross,lindsey.ross@hotmail.com,299.570.2233x253,South Michellefurt,LA,71032,United States,South,2024-03-09
CUST-1725,Benjamin,White,benjamin.white@yahoo.com,7175472286,Jasonside,DE,19906,United States,South,2024-08-28
CUST-1726,Steven,Schmidt,steven.schmidt@gmail.com,364.584.5729,South Peter,MS,38833,United States,South,2024-04-08
CUST-1727,Nathan,Obrien,nathan.obrien@yahoo.com,+1-990-972-4689x0049,Port Scottfurt,NV,89754,United States,West,2024-04-09
CUST-1728,Ashley,Silva,ashley.silva@gmail.com,271-441-6840x40273,Morganmouth,MT,59292,United States,West,2024-02-15
CUST-1729,Dean,Crawford,dean.crawford@gmail.com,001-479-471-5778,Proctormouth,WV,25610,United States,South,2024-04-05
CUST-1730,Jason,Williams,jason.williams@yahoo.com,662-455-1238x115,Perkinschester,NH,03590,United States,Northeast,2024-05-10
CUST-1731,Jessica,Jenkins,jessica.jenkins@yahoo.com,001-328-799-2584x7230,East Danielview,MO,63139,United States,Midwest,2023-08-26
CUST-1732,Adam,Pugh,adam.pugh@hotmail.com,693.442.8676,Baileyton,MI,49125,United States,Midwest,2023-08-01
CUST-1733,Kevin,Dixon,kevin.dixon@hotmail.com,358-884-3432x51895,Zunigabury,ID,83204,United States,West,2025-05-05
CUST-1734,Sarah,Chung,sarah.chung@gmail.com,8209145383,Jonathanside,NY,13609,United States,Northeast,2024-12-12
CUST-1735,Cynthia,Williams,cynthia.williams@yahoo.com,278-693-7143x0435,Haroldbury,VT,05201,United States,Northeast,2023-02-07
CUST-1736,Laura,Shelton,laura.shelton@yahoo.com,233.710.2428x9849,West Ashleyville,NY,10116,United States,Northeast,2025-09-22
CUST-1737,Justin,Romero,justin.romero@hotmail.com,9037753037,Ruthhaven,MS,39659,United States,South,2024-09-19
CUST-1738,Tiffany,Lewis,tiffany.lewis@gmail.com,491-666-5001,New Donaldfurt,ND,58130,United States,Midwest,2024-09-08
CUST-1739,Jason,Hunt,jason.hunt@gmail.com,9077505040,East Derrickfurt,LA,70082,United States,South,2023-02-15
CUST-1740,Dawn,Fleming,dawn.fleming@yahoo.com,(312)737-2118x8698,Barneshaven,CO,80112,United States,West,2024-01-18
CUST-1741,Shawna,Brown,shawna.brown@hotmail.com,6496397953,Johnsonport,WA,99355,United States,West,2023-06-16
CUST-1742,Anthony,Kirby,anthony.kirby@gmail.com,(283)707-0025x6877,Lewisburgh,NV,89350,United States,West,2023-07-18
CUST-1743,Michelle,Cole,michelle.cole@gmail.com,(647)542-8687x2119,South Nicholas,CO,80247,United States,West,2023-11-05
CUST-1744,Raymond,King,raymond.king@gmail.com,+1-538-506-6847x31265,Hancockville,NV,88947,United States,West,2023-09-19
CUST-1745,Yolanda,Kennedy,yolanda.kennedy@yahoo.com,(606)701-3901x5325,Bridgetmouth,RI,02871,United States,Northeast,2024-09-09
CUST-1746,Cheryl,Diaz,cheryl.diaz@hotmail.com,+1-882-989-5767x085,East Edwin,ID,83829,United States,West,2024-12-02
CUST-1747,Jonathan,Crawford,jonathan.crawford@yahoo.com,+1-231-814-0050x246,Zacharybury,OH,45458,United States,Midwest,2025-11-22
CUST-1748,Leah,Hale,leah.hale@gmail.com,9715994100,Lake Tanyastad,ME,04799,United States,Northeast,2023-06-01
CUST-1749,Matthew,Logan,matthew.logan@hotmail.com,3498064619,West Thomasstad,MA,02769,United States,Northeast,2023-11-21
CUST-1750,James,Woods,james.woods@gmail.com,(592)661-0374x68126,Kyleview,CT,06118,United States,Northeast,2023-07-19
CUST-1751,Kimberly,Watson,kimberly.watson@yahoo.com,318-316-6331,East Jaredfurt,CO,80204,United States,West,2024-05-25
CUST-1752,Brittany,Douglas,brittany.douglas@gmail.com,556-472-1682x584,West Charlestown,MA,01763,United States,Northeast,2024-11-25
CUST-1753,Kenneth,Jackson,kenneth.jackson@gmail.com,(485)984-1071,West Courtney,TX,79642,United States,South,2024-04-25
CUST-1754,Douglas,Taylor,douglas.taylor@gmail.com,444-953-2454,Alexandraton,ME,04667,United States,Northeast,2023-12-02
CUST-1755,Lauren,Sanchez,lauren.sanchez@yahoo.com,402.751.4131,Ashleychester,MD,20894,United States,South,2023-05-09
CUST-1756,Deborah,Deleon,deborah.deleon@yahoo.com,9585312939,South Thomasfort,NH,03885,United States,Northeast,2023-05-13
CUST-1757,Michelle,Flowers,michelle.flowers@yahoo.com,8092279620,West Ianburgh,RI,02902,United States,Northeast,2024-07-14
CUST-1758,Kari,Wheeler,kari.wheeler@hotmail.com,+1-301-247-8390x589,West Renee,VA,22910,United States,South,2024-01-02
CUST-1759,Linda,Miller,linda.miller@yahoo.com,001-602-285-0735x86633,South Amandaville,NV,89839,United States,West,2023-12-27
CUST-1760,Hannah,Andrews,hannah.andrews@gmail.com,(910)819-6879x85901,South Katherinefurt,HI,96854,United States,West,2025-07-22
CUST-1761,John,Wilkinson,john.wilkinson@yahoo.com,001-911-409-5629x9709,West Sheila,VT,05319,United States,Northeast,2024-03-03
CUST-1762,Andrew,Carr,andrew.carr@yahoo.com,(924)683-8531,East Briantown,NH,03754,United States,Northeast,2024-07-28
CUST-1763,Christopher,Cole,christopher.cole@yahoo.com,8068116949,West Danielstad,MN,55770,United States,Midwest,2024-04-20
CUST-1764,Christopher,Price,christopher.price@hotmail.com,998.953.0972x10221,Port Jessica,NH,03169,United States,Northeast,2024-05-14
CUST-1765,Jessica,Atkins,jessica.atkins@hotmail.com,001-885-534-1679x55829,East Carlland,AZ,85339,United States,West,2023-10-14
CUST-1766,Matthew,Spencer,matthew.spencer@gmail.com,001-275-965-5844x386,Kimberlyfurt,WA,99090,United States,West,2025-01-18
CUST-1767,Scott,Walter,scott.walter@gmail.com,509-508-0033,South Tannerhaven,MN,56052,United States,Midwest,2023-04-30
CUST-1768,George,White,george.white@gmail.com,445.613.6884,South Connor,SC,29116,United States,South,2023-08-05
CUST-1769,Ronnie,Waller,ronnie.waller@yahoo.com,+1-333-907-5330x64926,Port Michaelmouth,NV,89564,United States,West,2023-11-09
CUST-1770,Kenneth,Bryan,kenneth.bryan@yahoo.com,848-351-9369,Port Patricia,LA,70102,United States,South,2025-01-05
CUST-1771,Veronica,Morales,veronica.morales@hotmail.com,495.459.0547x127,Lake Keithfurt,SD,57738,United States,Midwest,2023-05-10
CUST-1772,Timothy,Cox,timothy.cox@gmail.com,663.606.2729,East Melissa,DC,20019,United States,South,2024-05-19
CUST-1773,Brandy,Cortez,brandy.cortez@hotmail.com,+1-478-223-1956x42397,East Donald,AR,72198,United States,South,2024-10-03
CUST-1774,Robert,Johnson,robert.johnson@hotmail.com,001-527-298-7486,Brandonville,CA,90585,United States,West,2023-02-19
CUST-1775,Loretta,Hamilton,loretta.hamilton@hotmail.com,001-225-753-3257x114,Lake Christopher,TX,78554,United States,South,2024-03-26
CUST-1776,Tiffany,Villa,tiffany.villa@yahoo.com,+1-701-898-3200x4825,Margaretberg,SD,57115,United States,Midwest,2024-05-25
CUST-1777,Jimmy,Castillo,jimmy.castillo@gmail.com,001-226-519-5926,Torresmouth,MT,59867,United States,West,2023-11-12
CUST-1778,Adam,Jackson,adam.jackson@yahoo.com,440-807-3585x99851,South Michaelstad,MS,39503,United States,South,2023-01-16
CUST-1779,Joshua,Espinoza,joshua.espinoza@yahoo.com,(417)803-6642,Emilymouth,NC,28233,United States,South,2024-10-20
CUST-1780,Eric,Freeman,eric.freeman@gmail.com,585.418.1710x6069,New Michael,WV,26204,United States,South,2023-05-03
CUST-1781,Johnathan,Nichols,johnathan.nichols@hotmail.com,801-253-4739x5413,Lake Jessica,UT,84774,United States,West,2024-12-26
CUST-1782,Catherine,Barron,catherine.barron@gmail.com,647.559.2670x58638,South Jennifer,HI,96728,United States,West,2025-02-19
CUST-1783,Mary,Lee,mary.lee@gmail.com,850.654.2853x53123,Johnsonmouth,AK,99832,United States,West,2023-05-24
CUST-1784,Riley,Hayes,riley.hayes@hotmail.com,001-849-892-9396x904,Port Marcmouth,GA,31532,United States,South,2024-06-13
CUST-1785,Katie,Parrish,katie.parrish@yahoo.com,(373)294-9420,South Amanda,RI,02806,United States,Northeast,2024-02-23
CUST-1786,Norman,Taylor,norman.taylor@hotmail.com,907-982-2043x3312,North Chloe,UT,84769,United States,West,2023-09-02
CUST-1787,Benjamin,Carrillo,benjamin.carrillo@yahoo.com,667-714-9616x036,Jaredberg,DC,20003,United States,South,2024-01-17
CUST-1788,Jennifer,Yu,jennifer.yu@yahoo.com,+1-645-687-7159,West Jennahaven,NH,03802,United States,Northeast,2023-08-20
CUST-1789,Justin,Gillespie,justin.gillespie@yahoo.com,+1-754-669-4172x323,Fritzchester,AZ,85648,United States,West,2024-11-16
CUST-1790,Anne,Morris,anne.morris@yahoo.com,+1-907-438-3839x9112,Gordontown,FL,34091,United States,South,2024-07-16
CUST-1791,Anthony,Peterson,anthony.peterson@yahoo.com,(277)902-1308x73097,Wellschester,CA,92400,United States,West,2024-09-05
CUST-1792,Stephen,Bell,stephen.bell@yahoo.com,374-848-0152x91223,Christinaburgh,KS,67067,United States,Midwest,2023-02-07
CUST-1793,Jason,Robertson,jason.robertson@gmail.com,+1-325-420-9267x759,East Todd,WY,82278,United States,West,2023-08-28
CUST-1794,James,Shah,james.shah@hotmail.com,(691)251-5212,Murphyfurt,TN,38252,United States,South,2023-03-13
CUST-1795,Walter,Hines,walter.hines@gmail.com,(427)753-9972x628,East Lindaside,MS,39615,United States,South,2024-05-23
CUST-1796,Clarence,Williams,clarence.williams@yahoo.com,669.586.9793,Silvaton,MS,39300,United States,South,2025-06-27
CUST-1797,Karen,Webster,karen.webster@gmail.com,327.700.7062x22436,Lake William,MO,65472,United States,Midwest,2024-03-05
CUST-1798,Mckenzie,Payne,mckenzie.payne@hotmail.com,+1-580-896-3903x474,New Christinemouth,OR,97172,United States,West,2025-07-26
CUST-1799,Bryce,Dixon,bryce.dixon@hotmail.com,(963)334-3721x234,Jessicamouth,AZ,86439,United States,West,2023-12-01
CUST-1800,Christine,Francis,christine.francis@hotmail.com,461-700-4501,Monicamouth,RI,02922,United States,Northeast,2024-11-07
CUST-1801,Michael,Carlson,michael.carlson@hotmail.com,+1-700-627-2634x191,East Johnburgh,GA,30848,United States,South,2023-10-25
CUST-1802,Daniel,Freeman,daniel.freeman@gmail.com,562-567-2409x724,Adamsfurt,UT,84486,United States,West,2023-06-16
CUST-1803,Margaret,Taylor,margaret.taylor@gmail.com,001-285-316-3960x203,Meredithborough,NH,03033,United States,Northeast,2024-05-03
CUST-1804,Kristy,Lewis,kristy.lewis@gmail.com,527.684.3987x2304,Port Kaylaberg,MS,39137,United States,South,2023-12-25
CUST-1805,Kenneth,Brewer,kenneth.brewer@hotmail.com,819-729-6281x67133,Sydneyside,MS,39604,United States,South,2025-09-18
CUST-1806,Christina,Hart,christina.hart@hotmail.com,265.855.6558x814,Lake Richard,NH,03747,United States,Northeast,2024-09-08
CUST-1807,Brianna,Mack,brianna.mack@hotmail.com,+1-414-258-0998x548,Garciamouth,WI,54616,United States,Midwest,2024-04-07
CUST-1808,Kevin,White,kevin.white@gmail.com,(664)884-7408,Kimberlyport,CA,92258,United States,West,2025-06-12
CUST-1809,Ashley,Mitchell,ashley.mitchell@hotmail.com,001-480-600-1097x92064,South Oliviaside,OR,97903,United States,West,2023-03-31
CUST-1810,Debra,Baker,debra.baker@yahoo.com,(666)751-4077,West Rachael,FL,34997,United States,South,2023-01-13
CUST-1811,Michael,Bauer,michael.bauer@hotmail.com,(861)907-8944,Kellerland,ND,58236,United States,Midwest,2024-06-30
CUST-1812,James,Benson,james.benson@yahoo.com,(614)732-6219,Lake Kristenton,MS,39279,United States,South,2024-09-29
CUST-1813,Brandi,Mcgee,brandi.mcgee@gmail.com,7007937049,New Luisport,MT,59376,United States,West,2024-03-21
CUST-1814,Robin,Hamilton,robin.hamilton@yahoo.com,839.912.9211x884,Johnsonshire,MA,01456,United States,Northeast,2024-11-07
CUST-1815,Stephen,Moore,stephen.moore@gmail.com,475-541-5940x73112,Monicachester,TN,38063,United States,South,2025-07-19
CUST-1816,Joanne,Malone,joanne.malone@gmail.com,(820)982-2707x8856,New Juliefurt,LA,70696,United States,South,2024-06-06
CUST-1817,Crystal,Williams,crystal.williams@gmail.com,410-988-0349x397,Michaelfort,KS,66835,United States,Midwest,2023-09-15
CUST-1818,Casey,Garrett,casey.garrett@gmail.com,349.554.6353x8885,New Christinastad,DE,19866,United States,South,2024-03-15
CUST-1819,David,Clark,david.clark@yahoo.com,001-327-636-4602x7297,Lake Johnborough,AK,99795,United States,West,2024-07-07
CUST-1820,Tyler,Ramirez,tyler.ramirez@hotmail.com,(675)379-3826,Leeland,WV,26078,United States,South,2024-05-12
CUST-1821,Justin,Robinson,justin.robinson@yahoo.com,+1-539-321-7959,Haydenbury,ID,83328,United States,West,2023-11-30
CUST-1822,James,Macdonald,james.macdonald@hotmail.com,+1-900-653-8991,Patrickside,NY,13184,United States,Northeast,2024-08-07
CUST-1823,Steve,Oconnor,steve.oconnor@yahoo.com,333.346.8681x82727,Caitlynchester,ND,58825,United States,Midwest,2024-07-13
CUST-1824,Barbara,Morgan,barbara.morgan@hotmail.com,318-317-4369,Reynoldsmouth,MO,63729,United States,Midwest,2025-02-04
CUST-1825,William,Nelson,william.nelson@gmail.com,443-689-1416,East Josephstad,OK,73019,United States,South,2023-11-23
CUST-1826,James,Smith,james.smith@gmail.com,(226)540-1556,East Jessicabury,DE,19719,United States,South,2024-08-25
CUST-1827,James,Scott,james.scott@yahoo.com,001-570-755-5321x57726,West Laura,KY,42124,United States,South,2024-02-05
CUST-1828,Fred,Pratt,fred.pratt@hotmail.com,+1-713-424-3853x58427,Diazland,WY,82799,United States,West,2024-01-18
CUST-1829,Brandon,Sanders,brandon.sanders@yahoo.com,978-341-8636x418,West Brianfurt,KY,42689,United States,South,2025-03-12
CUST-1830,Jesse,Mcgee,jesse.mcgee@hotmail.com,+1-505-262-2397x46713,New Julie,VA,22220,United States,South,2024-02-11
CUST-1831,Jacqueline,Schneider,jacqueline.schneider@gmail.com,(690)562-0956x765,South Jeremy,NH,03460,United States,Northeast,2025-12-03
CUST-1832,Regina,Christian,regina.christian@hotmail.com,001-259-869-3771x93271,Port Mark,IN,47251,United States,Midwest,2023-12-29
CUST-1833,Kelly,Ramsey,kelly.ramsey@yahoo.com,(841)926-0650,New Tyler,SC,29679,United States,South,2024-05-29
CUST-1834,Melvin,Gomez,melvin.gomez@hotmail.com,224-471-8642x35869,South Melissaville,ME,04367,United States,Northeast,2024-08-21
CUST-1835,Amy,Romero,amy.romero@hotmail.com,+1-997-990-7491x8142,New Theresa,VT,05429,United States,Northeast,2024-11-21
CUST-1836,Sara,York,sara.york@yahoo.com,440.947.7184x248,Ronnieberg,NY,10238,United States,Northeast,2023-02-12
CUST-1837,Jason,Martin,jason.martin@gmail.com,3477727786,Olsenville,IL,61486,United States,Midwest,2023-06-17
CUST-1838,Edwin,Mack,edwin.mack@gmail.com,274-796-6317,Shortton,DE,19701,United States,South,2024-04-25
CUST-1839,Christopher,Bowman,christopher.bowman@yahoo.com,722.877.4829x2048,Susanbury,FL,34441,United States,South,2023-01-26
CUST-1840,Anthony,Miller,anthony.miller@hotmail.com,001-335-825-5864x764,Ericborough,CA,91857,United States,West,2024-08-03
CUST-1841,Joshua,Thompson,joshua.thompson@hotmail.com,+1-248-694-5189x4647,Gallowayview,NH,03655,United States,Northeast,2024-03-12
CUST-1842,Renee,Chavez,renee.chavez@gmail.com,859.639.0698,Port Richardview,ID,83751,United States,West,2023-08-29
CUST-1843,Kenneth,Williams,kenneth.williams@gmail.com,332.721.0771x78260,East Julian,VA,23209,United States,South,2023-04-10
CUST-1844,Jennifer,Chapman,jennifer.chapman@gmail.com,3903076943,Baileyville,NH,03468,United States,Northeast,2023-04-30
CUST-1845,Rebecca,Browning,rebecca.browning@hotmail.com,836-513-2645,Wilkinsberg,CO,80119,United States,West,2024-11-22
CUST-1846,Marissa,Evans,marissa.evans@yahoo.com,(471)455-0739x319,New Vanessafort,UT,84299,United States,West,2023-12-22
CUST-1847,Zachary,Taylor,zachary.taylor@hotmail.com,3187775594,Piercechester,MA,01840,United States,Northeast,2024-03-28
CUST-1848,Michael,Vasquez,michael.vasquez@gmail.com,001-801-874-3952x1674,South Josephmouth,TX,75768,United States,South,2024-02-29
CUST-1849,Jennifer,Rojas,jennifer.rojas@yahoo.com,(637)825-3226,Baileyshire,MN,55610,United States,Midwest,2024-03-27
CUST-1850,Rodney,Leach,rodney.leach@gmail.com,594.274.8948,Bennettmouth,VA,24198,United States,South,2024-07-16
CUST-1851,Lance,Nelson,lance.nelson@yahoo.com,(408)419-1044x62547,Lake Sara,CA,93292,United States,West,2024-03-17
CUST-1852,Joshua,Gonzales,joshua.gonzales@gmail.com,887-480-4641x0326,New Amanda,OK,73159,United States,South,2024-10-25
CUST-1853,Robert,Kelley,robert.kelley@yahoo.com,970-274-6820x8059,Arroyoside,OH,43939,United States,Midwest,2024-03-31
CUST-1854,Bailey,Becker,bailey.becker@gmail.com,290.413.9195,South Jeffreychester,ME,04490,United States,Northeast,2023-12-12
CUST-1855,Larry,Anderson,larry.anderson@yahoo.com,(686)247-5436,Jacobtown,MD,21395,United States,South,2023-09-08
CUST-1856,Crystal,Adams,crystal.adams@gmail.com,(432)663-5302x796,New Maria,HI,96836,United States,West,2023-02-23
CUST-1857,Mark,Clark,mark.clark@gmail.com,001-802-468-4025,East Thomasfort,VA,22065,United States,South,2024-10-19
CUST-1858,Oscar,Butler,oscar.butler@gmail.com,(895)610-9691x450,South Daniel,VA,23459,United States,South,2023-12-22
CUST-1859,Michele,Myers,michele.myers@gmail.com,(926)500-9131x01853,West Victor,VT,05490,United States,Northeast,2023-12-27
CUST-1860,Scott,Brock,scott.brock@hotmail.com,(252)929-4765x7812,Shanechester,SD,57205,United States,Midwest,2024-04-01
CUST-1861,Hailey,Ross,hailey.ross@gmail.com,(869)508-3814x5779,Jessicashire,ID,83876,United States,West,2025-02-25
CUST-1862,Michelle,Chan,michelle.chan@gmail.com,727-239-6284,East Lauren,DC,20037,United States,South,2024-11-17
CUST-1863,Luke,Beck,luke.beck@yahoo.com,+1-593-624-9884x848,North Cindyburgh,MS,38606,United States,South,2024-12-25
CUST-1864,Brittany,Smith,brittany.smith@hotmail.com,458-702-3333x28281,Patriciamouth,NC,27116,United States,South,2024-08-22
CUST-1865,Kelsey,Lee,kelsey.lee@yahoo.com,349.378.1262,South Aprilland,IA,50662,United States,Midwest,2024-03-22
CUST-1866,William,Chavez,william.chavez@gmail.com,877.765.5348,South Feliciaborough,DE,19744,United States,South,2024-02-22
CUST-1867,Matthew,Allen,matthew.allen@yahoo.com,001-907-963-6709,North Ana,IL,61562,United States,Midwest,2024-10-19
CUST-1868,Karen,Soto,karen.soto@hotmail.com,+1-405-538-4779x861,New Reneeberg,DC,20038,United States,South,2024-12-02
CUST-1869,Angelica,Stone,angelica.stone@hotmail.com,(597)520-4167x0710,Owensbury,FL,32731,United States,South,2024-12-03
CUST-1870,Elizabeth,Cross,elizabeth.cross@yahoo.com,001-683-708-0825,West Kennethland,KS,66569,United States,Midwest,2024-06-09
CUST-1871,Brian,Hall,brian.hall@gmail.com,001-496-369-6911,North Carolyn,DC,20023,United States,South,2024-04-11
CUST-1872,Amber,Hendricks,amber.hendricks@hotmail.com,(362)470-4353,Lake Paula,NY,11332,United States,Northeast,2023-11-14
CUST-1873,Jennifer,Gardner,jennifer.gardner@yahoo.com,+1-896-959-7396x780,Georgetown,AK,99570,United States,West,2024-11-10
CUST-1874,Brian,Harris,brian.harris@hotmail.com,622-284-0913x1134,Colemanville,MS,39665,United States,South,2023-06-07
CUST-1875,Curtis,Kim,curtis.kim@hotmail.com,672.279.5002x00536,Port Sabrinaside,OK,73064,United States,South,2023-06-20
CUST-1876,Jackie,Lloyd,jackie.lloyd@gmail.com,(740)689-6543,Pamelafort,OR,97383,United States,West,2023-03-15
CUST-1877,Erika,Miller,erika.miller@yahoo.com,692.505.0633x38452,Port William,MS,39109,United States,South,2024-08-16
CUST-1878,Richard,Galvan,richard.galvan@hotmail.com,212.664.7903x40315,New Timothy,NJ,07390,United States,Northeast,2024-04-07
CUST-1879,Michael,Ramirez,michael.ramirez@yahoo.com,437.850.7346x3352,Yeseniaview,OK,73005,United States,South,2023-05-17
CUST-1880,Michael,Baker,michael.baker@hotmail.com,7527373257,Lake Kevinfort,FL,33738,United States,South,2023-03-24
CUST-1881,Alison,Rasmussen,alison.rasmussen@hotmail.com,771-200-4273x7296,West Brittanyfurt,SC,29507,United States,South,2023-06-08
CUST-1882,Holly,Anderson,holly.anderson@gmail.com,001-303-476-3079x085,New Randallside,CO,80674,United States,West,2023-06-05
CUST-1883,Thomas,Kennedy,thomas.kennedy@gmail.com,+1-366-200-6648x9309,Justinbury,CA,92848,United States,West,2024-01-17
CUST-1884,Molly,Morrison,molly.morrison@gmail.com,001-712-810-1282,Lake Nicholasview,MD,21371,United States,South,2024-03-06
CUST-1885,Matthew,Smith,matthew.smith@hotmail.com,206.587.7997x477,Jenniferton,MT,59311,United States,West,2024-02-03
CUST-1886,Daniel,Parks,daniel.parks@hotmail.com,001-820-540-7288x5589,Lake Bradleyfort,VA,24646,United States,South,2025-03-21
CUST-1887,Tracy,Lewis,tracy.lewis@yahoo.com,210.683.7067x6854,West Annaborough,WA,99390,United States,West,2024-02-15
CUST-1888,Gina,Vasquez,gina.vasquez@yahoo.com,571-213-7811x27087,Port Nicholas,NM,88424,United States,West,2023-07-13
CUST-1889,Michael,Miller,michael.miller@hotmail.com,001-331-984-0184x5984,Zacharyshire,ND,58779,United States,Midwest,2023-09-25
CUST-1890,Jamie,Hunter,jamie.hunter@yahoo.com,(924)236-2191,West Patricia,NE,68077,United States,Midwest,2025-01-20
CUST-1891,Russell,Wilson,russell.wilson@hotmail.com,+1-317-680-2797,Lake Lori,WY,82188,United States,West,2024-01-08
CUST-1892,Christine,Cox,christine.cox@hotmail.com,442-867-9081x28735,Jonesborough,NE,68106,United States,Midwest,2024-11-07
CUST-1893,Joshua,Bennett,joshua.bennett@yahoo.com,6925509968,Davisfort,OR,97022,United States,West,2024-04-01
CUST-1894,Jennifer,Hernandez,jennifer.hernandez@hotmail.com,001-794-527-4559x6835,Lake Matthew,CA,93502,United States,West,2024-12-03
CUST-1895,Adrian,Martin,adrian.martin@hotmail.com,6832324822,Jenniferland,FL,32615,United States,South,2023-12-31
CUST-1896,Barbara,Smith,barbara.smith@yahoo.com,+1-659-933-1847x1344,Wilsonmouth,MA,02388,United States,Northeast,2024-05-14
CUST-1897,Edward,Alvarez,edward.alvarez@yahoo.com,305-472-6555,Nicholasport,TN,38206,United States,South,2023-10-24
CUST-1898,Juan,Mays,juan.mays@yahoo.com,(628)671-2735x033,Newmanside,CA,92980,United States,West,2025-11-12
CUST-1899,Jerry,Guzman,jerry.guzman@hotmail.com,+1-699-386-1178,North Laura,NH,03837,United States,Northeast,2023-01-03
CUST-1900,Ernest,Sanchez,ernest.sanchez@gmail.com,+1-602-851-3052x75101,Rothstad,NJ,07070,United States,Northeast,2024-01-07
CUST-1901,Kelly,Cruz,kelly.cruz@gmail.com,+1-495-348-9763x70492,Gardnerfort,UT,84387,United States,West,2023-10-09
CUST-1902,Christopher,Winters,christopher.winters@yahoo.com,879-785-9469x0955,Marieville,ND,58624,United States,Midwest,2025-07-13
CUST-1903,John,Taylor,john.taylor@yahoo.com,(673)554-7939x0067,Wilkersonberg,MN,55270,United States,Midwest,2023-02-23
CUST-1904,Roberto,Dickson,roberto.dickson@yahoo.com,+1-901-661-6102x2161,Kyleshire,FL,34441,United States,South,2023-04-01
CUST-1905,Robert,Mcdaniel,robert.mcdaniel@gmail.com,(372)750-6439,North Timothy,WY,83068,United States,West,2024-02-05
CUST-1906,April,Davis,april.davis@hotmail.com,(868)566-1673x92384,Marychester,OK,73077,United States,South,2024-07-26
CUST-1907,Pamela,Allen,pamela.allen@hotmail.com,001-786-972-2834x63544,Michelleburgh,SD,57235,United States,Midwest,2023-09-20
CUST-1908,Tara,Wilson,tara.wilson@hotmail.com,+1-971-595-2274x3552,Barberburgh,PA,18637,United States,Northeast,2024-07-17
CUST-1909,Joseph,Bolton,joseph.bolton@gmail.com,855.294.1834x64245,Benjaminfurt,ID,83367,United States,West,2024-03-17
CUST-1910,Jonathan,Flores,jonathan.flores@gmail.com,001-205-399-0736x56666,West Tanya,WY,82744,United States,West,2024-10-18
CUST-1911,Christopher,Arnold,christopher.arnold@gmail.com,+1-597-812-3330x225,Christopherside,FL,32495,United States,South,2024-11-18
CUST-1912,Sara,Vargas,sara.vargas@hotmail.com,745.574.7836x701,Christineburgh,NV,89101,United States,West,2024-04-17
CUST-1913,Kevin,Osborne,kevin.osborne@yahoo.com,+1-838-216-1064x6898,New Darleneburgh,NC,28488,United States,South,2025-06-08
CUST-1914,Julia,Shelton,julia.shelton@gmail.com,(801)368-6634x20864,Chentown,AR,72755,United States,South,2024-06-14
CUST-1915,Jennifer,Dickson,jennifer.dickson@hotmail.com,934.263.1112x125,Nolanshire,DE,19841,United States,South,2024-09-16
CUST-1916,Patricia,Charles,patricia.charles@gmail.com,556.465.0093,Christensenshire,ND,58617,United States,Midwest,2024-01-07
CUST-1917,Lauren,Thompson,lauren.thompson@yahoo.com,(222)378-2627,West Lisabury,GA,31355,United States,South,2024-05-08
CUST-1918,Robert,Anderson,robert.anderson@hotmail.com,(988)548-0234,North Waynemouth,MD,21895,United States,South,2024-11-07
CUST-1919,Dawn,Marshall,dawn.marshall@hotmail.com,(484)287-5300,Gonzalezmouth,HI,96737,United States,West,2023-08-14
CUST-1920,Shannon,Huang,shannon.huang@yahoo.com,334.914.5882,New Erica,HI,96787,United States,West,2024-01-14
CUST-1921,Elizabeth,Wright,elizabeth.wright@hotmail.com,649-484-9602,Port Kellyshire,MA,02059,United States,Northeast,2024-04-15
CUST-1922,Anne,Miller,anne.miller@hotmail.com,+1-266-553-7148x3722,Abigailville,VA,23711,United States,South,2024-09-16
CUST-1923,Christopher,Kelley,christopher.kelley@gmail.com,421.295.2572x51509,East Nicoleborough,IA,51007,United States,Midwest,2024-04-18
CUST-1924,Carl,Ryan,carl.ryan@yahoo.com,(265)338-9439x67456,Mcculloughmouth,MN,55583,United States,Midwest,2024-04-22
CUST-1925,Gerald,Zuniga,gerald.zuniga@hotmail.com,(350)953-8718x44312,Lake Carolynside,ND,58796,United States,Midwest,2023-07-28
CUST-1926,Tyler,Wall,tyler.wall@yahoo.com,+1-940-382-7843,Michaelview,ME,04372,United States,Northeast,2023-12-23
CUST-1927,Pamela,Sharp,pamela.sharp@gmail.com,6599734112,West Marytown,CO,81014,United States,West,2023-05-09
CUST-1928,Michael,Rodriguez,michael.rodriguez@hotmail.com,+1-703-235-5200,Hermanport,KY,41988,United States,South,2024-01-24
CUST-1929,Teresa,Krueger,teresa.krueger@hotmail.com,7548597129,Kristophermouth,IL,61823,United States,Midwest,2025-01-04
CUST-1930,Melissa,Ward,melissa.ward@hotmail.com,001-646-582-9038x31320,North Devonshire,SD,57261,United States,Midwest,2024-04-30
CUST-1931,Mackenzie,Warner,mackenzie.warner@hotmail.com,844.424.9544x221,Ortizland,OK,73058,United States,South,2024-04-16
CUST-1932,Lisa,Taylor,lisa.taylor@gmail.com,+1-354-807-7837,Lake Evelynmouth,LA,70541,United States,South,2024-12-17
CUST-1933,Nathan,Salazar,nathan.salazar@yahoo.com,3308823121,Carrton,FL,32303,United States,South,2024-05-01
CUST-1934,Autumn,Gallagher,autumn.gallagher@gmail.com,001-543-745-7899,Haynesfurt,SD,57178,United States,Midwest,2024-11-17
CUST-1935,Samantha,Bowman,samantha.bowman@yahoo.com,317.783.9213x37879,South Timothy,MD,21141,United States,South,2024-08-18
CUST-1936,Eric,Green,eric.green@yahoo.com,6566306874,South Kristenside,SC,29620,United States,South,2024-11-19
CUST-1937,Jesse,Levy,jesse.levy@gmail.com,3278183937,Nicholastown,OH,44308,United States,Midwest,2024-03-17
CUST-1938,Denise,Perez,denise.perez@gmail.com,(673)419-1857x3936,Jacksontown,CO,80286,United States,West,2024-01-27
CUST-1939,Brittany,Clark,brittany.clark@hotmail.com,001-605-837-8606x1795,Floresside,NC,27828,United States,South,2024-02-19
CUST-1940,Tammy,Ayala,tammy.ayala@yahoo.com,738-236-9860,Johntown,TN,37628,United States,South,2024-05-23
CUST-1941,Michelle,Sullivan,michelle.sullivan@yahoo.com,(772)322-4570,West Kenneth,HI,96780,United States,West,2025-05-24
CUST-1942,Norma,Marsh,norma.marsh@yahoo.com,001-906-257-3003x5497,Kristinberg,PA,16801,United States,Northeast,2023-07-23
CUST-1943,Thomas,Mclean,thomas.mclean@hotmail.com,(378)593-1333,Adkinsside,PA,16020,United States,Northeast,2025-03-16
CUST-1944,Sandra,Jones,sandra.jones@gmail.com,945.678.0626,Fieldsland,GA,30612,United States,South,2023-05-26
CUST-1945,Kimberly,Dickerson,kimberly.dickerson@yahoo.com,001-466-909-2819x81327,Robinsonbury,HI,96731,United States,West,2024-05-03
CUST-1946,Brent,Frank,brent.frank@hotmail.com,+1-580-923-6351x2038,West Michael,TX,78902,United States,South,2024-02-08
CUST-1947,Amanda,Collins,amanda.collins@yahoo.com,(200)408-7497x79936,New Apriltown,SC,29322,United States,South,2023-12-11
CUST-1948,Juan,Reeves,juan.reeves@yahoo.com,001-749-416-3461x87188,Michaelberg,WA,99319,United States,West,2023-02-28
CUST-1949,Jenny,Copeland,jenny.copeland@hotmail.com,(729)469-1164,Connerfort,RI,02818,United States,Northeast,2024-07-10
CUST-1950,Evan,Williams,evan.williams@hotmail.com,3104945780,Rebeccaland,MI,49805,United States,Midwest,2025-01-16
CUST-1951,James,Johnson,james.johnson@hotmail.com,+1-681-579-3827x868,North Robert,OR,97072,United States,West,2024-08-13
CUST-1952,Randall,Lewis,randall.lewis@hotmail.com,554-633-5329x426,Christophershire,AZ,86306,United States,West,2025-05-14
CUST-1953,Brian,Vaughan,brian.vaughan@yahoo.com,683-508-0582,Ramseychester,AK,99942,United States,West,2024-11-26
CUST-1954,Carlos,Simpson,carlos.simpson@yahoo.com,722.450.5379,Garyview,CO,80740,United States,West,2023-04-24
CUST-1955,Kayla,Wolf,kayla.wolf@gmail.com,6566179537,Carolynmouth,AZ,85961,United States,West,2023-07-31
CUST-1956,Lauren,Wright,lauren.wright@gmail.com,(770)485-7824x77077,North Nancy,TN,37792,United States,South,2023-12-17
CUST-1957,Rachel,Richardson,rachel.richardson@gmail.com,001-699-759-8307x271,Alexanderchester,WY,83000,United States,West,2024-10-08
CUST-1958,Janice,Sanders,janice.sanders@hotmail.com,+1-443-328-0582x56171,Kevinchester,OR,97601,United States,West,2023-07-08
CUST-1959,Scott,Miller,scott.miller@gmail.com,741-526-9384,South Heidi,KY,41227,United States,South,2024-10-21
CUST-1960,Christine,Pierce,christine.pierce@yahoo.com,817-652-2417,Joneschester,TN,37982,United States,South,2023-01-04
CUST-1961,Michael,Lewis,michael.lewis@yahoo.com,713.366.5708,Chadport,IN,46587,United States,Midwest,2023-12-27
CUST-1962,Karen,Tyler,karen.tyler@gmail.com,001-800-949-2967,South Michelle,WY,82678,United States,West,2024-12-09
CUST-1963,Brooke,Brennan,brooke.brennan@gmail.com,+1-278-281-7719x7039,Martinmouth,OR,97386,United States,West,2024-03-26
CUST-1964,Glenda,Benton,glenda.benton@yahoo.com,001-902-446-8257,Jessicabury,NE,68039,United States,Midwest,2024-04-25
CUST-1965,Brian,Hall,brian.hall@gmail.com,(343)255-0500,Lake Carolyn,SC,29073,United States,South,2024-07-10
CUST-1966,Cindy,Davis,cindy.davis@gmail.com,273.409.3823,Simschester,SD,57612,United States,Midwest,2023-12-01
CUST-1967,Stacy,Dennis,stacy.dennis@yahoo.com,247.766.8514x72081,Valeriehaven,AK,99770,United States,West,2024-01-20
CUST-1968,Isaiah,Anderson,isaiah.anderson@yahoo.com,330.361.4245x197,East Andre,NY,12240,United States,Northeast,2023-12-01
CUST-1969,Ian,Walker,ian.walker@hotmail.com,2396407741,Port Maureenstad,SD,57082,United States,Midwest,2024-03-15
CUST-1970,Robert,Green,robert.green@hotmail.com,+1-847-726-9481,Smithchester,OH,45871,United States,Midwest,2025-04-08
CUST-1971,Donald,Ramirez,donald.ramirez@hotmail.com,+1-370-285-4542x9800,New Paulastad,ME,04380,United States,Northeast,2023-02-23
CUST-1972,Jessica,Diaz,jessica.diaz@hotmail.com,209.339.7225,Sarahberg,TN,38110,United States,South,2024-08-05
CUST-1973,Terri,Richardson,terri.richardson@gmail.com,+1-933-357-6156x39445,Dianehaven,MD,21077,United States,South,2024-03-01
CUST-1974,Brenda,Lambert,brenda.lambert@yahoo.com,(596)796-6178,Levinestad,NM,87423,United States,West,2024-05-23
CUST-1975,Matthew,Singleton,matthew.singleton@yahoo.com,001-249-932-6094x526,Emilychester,KS,66629,United States,Midwest,2024-05-27
CUST-1976,Peter,Lam,peter.lam@hotmail.com,(886)209-4364x62063,Duncanport,UT,84671,United States,West,2023-10-29
CUST-1977,Toni,Robinson,toni.robinson@gmail.com,001-809-823-3795x949,Phillipsfurt,MT,59936,United States,West,2023-08-08
CUST-1978,Roberta,Bradley,roberta.bradley@gmail.com,001-942-822-7579x1930,East Breannamouth,MD,21278,United States,South,2025-01-25
CUST-1979,David,Hernandez,david.hernandez@hotmail.com,+1-606-954-5732,South Josephshire,NJ,08035,United States,Northeast,2024-03-23
CUST-1980,Mary,Harrington,mary.harrington@gmail.com,3338164769,Cobbberg,CA,93087,United States,West,2024-02-05
CUST-1981,Jacob,Thompson,jacob.thompson@gmail.com,764-440-7389x71469,Jonesberg,VT,05424,United States,Northeast,2025-09-23
CUST-1982,Matthew,Lin,matthew.lin@hotmail.com,(364)292-7079,Kramerstad,AR,72002,United States,South,2024-06-22
CUST-1983,Zachary,Walters,zachary.walters@hotmail.com,(560)879-8421x3847,Cainmouth,HI,96843,United States,West,2024-09-19
CUST-1984,Dana,Hays,dana.hays@yahoo.com,677-636-0584x3371,Jonestown,NH,03057,United States,Northeast,2025-01-22
CUST-1985,Deanna,Smith,deanna.smith@hotmail.com,+1-617-549-2955x853,Rachelhaven,NE,68015,United States,Midwest,2024-02-20
CUST-1986,April,Dunn,april.dunn@gmail.com,353.590.8110x708,New Steven,NM,87119,United States,West,2024-05-14
CUST-1987,Kelly,Wilson,kelly.wilson@gmail.com,001-856-851-5026x670,East Terrence,NJ,07904,United States,Northeast,2024-11-12
CUST-1988,Mason,Ellis,mason.ellis@yahoo.com,595-988-4703x21257,South Kristin,IN,47232,United States,Midwest,2023-02-10
CUST-1989,Victoria,Castaneda,victoria.castaneda@hotmail.com,445-761-4025,New Christopherborough,MI,48503,United States,Midwest,2023-08-25
CUST-1990,Tyler,Vaughan,tyler.vaughan@gmail.com,808-460-5240,Adamchester,RI,02836,United States,Northeast,2023-08-04
CUST-1991,James,Sandoval,james.sandoval@yahoo.com,325.264.2402x29812,New Michelleshire,GA,31039,United States,South,2024-08-02
CUST-1992,Tiffany,Juarez,tiffany.juarez@hotmail.com,+1-378-470-1265x279,West Derek,MA,02562,United States,Northeast,2024-01-13
CUST-1993,Matthew,Cooper,matthew.cooper@gmail.com,(730)600-3716,Port Angelicaberg,VA,24094,United States,South,2024-02-06
CUST-1994,Denise,Cox,denise.cox@yahoo.com,466.286.6996,Guzmanshire,MA,01676,United States,Northeast,2024-03-21
CUST-1995,Corey,Clark,corey.clark@yahoo.com,7558745682,West Katherineside,WA,99204,United States,West,2023-04-19
CUST-1996,Thomas,Adams,thomas.adams@hotmail.com,(945)304-3108x8095,Port Kathytown,MN,55665,United States,Midwest,2024-05-27
CUST-1997,Breanna,Howard,breanna.howard@hotmail.com,+1-898-733-4268x222,Castillofurt,MT,59290,United States,West,2024-01-06
CUST-1998,Heather,Murray,heather.murray@yahoo.com,(771)423-1006x088,North Richardview,FL,32434,United States,South,2024-04-13
CUST-1999,Ashley,White,ashley.white@gmail.com,001-369-813-5369x2818,East Debrahaven,WI,53131,United States,Midwest,2024-11-18
CUST-2000,Paul,Li,paul.li@yahoo.com,(945)676-1779x627,North Crystal,MS,38702,United States,South,2024-08-06
