order_id,customer_id,product_id,channel_id,order_date,quantity,unit_price,discount_pct,shipping_cost,order_status,total_amount
ORD-00001,CUST-0156,PROD-018,CHAN-1,2024-01-01,1,83.95,0.0,0.0,Completed,83.95
ORD-00002,CUST-0286,PROD-112,CHAN-1,2024-01-01,1,115.0,0.1,0.0,Completed,103.5
ORD-00003,CUST-0970,PROD-086,CHAN-3,2024-01-01,2,7.0,0.05,8.99,Completed,22.29
ORD-00004,CUST-1635,PROD-018,CHAN-2,2024-01-01,1,83.95,0.0,0.0,Completed,83.95
ORD-00005,CUST-0001,PROD-010,CHAN-1,2024-01-01,1,32.99,0.0,5.99,Completed,38.98
ORD-00006,CUST-0028,PROD-001,CHAN-4,2024-01-01,1,50.95,0.0,8.99,Completed,59.94
ORD-00007,CUST-0883,PROD-005,CHAN-4,2024-01-01,2,30.99,0.0,11.99,Completed,73.97
ORD-00008,CUST-0646,PROD-068,CHAN-1,2024-01-01,4,83.95,0.0,0.0,Completed,335.8
ORD-00009,CUST-1410,PROD-120,CHAN-2,2024-01-01,1,158.0,0.0,0.0,Completed,158.0
ORD-00010,CUST-1479,PROD-014,CHAN-2,2024-01-01,1,19.0,0.0,4.99,Completed,23.99
ORD-00011,CUST-1608,PROD-005,CHAN-1,2024-01-01,1,30.99,0.0,11.99,Completed,42.98
ORD-00012,CUST-0974,PROD-058,CHAN-1,2024-01-01,1,86.0,0.1,0.0,Completed,77.4
ORD-00013,CUST-0951,PROD-146,CHAN-3,2024-01-01,1,8.99,0.0,8.99,Completed,17.98
ORD-00014,CUST-1524,PROD-026,CHAN-2,2024-01-01,1,36.95,0.05,5.99,Completed,41.09
ORD-00015,CUST-0244,PROD-090,CHAN-2,2024-01-02,1,21.0,0.4,8.99,Completed,21.59
ORD-00016,CUST-0064,PROD-001,CHAN-2,2024-01-02,1,50.95,0.0,4.99,Completed,55.94
ORD-00017,CUST-0019,PROD-064,CHAN-2,2024-01-02,2,43.0,0.0,0.0,Completed,86.0
ORD-00018,CUST-0329,PROD-120,CHAN-4,2024-01-02,2,158.0,0.3,0.0,Completed,221.2
ORD-00019,CUST-0600,PROD-015,CHAN-5,2024-01-02,1,65.0,0.35,4.99,Completed,47.24
ORD-00020,CUST-0037,PROD-030,CHAN-1,2024-01-02,4,62.99,0.3,0.0,Completed,176.37
ORD-00021,CUST-0491,PROD-047,CHAN-2,2024-01-02,1,82.0,0.0,0.0,Completed,82.0
ORD-00022,CUST-0002,PROD-056,CHAN-2,2024-01-02,1,131.0,0.3,0.0,Returned,91.7
ORD-00023,CUST-0952,PROD-009,CHAN-1,2024-01-03,1,60.99,0.0,8.99,Completed,69.98
ORD-00024,CUST-0154,PROD-107,CHAN-3,2024-01-04,1,53.0,0.0,11.99,Completed,64.99
ORD-00025,CUST-0493,PROD-078,CHAN-1,2024-01-04,1,9.99,0.0,4.99,Completed,14.98
ORD-00026,CUST-1854,PROD-057,CHAN-5,2024-01-04,1,32.0,0.35,8.99,Completed,29.79
ORD-00027,CUST-0782,PROD-009,CHAN-1,2024-01-05,1,60.99,0.0,4.99,Completed,65.98
ORD-00028,CUST-0106,PROD-006,CHAN-1,2024-01-05,1,58.0,0.2,4.99,Completed,51.39
ORD-00029,CUST-0786,PROD-037,CHAN-1,2024-01-06,1,60.95,0.0,11.99,Completed,72.94
ORD-00030,CUST-0009,PROD-056,CHAN-1,2024-01-06,2,131.0,0.1,0.0,Completed,235.8
ORD-00031,CUST-0001,PROD-011,CHAN-3,2024-01-06,2,18.95,0.15,11.99,Completed,44.2
ORD-00032,CUST-0005,PROD-101,CHAN-2,2024-01-06,2,66.0,0.0,0.0,Completed,132.0
ORD-00033,CUST-0518,PROD-070,CHAN-5,2024-01-06,1,91.99,0.0,0.0,Completed,91.99
ORD-00034,CUST-0572,PROD-033,CHAN-1,2024-01-07,1,63.99,0.0,5.99,Completed,69.98
ORD-00035,CUST-0012,PROD-063,CHAN-2,2024-01-07,1,96.99,0.0,0.0,Completed,96.99
ORD-00036,CUST-0002,PROD-034,CHAN-4,2024-01-07,1,65.99,0.0,11.99,Completed,77.98
ORD-00037,CUST-0574,PROD-091,CHAN-2,2024-01-07,1,13.0,0.3,8.99,Completed,18.09
ORD-00038,CUST-1326,PROD-024,CHAN-3,2024-01-07,1,39.0,0.0,8.99,Completed,47.99
ORD-00039,CUST-0078,PROD-002,CHAN-2,2024-01-07,1,28.99,0.0,8.99,Returned,37.98
ORD-00040,CUST-0049,PROD-010,CHAN-4,2024-01-08,2,32.99,0.25,8.99,Completed,58.48
ORD-00041,CUST-0419,PROD-057,CHAN-2,2024-01-08,1,32.0,0.0,11.99,Returned,43.99
ORD-00042,CUST-1578,PROD-004,CHAN-1,2024-01-08,1,47.99,0.0,8.99,Completed,56.98
ORD-00043,CUST-0320,PROD-032,CHAN-2,2024-01-08,1,89.95,0.0,0.0,Completed,89.95
ORD-00044,CUST-0345,PROD-011,CHAN-1,2024-01-08,1,18.95,0.0,5.99,Completed,24.94
ORD-00045,CUST-0969,PROD-028,CHAN-2,2024-01-08,2,109.0,0.1,0.0,Completed,196.2
ORD-00046,CUST-0714,PROD-034,CHAN-1,2024-01-08,1,65.99,0.0,11.99,Completed,77.98
ORD-00047,CUST-0611,PROD-037,CHAN-3,2024-01-08,2,60.95,0.0,0.0,Completed,121.9
ORD-00048,CUST-0026,PROD-004,CHAN-2,2024-01-08,1,47.99,0.1,5.99,Completed,49.18
ORD-00049,CUST-0001,PROD-118,CHAN-1,2024-01-08,3,150.99,0.0,0.0,Completed,452.97
ORD-00050,CUST-0825,PROD-087,CHAN-1,2024-01-08,1,34.99,0.0,4.99,Completed,39.98
ORD-00051,CUST-0359,PROD-006,CHAN-1,2024-01-09,1,58.0,0.0,4.99,Completed,62.99
ORD-00052,CUST-0022,PROD-008,CHAN-2,2024-01-09,1,38.99,0.15,11.99,Completed,45.13
ORD-00053,CUST-0002,PROD-060,CHAN-5,2024-01-09,1,51.99,0.0,11.99,Completed,63.98
ORD-00054,CUST-0012,PROD-049,CHAN-4,2024-01-09,2,19.95,0.25,8.99,Completed,38.91
ORD-00055,CUST-0569,PROD-016,CHAN-2,2024-01-09,1,25.0,0.1,5.99,Completed,28.49
ORD-00056,CUST-0713,PROD-079,CHAN-4,2024-01-10,1,37.99,0.0,4.99,Completed,42.98
ORD-00057,CUST-0001,PROD-045,CHAN-2,2024-01-10,2,51.0,0.0,0.0,Completed,102.0
ORD-00058,CUST-0034,PROD-012,CHAN-2,2024-01-10,1,63.0,0.0,4.99,Completed,67.99
ORD-00059,CUST-1337,PROD-035,CHAN-2,2024-01-10,1,102.99,0.0,0.0,Completed,102.99
ORD-00060,CUST-1005,PROD-018,CHAN-3,2024-01-10,1,83.95,0.0,0.0,Completed,83.95
ORD-00061,CUST-0405,PROD-009,CHAN-2,2024-01-10,1,60.99,0.0,4.99,Completed,65.98
ORD-00062,CUST-0069,PROD-141,CHAN-1,2024-01-11,2,15.0,0.3,8.99,Completed,29.99
ORD-00063,CUST-1916,PROD-001,CHAN-2,2024-01-11,1,50.95,0.0,11.99,Completed,62.94
ORD-00064,CUST-0002,PROD-026,CHAN-4,2024-01-11,1,36.95,0.0,11.99,Completed,48.94
ORD-00065,CUST-0490,PROD-038,CHAN-3,2024-01-11,1,83.99,0.0,0.0,Completed,83.99
ORD-00066,CUST-0721,PROD-069,CHAN-2,2024-01-11,3,71.0,0.0,0.0,Completed,213.0
ORD-00067,CUST-1187,PROD-001,CHAN-2,2024-01-11,1,50.95,0.3,8.99,Completed,44.66
ORD-00068,CUST-0099,PROD-032,CHAN-1,2024-01-12,1,89.95,0.35,11.99,Completed,70.46
ORD-00069,CUST-1891,PROD-003,CHAN-4,2024-01-12,1,70.99,0.0,4.99,Completed,75.98
ORD-00070,CUST-0571,PROD-103,CHAN-1,2024-01-12,1,111.0,0.0,0.0,Completed,111.0
ORD-00071,CUST-0195,PROD-022,CHAN-4,2024-01-12,2,21.0,0.2,11.99,Completed,45.59
ORD-00072,CUST-0011,PROD-003,CHAN-1,2024-01-12,1,70.99,0.0,8.99,Returned,79.98
ORD-00073,CUST-0560,PROD-005,CHAN-2,2024-01-12,1,30.99,0.3,5.99,Completed,27.68
ORD-00074,CUST-0104,PROD-069,CHAN-2,2024-01-12,4,71.0,0.25,0.0,Completed,213.0
ORD-00075,CUST-1394,PROD-021,CHAN-1,2024-01-13,2,39.0,0.0,0.0,Completed,78.0
ORD-00076,CUST-1558,PROD-101,CHAN-1,2024-01-13,5,66.0,0.0,0.0,Completed,330.0
ORD-00077,CUST-0064,PROD-078,CHAN-4,2024-01-13,1,9.99,0.0,8.99,Completed,18.98
ORD-00078,CUST-1545,PROD-016,CHAN-5,2024-01-13,1,25.0,0.15,11.99,Completed,33.24
ORD-00079,CUST-1759,PROD-002,CHAN-2,2024-01-13,1,28.99,0.0,8.99,Completed,37.98
ORD-00080,CUST-0288,PROD-009,CHAN-2,2024-01-13,1,60.99,0.0,5.99,Returned,66.98
ORD-00081,CUST-0418,PROD-011,CHAN-4,2024-01-13,1,18.95,0.0,4.99,Completed,23.94
ORD-00082,CUST-0036,PROD-011,CHAN-1,2024-01-13,1,18.95,0.0,8.99,Completed,27.94
ORD-00083,CUST-0309,PROD-114,CHAN-2,2024-01-14,1,21.0,0.0,4.99,Completed,25.99
ORD-00084,CUST-0007,PROD-072,CHAN-1,2024-01-14,2,35.95,0.0,5.99,Completed,77.89
ORD-00085,CUST-0060,PROD-027,CHAN-1,2024-01-14,2,54.0,0.0,0.0,Completed,108.0
ORD-00086,CUST-0014,PROD-048,CHAN-1,2024-01-14,2,121.95,0.0,0.0,Completed,243.9
ORD-00087,CUST-1530,PROD-029,CHAN-2,2024-01-14,3,79.0,0.0,0.0,Completed,237.0
ORD-00088,CUST-0359,PROD-036,CHAN-2,2024-01-14,1,102.99,0.0,0.0,Completed,102.99
ORD-00089,CUST-0010,PROD-101,CHAN-1,2024-01-14,1,66.0,0.0,4.99,Completed,70.99
ORD-00090,CUST-1051,PROD-023,CHAN-1,2024-01-14,1,58.95,0.0,4.99,Completed,63.94
ORD-00091,CUST-1420,PROD-118,CHAN-4,2024-01-14,2,150.99,0.2,0.0,Completed,241.58
ORD-00092,CUST-0001,PROD-023,CHAN-3,2024-01-14,1,58.95,0.0,4.99,Completed,63.94
ORD-00093,CUST-0520,PROD-055,CHAN-1,2024-01-14,3,110.99,0.1,0.0,Completed,299.67
ORD-00094,CUST-0328,PROD-033,CHAN-5,2024-01-14,1,63.99,0.35,5.99,Completed,47.58
ORD-00095,CUST-0028,PROD-040,CHAN-3,2024-01-14,2,106.95,0.0,0.0,Completed,213.9
ORD-00096,CUST-1059,PROD-075,CHAN-1,2024-01-14,2,118.99,0.0,0.0,Completed,237.98
ORD-00097,CUST-1478,PROD-007,CHAN-1,2024-01-15,4,49.0,0.0,0.0,Completed,196.0
ORD-00098,CUST-1369,PROD-120,CHAN-3,2024-01-15,1,158.0,0.0,0.0,Completed,158.0
ORD-00099,CUST-0627,PROD-045,CHAN-1,2024-01-15,2,51.0,0.0,0.0,Completed,102.0
ORD-00100,CUST-0332,PROD-063,CHAN-2,2024-01-15,1,96.99,0.0,0.0,Completed,96.99
ORD-00101,CUST-0026,PROD-013,CHAN-1,2024-01-15,1,41.95,0.0,11.99,Completed,53.94
ORD-00102,CUST-1858,PROD-005,CHAN-1,2024-01-15,1,30.99,0.0,5.99,Completed,36.98
ORD-00103,CUST-0540,PROD-005,CHAN-2,2024-01-15,2,30.99,0.25,11.99,Completed,58.48
ORD-00104,CUST-0053,PROD-014,CHAN-4,2024-01-16,2,19.0,0.0,11.99,Returned,49.99
ORD-00105,CUST-0767,PROD-002,CHAN-1,2024-01-16,1,28.99,0.0,5.99,Completed,34.98
ORD-00106,CUST-0031,PROD-031,CHAN-2,2024-01-16,1,100.0,0.0,0.0,Completed,100.0
ORD-00107,CUST-1032,PROD-106,CHAN-1,2024-01-16,2,103.0,0.35,0.0,Returned,133.9
ORD-00108,CUST-0010,PROD-105,CHAN-1,2024-01-16,1,71.0,0.0,4.99,Completed,75.99
ORD-00109,CUST-0616,PROD-034,CHAN-4,2024-01-16,1,65.99,0.05,11.99,Completed,74.68
ORD-00110,CUST-0082,PROD-038,CHAN-2,2024-01-16,1,83.99,0.0,0.0,Completed,83.99
ORD-00111,CUST-0755,PROD-086,CHAN-3,2024-01-16,4,7.0,0.4,5.99,Completed,22.79
ORD-00112,CUST-0069,PROD-077,CHAN-1,2024-01-16,1,42.99,0.0,4.99,Completed,47.98
ORD-00113,CUST-0285,PROD-149,CHAN-2,2024-01-17,3,11.99,0.0,5.99,Completed,41.96
ORD-00114,CUST-1233,PROD-122,CHAN-3,2024-01-17,1,178.99,0.0,0.0,Completed,178.99
ORD-00115,CUST-0061,PROD-022,CHAN-1,2024-01-17,1,21.0,0.0,8.99,Completed,29.99
ORD-00116,CUST-0331,PROD-042,CHAN-5,2024-01-17,3,17.0,0.2,11.99,Completed,52.79
ORD-00117,CUST-0023,PROD-022,CHAN-1,2024-01-17,1,21.0,0.0,5.99,Completed,26.99
ORD-00118,CUST-1095,PROD-042,CHAN-2,2024-01-17,2,17.0,0.0,4.99,Completed,38.99
ORD-00119,CUST-1122,PROD-004,CHAN-2,2024-01-17,1,47.99,0.0,11.99,Completed,59.98
ORD-00120,CUST-0088,PROD-001,CHAN-2,2024-01-17,1,50.95,0.0,11.99,Completed,62.94
ORD-00121,CUST-0060,PROD-072,CHAN-2,2024-01-17,1,35.95,0.4,5.99,Completed,27.56
ORD-00122,CUST-0003,PROD-108,CHAN-1,2024-01-17,3,114.95,0.15,0.0,Completed,293.12
ORD-00123,CUST-0581,PROD-017,CHAN-1,2024-01-17,1,28.99,0.35,11.99,Completed,30.83
ORD-00124,CUST-0052,PROD-004,CHAN-2,2024-01-18,1,47.99,0.0,8.99,Completed,56.98
ORD-00125,CUST-0372,PROD-052,CHAN-1,2024-01-18,1,124.0,0.4,8.99,Completed,83.39
ORD-00126,CUST-0002,PROD-001,CHAN-2,2024-01-18,1,50.95,0.0,5.99,Completed,56.94
ORD-00127,CUST-1087,PROD-029,CHAN-2,2024-01-18,1,79.0,0.0,0.0,Completed,79.0
ORD-00128,CUST-0812,PROD-013,CHAN-1,2024-01-18,1,41.95,0.0,5.99,Refunded,47.94
ORD-00129,CUST-0112,PROD-030,CHAN-2,2024-01-18,1,62.99,0.0,5.99,Completed,68.98
ORD-00130,CUST-0563,PROD-045,CHAN-2,2024-01-18,2,51.0,0.0,0.0,Completed,102.0
ORD-00131,CUST-0383,PROD-069,CHAN-3,2024-01-18,1,71.0,0.2,4.99,Completed,61.79
ORD-00132,CUST-0199,PROD-087,CHAN-2,2024-01-18,1,34.99,0.0,5.99,Completed,40.98
ORD-00133,CUST-1472,PROD-001,CHAN-2,2024-01-19,2,50.95,0.0,0.0,Completed,101.9
ORD-00134,CUST-1758,PROD-002,CHAN-2,2024-01-19,1,28.99,0.3,8.99,Completed,29.28
ORD-00135,CUST-0115,PROD-003,CHAN-2,2024-01-19,1,70.99,0.0,8.99,Completed,79.98
ORD-00136,CUST-0010,PROD-056,CHAN-2,2024-01-20,2,131.0,0.0,0.0,Completed,262.0
ORD-00137,CUST-1531,PROD-026,CHAN-4,2024-01-20,2,36.95,0.0,11.99,Completed,85.89
ORD-00138,CUST-0089,PROD-006,CHAN-1,2024-01-20,1,58.0,0.0,8.99,Completed,66.99
ORD-00139,CUST-0464,PROD-051,CHAN-2,2024-01-20,1,105.95,0.0,0.0,Completed,105.95
ORD-00140,CUST-0010,PROD-110,CHAN-1,2024-01-20,4,35.95,0.25,0.0,Completed,107.85
ORD-00141,CUST-0012,PROD-138,CHAN-1,2024-01-20,1,3.99,0.0,11.99,Completed,15.98
ORD-00142,CUST-0003,PROD-074,CHAN-3,2024-01-21,1,45.95,0.2,11.99,Completed,48.75
ORD-00143,CUST-1639,PROD-053,CHAN-2,2024-01-21,2,88.95,0.3,0.0,Completed,124.53
ORD-00144,CUST-0089,PROD-020,CHAN-4,2024-01-21,3,25.0,0.0,0.0,Completed,75.0
ORD-00145,CUST-1876,PROD-122,CHAN-1,2024-01-21,2,178.99,0.0,0.0,Completed,357.98
ORD-00146,CUST-0196,PROD-148,CHAN-2,2024-01-21,1,15.0,0.0,8.99,Completed,23.99
ORD-00147,CUST-0375,PROD-017,CHAN-1,2024-01-21,2,28.99,0.0,5.99,Completed,63.97
ORD-00148,CUST-1110,PROD-005,CHAN-2,2024-01-21,1,30.99,0.0,4.99,Returned,35.98
ORD-00149,CUST-0195,PROD-011,CHAN-3,2024-01-21,2,18.95,0.0,4.99,Completed,42.89
ORD-00150,CUST-0408,PROD-056,CHAN-1,2024-01-21,1,131.0,0.0,0.0,Completed,131.0
ORD-00151,CUST-0034,PROD-008,CHAN-2,2024-01-21,3,38.99,0.0,0.0,Cancelled,0.0
ORD-00152,CUST-0188,PROD-008,CHAN-2,2024-01-22,2,38.99,0.0,0.0,Completed,77.98
ORD-00153,CUST-0922,PROD-113,CHAN-2,2024-01-22,2,97.0,0.0,0.0,Completed,194.0
ORD-00154,CUST-0017,PROD-020,CHAN-1,2024-01-22,1,25.0,0.0,0.0,Cancelled,0.0
ORD-00155,CUST-1641,PROD-115,CHAN-1,2024-01-22,1,166.95,0.0,0.0,Cancelled,0.0
ORD-00156,CUST-0140,PROD-014,CHAN-2,2024-01-22,3,19.0,0.0,0.0,Cancelled,0.0
ORD-00157,CUST-1804,PROD-064,CHAN-3,2024-01-23,1,43.0,0.0,11.99,Completed,54.99
ORD-00158,CUST-0039,PROD-042,CHAN-2,2024-01-23,2,17.0,0.1,5.99,Completed,36.59
ORD-00159,CUST-0044,PROD-022,CHAN-1,2024-01-23,3,21.0,0.0,8.99,Completed,71.99
ORD-00160,CUST-0239,PROD-085,CHAN-2,2024-01-23,1,23.95,0.0,4.99,Completed,28.94
ORD-00161,CUST-0456,PROD-120,CHAN-2,2024-01-23,3,158.0,0.0,0.0,Completed,474.0
ORD-00162,CUST-0042,PROD-002,CHAN-3,2024-01-23,2,28.99,0.0,5.99,Completed,63.97
ORD-00163,CUST-1961,PROD-069,CHAN-4,2024-01-23,2,71.0,0.0,0.0,Completed,142.0
ORD-00164,CUST-1271,PROD-049,CHAN-1,2024-01-24,3,19.95,0.0,4.99,Returned,64.84
ORD-00165,CUST-0223,PROD-044,CHAN-1,2024-01-24,1,66.0,0.0,11.99,Completed,77.99
ORD-00166,CUST-0277,PROD-001,CHAN-3,2024-01-24,1,50.95,0.0,4.99,Completed,55.94
ORD-00167,CUST-0492,PROD-005,CHAN-1,2024-01-25,1,30.99,0.0,8.99,Completed,39.98
ORD-00168,CUST-0786,PROD-003,CHAN-4,2024-01-25,1,70.99,0.0,4.99,Completed,75.98
ORD-00169,CUST-0038,PROD-007,CHAN-1,2024-01-25,2,49.0,0.0,0.0,Completed,98.0
ORD-00170,CUST-1398,PROD-057,CHAN-1,2024-01-25,1,32.0,0.0,8.99,Completed,40.99
ORD-00171,CUST-0285,PROD-137,CHAN-1,2024-01-25,2,15.0,0.0,8.99,Completed,38.99
ORD-00172,CUST-0233,PROD-015,CHAN-2,2024-01-25,1,65.0,0.0,4.99,Completed,69.99
ORD-00173,CUST-1096,PROD-011,CHAN-2,2024-01-25,1,18.95,0.2,5.99,Completed,21.15
ORD-00174,CUST-1768,PROD-007,CHAN-3,2024-01-25,2,49.0,0.0,0.0,Completed,98.0
ORD-00175,CUST-1832,PROD-035,CHAN-2,2024-01-25,1,102.99,0.2,0.0,Completed,82.39
ORD-00176,CUST-0030,PROD-030,CHAN-1,2024-01-25,4,62.99,0.0,0.0,Completed,251.96
ORD-00177,CUST-0008,PROD-052,CHAN-2,2024-01-26,1,124.0,0.0,0.0,Completed,124.0
ORD-00178,CUST-0668,PROD-004,CHAN-2,2024-01-26,1,47.99,0.0,4.99,Completed,52.98
ORD-00179,CUST-1694,PROD-087,CHAN-5,2024-01-26,1,34.99,0.35,5.99,Completed,28.73
ORD-00180,CUST-0081,PROD-007,CHAN-1,2024-01-26,1,49.0,0.0,0.0,Cancelled,0.0
ORD-00181,CUST-0713,PROD-010,CHAN-2,2024-01-26,2,32.99,0.0,11.99,Completed,77.97
ORD-00182,CUST-0755,PROD-025,CHAN-1,2024-01-26,1,57.99,0.0,11.99,Completed,69.98
ORD-00183,CUST-0028,PROD-060,CHAN-1,2024-01-27,2,51.99,0.0,0.0,Completed,103.98
ORD-00184,CUST-0949,PROD-056,CHAN-1,2024-01-27,1,131.0,0.25,0.0,Completed,98.25
ORD-00185,CUST-1016,PROD-036,CHAN-1,2024-01-27,1,102.99,0.25,0.0,Completed,77.24
ORD-00186,CUST-0024,PROD-090,CHAN-1,2024-01-27,1,21.0,0.0,5.99,Completed,26.99
ORD-00187,CUST-0249,PROD-051,CHAN-3,2024-01-27,2,105.95,0.1,0.0,Completed,190.71
ORD-00188,CUST-0249,PROD-001,CHAN-1,2024-01-27,1,50.95,0.0,11.99,Completed,62.94
ORD-00189,CUST-0428,PROD-064,CHAN-1,2024-01-27,1,43.0,0.15,4.99,Completed,41.54
ORD-00190,CUST-0030,PROD-084,CHAN-1,2024-01-27,2,17.0,0.0,11.99,Completed,45.99
ORD-00191,CUST-0003,PROD-026,CHAN-2,2024-01-28,1,36.95,0.1,8.99,Completed,42.25
ORD-00192,CUST-1083,PROD-060,CHAN-2,2024-01-28,1,51.99,0.35,11.99,Completed,45.78
ORD-00193,CUST-0295,PROD-054,CHAN-2,2024-01-28,1,109.0,0.0,0.0,Completed,109.0
ORD-00194,CUST-0225,PROD-008,CHAN-1,2024-01-28,1,38.99,0.0,5.99,Completed,44.98
ORD-00195,CUST-0092,PROD-084,CHAN-2,2024-01-28,1,17.0,0.25,8.99,Returned,21.74
ORD-00196,CUST-1787,PROD-039,CHAN-4,2024-01-28,2,83.0,0.35,0.0,Completed,107.9
ORD-00197,CUST-0840,PROD-002,CHAN-1,2024-01-28,1,28.99,0.1,8.99,Completed,35.08
ORD-00198,CUST-0821,PROD-019,CHAN-2,2024-01-28,1,35.95,0.4,5.99,Completed,27.56
ORD-00199,CUST-1173,PROD-004,CHAN-1,2024-01-28,1,47.99,0.35,8.99,Completed,40.18
ORD-00200,CUST-0194,PROD-020,CHAN-2,2024-01-28,1,25.0,0.0,8.99,Completed,33.99
ORD-00201,CUST-0134,PROD-105,CHAN-1,2024-01-28,3,71.0,0.0,0.0,Returned,213.0
ORD-00202,CUST-1928,PROD-003,CHAN-1,2024-01-29,1,70.99,0.3,5.99,Completed,55.68
ORD-00203,CUST-1016,PROD-054,CHAN-2,2024-01-29,2,109.0,0.0,0.0,Completed,218.0
ORD-00204,CUST-0012,PROD-104,CHAN-2,2024-01-29,1,72.99,0.4,5.99,Completed,49.78
ORD-00205,CUST-1462,PROD-073,CHAN-1,2024-01-29,1,24.95,0.35,8.99,Completed,25.21
ORD-00206,CUST-0313,PROD-002,CHAN-4,2024-01-29,1,28.99,0.0,5.99,Completed,34.98
ORD-00207,CUST-0766,PROD-039,CHAN-1,2024-01-29,3,83.0,0.0,0.0,Completed,249.0
ORD-00208,CUST-1301,PROD-042,CHAN-1,2024-01-29,1,17.0,0.0,5.99,Completed,22.99
ORD-00209,CUST-0145,PROD-011,CHAN-2,2024-01-30,4,18.95,0.1,11.99,Completed,80.21
ORD-00210,CUST-0462,PROD-119,CHAN-2,2024-01-30,1,123.0,0.0,0.0,Completed,123.0
ORD-00211,CUST-1312,PROD-034,CHAN-3,2024-01-30,1,65.99,0.35,11.99,Completed,54.88
ORD-00212,CUST-0014,PROD-110,CHAN-2,2024-01-30,2,35.95,0.0,11.99,Completed,83.89
ORD-00213,CUST-1683,PROD-002,CHAN-2,2024-01-31,1,28.99,0.0,11.99,Completed,40.98
ORD-00214,CUST-0577,PROD-094,CHAN-1,2024-01-31,1,24.95,0.0,4.99,Completed,29.94
ORD-00215,CUST-0799,PROD-004,CHAN-3,2024-01-31,1,47.99,0.0,8.99,Completed,56.98
ORD-00216,CUST-1740,PROD-019,CHAN-1,2024-01-31,1,35.95,0.35,8.99,Completed,32.36
ORD-00217,CUST-0007,PROD-141,CHAN-1,2024-01-31,2,15.0,0.1,8.99,Completed,35.99
ORD-00218,CUST-0366,PROD-022,CHAN-1,2024-01-31,1,21.0,0.0,5.99,Completed,26.99
ORD-00219,CUST-0484,PROD-013,CHAN-4,2024-01-31,1,41.95,0.0,5.99,Returned,47.94
ORD-00220,CUST-0247,PROD-045,CHAN-1,2024-01-31,3,51.0,0.0,0.0,Completed,153.0
ORD-00221,CUST-0156,PROD-002,CHAN-1,2024-01-31,1,28.99,0.0,4.99,Completed,33.98
ORD-00222,CUST-0346,PROD-072,CHAN-1,2024-01-31,1,35.95,0.0,8.99,Completed,44.94
ORD-00223,CUST-1172,PROD-002,CHAN-3,2024-02-01,1,28.99,0.0,5.99,Completed,34.98
ORD-00224,CUST-1231,PROD-021,CHAN-2,2024-02-01,1,39.0,0.1,11.99,Completed,47.09
ORD-00225,CUST-0005,PROD-009,CHAN-1,2024-02-01,1,60.99,0.0,4.99,Completed,65.98
ORD-00226,CUST-0347,PROD-052,CHAN-2,2024-02-01,1,124.0,0.0,0.0,Completed,124.0
ORD-00227,CUST-0536,PROD-027,CHAN-2,2024-02-01,1,54.0,0.0,4.99,Completed,58.99
ORD-00228,CUST-1262,PROD-010,CHAN-1,2024-02-01,1,32.99,0.0,5.99,Completed,38.98
ORD-00229,CUST-0037,PROD-119,CHAN-3,2024-02-01,1,123.0,0.0,0.0,Completed,123.0
ORD-00230,CUST-0010,PROD-038,CHAN-2,2024-02-02,1,83.99,0.0,0.0,Completed,83.99
ORD-00231,CUST-0823,PROD-053,CHAN-1,2024-02-02,1,88.95,0.0,0.0,Completed,88.95
ORD-00232,CUST-0928,PROD-009,CHAN-3,2024-02-02,1,60.99,0.0,11.99,Completed,72.98
ORD-00233,CUST-0467,PROD-114,CHAN-3,2024-02-02,1,21.0,0.0,5.99,Completed,26.99
ORD-00234,CUST-0040,PROD-090,CHAN-1,2024-02-02,1,21.0,0.0,5.99,Completed,26.99
ORD-00235,CUST-1527,PROD-008,CHAN-1,2024-02-02,1,38.99,0.0,4.99,Completed,43.98
ORD-00236,CUST-0568,PROD-066,CHAN-1,2024-02-02,1,71.95,0.0,5.99,Completed,77.94
ORD-00237,CUST-0123,PROD-069,CHAN-1,2024-02-02,3,71.0,0.0,0.0,Completed,213.0
ORD-00238,CUST-0046,PROD-150,CHAN-1,2024-02-03,2,7.0,0.0,8.99,Completed,22.99
ORD-00239,CUST-0046,PROD-002,CHAN-3,2024-02-03,2,28.99,0.0,4.99,Completed,62.97
ORD-00240,CUST-0188,PROD-074,CHAN-2,2024-02-03,2,45.95,0.0,0.0,Completed,91.9
ORD-00241,CUST-0103,PROD-042,CHAN-2,2024-02-03,1,17.0,0.0,8.99,Completed,25.99
ORD-00242,CUST-1469,PROD-006,CHAN-1,2024-02-03,1,58.0,0.15,8.99,Completed,58.29
ORD-00243,CUST-0656,PROD-007,CHAN-1,2024-02-03,3,49.0,0.3,0.0,Completed,102.9
ORD-00244,CUST-0058,PROD-067,CHAN-2,2024-02-04,1,95.99,0.0,0.0,Completed,95.99
ORD-00245,CUST-1682,PROD-081,CHAN-2,2024-02-04,1,38.95,0.0,5.99,Completed,44.94
ORD-00246,CUST-0752,PROD-053,CHAN-3,2024-02-04,1,88.95,0.0,0.0,Returned,88.95
ORD-00247,CUST-0091,PROD-009,CHAN-1,2024-02-04,1,60.99,0.0,5.99,Completed,66.98
ORD-00248,CUST-1377,PROD-069,CHAN-2,2024-02-04,1,71.0,0.15,8.99,Completed,69.34
ORD-00249,CUST-1290,PROD-035,CHAN-3,2024-02-04,1,102.99,0.0,0.0,Completed,102.99
ORD-00250,CUST-1630,PROD-073,CHAN-1,2024-02-04,1,24.95,0.0,11.99,Completed,36.94
ORD-00251,CUST-0380,PROD-004,CHAN-2,2024-02-04,1,47.99,0.0,11.99,Completed,59.98
ORD-00252,CUST-0003,PROD-135,CHAN-2,2024-02-04,2,13.99,0.0,11.99,Completed,39.97
ORD-00253,CUST-0705,PROD-021,CHAN-2,2024-02-05,1,39.0,0.05,5.99,Completed,43.04
ORD-00254,CUST-1794,PROD-011,CHAN-3,2024-02-05,3,18.95,0.25,5.99,Completed,48.63
ORD-00255,CUST-0690,PROD-130,CHAN-1,2024-02-05,3,5.95,0.0,11.99,Completed,29.84
ORD-00256,CUST-0781,PROD-001,CHAN-4,2024-02-05,1,50.95,0.0,8.99,Completed,59.94
ORD-00257,CUST-0262,PROD-049,CHAN-1,2024-02-05,1,19.95,0.0,4.99,Completed,24.94
ORD-00258,CUST-1218,PROD-001,CHAN-1,2024-02-05,1,50.95,0.0,11.99,Completed,62.94
ORD-00259,CUST-0203,PROD-079,CHAN-2,2024-02-05,3,37.99,0.0,0.0,Refunded,113.97
ORD-00260,CUST-0536,PROD-011,CHAN-4,2024-02-05,2,18.95,0.0,4.99,Completed,42.89
ORD-00261,CUST-0461,PROD-072,CHAN-4,2024-02-05,2,35.95,0.1,11.99,Completed,76.7
ORD-00262,CUST-0150,PROD-076,CHAN-1,2024-02-05,1,7.99,0.2,5.99,Completed,12.38
ORD-00263,CUST-0191,PROD-006,CHAN-1,2024-02-05,1,58.0,0.0,11.99,Completed,69.99
ORD-00264,CUST-0648,PROD-096,CHAN-5,2024-02-05,1,22.99,0.0,5.99,Completed,28.98
ORD-00265,CUST-0515,PROD-132,CHAN-1,2024-02-06,2,8.0,0.0,8.99,Completed,24.99
ORD-00266,CUST-0944,PROD-003,CHAN-3,2024-02-06,2,70.99,0.25,0.0,Completed,106.48
ORD-00267,CUST-0002,PROD-003,CHAN-1,2024-02-06,1,70.99,0.0,4.99,Completed,75.98
ORD-00268,CUST-0339,PROD-043,CHAN-1,2024-02-06,3,45.99,0.0,0.0,Completed,137.97
ORD-00269,CUST-0150,PROD-001,CHAN-1,2024-02-06,1,50.95,0.0,5.99,Completed,56.94
ORD-00270,CUST-0194,PROD-013,CHAN-1,2024-02-06,2,41.95,0.15,8.99,Completed,80.3
ORD-00271,CUST-1980,PROD-018,CHAN-1,2024-02-07,1,83.95,0.0,0.0,Completed,83.95
ORD-00272,CUST-0828,PROD-024,CHAN-4,2024-02-07,1,39.0,0.0,8.99,Completed,47.99
ORD-00273,CUST-0248,PROD-063,CHAN-4,2024-02-07,2,96.99,0.0,0.0,Completed,193.98
ORD-00274,CUST-0002,PROD-018,CHAN-2,2024-02-08,1,83.95,0.0,0.0,Completed,83.95
ORD-00275,CUST-0774,PROD-102,CHAN-2,2024-02-08,4,137.0,0.0,0.0,Completed,548.0
ORD-00276,CUST-0073,PROD-115,CHAN-2,2024-02-08,1,166.95,0.0,0.0,Completed,166.95
ORD-00277,CUST-0876,PROD-003,CHAN-2,2024-02-08,1,70.99,0.0,4.99,Completed,75.98
ORD-00278,CUST-0086,PROD-065,CHAN-2,2024-02-08,1,30.0,0.0,8.99,Completed,38.99
ORD-00279,CUST-0002,PROD-029,CHAN-2,2024-02-09,2,79.0,0.0,0.0,Completed,158.0
ORD-00280,CUST-1637,PROD-042,CHAN-2,2024-02-09,1,17.0,0.0,5.99,Completed,22.99
ORD-00281,CUST-0915,PROD-008,CHAN-1,2024-02-09,1,38.99,0.0,8.99,Completed,47.98
ORD-00282,CUST-0001,PROD-078,CHAN-3,2024-02-10,1,9.99,0.0,11.99,Completed,21.98
ORD-00283,CUST-0244,PROD-108,CHAN-2,2024-02-10,1,114.95,0.0,0.0,Completed,114.95
ORD-00284,CUST-0110,PROD-069,CHAN-2,2024-02-10,1,71.0,0.4,4.99,Completed,47.59
ORD-00285,CUST-0099,PROD-121,CHAN-2,2024-02-10,4,156.99,0.0,0.0,Cancelled,0.0
ORD-00286,CUST-0984,PROD-133,CHAN-1,2024-02-10,2,18.99,0.0,5.99,Completed,43.97
ORD-00287,CUST-0001,PROD-067,CHAN-2,2024-02-11,1,95.99,0.25,5.99,Completed,77.98
ORD-00288,CUST-1345,PROD-109,CHAN-1,2024-02-11,1,68.99,0.0,4.99,Completed,73.98
ORD-00289,CUST-0150,PROD-027,CHAN-3,2024-02-11,1,54.0,0.15,4.99,Completed,50.89
ORD-00290,CUST-1708,PROD-007,CHAN-2,2024-02-11,1,49.0,0.2,11.99,Completed,51.19
ORD-00291,CUST-0061,PROD-017,CHAN-3,2024-02-11,2,28.99,0.0,4.99,Completed,62.97
ORD-00292,CUST-0114,PROD-043,CHAN-1,2024-02-12,1,45.99,0.0,0.0,Cancelled,0.0
ORD-00293,CUST-0300,PROD-002,CHAN-3,2024-02-12,2,28.99,0.0,4.99,Completed,62.97
ORD-00294,CUST-1711,PROD-072,CHAN-4,2024-02-12,1,35.95,0.0,5.99,Completed,41.94
ORD-00295,CUST-0517,PROD-143,CHAN-2,2024-02-12,1,19.0,0.0,4.99,Completed,23.99
ORD-00296,CUST-0844,PROD-123,CHAN-2,2024-02-12,1,141.0,0.0,0.0,Completed,141.0
ORD-00297,CUST-0693,PROD-147,CHAN-1,2024-02-12,1,5.95,0.0,5.99,Completed,11.94
ORD-00298,CUST-0080,PROD-062,CHAN-2,2024-02-12,1,77.99,0.0,0.0,Completed,77.99
ORD-00299,CUST-0039,PROD-058,CHAN-1,2024-02-12,1,86.0,0.0,0.0,Completed,86.0
ORD-00300,CUST-1234,PROD-018,CHAN-2,2024-02-12,3,83.95,0.3,0.0,Completed,176.3
ORD-00301,CUST-0048,PROD-024,CHAN-2,2024-02-12,2,39.0,0.0,0.0,Completed,78.0
ORD-00302,CUST-1515,PROD-126,CHAN-2,2024-02-12,1,6.99,0.0,5.99,Refunded,12.98
ORD-00303,CUST-0001,PROD-023,CHAN-1,2024-02-12,2,58.95,0.1,0.0,Completed,106.11
ORD-00304,CUST-0665,PROD-001,CHAN-3,2024-02-13,1,50.95,0.0,11.99,Completed,62.94
ORD-00305,CUST-0223,PROD-067,CHAN-1,2024-02-13,1,95.99,0.1,0.0,Completed,86.39
ORD-00306,CUST-0004,PROD-025,CHAN-2,2024-02-13,3,57.99,0.0,0.0,Completed,173.97
ORD-00307,CUST-0200,PROD-028,CHAN-2,2024-02-13,3,109.0,0.05,0.0,Completed,310.65
ORD-00308,CUST-0069,PROD-030,CHAN-2,2024-02-13,1,62.99,0.0,5.99,Completed,68.98
ORD-00309,CUST-0011,PROD-059,CHAN-1,2024-02-13,1,58.99,0.0,11.99,Completed,70.98
ORD-00310,CUST-0373,PROD-115,CHAN-2,2024-02-13,1,166.95,0.2,0.0,Completed,133.56
ORD-00311,CUST-0050,PROD-114,CHAN-1,2024-02-13,1,21.0,0.4,4.99,Completed,17.59
ORD-00312,CUST-0031,PROD-089,CHAN-2,2024-02-14,1,5.99,0.0,8.99,Completed,14.98
ORD-00313,CUST-0143,PROD-109,CHAN-2,2024-02-14,2,68.99,0.0,0.0,Completed,137.98
ORD-00314,CUST-1494,PROD-122,CHAN-1,2024-02-14,3,178.99,0.0,0.0,Completed,536.97
ORD-00315,CUST-0001,PROD-023,CHAN-3,2024-02-14,1,58.95,0.0,0.0,Cancelled,0.0
ORD-00316,CUST-0073,PROD-015,CHAN-2,2024-02-14,1,65.0,0.25,5.99,Completed,54.74
ORD-00317,CUST-0853,PROD-120,CHAN-2,2024-02-14,1,158.0,0.35,0.0,Completed,102.7
ORD-00318,CUST-1658,PROD-012,CHAN-1,2024-02-15,1,63.0,0.0,11.99,Completed,74.99
ORD-00319,CUST-0439,PROD-003,CHAN-1,2024-02-15,1,70.99,0.15,8.99,Completed,69.33
ORD-00320,CUST-0079,PROD-055,CHAN-3,2024-02-15,2,110.99,0.2,0.0,Completed,177.58
ORD-00321,CUST-0067,PROD-011,CHAN-4,2024-02-15,1,18.95,0.3,11.99,Completed,25.25
ORD-00322,CUST-1418,PROD-008,CHAN-4,2024-02-15,1,38.99,0.0,4.99,Completed,43.98
ORD-00323,CUST-0234,PROD-075,CHAN-2,2024-02-15,1,118.99,0.0,0.0,Completed,118.99
ORD-00324,CUST-0420,PROD-080,CHAN-1,2024-02-16,1,20.95,0.35,4.99,Returned,18.61
ORD-00325,CUST-0259,PROD-004,CHAN-2,2024-02-16,1,47.99,0.0,0.0,Cancelled,0.0
ORD-00326,CUST-0224,PROD-008,CHAN-2,2024-02-16,1,38.99,0.0,5.99,Completed,44.98
ORD-00327,CUST-0001,PROD-001,CHAN-4,2024-02-16,1,50.95,0.0,8.99,Completed,59.94
ORD-00328,CUST-0798,PROD-002,CHAN-1,2024-02-16,1,28.99,0.25,4.99,Completed,26.73
ORD-00329,CUST-0268,PROD-136,CHAN-4,2024-02-16,2,4.0,0.35,8.99,Completed,14.19
ORD-00330,CUST-0521,PROD-032,CHAN-1,2024-02-16,3,89.95,0.0,0.0,Completed,269.85
ORD-00331,CUST-0523,PROD-051,CHAN-1,2024-02-16,1,105.95,0.0,0.0,Completed,105.95
ORD-00332,CUST-1719,PROD-016,CHAN-1,2024-02-17,1,25.0,0.0,5.99,Completed,30.99
ORD-00333,CUST-1241,PROD-001,CHAN-3,2024-02-17,1,50.95,0.0,4.99,Completed,55.94
ORD-00334,CUST-1448,PROD-080,CHAN-1,2024-02-17,1,20.95,0.05,5.99,Completed,25.89
ORD-00335,CUST-0101,PROD-007,CHAN-3,2024-02-17,1,49.0,0.0,5.99,Completed,54.99
ORD-00336,CUST-0182,PROD-006,CHAN-1,2024-02-17,2,58.0,0.0,0.0,Completed,116.0
ORD-00337,CUST-0145,PROD-136,CHAN-4,2024-02-18,1,4.0,0.0,11.99,Completed,15.99
ORD-00338,CUST-0028,PROD-111,CHAN-1,2024-02-18,1,27.99,0.3,8.99,Completed,28.58
ORD-00339,CUST-0074,PROD-054,CHAN-2,2024-02-18,1,109.0,0.0,0.0,Completed,109.0
ORD-00340,CUST-0011,PROD-128,CHAN-2,2024-02-18,1,5.95,0.0,5.99,Completed,11.94
ORD-00341,CUST-0992,PROD-029,CHAN-2,2024-02-18,1,79.0,0.0,0.0,Completed,79.0
ORD-00342,CUST-0056,PROD-080,CHAN-1,2024-02-18,4,20.95,0.0,0.0,Completed,83.8
ORD-00343,CUST-0132,PROD-127,CHAN-4,2024-02-19,1,7.95,0.25,8.99,Completed,14.95
ORD-00344,CUST-1094,PROD-029,CHAN-4,2024-02-19,1,79.0,0.2,8.99,Completed,72.19
ORD-00345,CUST-0909,PROD-034,CHAN-1,2024-02-19,1,65.99,0.0,5.99,Completed,71.98
ORD-00346,CUST-0215,PROD-085,CHAN-2,2024-02-19,1,23.95,0.0,5.99,Completed,29.94
ORD-00347,CUST-0079,PROD-036,CHAN-1,2024-02-19,2,102.99,0.0,0.0,Completed,205.98
ORD-00348,CUST-1946,PROD-026,CHAN-1,2024-02-19,1,36.95,0.35,4.99,Completed,29.01
ORD-00349,CUST-0643,PROD-056,CHAN-2,2024-02-20,1,131.0,0.0,0.0,Completed,131.0
ORD-00350,CUST-0973,PROD-071,CHAN-1,2024-02-20,1,54.99,0.3,4.99,Completed,43.48
ORD-00351,CUST-0019,PROD-032,CHAN-3,2024-02-20,1,89.95,0.0,0.0,Completed,89.95
ORD-00352,CUST-1252,PROD-053,CHAN-1,2024-02-20,1,88.95,0.2,11.99,Completed,83.15
ORD-00353,CUST-0333,PROD-025,CHAN-1,2024-02-20,1,57.99,0.15,8.99,Completed,58.28
ORD-00354,CUST-0005,PROD-003,CHAN-1,2024-02-20,1,70.99,0.0,11.99,Completed,82.98
ORD-00355,CUST-1625,PROD-022,CHAN-2,2024-02-20,1,21.0,0.0,4.99,Completed,25.99
ORD-00356,CUST-0785,PROD-012,CHAN-4,2024-02-20,1,63.0,0.35,4.99,Completed,45.94
ORD-00357,CUST-1219,PROD-021,CHAN-1,2024-02-21,1,39.0,0.15,5.99,Returned,39.14
ORD-00358,CUST-0001,PROD-035,CHAN-1,2024-02-21,1,102.99,0.35,8.99,Completed,75.93
ORD-00359,CUST-1891,PROD-033,CHAN-3,2024-02-21,1,63.99,0.1,5.99,Returned,63.58
ORD-00360,CUST-0316,PROD-130,CHAN-3,2024-02-21,2,5.95,0.0,4.99,Completed,16.89
ORD-00361,CUST-0089,PROD-045,CHAN-1,2024-02-21,1,51.0,0.0,8.99,Completed,59.99
ORD-00362,CUST-0298,PROD-104,CHAN-3,2024-02-21,1,72.99,0.0,5.99,Completed,78.98
ORD-00363,CUST-0001,PROD-111,CHAN-1,2024-02-22,1,27.99,0.0,4.99,Completed,32.98
ORD-00364,CUST-0001,PROD-025,CHAN-5,2024-02-22,1,57.99,0.0,8.99,Completed,66.98
ORD-00365,CUST-0212,PROD-016,CHAN-4,2024-02-22,2,25.0,0.0,4.99,Completed,54.99
ORD-00366,CUST-0053,PROD-002,CHAN-2,2024-02-22,1,28.99,0.1,5.99,Completed,32.08
ORD-00367,CUST-0695,PROD-001,CHAN-1,2024-02-23,1,50.95,0.0,4.99,Completed,55.94
ORD-00368,CUST-0041,PROD-110,CHAN-1,2024-02-23,1,35.95,0.0,0.0,Cancelled,0.0
ORD-00369,CUST-1993,PROD-029,CHAN-2,2024-02-23,1,79.0,0.0,0.0,Completed,79.0
ORD-00370,CUST-0539,PROD-079,CHAN-1,2024-02-23,2,37.99,0.4,4.99,Completed,50.58
ORD-00371,CUST-0524,PROD-024,CHAN-2,2024-02-23,1,39.0,0.05,5.99,Completed,43.04
ORD-00372,CUST-0024,PROD-026,CHAN-1,2024-02-23,1,36.95,0.0,4.99,Completed,41.94
ORD-00373,CUST-0964,PROD-036,CHAN-4,2024-02-23,1,102.99,0.0,0.0,Cancelled,0.0
ORD-00374,CUST-0203,PROD-093,CHAN-2,2024-02-24,1,25.99,0.4,5.99,Completed,21.58
ORD-00375,CUST-0003,PROD-025,CHAN-1,2024-02-24,5,57.99,0.0,0.0,Completed,289.95
ORD-00376,CUST-0098,PROD-117,CHAN-2,2024-02-24,1,27.99,0.4,4.99,Completed,21.78
ORD-00377,CUST-0400,PROD-106,CHAN-3,2024-02-24,1,103.0,0.0,0.0,Completed,103.0
ORD-00378,CUST-0123,PROD-018,CHAN-1,2024-02-24,1,83.95,0.0,0.0,Completed,83.95
ORD-00379,CUST-1313,PROD-023,CHAN-2,2024-02-24,1,58.95,0.0,8.99,Returned,67.94
ORD-00380,CUST-0158,PROD-005,CHAN-2,2024-02-24,2,30.99,0.0,0.0,Cancelled,0.0
ORD-00381,CUST-0733,PROD-001,CHAN-1,2024-02-24,1,50.95,0.0,8.99,Completed,59.94
ORD-00382,CUST-0453,PROD-086,CHAN-1,2024-02-24,2,7.0,0.0,11.99,Completed,25.99
ORD-00383,CUST-0423,PROD-071,CHAN-5,2024-02-24,1,54.99,0.15,11.99,Completed,58.73
ORD-00384,CUST-1513,PROD-004,CHAN-1,2024-02-24,2,47.99,0.0,0.0,Completed,95.98
ORD-00385,CUST-1535,PROD-039,CHAN-2,2024-02-24,2,83.0,0.0,0.0,Cancelled,0.0
ORD-00386,CUST-1225,PROD-004,CHAN-3,2024-02-24,1,47.99,0.0,8.99,Returned,56.98
ORD-00387,CUST-0248,PROD-028,CHAN-2,2024-02-24,3,109.0,0.0,0.0,Completed,327.0
ORD-00388,CUST-0409,PROD-136,CHAN-1,2024-02-24,2,4.0,0.0,11.99,Returned,19.99
ORD-00389,CUST-1146,PROD-069,CHAN-2,2024-02-24,1,71.0,0.2,4.99,Completed,61.79
ORD-00390,CUST-1338,PROD-101,CHAN-1,2024-02-24,2,66.0,0.4,0.0,Completed,79.2
ORD-00391,CUST-0201,PROD-011,CHAN-3,2024-02-25,1,18.95,0.0,5.99,Completed,24.94
ORD-00392,CUST-1131,PROD-012,CHAN-1,2024-02-25,1,63.0,0.2,8.99,Completed,59.39
ORD-00393,CUST-0009,PROD-085,CHAN-1,2024-02-25,1,23.95,0.0,4.99,Completed,28.94
ORD-00394,CUST-0007,PROD-014,CHAN-2,2024-02-25,1,19.0,0.0,11.99,Completed,30.99
ORD-00395,CUST-0629,PROD-126,CHAN-2,2024-02-25,2,6.99,0.0,5.99,Returned,19.97
ORD-00396,CUST-0011,PROD-011,CHAN-3,2024-02-25,2,18.95,0.3,4.99,Completed,31.52
ORD-00397,CUST-0610,PROD-066,CHAN-1,2024-02-25,1,71.95,0.0,5.99,Completed,77.94
ORD-00398,CUST-1045,PROD-069,CHAN-2,2024-02-25,2,71.0,0.4,0.0,Completed,85.2
ORD-00399,CUST-0120,PROD-015,CHAN-3,2024-02-25,2,65.0,0.0,0.0,Completed,130.0
ORD-00400,CUST-0348,PROD-004,CHAN-1,2024-02-25,1,47.99,0.0,4.99,Completed,52.98
ORD-00401,CUST-0167,PROD-105,CHAN-4,2024-02-25,2,71.0,0.2,0.0,Refunded,113.6
ORD-00402,CUST-0160,PROD-093,CHAN-1,2024-02-25,1,25.99,0.0,8.99,Completed,34.98
ORD-00403,CUST-0002,PROD-024,CHAN-4,2024-02-25,1,39.0,0.15,4.99,Completed,38.14
ORD-00404,CUST-0039,PROD-141,CHAN-1,2024-02-25,2,15.0,0.0,4.99,Completed,34.99
ORD-00405,CUST-0108,PROD-001,CHAN-4,2024-02-26,1,50.95,0.0,11.99,Completed,62.94
ORD-00406,CUST-0416,PROD-013,CHAN-1,2024-02-26,1,41.95,0.15,5.99,Completed,41.65
ORD-00407,CUST-0012,PROD-002,CHAN-2,2024-02-26,1,28.99,0.0,11.99,Completed,40.98
ORD-00408,CUST-0126,PROD-027,CHAN-4,2024-02-26,3,54.0,0.3,0.0,Returned,113.4
ORD-00409,CUST-0820,PROD-117,CHAN-1,2024-02-26,1,27.99,0.0,11.99,Completed,39.98
ORD-00410,CUST-0548,PROD-058,CHAN-2,2024-02-26,1,86.0,0.0,0.0,Completed,86.0
ORD-00411,CUST-1927,PROD-101,CHAN-1,2024-02-26,2,66.0,0.35,0.0,Returned,85.8
ORD-00412,CUST-0071,PROD-003,CHAN-1,2024-02-26,1,70.99,0.0,4.99,Completed,75.98
ORD-00413,CUST-0001,PROD-099,CHAN-1,2024-02-26,1,17.95,0.2,4.99,Completed,19.35
ORD-00414,CUST-0005,PROD-006,CHAN-3,2024-02-26,1,58.0,0.1,5.99,Completed,58.19
ORD-00415,CUST-1744,PROD-150,CHAN-1,2024-02-26,1,7.0,0.1,8.99,Completed,15.29
ORD-00416,CUST-1328,PROD-150,CHAN-2,2024-02-26,2,7.0,0.2,4.99,Completed,16.19
ORD-00417,CUST-1035,PROD-020,CHAN-2,2024-02-27,2,25.0,0.05,4.99,Completed,52.49
ORD-00418,CUST-0739,PROD-001,CHAN-1,2024-02-27,1,50.95,0.0,5.99,Completed,56.94
ORD-00419,CUST-0051,PROD-123,CHAN-1,2024-02-27,1,141.0,0.0,0.0,Completed,141.0
ORD-00420,CUST-0098,PROD-057,CHAN-2,2024-02-27,1,32.0,0.4,5.99,Completed,25.19
ORD-00421,CUST-0024,PROD-010,CHAN-2,2024-02-27,1,32.99,0.0,0.0,Cancelled,0.0
ORD-00422,CUST-1731,PROD-033,CHAN-1,2024-02-27,2,63.99,0.1,0.0,Completed,115.18
ORD-00423,CUST-0114,PROD-064,CHAN-1,2024-02-28,1,43.0,0.35,5.99,Completed,33.94
ORD-00424,CUST-1002,PROD-129,CHAN-1,2024-02-28,1,8.99,0.0,4.99,Completed,13.98
ORD-00425,CUST-0268,PROD-129,CHAN-4,2024-02-28,1,8.99,0.0,4.99,Completed,13.98
ORD-00426,CUST-0015,PROD-038,CHAN-1,2024-02-28,1,83.99,0.0,0.0,Completed,83.99
ORD-00427,CUST-0019,PROD-061,CHAN-4,2024-02-28,5,67.0,0.0,0.0,Completed,335.0
ORD-00428,CUST-0157,PROD-054,CHAN-3,2024-02-28,1,109.0,0.2,0.0,Completed,87.2
ORD-00429,CUST-0743,PROD-026,CHAN-1,2024-02-28,1,36.95,0.0,8.99,Returned,45.94
ORD-00430,CUST-0006,PROD-072,CHAN-1,2024-02-29,1,35.95,0.05,11.99,Completed,46.14
ORD-00431,CUST-0013,PROD-112,CHAN-2,2024-02-29,1,115.0,0.0,0.0,Completed,115.0
ORD-00432,CUST-0451,PROD-026,CHAN-1,2024-02-29,2,36.95,0.1,8.99,Completed,75.5
ORD-00433,CUST-0014,PROD-003,CHAN-2,2024-03-01,1,70.99,0.0,5.99,Completed,76.98
ORD-00434,CUST-0096,PROD-035,CHAN-1,2024-03-01,2,102.99,0.25,0.0,Completed,154.48
ORD-00435,CUST-0571,PROD-062,CHAN-2,2024-03-01,1,77.99,0.0,0.0,Completed,77.99
ORD-00436,CUST-0108,PROD-030,CHAN-1,2024-03-01,4,62.99,0.0,0.0,Completed,251.96
ORD-00437,CUST-1153,PROD-006,CHAN-1,2024-03-01,1,58.0,0.0,8.99,Completed,66.99
ORD-00438,CUST-0056,PROD-004,CHAN-2,2024-03-01,2,47.99,0.0,0.0,Returned,95.98
ORD-00439,CUST-0885,PROD-009,CHAN-1,2024-03-01,1,60.99,0.0,8.99,Completed,69.98
ORD-00440,CUST-1138,PROD-105,CHAN-4,2024-03-01,1,71.0,0.4,11.99,Completed,54.59
ORD-00441,CUST-0757,PROD-003,CHAN-2,2024-03-02,1,70.99,0.05,5.99,Completed,73.43
ORD-00442,CUST-0223,PROD-060,CHAN-1,2024-03-02,1,51.99,0.0,4.99,Completed,56.98
ORD-00443,CUST-0001,PROD-001,CHAN-1,2024-03-02,1,50.95,0.0,11.99,Completed,62.94
ORD-00444,CUST-0054,PROD-009,CHAN-5,2024-03-02,1,60.99,0.0,4.99,Completed,65.98
ORD-00445,CUST-0014,PROD-045,CHAN-3,2024-03-03,1,51.0,0.0,11.99,Completed,62.99
ORD-00446,CUST-0089,PROD-048,CHAN-2,2024-03-03,2,121.95,0.0,0.0,Completed,243.9
ORD-00447,CUST-0680,PROD-114,CHAN-3,2024-03-03,1,21.0,0.0,5.99,Completed,26.99
ORD-00448,CUST-0220,PROD-062,CHAN-3,2024-03-03,1,77.99,0.0,0.0,Completed,77.99
ORD-00449,CUST-1958,PROD-007,CHAN-2,2024-03-03,2,49.0,0.15,0.0,Completed,83.3
ORD-00450,CUST-0047,PROD-035,CHAN-1,2024-03-03,1,102.99,0.0,0.0,Completed,102.99
ORD-00451,CUST-0028,PROD-021,CHAN-1,2024-03-03,5,39.0,0.0,0.0,Completed,195.0
ORD-00452,CUST-1973,PROD-004,CHAN-2,2024-03-03,1,47.99,0.0,5.99,Completed,53.98
ORD-00453,CUST-0002,PROD-003,CHAN-4,2024-03-03,3,70.99,0.0,0.0,Completed,212.97
ORD-00454,CUST-0034,PROD-006,CHAN-1,2024-03-03,1,58.0,0.0,5.99,Completed,63.99
ORD-00455,CUST-0452,PROD-009,CHAN-2,2024-03-03,1,60.99,0.1,4.99,Completed,59.88
ORD-00456,CUST-1609,PROD-065,CHAN-1,2024-03-03,2,30.0,0.0,8.99,Completed,68.99
ORD-00457,CUST-1167,PROD-014,CHAN-1,2024-03-03,3,19.0,0.0,11.99,Completed,68.99
ORD-00458,CUST-0024,PROD-001,CHAN-2,2024-03-03,2,50.95,0.1,0.0,Completed,91.71
ORD-00459,CUST-1000,PROD-127,CHAN-2,2024-03-04,1,7.95,0.0,4.99,Completed,12.94
ORD-00460,CUST-0492,PROD-091,CHAN-1,2024-03-04,1,13.0,0.0,8.99,Completed,21.99
ORD-00461,CUST-0001,PROD-053,CHAN-3,2024-03-04,1,88.95,0.4,11.99,Completed,65.36
ORD-00462,CUST-1905,PROD-002,CHAN-4,2024-03-04,2,28.99,0.15,11.99,Completed,61.27
ORD-00463,CUST-0102,PROD-142,CHAN-1,2024-03-05,2,5.0,0.0,5.99,Completed,15.99
ORD-00464,CUST-1422,PROD-086,CHAN-2,2024-03-05,1,7.0,0.0,0.0,Cancelled,0.0
ORD-00465,CUST-0379,PROD-020,CHAN-2,2024-03-05,2,25.0,0.0,8.99,Completed,58.99
ORD-00466,CUST-1555,PROD-001,CHAN-3,2024-03-05,3,50.95,0.0,0.0,Completed,152.85
ORD-00467,CUST-1062,PROD-004,CHAN-1,2024-03-05,1,47.99,0.2,5.99,Completed,44.38
ORD-00468,CUST-0583,PROD-060,CHAN-5,2024-03-05,1,51.99,0.0,8.99,Completed,60.98
ORD-00469,CUST-0116,PROD-059,CHAN-3,2024-03-05,3,58.99,0.0,0.0,Completed,176.97
ORD-00470,CUST-1112,PROD-028,CHAN-2,2024-03-05,2,109.0,0.0,0.0,Completed,218.0
ORD-00471,CUST-0308,PROD-009,CHAN-1,2024-03-06,1,60.99,0.0,8.99,Completed,69.98
ORD-00472,CUST-0827,PROD-003,CHAN-1,2024-03-06,1,70.99,0.0,4.99,Completed,75.98
ORD-00473,CUST-0433,PROD-025,CHAN-2,2024-03-06,1,57.99,0.0,4.99,Completed,62.98
ORD-00474,CUST-0013,PROD-038,CHAN-1,2024-03-06,1,83.99,0.0,0.0,Completed,83.99
ORD-00475,CUST-0005,PROD-120,CHAN-2,2024-03-06,1,158.0,0.05,0.0,Completed,150.1
ORD-00476,CUST-0004,PROD-143,CHAN-2,2024-03-06,1,19.0,0.0,5.99,Completed,24.99
ORD-00477,CUST-0778,PROD-086,CHAN-2,2024-03-06,1,7.0,0.0,11.99,Completed,18.99
ORD-00478,CUST-0220,PROD-001,CHAN-4,2024-03-07,1,50.95,0.05,5.99,Completed,54.39
ORD-00479,CUST-0037,PROD-127,CHAN-4,2024-03-07,4,7.95,0.0,5.99,Completed,37.79
ORD-00480,CUST-1394,PROD-150,CHAN-1,2024-03-07,2,7.0,0.0,8.99,Completed,22.99
ORD-00481,CUST-1187,PROD-010,CHAN-1,2024-03-07,4,32.99,0.0,0.0,Completed,131.96
ORD-00482,CUST-0088,PROD-114,CHAN-1,2024-03-07,1,21.0,0.0,4.99,Returned,25.99
ORD-00483,CUST-0270,PROD-010,CHAN-2,2024-03-07,1,32.99,0.0,5.99,Completed,38.98
ORD-00484,CUST-0006,PROD-006,CHAN-1,2024-03-07,1,58.0,0.0,5.99,Completed,63.99
ORD-00485,CUST-1072,PROD-027,CHAN-1,2024-03-07,1,54.0,0.0,5.99,Completed,59.99
ORD-00486,CUST-0008,PROD-004,CHAN-1,2024-03-07,2,47.99,0.0,0.0,Completed,95.98
ORD-00487,CUST-1620,PROD-102,CHAN-1,2024-03-07,1,137.0,0.0,0.0,Completed,137.0
ORD-00488,CUST-0411,PROD-078,CHAN-5,2024-03-07,1,9.99,0.0,5.99,Completed,15.98
ORD-00489,CUST-0003,PROD-072,CHAN-3,2024-03-08,2,35.95,0.25,8.99,Completed,62.92
ORD-00490,CUST-0712,PROD-137,CHAN-2,2024-03-08,3,15.0,0.0,8.99,Completed,53.99
ORD-00491,CUST-1832,PROD-107,CHAN-1,2024-03-08,1,53.0,0.0,11.99,Completed,64.99
ORD-00492,CUST-0409,PROD-032,CHAN-3,2024-03-08,1,89.95,0.3,8.99,Completed,71.95
ORD-00493,CUST-0064,PROD-085,CHAN-1,2024-03-08,1,23.95,0.1,8.99,Completed,30.55
ORD-00494,CUST-0170,PROD-058,CHAN-1,2024-03-08,2,86.0,0.0,0.0,Completed,172.0
ORD-00495,CUST-0244,PROD-126,CHAN-2,2024-03-09,1,6.99,0.0,8.99,Completed,15.98
ORD-00496,CUST-0017,PROD-001,CHAN-2,2024-03-09,1,50.95,0.0,5.99,Completed,56.94
ORD-00497,CUST-0175,PROD-052,CHAN-1,2024-03-09,1,124.0,0.0,0.0,Completed,124.0
ORD-00498,CUST-1011,PROD-135,CHAN-1,2024-03-09,1,13.99,0.0,8.99,Returned,22.98
ORD-00499,CUST-1792,PROD-001,CHAN-5,2024-03-09,1,50.95,0.0,11.99,Completed,62.94
ORD-00500,CUST-1392,PROD-016,CHAN-4,2024-03-09,1,25.0,0.35,11.99,Completed,28.24
ORD-00501,CUST-0648,PROD-002,CHAN-1,2024-03-09,2,28.99,0.2,8.99,Completed,55.37
ORD-00502,CUST-0373,PROD-129,CHAN-1,2024-03-09,2,8.99,0.4,8.99,Completed,19.78
ORD-00503,CUST-0246,PROD-144,CHAN-4,2024-03-09,1,17.95,0.0,5.99,Completed,23.94
ORD-00504,CUST-1445,PROD-108,CHAN-1,2024-03-10,1,114.95,0.25,0.0,Completed,86.21
ORD-00505,CUST-0005,PROD-105,CHAN-1,2024-03-10,1,71.0,0.0,5.99,Completed,76.99
ORD-00506,CUST-0184,PROD-050,CHAN-3,2024-03-10,4,40.0,0.0,0.0,Completed,160.0
ORD-00507,CUST-0233,PROD-002,CHAN-2,2024-03-10,1,28.99,0.0,8.99,Completed,37.98
ORD-00508,CUST-0244,PROD-016,CHAN-2,2024-03-10,1,25.0,0.0,8.99,Completed,33.99
ORD-00509,CUST-0951,PROD-045,CHAN-3,2024-03-10,1,51.0,0.1,11.99,Completed,57.89
ORD-00510,CUST-0053,PROD-108,CHAN-2,2024-03-10,1,114.95,0.0,0.0,Returned,114.95
ORD-00511,CUST-0571,PROD-021,CHAN-3,2024-03-10,1,39.0,0.0,11.99,Completed,50.99
ORD-00512,CUST-0852,PROD-003,CHAN-1,2024-03-10,4,70.99,0.0,0.0,Completed,283.96
ORD-00513,CUST-1132,PROD-006,CHAN-1,2024-03-10,1,58.0,0.0,11.99,Completed,69.99
ORD-00514,CUST-0637,PROD-086,CHAN-2,2024-03-10,1,7.0,0.0,5.99,Completed,12.99
ORD-00515,CUST-1141,PROD-030,CHAN-1,2024-03-10,1,62.99,0.0,11.99,Completed,74.98
ORD-00516,CUST-1754,PROD-094,CHAN-2,2024-03-10,1,24.95,0.0,5.99,Completed,30.94
ORD-00517,CUST-1648,PROD-029,CHAN-1,2024-03-10,4,79.0,0.0,0.0,Completed,316.0
ORD-00518,CUST-1349,PROD-017,CHAN-2,2024-03-11,1,28.99,0.05,4.99,Completed,32.53
ORD-00519,CUST-0019,PROD-138,CHAN-1,2024-03-11,2,3.99,0.0,5.99,Returned,13.97
ORD-00520,CUST-0032,PROD-045,CHAN-1,2024-03-11,2,51.0,0.1,0.0,Completed,91.8
ORD-00521,CUST-0475,PROD-059,CHAN-1,2024-03-11,1,58.99,0.0,11.99,Completed,70.98
ORD-00522,CUST-0005,PROD-014,CHAN-2,2024-03-11,1,19.0,0.0,4.99,Completed,23.99
ORD-00523,CUST-0544,PROD-046,CHAN-1,2024-03-11,1,36.99,0.3,4.99,Completed,30.88
ORD-00524,CUST-0016,PROD-108,CHAN-2,2024-03-11,1,114.95,0.0,0.0,Returned,114.95
ORD-00525,CUST-0028,PROD-114,CHAN-2,2024-03-11,1,21.0,0.0,5.99,Completed,26.99
ORD-00526,CUST-0192,PROD-012,CHAN-5,2024-03-11,2,63.0,0.0,0.0,Completed,126.0
ORD-00527,CUST-0093,PROD-108,CHAN-2,2024-03-11,1,114.95,0.25,0.0,Completed,86.21
ORD-00528,CUST-0216,PROD-007,CHAN-1,2024-03-11,2,49.0,0.0,0.0,Completed,98.0
ORD-00529,CUST-0070,PROD-101,CHAN-5,2024-03-11,1,66.0,0.3,11.99,Completed,58.19
ORD-00530,CUST-0280,PROD-096,CHAN-2,2024-03-11,2,22.99,0.4,8.99,Completed,36.58
ORD-00531,CUST-0132,PROD-032,CHAN-2,2024-03-11,4,89.95,0.0,0.0,Cancelled,0.0
ORD-00532,CUST-0113,PROD-128,CHAN-1,2024-03-11,4,5.95,0.15,5.99,Completed,26.22
ORD-00533,CUST-0690,PROD-033,CHAN-2,2024-03-11,1,63.99,0.0,5.99,Completed,69.98
ORD-00534,CUST-0074,PROD-003,CHAN-1,2024-03-11,1,70.99,0.0,4.99,Completed,75.98
ORD-00535,CUST-0970,PROD-056,CHAN-1,2024-03-11,2,131.0,0.0,0.0,Completed,262.0
ORD-00536,CUST-0520,PROD-139,CHAN-2,2024-03-11,1,6.99,0.0,4.99,Completed,11.98
ORD-00537,CUST-0282,PROD-063,CHAN-1,2024-03-11,1,96.99,0.0,0.0,Cancelled,0.0
ORD-00538,CUST-0015,PROD-011,CHAN-1,2024-03-11,1,18.95,0.4,11.99,Completed,23.36
ORD-00539,CUST-0017,PROD-068,CHAN-2,2024-03-12,1,83.95,0.15,5.99,Completed,77.35
ORD-00540,CUST-0001,PROD-002,CHAN-1,2024-03-12,1,28.99,0.0,8.99,Completed,37.98
ORD-00541,CUST-0159,PROD-059,CHAN-2,2024-03-12,1,58.99,0.25,5.99,Completed,50.23
ORD-00542,CUST-0127,PROD-057,CHAN-3,2024-03-12,2,32.0,0.1,8.99,Returned,66.59
ORD-00543,CUST-0419,PROD-021,CHAN-1,2024-03-12,2,39.0,0.0,0.0,Completed,78.0
ORD-00544,CUST-0002,PROD-147,CHAN-2,2024-03-13,1,5.95,0.0,5.99,Completed,11.94
ORD-00545,CUST-0002,PROD-055,CHAN-2,2024-03-13,1,110.99,0.0,0.0,Completed,110.99
ORD-00546,CUST-0076,PROD-119,CHAN-2,2024-03-13,1,123.0,0.0,0.0,Completed,123.0
ORD-00547,CUST-0005,PROD-076,CHAN-2,2024-03-13,1,7.99,0.0,8.99,Completed,16.98
ORD-00548,CUST-0340,PROD-029,CHAN-2,2024-03-13,1,79.0,0.1,4.99,Completed,76.09
ORD-00549,CUST-1700,PROD-052,CHAN-1,2024-03-13,1,124.0,0.0,0.0,Completed,124.0
ORD-00550,CUST-1122,PROD-006,CHAN-1,2024-03-13,1,58.0,0.0,4.99,Completed,62.99
ORD-00551,CUST-0103,PROD-094,CHAN-1,2024-03-14,2,24.95,0.0,11.99,Completed,61.89
ORD-00552,CUST-0005,PROD-001,CHAN-3,2024-03-14,1,50.95,0.4,4.99,Completed,35.56
ORD-00553,CUST-0134,PROD-010,CHAN-2,2024-03-14,1,32.99,0.05,8.99,Completed,40.33
ORD-00554,CUST-1956,PROD-145,CHAN-2,2024-03-14,1,10.95,0.0,11.99,Completed,22.94
ORD-00555,CUST-0309,PROD-070,CHAN-1,2024-03-14,1,91.99,0.0,0.0,Cancelled,0.0
ORD-00556,CUST-0006,PROD-002,CHAN-1,2024-03-14,1,28.99,0.15,8.99,Completed,33.63
ORD-00557,CUST-1046,PROD-036,CHAN-1,2024-03-14,1,102.99,0.0,0.0,Completed,102.99
ORD-00558,CUST-0413,PROD-013,CHAN-2,2024-03-14,4,41.95,0.0,0.0,Completed,167.8
ORD-00559,CUST-0011,PROD-009,CHAN-2,2024-03-14,4,60.99,0.35,0.0,Completed,158.57
ORD-00560,CUST-1001,PROD-121,CHAN-1,2024-03-14,5,156.99,0.0,0.0,Completed,784.95
ORD-00561,CUST-0009,PROD-002,CHAN-3,2024-03-14,3,28.99,0.0,0.0,Returned,86.97
ORD-00562,CUST-0008,PROD-003,CHAN-1,2024-03-15,1,70.99,0.0,5.99,Refunded,76.98
ORD-00563,CUST-0040,PROD-141,CHAN-2,2024-03-15,2,15.0,0.0,4.99,Returned,34.99
ORD-00564,CUST-1016,PROD-043,CHAN-2,2024-03-15,1,45.99,0.0,4.99,Completed,50.98
ORD-00565,CUST-0102,PROD-048,CHAN-2,2024-03-15,2,121.95,0.0,0.0,Completed,243.9
ORD-00566,CUST-1904,PROD-026,CHAN-2,2024-03-16,1,36.95,0.0,5.99,Completed,42.94
ORD-00567,CUST-1018,PROD-022,CHAN-1,2024-03-16,1,21.0,0.0,4.99,Completed,25.99
ORD-00568,CUST-0541,PROD-004,CHAN-4,2024-03-16,1,47.99,0.0,5.99,Completed,53.98
ORD-00569,CUST-1646,PROD-075,CHAN-1,2024-03-16,1,118.99,0.35,0.0,Completed,77.34
ORD-00570,CUST-0898,PROD-054,CHAN-2,2024-03-16,1,109.0,0.0,0.0,Cancelled,0.0
ORD-00571,CUST-0303,PROD-147,CHAN-1,2024-03-16,1,5.95,0.0,5.99,Completed,11.94
ORD-00572,CUST-0086,PROD-088,CHAN-2,2024-03-16,1,29.99,0.0,4.99,Refunded,34.98
ORD-00573,CUST-0006,PROD-001,CHAN-1,2024-03-16,1,50.95,0.0,11.99,Completed,62.94
ORD-00574,CUST-1939,PROD-034,CHAN-1,2024-03-16,2,65.99,0.0,0.0,Completed,131.98
ORD-00575,CUST-0308,PROD-054,CHAN-1,2024-03-16,1,109.0,0.0,0.0,Completed,109.0
ORD-00576,CUST-1714,PROD-052,CHAN-1,2024-03-16,1,124.0,0.0,0.0,Cancelled,0.0
ORD-00577,CUST-1554,PROD-013,CHAN-2,2024-03-17,3,41.95,0.4,0.0,Completed,75.51
ORD-00578,CUST-0026,PROD-078,CHAN-2,2024-03-17,1,9.99,0.4,8.99,Refunded,14.98
ORD-00579,CUST-0134,PROD-016,CHAN-2,2024-03-17,1,25.0,0.0,4.99,Completed,29.99
ORD-00580,CUST-0207,PROD-007,CHAN-1,2024-03-17,4,49.0,0.0,0.0,Completed,196.0
ORD-00581,CUST-0223,PROD-141,CHAN-1,2024-03-17,1,15.0,0.4,11.99,Completed,20.99
ORD-00582,CUST-0036,PROD-093,CHAN-2,2024-03-17,1,25.99,0.0,11.99,Completed,37.98
ORD-00583,CUST-1562,PROD-007,CHAN-2,2024-03-17,4,49.0,0.4,0.0,Completed,117.6
ORD-00584,CUST-1430,PROD-137,CHAN-1,2024-03-17,1,15.0,0.35,4.99,Completed,14.74
ORD-00585,CUST-0032,PROD-038,CHAN-2,2024-03-17,1,83.99,0.0,0.0,Completed,83.99
ORD-00586,CUST-0662,PROD-017,CHAN-1,2024-03-17,1,28.99,0.0,8.99,Completed,37.98
ORD-00587,CUST-0272,PROD-099,CHAN-1,2024-03-17,2,17.95,0.4,8.99,Returned,30.53
ORD-00588,CUST-0004,PROD-007,CHAN-2,2024-03-17,2,49.0,0.0,0.0,Completed,98.0
ORD-00589,CUST-0061,PROD-018,CHAN-2,2024-03-17,1,83.95,0.4,8.99,Completed,59.36
ORD-00590,CUST-1142,PROD-090,CHAN-1,2024-03-17,1,21.0,0.2,4.99,Completed,21.79
ORD-00591,CUST-1011,PROD-019,CHAN-2,2024-03-17,1,35.95,0.0,8.99,Completed,44.94
ORD-00592,CUST-0536,PROD-005,CHAN-3,2024-03-17,1,30.99,0.0,4.99,Completed,35.98
ORD-00593,CUST-0079,PROD-106,CHAN-1,2024-03-18,1,103.0,0.15,0.0,Completed,87.55
ORD-00594,CUST-0152,PROD-014,CHAN-4,2024-03-18,2,19.0,0.0,11.99,Completed,49.99
ORD-00595,CUST-0004,PROD-076,CHAN-2,2024-03-18,3,7.99,0.1,11.99,Completed,33.56
ORD-00596,CUST-0101,PROD-050,CHAN-2,2024-03-18,1,40.0,0.0,5.99,Completed,45.99
ORD-00597,CUST-0256,PROD-008,CHAN-2,2024-03-18,1,38.99,0.35,4.99,Completed,30.33
ORD-00598,CUST-1785,PROD-012,CHAN-2,2024-03-18,3,63.0,0.0,0.0,Completed,189.0
ORD-00599,CUST-0672,PROD-114,CHAN-3,2024-03-18,1,21.0,0.0,11.99,Returned,32.99
ORD-00600,CUST-0517,PROD-005,CHAN-2,2024-03-18,1,30.99,0.0,5.99,Completed,36.98
ORD-00601,CUST-0907,PROD-042,CHAN-1,2024-03-18,1,17.0,0.05,11.99,Completed,28.14
ORD-00602,CUST-1993,PROD-002,CHAN-1,2024-03-18,1,28.99,0.0,5.99,Refunded,34.98
ORD-00603,CUST-1848,PROD-144,CHAN-2,2024-03-19,2,17.95,0.15,4.99,Completed,35.5
ORD-00604,CUST-0042,PROD-142,CHAN-1,2024-03-19,1,5.0,0.0,8.99,Returned,13.99
ORD-00605,CUST-0011,PROD-050,CHAN-2,2024-03-19,1,40.0,0.0,5.99,Completed,45.99
ORD-00606,CUST-1884,PROD-029,CHAN-1,2024-03-20,1,79.0,0.0,0.0,Completed,79.0
ORD-00607,CUST-0714,PROD-104,CHAN-2,2024-03-20,1,72.99,0.0,5.99,Completed,78.98
ORD-00608,CUST-0070,PROD-063,CHAN-5,2024-03-20,1,96.99,0.0,0.0,Completed,96.99
ORD-00609,CUST-1448,PROD-048,CHAN-1,2024-03-20,3,121.95,0.3,0.0,Completed,256.1
ORD-00610,CUST-0296,PROD-018,CHAN-1,2024-03-20,1,83.95,0.0,0.0,Completed,83.95
ORD-00611,CUST-1225,PROD-057,CHAN-4,2024-03-20,1,32.0,0.25,8.99,Completed,32.99
ORD-00612,CUST-0013,PROD-001,CHAN-2,2024-03-20,5,50.95,0.15,0.0,Completed,216.54
ORD-00613,CUST-0759,PROD-016,CHAN-3,2024-03-20,2,25.0,0.0,8.99,Returned,58.99
ORD-00614,CUST-0001,PROD-100,CHAN-1,2024-03-21,1,38.95,0.0,11.99,Completed,50.94
ORD-00615,CUST-0047,PROD-034,CHAN-1,2024-03-21,1,65.99,0.0,11.99,Completed,77.98
ORD-00616,CUST-0026,PROD-087,CHAN-5,2024-03-21,2,34.99,0.0,8.99,Completed,78.97
ORD-00617,CUST-0088,PROD-011,CHAN-1,2024-03-21,1,18.95,0.0,4.99,Completed,23.94
ORD-00618,CUST-0415,PROD-055,CHAN-2,2024-03-21,1,110.99,0.15,0.0,Completed,94.34
ORD-00619,CUST-0086,PROD-018,CHAN-2,2024-03-21,1,83.95,0.15,8.99,Completed,80.35
ORD-00620,CUST-0041,PROD-022,CHAN-1,2024-03-22,1,21.0,0.05,8.99,Completed,28.94
ORD-00621,CUST-1214,PROD-109,CHAN-1,2024-03-22,1,68.99,0.0,8.99,Completed,77.98
ORD-00622,CUST-0891,PROD-008,CHAN-1,2024-03-22,1,38.99,0.2,11.99,Completed,43.18
ORD-00623,CUST-0047,PROD-094,CHAN-3,2024-03-22,1,24.95,0.0,8.99,Completed,33.94
ORD-00624,CUST-0120,PROD-004,CHAN-1,2024-03-22,5,47.99,0.35,0.0,Completed,155.97
ORD-00625,CUST-0651,PROD-045,CHAN-2,2024-03-22,2,51.0,0.0,0.0,Completed,102.0
ORD-00626,CUST-1125,PROD-001,CHAN-1,2024-03-22,1,50.95,0.0,0.0,Cancelled,0.0
ORD-00627,CUST-0158,PROD-145,CHAN-2,2024-03-23,3,10.95,0.4,5.99,Completed,25.7
ORD-00628,CUST-0037,PROD-112,CHAN-1,2024-03-23,4,115.0,0.0,0.0,Completed,460.0
ORD-00629,CUST-0022,PROD-041,CHAN-2,2024-03-23,1,27.95,0.0,5.99,Completed,33.94
ORD-00630,CUST-0273,PROD-146,CHAN-1,2024-03-23,1,8.99,0.0,8.99,Completed,17.98
ORD-00631,CUST-0003,PROD-106,CHAN-2,2024-03-23,1,103.0,0.0,0.0,Completed,103.0
ORD-00632,CUST-0001,PROD-053,CHAN-1,2024-03-23,1,88.95,0.0,0.0,Completed,88.95
ORD-00633,CUST-0553,PROD-007,CHAN-1,2024-03-23,1,49.0,0.05,11.99,Completed,58.54
ORD-00634,CUST-0003,PROD-016,CHAN-1,2024-03-23,1,25.0,0.0,0.0,Cancelled,0.0
ORD-00635,CUST-0667,PROD-078,CHAN-1,2024-03-23,1,9.99,0.0,5.99,Completed,15.98
ORD-00636,CUST-0006,PROD-028,CHAN-4,2024-03-23,1,109.0,0.05,0.0,Completed,103.55
ORD-00637,CUST-0063,PROD-003,CHAN-2,2024-03-24,1,70.99,0.0,8.99,Completed,79.98
ORD-00638,CUST-0618,PROD-111,CHAN-2,2024-03-24,1,27.99,0.0,4.99,Completed,32.98
ORD-00639,CUST-0084,PROD-066,CHAN-2,2024-03-24,1,71.95,0.2,5.99,Completed,63.55
ORD-00640,CUST-0725,PROD-061,CHAN-3,2024-03-24,1,67.0,0.0,11.99,Completed,78.99
ORD-00641,CUST-1024,PROD-011,CHAN-2,2024-03-24,3,18.95,0.0,8.99,Completed,65.84
ORD-00642,CUST-0168,PROD-091,CHAN-2,2024-03-24,1,13.0,0.3,8.99,Completed,18.09
ORD-00643,CUST-0476,PROD-004,CHAN-4,2024-03-24,2,47.99,0.0,0.0,Completed,95.98
ORD-00644,CUST-0011,PROD-004,CHAN-2,2024-03-24,1,47.99,0.0,4.99,Completed,52.98
ORD-00645,CUST-0002,PROD-044,CHAN-1,2024-03-24,1,66.0,0.2,5.99,Completed,58.79
ORD-00646,CUST-1108,PROD-126,CHAN-2,2024-03-25,2,6.99,0.0,8.99,Completed,22.97
ORD-00647,CUST-0043,PROD-012,CHAN-1,2024-03-25,2,63.0,0.0,0.0,Completed,126.0
ORD-00648,CUST-1732,PROD-077,CHAN-3,2024-03-25,1,42.99,0.0,4.99,Completed,47.98
ORD-00649,CUST-0170,PROD-028,CHAN-1,2024-03-25,1,109.0,0.0,0.0,Completed,109.0
ORD-00650,CUST-0760,PROD-030,CHAN-2,2024-03-25,1,62.99,0.0,11.99,Returned,74.98
ORD-00651,CUST-0076,PROD-035,CHAN-2,2024-03-25,1,102.99,0.0,0.0,Completed,102.99
ORD-00652,CUST-1178,PROD-031,CHAN-2,2024-03-25,2,100.0,0.0,0.0,Completed,200.0
ORD-00653,CUST-1361,PROD-119,CHAN-1,2024-03-25,1,123.0,0.05,0.0,Returned,116.85
ORD-00654,CUST-0066,PROD-013,CHAN-4,2024-03-26,1,41.95,0.0,5.99,Completed,47.94
ORD-00655,CUST-0006,PROD-004,CHAN-1,2024-03-26,1,47.99,0.0,4.99,Completed,52.98
ORD-00656,CUST-0881,PROD-111,CHAN-4,2024-03-26,1,27.99,0.0,11.99,Completed,39.98
ORD-00657,CUST-0099,PROD-010,CHAN-1,2024-03-26,3,32.99,0.0,0.0,Completed,98.97
ORD-00658,CUST-0463,PROD-082,CHAN-2,2024-03-26,1,22.0,0.4,8.99,Completed,22.19
ORD-00659,CUST-0004,PROD-044,CHAN-2,2024-03-26,1,66.0,0.15,8.99,Completed,65.09
ORD-00660,CUST-0838,PROD-098,CHAN-1,2024-03-26,2,30.99,0.0,5.99,Completed,67.97
ORD-00661,CUST-0189,PROD-069,CHAN-2,2024-03-26,5,71.0,0.0,0.0,Completed,355.0
ORD-00662,CUST-0128,PROD-026,CHAN-1,2024-03-26,1,36.95,0.0,4.99,Completed,41.94
ORD-00663,CUST-0754,PROD-126,CHAN-1,2024-03-26,1,6.99,0.0,4.99,Completed,11.98
ORD-00664,CUST-0081,PROD-032,CHAN-1,2024-03-27,1,89.95,0.1,0.0,Completed,80.95
ORD-00665,CUST-0882,PROD-001,CHAN-2,2024-03-27,2,50.95,0.0,0.0,Completed,101.9
ORD-00666,CUST-0069,PROD-055,CHAN-2,2024-03-27,1,110.99,0.1,0.0,Completed,99.89
ORD-00667,CUST-0242,PROD-019,CHAN-3,2024-03-27,2,35.95,0.0,11.99,Completed,83.89
ORD-00668,CUST-0108,PROD-003,CHAN-1,2024-03-27,1,70.99,0.0,11.99,Completed,82.98
ORD-00669,CUST-0479,PROD-002,CHAN-1,2024-03-27,2,28.99,0.35,8.99,Completed,46.68
ORD-00670,CUST-0087,PROD-087,CHAN-2,2024-03-27,1,34.99,0.3,4.99,Completed,29.48
ORD-00671,CUST-0860,PROD-084,CHAN-1,2024-03-27,1,17.0,0.0,4.99,Completed,21.99
ORD-00672,CUST-0359,PROD-127,CHAN-2,2024-03-27,1,7.95,0.0,11.99,Returned,19.94
ORD-00673,CUST-0724,PROD-028,CHAN-2,2024-03-27,2,109.0,0.0,0.0,Completed,218.0
ORD-00674,CUST-0348,PROD-099,CHAN-2,2024-03-27,1,17.95,0.0,8.99,Completed,26.94
ORD-00675,CUST-0020,PROD-105,CHAN-4,2024-03-27,1,71.0,0.0,5.99,Completed,76.99
ORD-00676,CUST-0304,PROD-012,CHAN-2,2024-03-27,2,63.0,0.25,0.0,Completed,94.5
ORD-00677,CUST-0017,PROD-115,CHAN-1,2024-03-28,2,166.95,0.05,0.0,Completed,317.2
ORD-00678,CUST-0257,PROD-018,CHAN-1,2024-03-28,1,83.95,0.0,0.0,Completed,83.95
ORD-00679,CUST-0667,PROD-046,CHAN-1,2024-03-28,1,36.99,0.0,4.99,Completed,41.98
ORD-00680,CUST-0005,PROD-083,CHAN-2,2024-03-28,1,25.99,0.1,5.99,Completed,29.38
ORD-00681,CUST-0433,PROD-002,CHAN-4,2024-03-28,3,28.99,0.0,0.0,Completed,86.97
ORD-00682,CUST-0768,PROD-129,CHAN-3,2024-03-28,2,8.99,0.2,4.99,Completed,19.37
ORD-00683,CUST-0452,PROD-016,CHAN-1,2024-03-28,1,25.0,0.0,8.99,Completed,33.99
ORD-00684,CUST-0583,PROD-006,CHAN-1,2024-03-28,1,58.0,0.25,5.99,Returned,49.49
ORD-00685,CUST-0051,PROD-052,CHAN-4,2024-03-28,2,124.0,0.0,0.0,Returned,248.0
ORD-00686,CUST-0679,PROD-051,CHAN-2,2024-03-28,1,105.95,0.0,0.0,Cancelled,0.0
ORD-00687,CUST-1484,PROD-011,CHAN-1,2024-03-28,2,18.95,0.0,11.99,Completed,49.89
ORD-00688,CUST-0027,PROD-022,CHAN-1,2024-03-28,1,21.0,0.3,11.99,Completed,26.69
ORD-00689,CUST-0026,PROD-002,CHAN-2,2024-03-29,2,28.99,0.0,11.99,Completed,69.97
ORD-00690,CUST-0155,PROD-115,CHAN-1,2024-03-29,1,166.95,0.1,0.0,Completed,150.25
ORD-00691,CUST-0020,PROD-058,CHAN-1,2024-03-29,1,86.0,0.0,0.0,Completed,86.0
ORD-00692,CUST-0966,PROD-045,CHAN-2,2024-03-29,3,51.0,0.0,0.0,Completed,153.0
ORD-00693,CUST-0091,PROD-021,CHAN-2,2024-03-29,1,39.0,0.0,4.99,Completed,43.99
ORD-00694,CUST-0028,PROD-023,CHAN-2,2024-03-29,1,58.95,0.0,4.99,Completed,63.94
ORD-00695,CUST-0028,PROD-128,CHAN-2,2024-03-29,1,5.95,0.0,5.99,Completed,11.94
ORD-00696,CUST-0717,PROD-121,CHAN-1,2024-03-29,1,156.99,0.0,0.0,Completed,156.99
ORD-00697,CUST-0398,PROD-096,CHAN-1,2024-03-29,4,22.99,0.0,0.0,Completed,91.96
ORD-00698,CUST-0254,PROD-021,CHAN-1,2024-03-30,1,39.0,0.0,5.99,Completed,44.99
ORD-00699,CUST-1070,PROD-137,CHAN-1,2024-03-30,3,15.0,0.0,8.99,Completed,53.99
ORD-00700,CUST-1190,PROD-036,CHAN-2,2024-03-30,1,102.99,0.0,0.0,Completed,102.99
ORD-00701,CUST-0429,PROD-002,CHAN-2,2024-03-30,1,28.99,0.0,5.99,Returned,34.98
ORD-00702,CUST-1164,PROD-102,CHAN-1,2024-03-30,1,137.0,0.0,0.0,Completed,137.0
ORD-00703,CUST-0293,PROD-054,CHAN-1,2024-03-30,1,109.0,0.0,0.0,Returned,109.0
ORD-00704,CUST-0090,PROD-002,CHAN-1,2024-03-30,1,28.99,0.0,5.99,Completed,34.98
ORD-00705,CUST-1073,PROD-139,CHAN-1,2024-03-31,1,6.99,0.0,4.99,Returned,11.98
ORD-00706,CUST-0019,PROD-046,CHAN-1,2024-03-31,1,36.99,0.25,8.99,Completed,36.73
ORD-00707,CUST-1661,PROD-007,CHAN-2,2024-03-31,1,49.0,0.0,8.99,Completed,57.99
ORD-00708,CUST-0157,PROD-003,CHAN-1,2024-03-31,1,70.99,0.0,4.99,Completed,75.98
ORD-00709,CUST-0155,PROD-027,CHAN-1,2024-03-31,1,54.0,0.0,4.99,Completed,58.99
ORD-00710,CUST-1593,PROD-025,CHAN-1,2024-03-31,1,57.99,0.0,8.99,Completed,66.98
ORD-00711,CUST-1310,PROD-049,CHAN-2,2024-03-31,1,19.95,0.0,5.99,Completed,25.94
ORD-00712,CUST-0247,PROD-013,CHAN-4,2024-03-31,2,41.95,0.0,0.0,Completed,83.9
ORD-00713,CUST-0007,PROD-041,CHAN-1,2024-03-31,1,27.95,0.0,8.99,Completed,36.94
ORD-00714,CUST-1406,PROD-042,CHAN-1,2024-03-31,1,17.0,0.0,11.99,Completed,28.99
ORD-00715,CUST-1102,PROD-059,CHAN-2,2024-03-31,1,58.99,0.4,4.99,Completed,40.38
ORD-00716,CUST-0118,PROD-138,CHAN-2,2024-04-01,1,3.99,0.15,5.99,Completed,9.38
ORD-00717,CUST-0360,PROD-091,CHAN-1,2024-04-01,1,13.0,0.0,5.99,Completed,18.99
ORD-00718,CUST-0484,PROD-066,CHAN-2,2024-04-01,2,71.95,0.1,0.0,Completed,129.51
ORD-00719,CUST-0153,PROD-002,CHAN-4,2024-04-01,1,28.99,0.0,8.99,Completed,37.98
ORD-00720,CUST-0570,PROD-067,CHAN-2,2024-04-01,1,95.99,0.0,0.0,Completed,95.99
ORD-00721,CUST-0944,PROD-097,CHAN-2,2024-04-01,1,6.0,0.35,4.99,Completed,8.89
ORD-00722,CUST-0011,PROD-002,CHAN-1,2024-04-01,1,28.99,0.15,5.99,Returned,30.63
ORD-00723,CUST-1761,PROD-092,CHAN-2,2024-04-01,1,8.0,0.15,4.99,Completed,11.79
ORD-00724,CUST-0025,PROD-144,CHAN-1,2024-04-01,1,17.95,0.35,4.99,Completed,16.66
ORD-00725,CUST-0313,PROD-114,CHAN-3,2024-04-01,1,21.0,0.0,8.99,Returned,29.99
ORD-00726,CUST-1446,PROD-013,CHAN-1,2024-04-01,2,41.95,0.4,11.99,Completed,62.33
ORD-00727,CUST-1351,PROD-054,CHAN-2,2024-04-01,2,109.0,0.0,0.0,Completed,218.0
ORD-00728,CUST-1051,PROD-119,CHAN-2,2024-04-01,4,123.0,0.0,0.0,Completed,492.0
ORD-00729,CUST-1980,PROD-004,CHAN-3,2024-04-01,1,47.99,0.0,8.99,Completed,56.98
ORD-00730,CUST-0170,PROD-057,CHAN-1,2024-04-02,1,32.0,0.0,11.99,Completed,43.99
ORD-00731,CUST-1380,PROD-009,CHAN-1,2024-04-02,3,60.99,0.35,0.0,Completed,118.93
ORD-00732,CUST-0219,PROD-021,CHAN-1,2024-04-02,1,39.0,0.2,11.99,Returned,43.19
ORD-00733,CUST-0591,PROD-096,CHAN-2,2024-04-02,2,22.99,0.4,4.99,Completed,32.58
ORD-00734,CUST-0382,PROD-019,CHAN-2,2024-04-02,2,35.95,0.0,4.99,Completed,76.89
ORD-00735,CUST-0428,PROD-002,CHAN-1,2024-04-02,1,28.99,0.05,11.99,Completed,39.53
ORD-00736,CUST-0079,PROD-068,CHAN-1,2024-04-02,2,83.95,0.0,0.0,Completed,167.9
ORD-00737,CUST-0068,PROD-016,CHAN-2,2024-04-02,1,25.0,0.0,5.99,Completed,30.99
ORD-00738,CUST-1439,PROD-002,CHAN-1,2024-04-02,2,28.99,0.0,11.99,Completed,69.97
ORD-00739,CUST-0553,PROD-014,CHAN-1,2024-04-02,2,19.0,0.0,4.99,Completed,42.99
ORD-00740,CUST-1860,PROD-120,CHAN-1,2024-04-03,5,158.0,0.2,0.0,Completed,632.0
ORD-00741,CUST-0001,PROD-001,CHAN-3,2024-04-03,1,50.95,0.35,8.99,Completed,42.11
ORD-00742,CUST-0004,PROD-010,CHAN-1,2024-04-03,2,32.99,0.0,4.99,Completed,70.97
ORD-00743,CUST-0573,PROD-010,CHAN-2,2024-04-03,3,32.99,0.05,0.0,Completed,94.02
ORD-00744,CUST-1156,PROD-017,CHAN-5,2024-04-03,2,28.99,0.3,11.99,Completed,52.58
ORD-00745,CUST-0004,PROD-001,CHAN-1,2024-04-03,2,50.95,0.0,0.0,Completed,101.9
ORD-00746,CUST-0030,PROD-040,CHAN-1,2024-04-03,3,106.95,0.35,0.0,Completed,208.55
ORD-00747,CUST-0127,PROD-124,CHAN-4,2024-04-03,1,180.95,0.0,0.0,Completed,180.95
ORD-00748,CUST-0267,PROD-001,CHAN-4,2024-04-03,1,50.95,0.0,5.99,Completed,56.94
ORD-00749,CUST-0006,PROD-003,CHAN-1,2024-04-03,3,70.99,0.0,0.0,Completed,212.97
ORD-00750,CUST-0753,PROD-113,CHAN-1,2024-04-03,1,97.0,0.0,0.0,Completed,97.0
ORD-00751,CUST-1865,PROD-001,CHAN-4,2024-04-03,1,50.95,0.0,8.99,Completed,59.94
ORD-00752,CUST-0001,PROD-071,CHAN-5,2024-04-03,4,54.99,0.0,0.0,Completed,219.96
ORD-00753,CUST-0023,PROD-007,CHAN-2,2024-04-03,1,49.0,0.0,5.99,Returned,54.99
ORD-00754,CUST-0893,PROD-007,CHAN-4,2024-04-03,1,49.0,0.0,5.99,Completed,54.99
ORD-00755,CUST-1282,PROD-044,CHAN-1,2024-04-03,4,66.0,0.0,0.0,Completed,264.0
ORD-00756,CUST-0478,PROD-113,CHAN-4,2024-04-03,1,97.0,0.0,0.0,Completed,97.0
ORD-00757,CUST-0410,PROD-001,CHAN-1,2024-04-03,1,50.95,0.35,4.99,Completed,38.11
ORD-00758,CUST-0031,PROD-011,CHAN-1,2024-04-03,1,18.95,0.0,11.99,Completed,30.94
ORD-00759,CUST-0209,PROD-003,CHAN-1,2024-04-04,1,70.99,0.0,4.99,Completed,75.98
ORD-00760,CUST-0388,PROD-031,CHAN-2,2024-04-04,2,100.0,0.0,0.0,Completed,200.0
ORD-00761,CUST-0218,PROD-062,CHAN-4,2024-04-04,2,77.99,0.0,0.0,Completed,155.98
ORD-00762,CUST-0215,PROD-062,CHAN-1,2024-04-04,1,77.99,0.0,0.0,Completed,77.99
ORD-00763,CUST-1901,PROD-041,CHAN-4,2024-04-04,1,27.95,0.0,4.99,Completed,32.94
ORD-00764,CUST-1994,PROD-051,CHAN-1,2024-04-04,1,105.95,0.0,0.0,Completed,105.95
ORD-00765,CUST-0074,PROD-001,CHAN-3,2024-04-04,1,50.95,0.0,0.0,Cancelled,0.0
ORD-00766,CUST-1088,PROD-014,CHAN-1,2024-04-04,4,19.0,0.0,0.0,Completed,76.0
ORD-00767,CUST-0144,PROD-054,CHAN-2,2024-04-04,1,109.0,0.15,0.0,Completed,92.65
ORD-00768,CUST-1574,PROD-068,CHAN-1,2024-04-04,2,83.95,0.05,0.0,Completed,159.5
ORD-00769,CUST-0029,PROD-045,CHAN-4,2024-04-05,1,51.0,0.0,11.99,Completed,62.99
ORD-00770,CUST-1164,PROD-064,CHAN-3,2024-04-05,3,43.0,0.0,0.0,Completed,129.0
ORD-00771,CUST-0073,PROD-006,CHAN-2,2024-04-05,2,58.0,0.0,0.0,Completed,116.0
ORD-00772,CUST-0048,PROD-001,CHAN-1,2024-04-05,4,50.95,0.1,0.0,Completed,183.42
ORD-00773,CUST-0759,PROD-025,CHAN-1,2024-04-05,1,57.99,0.0,8.99,Completed,66.98
ORD-00774,CUST-0025,PROD-003,CHAN-4,2024-04-05,5,70.99,0.0,0.0,Completed,354.95
ORD-00775,CUST-0024,PROD-002,CHAN-1,2024-04-06,1,28.99,0.0,11.99,Refunded,40.98
ORD-00776,CUST-0038,PROD-015,CHAN-1,2024-04-06,2,65.0,0.0,0.0,Completed,130.0
ORD-00777,CUST-0810,PROD-061,CHAN-1,2024-04-06,3,67.0,0.0,0.0,Refunded,201.0
ORD-00778,CUST-1841,PROD-006,CHAN-1,2024-04-06,1,58.0,0.25,8.99,Completed,52.49
ORD-00779,CUST-0008,PROD-030,CHAN-2,2024-04-06,1,62.99,0.0,8.99,Completed,71.98
ORD-00780,CUST-0116,PROD-045,CHAN-4,2024-04-06,1,51.0,0.0,8.99,Completed,59.99
ORD-00781,CUST-0649,PROD-001,CHAN-1,2024-04-06,1,50.95,0.0,11.99,Completed,62.94
ORD-00782,CUST-0010,PROD-001,CHAN-1,2024-04-06,1,50.95,0.4,11.99,Completed,42.56
ORD-00783,CUST-0783,PROD-008,CHAN-2,2024-04-06,1,38.99,0.0,11.99,Completed,50.98
ORD-00784,CUST-0547,PROD-027,CHAN-2,2024-04-06,5,54.0,0.0,0.0,Completed,270.0
ORD-00785,CUST-1683,PROD-001,CHAN-3,2024-04-07,1,50.95,0.2,8.99,Completed,49.75
ORD-00786,CUST-1758,PROD-014,CHAN-1,2024-04-07,1,19.0,0.0,4.99,Completed,23.99
ORD-00787,CUST-0011,PROD-079,CHAN-4,2024-04-07,1,37.99,0.25,4.99,Completed,33.48
ORD-00788,CUST-0820,PROD-087,CHAN-1,2024-04-07,1,34.99,0.0,8.99,Completed,43.98
ORD-00789,CUST-0001,PROD-020,CHAN-1,2024-04-07,1,25.0,0.0,11.99,Completed,36.99
ORD-00790,CUST-0028,PROD-004,CHAN-4,2024-04-07,1,47.99,0.25,5.99,Completed,41.98
ORD-00791,CUST-0389,PROD-053,CHAN-2,2024-04-07,1,88.95,0.0,0.0,Completed,88.95
ORD-00792,CUST-0106,PROD-002,CHAN-1,2024-04-07,1,28.99,0.0,5.99,Completed,34.98
ORD-00793,CUST-0435,PROD-072,CHAN-2,2024-04-07,1,35.95,0.0,5.99,Completed,41.94
ORD-00794,CUST-0170,PROD-106,CHAN-1,2024-04-07,2,103.0,0.3,0.0,Completed,144.2
ORD-00795,CUST-0952,PROD-027,CHAN-1,2024-04-07,1,54.0,0.1,11.99,Completed,60.59
ORD-00796,CUST-0008,PROD-001,CHAN-1,2024-04-07,1,50.95,0.0,4.99,Completed,55.94
ORD-00797,CUST-0330,PROD-108,CHAN-1,2024-04-07,3,114.95,0.0,0.0,Completed,344.85
ORD-00798,CUST-1767,PROD-138,CHAN-3,2024-04-07,1,3.99,0.0,8.99,Completed,12.98
ORD-00799,CUST-0005,PROD-049,CHAN-2,2024-04-08,2,19.95,0.0,8.99,Completed,48.89
ORD-00800,CUST-1979,PROD-039,CHAN-1,2024-04-08,1,83.0,0.0,0.0,Completed,83.0
ORD-00801,CUST-0001,PROD-040,CHAN-2,2024-04-08,2,106.95,0.0,0.0,Completed,213.9
ORD-00802,CUST-0331,PROD-126,CHAN-2,2024-04-08,2,6.99,0.0,8.99,Completed,22.97
ORD-00803,CUST-0019,PROD-110,CHAN-2,2024-04-08,1,35.95,0.0,5.99,Completed,41.94
ORD-00804,CUST-0032,PROD-129,CHAN-1,2024-04-08,1,8.99,0.4,8.99,Completed,14.38
ORD-00805,CUST-0101,PROD-066,CHAN-3,2024-04-08,1,71.95,0.2,11.99,Completed,69.55
ORD-00806,CUST-0217,PROD-145,CHAN-2,2024-04-08,2,10.95,0.25,5.99,Completed,22.41
ORD-00807,CUST-0232,PROD-010,CHAN-1,2024-04-08,2,32.99,0.4,8.99,Completed,48.58
ORD-00808,CUST-0011,PROD-013,CHAN-1,2024-04-09,1,41.95,0.0,11.99,Completed,53.94
ORD-00809,CUST-1204,PROD-001,CHAN-2,2024-04-09,3,50.95,0.0,0.0,Completed,152.85
ORD-00810,CUST-0053,PROD-072,CHAN-5,2024-04-09,4,35.95,0.0,0.0,Completed,143.8
ORD-00811,CUST-0052,PROD-003,CHAN-1,2024-04-09,2,70.99,0.0,0.0,Completed,141.98
ORD-00812,CUST-0850,PROD-068,CHAN-1,2024-04-09,1,83.95,0.0,0.0,Completed,83.95
ORD-00813,CUST-0475,PROD-036,CHAN-2,2024-04-09,1,102.99,0.0,0.0,Completed,102.99
ORD-00814,CUST-0122,PROD-015,CHAN-1,2024-04-09,1,65.0,0.0,5.99,Completed,70.99
ORD-00815,CUST-0008,PROD-019,CHAN-1,2024-04-09,1,35.95,0.0,11.99,Completed,47.94
ORD-00816,CUST-0917,PROD-017,CHAN-2,2024-04-09,2,28.99,0.4,5.99,Completed,40.78
ORD-00817,CUST-0476,PROD-138,CHAN-1,2024-04-09,2,3.99,0.0,8.99,Completed,16.97
ORD-00818,CUST-1786,PROD-111,CHAN-1,2024-04-09,1,27.99,0.05,11.99,Completed,38.58
ORD-00819,CUST-0026,PROD-054,CHAN-2,2024-04-09,1,109.0,0.2,0.0,Completed,87.2
ORD-00820,CUST-0392,PROD-071,CHAN-1,2024-04-09,2,54.99,0.0,0.0,Completed,109.98
ORD-00821,CUST-1000,PROD-002,CHAN-2,2024-04-09,1,28.99,0.0,8.99,Completed,37.98
ORD-00822,CUST-0427,PROD-138,CHAN-3,2024-04-10,1,3.99,0.0,8.99,Completed,12.98
ORD-00823,CUST-0085,PROD-010,CHAN-2,2024-04-10,1,32.99,0.0,8.99,Completed,41.98
ORD-00824,CUST-0411,PROD-001,CHAN-1,2024-04-10,1,50.95,0.0,5.99,Completed,56.94
ORD-00825,CUST-1849,PROD-079,CHAN-1,2024-04-10,1,37.99,0.3,11.99,Completed,38.58
ORD-00826,CUST-0351,PROD-009,CHAN-2,2024-04-10,2,60.99,0.0,0.0,Completed,121.98
ORD-00827,CUST-0553,PROD-060,CHAN-2,2024-04-10,3,51.99,0.0,0.0,Completed,155.97
ORD-00828,CUST-1655,PROD-040,CHAN-1,2024-04-10,1,106.95,0.0,0.0,Refunded,106.95
ORD-00829,CUST-0031,PROD-061,CHAN-2,2024-04-10,1,67.0,0.35,4.99,Completed,48.54
ORD-00830,CUST-0035,PROD-035,CHAN-3,2024-04-10,1,102.99,0.3,8.99,Completed,81.08
ORD-00831,CUST-0721,PROD-019,CHAN-2,2024-04-10,1,35.95,0.0,11.99,Completed,47.94
ORD-00832,CUST-0660,PROD-001,CHAN-2,2024-04-10,1,50.95,0.0,8.99,Completed,59.94
ORD-00833,CUST-0112,PROD-139,CHAN-1,2024-04-10,1,6.99,0.0,11.99,Completed,18.98
ORD-00834,CUST-0340,PROD-112,CHAN-1,2024-04-10,2,115.0,0.0,0.0,Completed,230.0
ORD-00835,CUST-1320,PROD-016,CHAN-1,2024-04-10,1,25.0,0.25,4.99,Completed,23.74
ORD-00836,CUST-1225,PROD-001,CHAN-1,2024-04-11,1,50.95,0.0,4.99,Completed,55.94
ORD-00837,CUST-0443,PROD-030,CHAN-2,2024-04-11,1,62.99,0.0,0.0,Cancelled,0.0
ORD-00838,CUST-0221,PROD-038,CHAN-4,2024-04-11,1,83.99,0.0,0.0,Completed,83.99
ORD-00839,CUST-1367,PROD-062,CHAN-1,2024-04-11,2,77.99,0.15,0.0,Completed,132.58
ORD-00840,CUST-0002,PROD-150,CHAN-3,2024-04-11,1,7.0,0.0,11.99,Returned,18.99
ORD-00841,CUST-0064,PROD-023,CHAN-1,2024-04-11,1,58.95,0.25,11.99,Completed,56.2
ORD-00842,CUST-0105,PROD-058,CHAN-1,2024-04-11,2,86.0,0.0,0.0,Cancelled,0.0
ORD-00843,CUST-1147,PROD-035,CHAN-3,2024-04-11,1,102.99,0.0,0.0,Completed,102.99
ORD-00844,CUST-0001,PROD-058,CHAN-2,2024-04-12,1,86.0,0.0,0.0,Completed,86.0
ORD-00845,CUST-1504,PROD-141,CHAN-2,2024-04-12,2,15.0,0.0,8.99,Completed,38.99
ORD-00846,CUST-0007,PROD-006,CHAN-2,2024-04-12,1,58.0,0.0,5.99,Completed,63.99
ORD-00847,CUST-0242,PROD-016,CHAN-2,2024-04-12,1,25.0,0.0,11.99,Completed,36.99
ORD-00848,CUST-0579,PROD-006,CHAN-1,2024-04-12,1,58.0,0.0,8.99,Completed,66.99
ORD-00849,CUST-0050,PROD-118,CHAN-1,2024-04-12,1,150.99,0.0,0.0,Completed,150.99
ORD-00850,CUST-0410,PROD-036,CHAN-1,2024-04-12,1,102.99,0.0,0.0,Completed,102.99
ORD-00851,CUST-1937,PROD-065,CHAN-1,2024-04-12,1,30.0,0.0,0.0,Cancelled,0.0
ORD-00852,CUST-0069,PROD-019,CHAN-2,2024-04-12,2,35.95,0.0,5.99,Completed,77.89
ORD-00853,CUST-0030,PROD-106,CHAN-1,2024-04-13,1,103.0,0.0,0.0,Cancelled,0.0
ORD-00854,CUST-0002,PROD-005,CHAN-4,2024-04-13,1,30.99,0.0,11.99,Completed,42.98
ORD-00855,CUST-0006,PROD-138,CHAN-3,2024-04-13,2,3.99,0.0,8.99,Completed,16.97
ORD-00856,CUST-1662,PROD-009,CHAN-3,2024-04-13,1,60.99,0.0,8.99,Completed,69.98
ORD-00857,CUST-1375,PROD-095,CHAN-1,2024-04-13,2,18.95,0.0,11.99,Completed,49.89
ORD-00858,CUST-0067,PROD-018,CHAN-1,2024-04-13,3,83.95,0.0,0.0,Completed,251.85
ORD-00859,CUST-0085,PROD-041,CHAN-1,2024-04-14,3,27.95,0.0,0.0,Refunded,83.85
ORD-00860,CUST-0119,PROD-091,CHAN-3,2024-04-14,1,13.0,0.0,5.99,Completed,18.99
ORD-00861,CUST-0160,PROD-084,CHAN-4,2024-04-14,2,17.0,0.0,8.99,Completed,42.99
ORD-00862,CUST-0048,PROD-118,CHAN-1,2024-04-14,1,150.99,0.0,0.0,Returned,150.99
ORD-00863,CUST-1220,PROD-007,CHAN-2,2024-04-14,1,49.0,0.0,4.99,Refunded,53.99
ORD-00864,CUST-1477,PROD-006,CHAN-1,2024-04-14,2,58.0,0.4,11.99,Completed,81.59
ORD-00865,CUST-0001,PROD-003,CHAN-5,2024-04-14,1,70.99,0.0,0.0,Cancelled,0.0
ORD-00866,CUST-1871,PROD-007,CHAN-1,2024-04-14,2,49.0,0.05,0.0,Completed,93.1
ORD-00867,CUST-0657,PROD-051,CHAN-2,2024-04-14,2,105.95,0.15,0.0,Completed,180.12
ORD-00868,CUST-0052,PROD-030,CHAN-1,2024-04-14,1,62.99,0.0,0.0,Cancelled,0.0
ORD-00869,CUST-0060,PROD-018,CHAN-2,2024-04-14,1,83.95,0.35,8.99,Completed,63.56
ORD-00870,CUST-0008,PROD-070,CHAN-1,2024-04-14,2,91.99,0.0,0.0,Completed,183.98
ORD-00871,CUST-0758,PROD-001,CHAN-2,2024-04-15,1,50.95,0.0,4.99,Completed,55.94
ORD-00872,CUST-1032,PROD-148,CHAN-2,2024-04-15,1,15.0,0.0,5.99,Completed,20.99
ORD-00873,CUST-0053,PROD-030,CHAN-3,2024-04-15,1,62.99,0.0,4.99,Completed,67.98
ORD-00874,CUST-0069,PROD-031,CHAN-2,2024-04-15,1,100.0,0.25,0.0,Completed,75.0
ORD-00875,CUST-1635,PROD-003,CHAN-1,2024-04-15,2,70.99,0.0,0.0,Completed,141.98
ORD-00876,CUST-0047,PROD-065,CHAN-1,2024-04-15,1,30.0,0.0,5.99,Completed,35.99
ORD-00877,CUST-0013,PROD-130,CHAN-2,2024-04-15,2,5.95,0.0,5.99,Completed,17.89
ORD-00878,CUST-0117,PROD-053,CHAN-2,2024-04-15,3,88.95,0.4,0.0,Completed,160.11
ORD-00879,CUST-0920,PROD-080,CHAN-1,2024-04-15,1,20.95,0.0,5.99,Completed,26.94
ORD-00880,CUST-0271,PROD-129,CHAN-1,2024-04-15,1,8.99,0.0,8.99,Returned,17.98
ORD-00881,CUST-0197,PROD-011,CHAN-1,2024-04-15,2,18.95,0.0,4.99,Refunded,42.89
ORD-00882,CUST-0429,PROD-111,CHAN-3,2024-04-15,1,27.99,0.0,8.99,Completed,36.98
ORD-00883,CUST-0408,PROD-002,CHAN-4,2024-04-15,1,28.99,0.3,4.99,Completed,25.28
ORD-00884,CUST-0177,PROD-015,CHAN-2,2024-04-15,1,65.0,0.1,5.99,Completed,64.49
ORD-00885,CUST-0157,PROD-096,CHAN-3,2024-04-15,1,22.99,0.25,4.99,Returned,22.23
ORD-00886,CUST-0274,PROD-114,CHAN-1,2024-04-16,2,21.0,0.05,11.99,Completed,51.89
ORD-00887,CUST-0044,PROD-069,CHAN-2,2024-04-16,1,71.0,0.0,4.99,Completed,75.99
ORD-00888,CUST-1332,PROD-003,CHAN-1,2024-04-16,1,70.99,0.0,8.99,Completed,79.98
ORD-00889,CUST-1142,PROD-009,CHAN-3,2024-04-16,1,60.99,0.0,4.99,Completed,65.98
ORD-00890,CUST-0032,PROD-086,CHAN-1,2024-04-16,1,7.0,0.1,5.99,Completed,12.29
ORD-00891,CUST-0004,PROD-020,CHAN-2,2024-04-16,1,25.0,0.3,11.99,Completed,29.49
ORD-00892,CUST-0189,PROD-029,CHAN-1,2024-04-16,1,79.0,0.35,8.99,Completed,60.34
ORD-00893,CUST-1759,PROD-108,CHAN-1,2024-04-16,1,114.95,0.05,0.0,Completed,109.2
ORD-00894,CUST-1662,PROD-042,CHAN-2,2024-04-16,2,17.0,0.0,8.99,Completed,42.99
ORD-00895,CUST-0102,PROD-036,CHAN-4,2024-04-16,1,102.99,0.0,0.0,Completed,102.99
ORD-00896,CUST-0021,PROD-004,CHAN-1,2024-04-16,2,47.99,0.0,0.0,Completed,95.98
ORD-00897,CUST-0088,PROD-001,CHAN-4,2024-04-16,1,50.95,0.15,4.99,Completed,48.3
ORD-00898,CUST-0001,PROD-010,CHAN-1,2024-04-16,1,32.99,0.0,8.99,Completed,41.98
ORD-00899,CUST-1600,PROD-116,CHAN-2,2024-04-16,1,103.99,0.0,0.0,Completed,103.99
ORD-00900,CUST-0422,PROD-011,CHAN-1,2024-04-16,3,18.95,0.0,5.99,Completed,62.84
ORD-00901,CUST-0031,PROD-008,CHAN-2,2024-04-17,1,38.99,0.0,8.99,Completed,47.98
ORD-00902,CUST-0001,PROD-005,CHAN-1,2024-04-17,1,30.99,0.1,11.99,Completed,39.88
ORD-00903,CUST-0048,PROD-028,CHAN-2,2024-04-17,2,109.0,0.0,0.0,Completed,218.0
ORD-00904,CUST-0112,PROD-004,CHAN-2,2024-04-17,2,47.99,0.25,8.99,Completed,80.97
ORD-00905,CUST-0011,PROD-028,CHAN-1,2024-04-17,1,109.0,0.1,0.0,Completed,98.1
ORD-00906,CUST-0296,PROD-015,CHAN-3,2024-04-17,1,65.0,0.15,5.99,Completed,61.24
ORD-00907,CUST-0253,PROD-026,CHAN-2,2024-04-17,1,36.95,0.4,5.99,Completed,28.16
ORD-00908,CUST-1475,PROD-150,CHAN-1,2024-04-17,1,7.0,0.0,11.99,Completed,18.99
ORD-00909,CUST-0018,PROD-066,CHAN-2,2024-04-17,2,71.95,0.0,0.0,Refunded,143.9
ORD-00910,CUST-0933,PROD-031,CHAN-2,2024-04-18,1,100.0,0.0,0.0,Completed,100.0
ORD-00911,CUST-0344,PROD-035,CHAN-2,2024-04-18,1,102.99,0.2,0.0,Completed,82.39
ORD-00912,CUST-0621,PROD-057,CHAN-2,2024-04-18,1,32.0,0.0,4.99,Completed,36.99
ORD-00913,CUST-0357,PROD-070,CHAN-1,2024-04-18,1,91.99,0.35,8.99,Completed,68.78
ORD-00914,CUST-0001,PROD-047,CHAN-2,2024-04-18,4,82.0,0.0,0.0,Returned,328.0
ORD-00915,CUST-0143,PROD-025,CHAN-1,2024-04-18,1,57.99,0.1,8.99,Completed,61.18
ORD-00916,CUST-1004,PROD-011,CHAN-2,2024-04-18,1,18.95,0.1,4.99,Completed,22.05
ORD-00917,CUST-0278,PROD-115,CHAN-1,2024-04-18,1,166.95,0.0,0.0,Completed,166.95
ORD-00918,CUST-1489,PROD-111,CHAN-1,2024-04-18,1,27.99,0.15,11.99,Completed,35.78
ORD-00919,CUST-0007,PROD-014,CHAN-5,2024-04-18,1,19.0,0.0,8.99,Completed,27.99
ORD-00920,CUST-0155,PROD-118,CHAN-2,2024-04-18,1,150.99,0.0,0.0,Completed,150.99
ORD-00921,CUST-1700,PROD-108,CHAN-3,2024-04-18,1,114.95,0.15,0.0,Completed,97.71
ORD-00922,CUST-1062,PROD-007,CHAN-2,2024-04-19,4,49.0,0.0,0.0,Completed,196.0
ORD-00923,CUST-0085,PROD-094,CHAN-2,2024-04-19,1,24.95,0.0,11.99,Completed,36.94
ORD-00924,CUST-0971,PROD-006,CHAN-2,2024-04-19,1,58.0,0.0,8.99,Completed,66.99
ORD-00925,CUST-1727,PROD-014,CHAN-1,2024-04-19,1,19.0,0.0,11.99,Completed,30.99
ORD-00926,CUST-1723,PROD-076,CHAN-2,2024-04-19,1,7.99,0.0,5.99,Completed,13.98
ORD-00927,CUST-0283,PROD-003,CHAN-2,2024-04-19,1,70.99,0.0,8.99,Completed,79.98
ORD-00928,CUST-1880,PROD-095,CHAN-1,2024-04-19,1,18.95,0.0,0.0,Cancelled,0.0
ORD-00929,CUST-1048,PROD-004,CHAN-1,2024-04-19,1,47.99,0.25,4.99,Completed,40.98
ORD-00930,CUST-0426,PROD-093,CHAN-1,2024-04-19,1,25.99,0.0,0.0,Cancelled,0.0
ORD-00931,CUST-0268,PROD-084,CHAN-1,2024-04-19,1,17.0,0.0,5.99,Completed,22.99
ORD-00932,CUST-1729,PROD-137,CHAN-5,2024-04-19,2,15.0,0.25,5.99,Completed,28.49
ORD-00933,CUST-0032,PROD-008,CHAN-1,2024-04-20,1,38.99,0.0,5.99,Completed,44.98
ORD-00934,CUST-1775,PROD-093,CHAN-2,2024-04-20,1,25.99,0.0,5.99,Completed,31.98
ORD-00935,CUST-1550,PROD-103,CHAN-1,2024-04-20,2,111.0,0.35,0.0,Completed,144.3
ORD-00936,CUST-0073,PROD-002,CHAN-2,2024-04-20,1,28.99,0.0,8.99,Completed,37.98
ORD-00937,CUST-0008,PROD-017,CHAN-5,2024-04-20,1,28.99,0.1,8.99,Completed,35.08
ORD-00938,CUST-0864,PROD-009,CHAN-1,2024-04-20,1,60.99,0.0,11.99,Completed,72.98
ORD-00939,CUST-0059,PROD-010,CHAN-1,2024-04-20,1,32.99,0.0,8.99,Completed,41.98
ORD-00940,CUST-0113,PROD-101,CHAN-1,2024-04-20,1,66.0,0.0,4.99,Completed,70.99
ORD-00941,CUST-0001,PROD-036,CHAN-1,2024-04-20,4,102.99,0.05,0.0,Completed,391.36
ORD-00942,CUST-1067,PROD-037,CHAN-1,2024-04-20,1,60.95,0.0,4.99,Completed,65.94
ORD-00943,CUST-0956,PROD-007,CHAN-2,2024-04-20,2,49.0,0.15,0.0,Completed,83.3
ORD-00944,CUST-0988,PROD-096,CHAN-3,2024-04-20,3,22.99,0.05,11.99,Completed,77.51
ORD-00945,CUST-0190,PROD-049,CHAN-2,2024-04-20,1,19.95,0.0,4.99,Returned,24.94
ORD-00946,CUST-1976,PROD-001,CHAN-1,2024-04-21,1,50.95,0.35,5.99,Completed,39.11
ORD-00947,CUST-0067,PROD-009,CHAN-2,2024-04-21,1,60.99,0.05,11.99,Completed,69.93
ORD-00948,CUST-0900,PROD-072,CHAN-1,2024-04-21,1,35.95,0.0,11.99,Completed,47.94
ORD-00949,CUST-0584,PROD-087,CHAN-3,2024-04-21,2,34.99,0.15,11.99,Completed,71.47
ORD-00950,CUST-1817,PROD-051,CHAN-4,2024-04-21,2,105.95,0.0,0.0,Completed,211.9
ORD-00951,CUST-1483,PROD-001,CHAN-4,2024-04-21,1,50.95,0.0,5.99,Completed,56.94
ORD-00952,CUST-1094,PROD-004,CHAN-1,2024-04-22,1,47.99,0.0,8.99,Completed,56.98
ORD-00953,CUST-0085,PROD-004,CHAN-3,2024-04-22,1,47.99,0.0,4.99,Returned,52.98
ORD-00954,CUST-0101,PROD-006,CHAN-2,2024-04-22,1,58.0,0.0,8.99,Completed,66.99
ORD-00955,CUST-0065,PROD-037,CHAN-2,2024-04-22,1,60.95,0.05,8.99,Completed,66.89
ORD-00956,CUST-0027,PROD-011,CHAN-5,2024-04-22,1,18.95,0.4,5.99,Completed,17.36
ORD-00957,CUST-0514,PROD-010,CHAN-2,2024-04-22,1,32.99,0.0,5.99,Completed,38.98
ORD-00958,CUST-0002,PROD-034,CHAN-1,2024-04-22,1,65.99,0.0,4.99,Completed,70.98
ORD-00959,CUST-0738,PROD-148,CHAN-1,2024-04-22,1,15.0,0.0,0.0,Cancelled,0.0
ORD-00960,CUST-1807,PROD-103,CHAN-2,2024-04-22,2,111.0,0.0,0.0,Completed,222.0
ORD-00961,CUST-0014,PROD-040,CHAN-1,2024-04-22,1,106.95,0.2,0.0,Completed,85.56
ORD-00962,CUST-0216,PROD-004,CHAN-2,2024-04-22,1,47.99,0.25,11.99,Refunded,47.98
ORD-00963,CUST-0377,PROD-005,CHAN-1,2024-04-22,1,30.99,0.0,4.99,Completed,35.98
ORD-00964,CUST-1921,PROD-003,CHAN-1,2024-04-23,2,70.99,0.0,0.0,Completed,141.98
ORD-00965,CUST-0005,PROD-115,CHAN-2,2024-04-23,1,166.95,0.25,0.0,Completed,125.21
ORD-00966,CUST-0099,PROD-015,CHAN-1,2024-04-23,2,65.0,0.0,0.0,Completed,130.0
ORD-00967,CUST-0844,PROD-067,CHAN-2,2024-04-23,1,95.99,0.0,0.0,Completed,95.99
ORD-00968,CUST-0558,PROD-033,CHAN-2,2024-04-23,1,63.99,0.25,8.99,Completed,56.98
ORD-00969,CUST-0619,PROD-117,CHAN-1,2024-04-23,1,27.99,0.35,5.99,Completed,24.18
ORD-00970,CUST-0350,PROD-019,CHAN-2,2024-04-23,3,35.95,0.0,0.0,Completed,107.85
ORD-00971,CUST-0300,PROD-033,CHAN-2,2024-04-23,1,63.99,0.1,5.99,Completed,63.58
ORD-00972,CUST-0062,PROD-127,CHAN-2,2024-04-24,1,7.95,0.0,4.99,Returned,12.94
ORD-00973,CUST-0038,PROD-070,CHAN-2,2024-04-24,2,91.99,0.0,0.0,Completed,183.98
ORD-00974,CUST-0086,PROD-130,CHAN-2,2024-04-24,1,5.95,0.0,0.0,Cancelled,0.0
ORD-00975,CUST-0509,PROD-004,CHAN-4,2024-04-24,1,47.99,0.0,8.99,Completed,56.98
ORD-00976,CUST-0062,PROD-099,CHAN-2,2024-04-24,2,17.95,0.0,8.99,Completed,44.89
ORD-00977,CUST-0350,PROD-023,CHAN-4,2024-04-24,1,58.95,0.0,11.99,Completed,70.94
ORD-00978,CUST-1319,PROD-010,CHAN-3,2024-04-24,1,32.99,0.0,4.99,Completed,37.98
ORD-00979,CUST-0474,PROD-118,CHAN-2,2024-04-24,2,150.99,0.0,0.0,Completed,301.98
ORD-00980,CUST-1118,PROD-081,CHAN-4,2024-04-25,1,38.95,0.35,5.99,Completed,31.31
ORD-00981,CUST-0026,PROD-001,CHAN-1,2024-04-25,1,50.95,0.0,5.99,Completed,56.94
ORD-00982,CUST-0428,PROD-007,CHAN-1,2024-04-25,1,49.0,0.0,11.99,Completed,60.99
ORD-00983,CUST-1220,PROD-053,CHAN-1,2024-04-25,2,88.95,0.0,0.0,Completed,177.9
ORD-00984,CUST-0005,PROD-145,CHAN-2,2024-04-25,1,10.95,0.0,5.99,Completed,16.94
ORD-00985,CUST-0714,PROD-087,CHAN-1,2024-04-25,2,34.99,0.0,5.99,Returned,75.97
ORD-00986,CUST-0020,PROD-013,CHAN-1,2024-04-25,1,41.95,0.15,11.99,Completed,47.65
ORD-00987,CUST-0054,PROD-126,CHAN-1,2024-04-25,1,6.99,0.0,5.99,Completed,12.98
ORD-00988,CUST-0379,PROD-121,CHAN-5,2024-04-25,2,156.99,0.0,0.0,Completed,313.98
ORD-00989,CUST-1847,PROD-093,CHAN-4,2024-04-25,2,25.99,0.1,5.99,Completed,52.77
ORD-00990,CUST-0006,PROD-025,CHAN-2,2024-04-25,1,57.99,0.05,8.99,Completed,64.08
ORD-00991,CUST-0073,PROD-050,CHAN-4,2024-04-26,1,40.0,0.0,11.99,Completed,51.99
ORD-00992,CUST-0992,PROD-078,CHAN-4,2024-04-26,3,9.99,0.0,8.99,Completed,38.96
ORD-00993,CUST-0968,PROD-041,CHAN-1,2024-04-26,1,27.95,0.0,0.0,Cancelled,0.0
ORD-00994,CUST-0979,PROD-120,CHAN-2,2024-04-26,1,158.0,0.0,0.0,Completed,158.0
ORD-00995,CUST-0516,PROD-018,CHAN-1,2024-04-26,1,83.95,0.2,5.99,Completed,73.15
ORD-00996,CUST-0011,PROD-106,CHAN-1,2024-04-26,1,103.0,0.4,5.99,Completed,67.79
ORD-00997,CUST-1792,PROD-023,CHAN-1,2024-04-26,1,58.95,0.0,8.99,Completed,67.94
ORD-00998,CUST-0012,PROD-003,CHAN-1,2024-04-27,1,70.99,0.0,11.99,Completed,82.98
ORD-00999,CUST-0032,PROD-021,CHAN-3,2024-04-27,1,39.0,0.05,11.99,Completed,49.04
ORD-01000,CUST-1579,PROD-038,CHAN-1,2024-04-27,2,83.99,0.25,0.0,Completed,125.98
ORD-01001,CUST-0005,PROD-003,CHAN-2,2024-04-27,1,70.99,0.0,5.99,Completed,76.98
ORD-01002,CUST-1066,PROD-126,CHAN-1,2024-04-27,1,6.99,0.4,11.99,Completed,16.18
ORD-01003,CUST-0324,PROD-145,CHAN-3,2024-04-27,3,10.95,0.0,5.99,Completed,38.84
ORD-01004,CUST-0062,PROD-089,CHAN-1,2024-04-27,1,5.99,0.35,8.99,Completed,12.88
ORD-01005,CUST-1714,PROD-001,CHAN-4,2024-04-28,1,50.95,0.0,4.99,Completed,55.94
ORD-01006,CUST-1173,PROD-013,CHAN-1,2024-04-28,1,41.95,0.0,4.99,Completed,46.94
ORD-01007,CUST-0485,PROD-020,CHAN-2,2024-04-28,1,25.0,0.35,4.99,Completed,21.24
ORD-01008,CUST-0004,PROD-003,CHAN-1,2024-04-28,2,70.99,0.0,0.0,Completed,141.98
ORD-01009,CUST-1455,PROD-011,CHAN-2,2024-04-28,2,18.95,0.25,11.99,Completed,40.41
ORD-01010,CUST-0083,PROD-026,CHAN-2,2024-04-28,1,36.95,0.0,8.99,Returned,45.94
ORD-01011,CUST-0002,PROD-005,CHAN-2,2024-04-28,1,30.99,0.0,4.99,Completed,35.98
ORD-01012,CUST-0032,PROD-019,CHAN-1,2024-04-28,1,35.95,0.0,11.99,Completed,47.94
ORD-01013,CUST-1558,PROD-001,CHAN-2,2024-04-28,1,50.95,0.0,4.99,Completed,55.94
ORD-01014,CUST-0696,PROD-052,CHAN-1,2024-04-28,2,124.0,0.0,0.0,Completed,248.0
ORD-01015,CUST-0310,PROD-101,CHAN-1,2024-04-28,4,66.0,0.0,0.0,Completed,264.0
ORD-01016,CUST-0996,PROD-140,CHAN-2,2024-04-28,1,12.0,0.05,5.99,Completed,17.39
ORD-01017,CUST-0945,PROD-116,CHAN-4,2024-04-29,1,103.99,0.0,0.0,Completed,103.99
ORD-01018,CUST-1096,PROD-008,CHAN-2,2024-04-29,1,38.99,0.0,8.99,Completed,47.98
ORD-01019,CUST-0130,PROD-130,CHAN-1,2024-04-29,1,5.95,0.0,5.99,Completed,11.94
ORD-01020,CUST-0501,PROD-004,CHAN-1,2024-04-29,1,47.99,0.4,8.99,Completed,37.78
ORD-01021,CUST-0031,PROD-096,CHAN-5,2024-04-29,1,22.99,0.0,5.99,Completed,28.98
ORD-01022,CUST-0031,PROD-032,CHAN-2,2024-04-29,1,89.95,0.0,0.0,Completed,89.95
ORD-01023,CUST-0001,PROD-044,CHAN-4,2024-04-29,1,66.0,0.0,5.99,Completed,71.99
ORD-01024,CUST-0208,PROD-141,CHAN-2,2024-04-29,2,15.0,0.05,11.99,Completed,40.49
ORD-01025,CUST-0437,PROD-143,CHAN-2,2024-04-30,2,19.0,0.0,11.99,Completed,49.99
ORD-01026,CUST-0771,PROD-081,CHAN-1,2024-04-30,1,38.95,0.0,0.0,Cancelled,0.0
ORD-01027,CUST-1040,PROD-015,CHAN-2,2024-04-30,1,65.0,0.4,11.99,Completed,50.99
ORD-01028,CUST-1164,PROD-003,CHAN-3,2024-04-30,1,70.99,0.0,4.99,Completed,75.98
ORD-01029,CUST-0031,PROD-045,CHAN-1,2024-04-30,1,51.0,0.0,5.99,Completed,56.99
ORD-01030,CUST-0134,PROD-002,CHAN-5,2024-04-30,1,28.99,0.0,11.99,Completed,40.98
ORD-01031,CUST-0669,PROD-022,CHAN-2,2024-04-30,1,21.0,0.0,4.99,Completed,25.99
ORD-01032,CUST-0699,PROD-080,CHAN-2,2024-04-30,1,20.95,0.0,5.99,Completed,26.94
ORD-01033,CUST-0654,PROD-013,CHAN-1,2024-04-30,1,41.95,0.3,4.99,Completed,34.35
ORD-01034,CUST-0225,PROD-034,CHAN-2,2024-04-30,1,65.99,0.25,8.99,Completed,58.48
ORD-01035,CUST-0103,PROD-002,CHAN-2,2024-05-01,1,28.99,0.35,5.99,Completed,24.83
ORD-01036,CUST-0132,PROD-074,CHAN-2,2024-05-01,1,45.95,0.15,11.99,Completed,51.05
ORD-01037,CUST-0342,PROD-061,CHAN-2,2024-05-01,1,67.0,0.0,4.99,Completed,71.99
ORD-01038,CUST-0017,PROD-005,CHAN-2,2024-05-01,2,30.99,0.3,11.99,Completed,55.38
ORD-01039,CUST-0195,PROD-006,CHAN-2,2024-05-01,2,58.0,0.0,0.0,Completed,116.0
ORD-01040,CUST-1422,PROD-055,CHAN-3,2024-05-01,1,110.99,0.4,5.99,Completed,72.58
ORD-01041,CUST-0010,PROD-003,CHAN-2,2024-05-01,1,70.99,0.0,8.99,Completed,79.98
ORD-01042,CUST-0317,PROD-034,CHAN-1,2024-05-01,2,65.99,0.0,0.0,Completed,131.98
ORD-01043,CUST-0026,PROD-020,CHAN-2,2024-05-01,1,25.0,0.0,4.99,Completed,29.99
ORD-01044,CUST-0697,PROD-100,CHAN-4,2024-05-01,2,38.95,0.0,0.0,Completed,77.9
ORD-01045,CUST-0106,PROD-052,CHAN-1,2024-05-01,1,124.0,0.0,0.0,Completed,124.0
ORD-01046,CUST-0008,PROD-016,CHAN-3,2024-05-01,1,25.0,0.0,8.99,Completed,33.99
ORD-01047,CUST-0436,PROD-029,CHAN-2,2024-05-01,4,79.0,0.0,0.0,Completed,316.0
ORD-01048,CUST-0089,PROD-059,CHAN-1,2024-05-02,1,58.99,0.0,8.99,Completed,67.98
ORD-01049,CUST-0306,PROD-099,CHAN-1,2024-05-02,1,17.95,0.0,11.99,Completed,29.94
ORD-01050,CUST-0021,PROD-087,CHAN-2,2024-05-02,1,34.99,0.0,11.99,Completed,46.98
ORD-01051,CUST-0273,PROD-118,CHAN-2,2024-05-02,2,150.99,0.0,0.0,Completed,301.98
ORD-01052,CUST-1150,PROD-062,CHAN-2,2024-05-02,2,77.99,0.0,0.0,Cancelled,0.0
ORD-01053,CUST-1627,PROD-001,CHAN-1,2024-05-02,3,50.95,0.0,0.0,Returned,152.85
ORD-01054,CUST-0076,PROD-114,CHAN-1,2024-05-02,1,21.0,0.0,11.99,Completed,32.99
ORD-01055,CUST-0006,PROD-005,CHAN-1,2024-05-02,1,30.99,0.2,4.99,Completed,29.78
ORD-01056,CUST-0777,PROD-146,CHAN-1,2024-05-02,1,8.99,0.0,8.99,Completed,17.98
ORD-01057,CUST-0360,PROD-044,CHAN-2,2024-05-02,1,66.0,0.3,4.99,Completed,51.19
ORD-01058,CUST-0001,PROD-003,CHAN-1,2024-05-02,2,70.99,0.35,0.0,Completed,92.29
ORD-01059,CUST-0038,PROD-120,CHAN-4,2024-05-03,4,158.0,0.0,0.0,Cancelled,0.0
ORD-01060,CUST-1689,PROD-013,CHAN-2,2024-05-03,1,41.95,0.3,8.99,Completed,38.35
ORD-01061,CUST-1123,PROD-118,CHAN-3,2024-05-03,1,150.99,0.0,0.0,Completed,150.99
ORD-01062,CUST-0956,PROD-003,CHAN-1,2024-05-03,2,70.99,0.0,0.0,Completed,141.98
ORD-01063,CUST-0215,PROD-149,CHAN-1,2024-05-03,2,11.99,0.0,8.99,Completed,32.97
ORD-01064,CUST-0291,PROD-102,CHAN-3,2024-05-03,3,137.0,0.0,0.0,Completed,411.0
ORD-01065,CUST-0090,PROD-135,CHAN-1,2024-05-03,1,13.99,0.0,8.99,Completed,22.98
ORD-01066,CUST-0223,PROD-103,CHAN-2,2024-05-03,2,111.0,0.0,0.0,Returned,222.0
ORD-01067,CUST-0863,PROD-008,CHAN-4,2024-05-03,1,38.99,0.3,8.99,Completed,36.28
ORD-01068,CUST-1499,PROD-015,CHAN-2,2024-05-04,1,65.0,0.05,8.99,Completed,70.74
ORD-01069,CUST-0026,PROD-021,CHAN-1,2024-05-04,1,39.0,0.0,5.99,Completed,44.99
ORD-01070,CUST-0031,PROD-037,CHAN-2,2024-05-04,1,60.95,0.0,4.99,Completed,65.94
ORD-01071,CUST-1477,PROD-061,CHAN-2,2024-05-04,1,67.0,0.0,8.99,Completed,75.99
ORD-01072,CUST-0246,PROD-071,CHAN-1,2024-05-04,2,54.99,0.1,0.0,Completed,98.98
ORD-01073,CUST-1021,PROD-011,CHAN-2,2024-05-04,1,18.95,0.4,8.99,Returned,20.36
ORD-01074,CUST-0043,PROD-002,CHAN-2,2024-05-04,2,28.99,0.1,8.99,Completed,61.17
ORD-01075,CUST-1151,PROD-001,CHAN-2,2024-05-04,2,50.95,0.0,0.0,Completed,101.9
ORD-01076,CUST-0021,PROD-063,CHAN-1,2024-05-04,1,96.99,0.0,0.0,Cancelled,0.0
ORD-01077,CUST-0285,PROD-064,CHAN-1,2024-05-04,1,43.0,0.0,5.99,Completed,48.99
ORD-01078,CUST-0038,PROD-010,CHAN-1,2024-05-04,1,32.99,0.0,8.99,Completed,41.98
ORD-01079,CUST-0646,PROD-030,CHAN-2,2024-05-05,2,62.99,0.1,0.0,Completed,113.38
ORD-01080,CUST-0014,PROD-001,CHAN-3,2024-05-05,1,50.95,0.0,5.99,Completed,56.94
ORD-01081,CUST-0019,PROD-001,CHAN-2,2024-05-05,1,50.95,0.0,0.0,Cancelled,0.0
ORD-01082,CUST-1931,PROD-118,CHAN-1,2024-05-05,1,150.99,0.0,0.0,Completed,150.99
ORD-01083,CUST-0089,PROD-005,CHAN-1,2024-05-05,1,30.99,0.0,8.99,Completed,39.98
ORD-01084,CUST-0011,PROD-010,CHAN-1,2024-05-05,4,32.99,0.0,0.0,Cancelled,0.0
ORD-01085,CUST-0470,PROD-147,CHAN-1,2024-05-05,1,5.95,0.0,5.99,Completed,11.94
ORD-01086,CUST-0110,PROD-007,CHAN-1,2024-05-05,3,49.0,0.25,0.0,Completed,110.25
ORD-01087,CUST-1930,PROD-001,CHAN-1,2024-05-05,1,50.95,0.0,4.99,Completed,55.94
ORD-01088,CUST-0031,PROD-021,CHAN-1,2024-05-05,1,39.0,0.05,4.99,Completed,42.04
ORD-01089,CUST-0072,PROD-020,CHAN-1,2024-05-05,1,25.0,0.0,8.99,Completed,33.99
ORD-01090,CUST-1912,PROD-018,CHAN-3,2024-05-05,2,83.95,0.0,0.0,Completed,167.9
ORD-01091,CUST-1753,PROD-093,CHAN-2,2024-05-05,2,25.99,0.1,8.99,Completed,55.77
ORD-01092,CUST-0006,PROD-033,CHAN-5,2024-05-05,2,63.99,0.0,0.0,Returned,127.98
ORD-01093,CUST-1803,PROD-091,CHAN-3,2024-05-05,2,13.0,0.05,4.99,Completed,29.69
ORD-01094,CUST-0962,PROD-042,CHAN-4,2024-05-05,2,17.0,0.0,5.99,Completed,39.99
ORD-01095,CUST-1269,PROD-068,CHAN-1,2024-05-05,1,83.95,0.0,0.0,Completed,83.95
ORD-01096,CUST-1673,PROD-052,CHAN-1,2024-05-05,1,124.0,0.0,0.0,Completed,124.0
ORD-01097,CUST-1212,PROD-105,CHAN-3,2024-05-06,1,71.0,0.2,4.99,Completed,61.79
ORD-01098,CUST-0148,PROD-015,CHAN-1,2024-05-06,2,65.0,0.0,0.0,Completed,130.0
ORD-01099,CUST-0007,PROD-060,CHAN-2,2024-05-06,1,51.99,0.4,4.99,Completed,36.18
ORD-01100,CUST-1630,PROD-001,CHAN-2,2024-05-06,1,50.95,0.0,11.99,Completed,62.94
ORD-01101,CUST-0002,PROD-029,CHAN-1,2024-05-06,2,79.0,0.0,0.0,Completed,158.0
ORD-01102,CUST-0374,PROD-001,CHAN-1,2024-05-06,1,50.95,0.0,8.99,Completed,59.94
ORD-01103,CUST-1123,PROD-030,CHAN-2,2024-05-06,2,62.99,0.0,0.0,Completed,125.98
ORD-01104,CUST-0540,PROD-009,CHAN-2,2024-05-06,1,60.99,0.0,8.99,Completed,69.98
ORD-01105,CUST-0876,PROD-058,CHAN-4,2024-05-06,1,86.0,0.4,4.99,Completed,56.59
ORD-01106,CUST-1748,PROD-044,CHAN-2,2024-05-06,1,66.0,0.0,5.99,Completed,71.99
ORD-01107,CUST-0163,PROD-089,CHAN-2,2024-05-06,1,5.99,0.15,4.99,Completed,10.08
ORD-01108,CUST-0406,PROD-003,CHAN-5,2024-05-06,2,70.99,0.0,0.0,Completed,141.98
ORD-01109,CUST-0001,PROD-110,CHAN-4,2024-05-06,1,35.95,0.25,11.99,Completed,38.95
ORD-01110,CUST-0831,PROD-030,CHAN-2,2024-05-06,1,62.99,0.0,5.99,Completed,68.98
ORD-01111,CUST-0109,PROD-028,CHAN-1,2024-05-06,2,109.0,0.0,0.0,Completed,218.0
ORD-01112,CUST-0131,PROD-025,CHAN-3,2024-05-06,1,57.99,0.35,11.99,Completed,49.68
ORD-01113,CUST-0401,PROD-137,CHAN-3,2024-05-06,1,15.0,0.0,5.99,Completed,20.99
ORD-01114,CUST-0281,PROD-142,CHAN-1,2024-05-06,1,5.0,0.4,4.99,Completed,7.99
ORD-01115,CUST-0034,PROD-004,CHAN-2,2024-05-07,2,47.99,0.0,0.0,Completed,95.98
ORD-01116,CUST-1838,PROD-089,CHAN-1,2024-05-07,1,5.99,0.0,5.99,Completed,11.98
ORD-01117,CUST-1923,PROD-019,CHAN-1,2024-05-07,3,35.95,0.1,0.0,Completed,97.07
ORD-01118,CUST-0484,PROD-009,CHAN-3,2024-05-07,5,60.99,0.0,0.0,Completed,304.95
ORD-01119,CUST-0007,PROD-111,CHAN-1,2024-05-07,1,27.99,0.0,4.99,Completed,32.98
ORD-01120,CUST-1575,PROD-142,CHAN-1,2024-05-07,1,5.0,0.0,4.99,Completed,9.99
ORD-01121,CUST-0006,PROD-048,CHAN-1,2024-05-07,1,121.95,0.25,0.0,Completed,91.46
ORD-01122,CUST-0005,PROD-026,CHAN-1,2024-05-07,2,36.95,0.0,5.99,Completed,79.89
ORD-01123,CUST-0040,PROD-018,CHAN-3,2024-05-07,2,83.95,0.0,0.0,Completed,167.9
ORD-01124,CUST-0044,PROD-002,CHAN-2,2024-05-08,1,28.99,0.0,8.99,Completed,37.98
ORD-01125,CUST-0981,PROD-031,CHAN-1,2024-05-08,1,100.0,0.0,0.0,Completed,100.0
ORD-01126,CUST-0923,PROD-122,CHAN-1,2024-05-08,1,178.99,0.0,0.0,Completed,178.99
ORD-01127,CUST-0002,PROD-034,CHAN-3,2024-05-08,1,65.99,0.35,5.99,Completed,48.88
ORD-01128,CUST-1657,PROD-060,CHAN-4,2024-05-08,2,51.99,0.0,0.0,Cancelled,0.0
ORD-01129,CUST-0010,PROD-010,CHAN-1,2024-05-08,1,32.99,0.0,8.99,Completed,41.98
ORD-01130,CUST-0315,PROD-034,CHAN-4,2024-05-08,1,65.99,0.05,5.99,Completed,68.68
ORD-01131,CUST-1049,PROD-133,CHAN-3,2024-05-09,1,18.99,0.0,8.99,Completed,27.98
ORD-01132,CUST-0316,PROD-020,CHAN-1,2024-05-09,1,25.0,0.0,5.99,Completed,30.99
ORD-01133,CUST-1200,PROD-032,CHAN-2,2024-05-09,4,89.95,0.0,0.0,Refunded,359.8
ORD-01134,CUST-0004,PROD-036,CHAN-2,2024-05-09,1,102.99,0.0,0.0,Completed,102.99
ORD-01135,CUST-0543,PROD-010,CHAN-3,2024-05-09,1,32.99,0.0,8.99,Completed,41.98
ORD-01136,CUST-0114,PROD-054,CHAN-1,2024-05-09,1,109.0,0.0,0.0,Completed,109.0
ORD-01137,CUST-0204,PROD-020,CHAN-2,2024-05-09,1,25.0,0.05,5.99,Completed,29.74
ORD-01138,CUST-0445,PROD-064,CHAN-1,2024-05-09,1,43.0,0.0,5.99,Completed,48.99
ORD-01139,CUST-0963,PROD-108,CHAN-1,2024-05-09,1,114.95,0.0,0.0,Refunded,114.95
ORD-01140,CUST-0321,PROD-043,CHAN-2,2024-05-09,1,45.99,0.0,11.99,Completed,57.98
ORD-01141,CUST-0837,PROD-002,CHAN-2,2024-05-09,2,28.99,0.0,11.99,Completed,69.97
ORD-01142,CUST-0249,PROD-005,CHAN-5,2024-05-09,2,30.99,0.0,8.99,Completed,70.97
ORD-01143,CUST-0999,PROD-027,CHAN-1,2024-05-10,3,54.0,0.0,0.0,Cancelled,0.0
ORD-01144,CUST-0379,PROD-109,CHAN-1,2024-05-10,1,68.99,0.0,5.99,Completed,74.98
ORD-01145,CUST-1924,PROD-041,CHAN-1,2024-05-10,1,27.95,0.3,4.99,Completed,24.55
ORD-01146,CUST-0294,PROD-001,CHAN-2,2024-05-10,1,50.95,0.0,8.99,Completed,59.94
ORD-01147,CUST-1027,PROD-020,CHAN-5,2024-05-10,1,25.0,0.0,4.99,Completed,29.99
ORD-01148,CUST-0497,PROD-003,CHAN-2,2024-05-11,5,70.99,0.0,0.0,Completed,354.95
ORD-01149,CUST-1172,PROD-047,CHAN-2,2024-05-11,2,82.0,0.0,0.0,Completed,164.0
ORD-01150,CUST-1674,PROD-147,CHAN-1,2024-05-11,5,5.95,0.0,4.99,Completed,34.74
ORD-01151,CUST-0021,PROD-011,CHAN-1,2024-05-11,1,18.95,0.0,5.99,Completed,24.94
ORD-01152,CUST-0987,PROD-109,CHAN-2,2024-05-11,1,68.99,0.0,4.99,Completed,73.98
ORD-01153,CUST-0347,PROD-075,CHAN-1,2024-05-11,2,118.99,0.0,0.0,Completed,237.98
ORD-01154,CUST-0709,PROD-073,CHAN-2,2024-05-11,2,24.95,0.0,8.99,Completed,58.89
ORD-01155,CUST-0061,PROD-023,CHAN-2,2024-05-11,1,58.95,0.0,11.99,Completed,70.94
ORD-01156,CUST-1459,PROD-019,CHAN-1,2024-05-12,2,35.95,0.3,8.99,Completed,59.32
ORD-01157,CUST-0268,PROD-041,CHAN-1,2024-05-12,1,27.95,0.0,8.99,Completed,36.94
ORD-01158,CUST-0652,PROD-004,CHAN-3,2024-05-12,2,47.99,0.0,0.0,Completed,95.98
ORD-01159,CUST-0032,PROD-072,CHAN-2,2024-05-12,1,35.95,0.0,4.99,Completed,40.94
ORD-01160,CUST-0073,PROD-026,CHAN-2,2024-05-12,1,36.95,0.05,8.99,Completed,44.09
ORD-01161,CUST-0379,PROD-088,CHAN-2,2024-05-12,1,29.99,0.1,8.99,Completed,35.98
ORD-01162,CUST-1054,PROD-018,CHAN-3,2024-05-12,1,83.95,0.0,0.0,Completed,83.95
ORD-01163,CUST-1184,PROD-045,CHAN-1,2024-05-12,1,51.0,0.1,5.99,Completed,51.89
ORD-01164,CUST-0153,PROD-073,CHAN-2,2024-05-12,2,24.95,0.0,11.99,Completed,61.89
ORD-01165,CUST-0711,PROD-070,CHAN-1,2024-05-12,4,91.99,0.2,0.0,Completed,294.37
ORD-01166,CUST-1260,PROD-093,CHAN-1,2024-05-12,1,25.99,0.0,4.99,Completed,30.98
ORD-01167,CUST-0016,PROD-044,CHAN-1,2024-05-12,1,66.0,0.15,5.99,Completed,62.09
ORD-01168,CUST-0633,PROD-024,CHAN-2,2024-05-12,2,39.0,0.0,0.0,Completed,78.0
ORD-01169,CUST-0010,PROD-094,CHAN-1,2024-05-12,1,24.95,0.0,11.99,Completed,36.94
ORD-01170,CUST-0031,PROD-088,CHAN-1,2024-05-12,2,29.99,0.3,4.99,Returned,46.98
ORD-01171,CUST-0365,PROD-001,CHAN-2,2024-05-12,1,50.95,0.0,4.99,Completed,55.94
ORD-01172,CUST-1062,PROD-006,CHAN-1,2024-05-12,2,58.0,0.0,0.0,Completed,116.0
ORD-01173,CUST-1763,PROD-022,CHAN-3,2024-05-12,1,21.0,0.0,5.99,Completed,26.99
ORD-01174,CUST-1127,PROD-065,CHAN-1,2024-05-13,1,30.0,0.0,8.99,Completed,38.99
ORD-01175,CUST-0015,PROD-023,CHAN-1,2024-05-13,1,58.95,0.0,8.99,Completed,67.94
ORD-01176,CUST-1971,PROD-001,CHAN-2,2024-05-13,1,50.95,0.0,8.99,Completed,59.94
ORD-01177,CUST-1572,PROD-039,CHAN-2,2024-05-13,1,83.0,0.0,0.0,Completed,83.0
ORD-01178,CUST-0071,PROD-002,CHAN-1,2024-05-13,1,28.99,0.0,8.99,Completed,37.98
ORD-01179,CUST-0413,PROD-016,CHAN-2,2024-05-13,1,25.0,0.0,8.99,Completed,33.99
ORD-01180,CUST-1658,PROD-120,CHAN-1,2024-05-13,1,158.0,0.1,0.0,Completed,142.2
ORD-01181,CUST-0547,PROD-003,CHAN-1,2024-05-13,1,70.99,0.0,11.99,Completed,82.98
ORD-01182,CUST-1578,PROD-109,CHAN-2,2024-05-13,1,68.99,0.0,5.99,Completed,74.98
ORD-01183,CUST-1649,PROD-130,CHAN-4,2024-05-13,1,5.95,0.0,5.99,Completed,11.94
ORD-01184,CUST-0023,PROD-069,CHAN-2,2024-05-14,1,71.0,0.0,0.0,Cancelled,0.0
ORD-01185,CUST-0004,PROD-118,CHAN-3,2024-05-14,1,150.99,0.1,0.0,Completed,135.89
ORD-01186,CUST-1467,PROD-053,CHAN-3,2024-05-14,1,88.95,0.0,0.0,Completed,88.95
ORD-01187,CUST-0011,PROD-029,CHAN-2,2024-05-14,1,79.0,0.0,0.0,Cancelled,0.0
ORD-01188,CUST-0010,PROD-148,CHAN-1,2024-05-14,1,15.0,0.2,4.99,Refunded,16.99
ORD-01189,CUST-0369,PROD-044,CHAN-1,2024-05-14,2,66.0,0.15,0.0,Completed,112.2
ORD-01190,CUST-0351,PROD-056,CHAN-2,2024-05-14,1,131.0,0.0,0.0,Completed,131.0
ORD-01191,CUST-0454,PROD-117,CHAN-1,2024-05-14,1,27.99,0.0,5.99,Completed,33.98
ORD-01192,CUST-1628,PROD-020,CHAN-2,2024-05-14,4,25.0,0.0,0.0,Completed,100.0
ORD-01193,CUST-0036,PROD-002,CHAN-3,2024-05-14,2,28.99,0.0,4.99,Completed,62.97
ORD-01194,CUST-0279,PROD-040,CHAN-3,2024-05-14,2,106.95,0.0,0.0,Completed,213.9
ORD-01195,CUST-0068,PROD-001,CHAN-2,2024-05-15,2,50.95,0.0,0.0,Completed,101.9
ORD-01196,CUST-1489,PROD-137,CHAN-3,2024-05-15,1,15.0,0.0,8.99,Completed,23.99
ORD-01197,CUST-0240,PROD-090,CHAN-2,2024-05-15,1,21.0,0.05,11.99,Completed,31.94
ORD-01198,CUST-0007,PROD-129,CHAN-2,2024-05-15,1,8.99,0.25,5.99,Completed,12.73
ORD-01199,CUST-0585,PROD-068,CHAN-1,2024-05-15,2,83.95,0.0,0.0,Completed,167.9
ORD-01200,CUST-0084,PROD-007,CHAN-1,2024-05-15,2,49.0,0.0,0.0,Completed,98.0
ORD-01201,CUST-1820,PROD-098,CHAN-4,2024-05-15,1,30.99,0.35,5.99,Completed,26.13
ORD-01202,CUST-0005,PROD-047,CHAN-1,2024-05-15,2,82.0,0.0,0.0,Completed,164.0
ORD-01203,CUST-0694,PROD-142,CHAN-1,2024-05-15,1,5.0,0.1,4.99,Completed,9.49
ORD-01204,CUST-0325,PROD-010,CHAN-2,2024-05-15,1,32.99,0.0,4.99,Completed,37.98
ORD-01205,CUST-0243,PROD-021,CHAN-1,2024-05-15,1,39.0,0.0,4.99,Returned,43.99
ORD-01206,CUST-0119,PROD-001,CHAN-1,2024-05-15,1,50.95,0.0,8.99,Completed,59.94
ORD-01207,CUST-0177,PROD-004,CHAN-2,2024-05-15,1,47.99,0.35,4.99,Completed,36.18
ORD-01208,CUST-0587,PROD-097,CHAN-2,2024-05-15,1,6.0,0.0,11.99,Completed,17.99
ORD-01209,CUST-1139,PROD-029,CHAN-2,2024-05-16,1,79.0,0.0,0.0,Completed,79.0
ORD-01210,CUST-0205,PROD-086,CHAN-1,2024-05-16,1,7.0,0.0,0.0,Cancelled,0.0
ORD-01211,CUST-0046,PROD-021,CHAN-1,2024-05-16,1,39.0,0.0,11.99,Completed,50.99
ORD-01212,CUST-1094,PROD-093,CHAN-1,2024-05-16,4,25.99,0.0,0.0,Returned,103.96
ORD-01213,CUST-0503,PROD-025,CHAN-3,2024-05-16,2,57.99,0.25,0.0,Completed,86.98
ORD-01214,CUST-0925,PROD-008,CHAN-2,2024-05-16,2,38.99,0.0,0.0,Completed,77.98
ORD-01215,CUST-0330,PROD-070,CHAN-2,2024-05-16,2,91.99,0.0,0.0,Completed,183.98
ORD-01216,CUST-0081,PROD-050,CHAN-1,2024-05-16,1,40.0,0.4,8.99,Completed,32.99
ORD-01217,CUST-0870,PROD-001,CHAN-2,2024-05-16,1,50.95,0.05,11.99,Completed,60.39
ORD-01218,CUST-0013,PROD-028,CHAN-1,2024-05-16,1,109.0,0.35,4.99,Completed,75.84
ORD-01219,CUST-0167,PROD-082,CHAN-2,2024-05-17,1,22.0,0.0,4.99,Completed,26.99
ORD-01220,CUST-0001,PROD-130,CHAN-2,2024-05-17,1,5.95,0.0,5.99,Completed,11.94
ORD-01221,CUST-1171,PROD-008,CHAN-2,2024-05-17,1,38.99,0.2,11.99,Completed,43.18
ORD-01222,CUST-0208,PROD-119,CHAN-1,2024-05-17,1,123.0,0.0,0.0,Completed,123.0
ORD-01223,CUST-1726,PROD-127,CHAN-2,2024-05-17,1,7.95,0.0,11.99,Returned,19.94
ORD-01224,CUST-0008,PROD-094,CHAN-1,2024-05-17,1,24.95,0.3,4.99,Completed,22.45
ORD-01225,CUST-0388,PROD-006,CHAN-1,2024-05-17,1,58.0,0.0,11.99,Completed,69.99
ORD-01226,CUST-0016,PROD-006,CHAN-1,2024-05-18,1,58.0,0.0,11.99,Completed,69.99
ORD-01227,CUST-0819,PROD-098,CHAN-2,2024-05-18,1,30.99,0.0,5.99,Completed,36.98
ORD-01228,CUST-0002,PROD-002,CHAN-1,2024-05-18,1,28.99,0.0,4.99,Completed,33.98
ORD-01229,CUST-0894,PROD-055,CHAN-1,2024-05-18,1,110.99,0.0,0.0,Cancelled,0.0
ORD-01230,CUST-1032,PROD-021,CHAN-2,2024-05-18,1,39.0,0.0,4.99,Refunded,43.99
ORD-01231,CUST-0891,PROD-123,CHAN-4,2024-05-18,1,141.0,0.0,0.0,Cancelled,0.0
ORD-01232,CUST-0342,PROD-012,CHAN-4,2024-05-18,1,63.0,0.0,8.99,Completed,71.99
ORD-01233,CUST-0014,PROD-029,CHAN-1,2024-05-18,1,79.0,0.15,4.99,Completed,72.14
ORD-01234,CUST-0435,PROD-019,CHAN-1,2024-05-18,3,35.95,0.4,5.99,Completed,70.7
ORD-01235,CUST-1006,PROD-105,CHAN-1,2024-05-18,2,71.0,0.3,0.0,Completed,99.4
ORD-01236,CUST-0299,PROD-008,CHAN-1,2024-05-18,1,38.99,0.0,8.99,Completed,47.98
ORD-01237,CUST-0016,PROD-150,CHAN-1,2024-05-18,1,7.0,0.0,5.99,Completed,12.99
ORD-01238,CUST-0250,PROD-015,CHAN-2,2024-05-18,1,65.0,0.0,5.99,Completed,70.99
ORD-01239,CUST-1043,PROD-018,CHAN-2,2024-05-18,2,83.95,0.0,0.0,Completed,167.9
ORD-01240,CUST-1459,PROD-105,CHAN-2,2024-05-18,1,71.0,0.15,11.99,Completed,72.34
ORD-01241,CUST-0328,PROD-088,CHAN-3,2024-05-18,1,29.99,0.0,5.99,Completed,35.98
ORD-01242,CUST-0167,PROD-090,CHAN-1,2024-05-18,1,21.0,0.0,4.99,Completed,25.99
ORD-01243,CUST-0197,PROD-055,CHAN-5,2024-05-18,1,110.99,0.0,0.0,Completed,110.99
ORD-01244,CUST-0039,PROD-006,CHAN-1,2024-05-19,1,58.0,0.0,0.0,Cancelled,0.0
ORD-01245,CUST-0402,PROD-008,CHAN-2,2024-05-19,2,38.99,0.0,0.0,Cancelled,0.0
ORD-01246,CUST-0065,PROD-019,CHAN-5,2024-05-19,1,35.95,0.0,8.99,Completed,44.94
ORD-01247,CUST-0963,PROD-032,CHAN-2,2024-05-19,2,89.95,0.0,0.0,Refunded,179.9
ORD-01248,CUST-0683,PROD-109,CHAN-4,2024-05-19,1,68.99,0.0,5.99,Completed,74.98
ORD-01249,CUST-0053,PROD-025,CHAN-2,2024-05-19,1,57.99,0.0,11.99,Completed,69.98
ORD-01250,CUST-0028,PROD-002,CHAN-2,2024-05-19,1,28.99,0.05,5.99,Completed,33.53
ORD-01251,CUST-0322,PROD-083,CHAN-2,2024-05-19,1,25.99,0.0,4.99,Refunded,30.98
ORD-01252,CUST-0031,PROD-009,CHAN-1,2024-05-19,1,60.99,0.0,8.99,Completed,69.98
ORD-01253,CUST-0330,PROD-008,CHAN-1,2024-05-19,1,38.99,0.0,5.99,Completed,44.98
ORD-01254,CUST-1917,PROD-034,CHAN-3,2024-05-19,2,65.99,0.0,0.0,Completed,131.98
ORD-01255,CUST-0342,PROD-075,CHAN-1,2024-05-20,1,118.99,0.0,0.0,Completed,118.99
ORD-01256,CUST-0073,PROD-104,CHAN-1,2024-05-20,2,72.99,0.0,0.0,Completed,145.98
ORD-01257,CUST-0009,PROD-116,CHAN-1,2024-05-20,1,103.99,0.0,0.0,Completed,103.99
ORD-01258,CUST-0303,PROD-021,CHAN-2,2024-05-20,3,39.0,0.1,0.0,Returned,105.3
ORD-01259,CUST-0002,PROD-127,CHAN-2,2024-05-20,2,7.95,0.0,11.99,Completed,27.89
ORD-01260,CUST-0166,PROD-034,CHAN-3,2024-05-20,1,65.99,0.05,4.99,Completed,67.68
ORD-01261,CUST-0383,PROD-001,CHAN-1,2024-05-20,1,50.95,0.35,8.99,Completed,42.11
ORD-01262,CUST-0823,PROD-051,CHAN-1,2024-05-20,1,105.95,0.0,0.0,Completed,105.95
ORD-01263,CUST-0137,PROD-038,CHAN-3,2024-05-20,2,83.99,0.05,0.0,Completed,159.58
ORD-01264,CUST-0007,PROD-119,CHAN-2,2024-05-20,2,123.0,0.05,0.0,Completed,233.7
ORD-01265,CUST-0017,PROD-067,CHAN-1,2024-05-20,1,95.99,0.2,0.0,Completed,76.79
ORD-01266,CUST-0001,PROD-005,CHAN-1,2024-05-20,1,30.99,0.0,8.99,Completed,39.98
ORD-01267,CUST-0009,PROD-072,CHAN-1,2024-05-20,1,35.95,0.0,8.99,Completed,44.94
ORD-01268,CUST-0017,PROD-134,CHAN-4,2024-05-21,1,3.99,0.2,4.99,Refunded,8.18
ORD-01269,CUST-0549,PROD-001,CHAN-4,2024-05-21,1,50.95,0.0,5.99,Completed,56.94
ORD-01270,CUST-0003,PROD-019,CHAN-1,2024-05-21,1,35.95,0.4,11.99,Completed,33.56
ORD-01271,CUST-0689,PROD-034,CHAN-1,2024-05-21,1,65.99,0.0,5.99,Completed,71.98
ORD-01272,CUST-0057,PROD-003,CHAN-3,2024-05-21,1,70.99,0.3,5.99,Completed,55.68
ORD-01273,CUST-0506,PROD-019,CHAN-1,2024-05-21,1,35.95,0.3,8.99,Completed,34.16
ORD-01274,CUST-0257,PROD-025,CHAN-2,2024-05-21,1,57.99,0.05,8.99,Completed,64.08
ORD-01275,CUST-0094,PROD-047,CHAN-2,2024-05-21,1,82.0,0.0,0.0,Completed,82.0
ORD-01276,CUST-0270,PROD-002,CHAN-1,2024-05-22,1,28.99,0.3,5.99,Completed,26.28
ORD-01277,CUST-1360,PROD-117,CHAN-1,2024-05-22,1,27.99,0.0,5.99,Completed,33.98
ORD-01278,CUST-0479,PROD-005,CHAN-2,2024-05-22,2,30.99,0.0,5.99,Completed,67.97
ORD-01279,CUST-1522,PROD-001,CHAN-1,2024-05-22,2,50.95,0.0,0.0,Completed,101.9
ORD-01280,CUST-0691,PROD-120,CHAN-1,2024-05-22,1,158.0,0.0,0.0,Completed,158.0
ORD-01281,CUST-0450,PROD-001,CHAN-2,2024-05-22,1,50.95,0.0,0.0,Cancelled,0.0
ORD-01282,CUST-0033,PROD-013,CHAN-2,2024-05-22,1,41.95,0.0,5.99,Completed,47.94
ORD-01283,CUST-1326,PROD-019,CHAN-1,2024-05-22,4,35.95,0.0,0.0,Completed,143.8
ORD-01284,CUST-1558,PROD-001,CHAN-2,2024-05-22,1,50.95,0.0,5.99,Completed,56.94
ORD-01285,CUST-0002,PROD-013,CHAN-1,2024-05-22,2,41.95,0.0,0.0,Completed,83.9
ORD-01286,CUST-0804,PROD-145,CHAN-2,2024-05-22,1,10.95,0.4,4.99,Completed,11.56
ORD-01287,CUST-0770,PROD-150,CHAN-2,2024-05-23,2,7.0,0.0,4.99,Completed,18.99
ORD-01288,CUST-1686,PROD-003,CHAN-2,2024-05-23,2,70.99,0.05,0.0,Completed,134.88
ORD-01289,CUST-1764,PROD-008,CHAN-2,2024-05-23,1,38.99,0.0,5.99,Completed,44.98
ORD-01290,CUST-0058,PROD-054,CHAN-1,2024-05-23,1,109.0,0.0,0.0,Cancelled,0.0
ORD-01291,CUST-0236,PROD-043,CHAN-1,2024-05-23,1,45.99,0.0,5.99,Completed,51.98
ORD-01292,CUST-0090,PROD-005,CHAN-1,2024-05-23,1,30.99,0.0,4.99,Completed,35.98
ORD-01293,CUST-0477,PROD-092,CHAN-1,2024-05-23,1,8.0,0.0,5.99,Completed,13.99
ORD-01294,CUST-0925,PROD-016,CHAN-4,2024-05-23,2,25.0,0.3,11.99,Completed,46.99
ORD-01295,CUST-0112,PROD-014,CHAN-2,2024-05-23,1,19.0,0.1,11.99,Completed,29.09
ORD-01296,CUST-0012,PROD-006,CHAN-2,2024-05-23,1,58.0,0.05,8.99,Completed,64.09
ORD-01297,CUST-0001,PROD-068,CHAN-1,2024-05-23,1,83.95,0.2,4.99,Completed,72.15
ORD-01298,CUST-0042,PROD-046,CHAN-5,2024-05-23,1,36.99,0.05,8.99,Completed,44.13
ORD-01299,CUST-0080,PROD-011,CHAN-1,2024-05-23,1,18.95,0.3,11.99,Completed,25.25
ORD-01300,CUST-1168,PROD-125,CHAN-1,2024-05-23,1,162.99,0.0,0.0,Completed,162.99
ORD-01301,CUST-0603,PROD-041,CHAN-1,2024-05-23,1,27.95,0.0,5.99,Completed,33.94
ORD-01302,CUST-0304,PROD-025,CHAN-2,2024-05-23,2,57.99,0.1,0.0,Completed,104.38
ORD-01303,CUST-0016,PROD-003,CHAN-4,2024-05-23,1,70.99,0.0,5.99,Returned,76.98
ORD-01304,CUST-1325,PROD-002,CHAN-2,2024-05-24,1,28.99,0.0,8.99,Completed,37.98
ORD-01305,CUST-1337,PROD-003,CHAN-1,2024-05-24,1,70.99,0.0,11.99,Completed,82.98
ORD-01306,CUST-1359,PROD-132,CHAN-5,2024-05-24,3,8.0,0.3,11.99,Returned,28.79
ORD-01307,CUST-0001,PROD-001,CHAN-1,2024-05-24,1,50.95,0.0,11.99,Completed,62.94
ORD-01308,CUST-1214,PROD-119,CHAN-1,2024-05-24,1,123.0,0.0,0.0,Completed,123.0
ORD-01309,CUST-1586,PROD-033,CHAN-1,2024-05-24,1,63.99,0.3,4.99,Completed,49.78
ORD-01310,CUST-0158,PROD-050,CHAN-1,2024-05-24,1,40.0,0.0,4.99,Completed,44.99
ORD-01311,CUST-1968,PROD-045,CHAN-2,2024-05-24,3,51.0,0.1,0.0,Returned,137.7
ORD-01312,CUST-0021,PROD-007,CHAN-3,2024-05-24,1,49.0,0.15,11.99,Completed,53.64
ORD-01313,CUST-1098,PROD-013,CHAN-1,2024-05-24,1,41.95,0.05,8.99,Completed,48.84
ORD-01314,CUST-0035,PROD-086,CHAN-2,2024-05-24,3,7.0,0.0,5.99,Completed,26.99
ORD-01315,CUST-1040,PROD-007,CHAN-3,2024-05-24,1,49.0,0.0,4.99,Refunded,53.99
ORD-01316,CUST-0686,PROD-104,CHAN-2,2024-05-24,1,72.99,0.2,8.99,Completed,67.38
ORD-01317,CUST-0603,PROD-015,CHAN-1,2024-05-24,1,65.0,0.0,8.99,Completed,73.99
ORD-01318,CUST-0051,PROD-002,CHAN-1,2024-05-24,1,28.99,0.0,11.99,Completed,40.98
ORD-01319,CUST-0144,PROD-085,CHAN-1,2024-05-25,1,23.95,0.0,8.99,Completed,32.94
ORD-01320,CUST-0192,PROD-064,CHAN-1,2024-05-25,4,43.0,0.4,0.0,Completed,103.2
ORD-01321,CUST-1675,PROD-108,CHAN-4,2024-05-25,1,114.95,0.05,0.0,Returned,109.2
ORD-01322,CUST-0387,PROD-082,CHAN-2,2024-05-25,2,22.0,0.0,5.99,Completed,49.99
ORD-01323,CUST-0821,PROD-150,CHAN-1,2024-05-25,2,7.0,0.0,8.99,Completed,22.99
ORD-01324,CUST-0766,PROD-072,CHAN-1,2024-05-25,2,35.95,0.15,5.99,Completed,67.11
ORD-01325,CUST-1509,PROD-009,CHAN-2,2024-05-25,1,60.99,0.3,5.99,Completed,48.68
ORD-01326,CUST-1945,PROD-035,CHAN-1,2024-05-25,1,102.99,0.0,0.0,Completed,102.99
ORD-01327,CUST-0646,PROD-002,CHAN-2,2024-05-26,3,28.99,0.3,8.99,Completed,69.87
ORD-01328,CUST-1295,PROD-002,CHAN-5,2024-05-26,1,28.99,0.0,5.99,Completed,34.98
ORD-01329,CUST-0023,PROD-001,CHAN-1,2024-05-26,2,50.95,0.05,0.0,Completed,96.81
ORD-01330,CUST-0001,PROD-010,CHAN-2,2024-05-26,1,32.99,0.0,5.99,Completed,38.98
ORD-01331,CUST-1039,PROD-083,CHAN-1,2024-05-26,2,25.99,0.0,0.0,Cancelled,0.0
ORD-01332,CUST-0048,PROD-046,CHAN-2,2024-05-26,1,36.99,0.0,8.99,Completed,45.98
ORD-01333,CUST-1875,PROD-037,CHAN-1,2024-05-26,3,60.95,0.25,0.0,Completed,137.14
ORD-01334,CUST-0486,PROD-073,CHAN-2,2024-05-26,2,24.95,0.0,5.99,Completed,55.89
ORD-01335,CUST-0002,PROD-012,CHAN-2,2024-05-26,1,63.0,0.0,11.99,Completed,74.99
ORD-01336,CUST-0790,PROD-024,CHAN-1,2024-05-26,1,39.0,0.4,4.99,Completed,28.39
ORD-01337,CUST-0832,PROD-104,CHAN-1,2024-05-26,1,72.99,0.0,0.0,Cancelled,0.0
ORD-01338,CUST-0048,PROD-058,CHAN-1,2024-05-26,1,86.0,0.0,0.0,Completed,86.0
ORD-01339,CUST-0622,PROD-126,CHAN-1,2024-05-26,2,6.99,0.0,8.99,Completed,22.97
ORD-01340,CUST-0511,PROD-129,CHAN-1,2024-05-26,1,8.99,0.2,8.99,Completed,16.18
ORD-01341,CUST-1450,PROD-001,CHAN-1,2024-05-26,1,50.95,0.4,4.99,Completed,35.56
ORD-01342,CUST-1266,PROD-001,CHAN-3,2024-05-26,1,50.95,0.0,11.99,Returned,62.94
ORD-01343,CUST-0001,PROD-025,CHAN-1,2024-05-26,1,57.99,0.0,4.99,Completed,62.98
ORD-01344,CUST-0715,PROD-036,CHAN-1,2024-05-27,1,102.99,0.0,0.0,Completed,102.99
ORD-01345,CUST-1261,PROD-078,CHAN-3,2024-05-27,1,9.99,0.0,11.99,Completed,21.98
ORD-01346,CUST-1458,PROD-017,CHAN-1,2024-05-27,2,28.99,0.25,11.99,Completed,55.48
ORD-01347,CUST-1702,PROD-064,CHAN-1,2024-05-27,1,43.0,0.4,11.99,Completed,37.79
ORD-01348,CUST-0271,PROD-121,CHAN-1,2024-05-27,2,156.99,0.35,0.0,Completed,204.09
ORD-01349,CUST-0085,PROD-098,CHAN-4,2024-05-27,1,30.99,0.0,4.99,Completed,35.98
ORD-01350,CUST-0147,PROD-096,CHAN-2,2024-05-27,1,22.99,0.3,4.99,Completed,21.08
ORD-01351,CUST-0569,PROD-005,CHAN-3,2024-05-27,1,30.99,0.0,11.99,Completed,42.98
ORD-01352,CUST-1657,PROD-011,CHAN-2,2024-05-27,1,18.95,0.0,8.99,Completed,27.94
ORD-01353,CUST-0105,PROD-016,CHAN-2,2024-05-27,1,25.0,0.0,5.99,Completed,30.99
ORD-01354,CUST-1432,PROD-016,CHAN-2,2024-05-27,2,25.0,0.0,8.99,Completed,58.99
ORD-01355,CUST-0020,PROD-025,CHAN-2,2024-05-27,1,57.99,0.0,8.99,Completed,66.98
ORD-01356,CUST-0108,PROD-071,CHAN-1,2024-05-27,2,54.99,0.0,0.0,Cancelled,0.0
ORD-01357,CUST-1670,PROD-048,CHAN-2,2024-05-27,1,121.95,0.25,0.0,Completed,91.46
ORD-01358,CUST-1353,PROD-014,CHAN-2,2024-05-27,4,19.0,0.0,0.0,Completed,76.0
ORD-01359,CUST-0507,PROD-079,CHAN-1,2024-05-27,1,37.99,0.0,8.99,Completed,46.98
ORD-01360,CUST-1092,PROD-001,CHAN-2,2024-05-27,1,50.95,0.0,0.0,Cancelled,0.0
ORD-01361,CUST-1344,PROD-005,CHAN-2,2024-05-27,1,30.99,0.1,8.99,Completed,36.88
ORD-01362,CUST-0258,PROD-019,CHAN-2,2024-05-27,1,35.95,0.0,8.99,Refunded,44.94
ORD-01363,CUST-0231,PROD-021,CHAN-2,2024-05-28,1,39.0,0.0,4.99,Refunded,43.99
ORD-01364,CUST-1940,PROD-038,CHAN-1,2024-05-28,1,83.99,0.0,0.0,Completed,83.99
ORD-01365,CUST-1361,PROD-001,CHAN-2,2024-05-28,1,50.95,0.0,5.99,Completed,56.94
ORD-01366,CUST-0025,PROD-100,CHAN-1,2024-05-28,1,38.95,0.0,5.99,Completed,44.94
ORD-01367,CUST-1207,PROD-061,CHAN-3,2024-05-28,1,67.0,0.3,11.99,Completed,58.89
ORD-01368,CUST-0898,PROD-105,CHAN-1,2024-05-28,2,71.0,0.0,0.0,Completed,142.0
ORD-01369,CUST-0548,PROD-002,CHAN-2,2024-05-28,1,28.99,0.0,4.99,Completed,33.98
ORD-01370,CUST-0882,PROD-045,CHAN-4,2024-05-28,1,51.0,0.0,5.99,Returned,56.99
ORD-01371,CUST-0530,PROD-008,CHAN-2,2024-05-28,2,38.99,0.0,0.0,Completed,77.98
ORD-01372,CUST-0840,PROD-099,CHAN-3,2024-05-28,1,17.95,0.3,8.99,Completed,21.55
ORD-01373,CUST-0126,PROD-071,CHAN-2,2024-05-28,1,54.99,0.0,8.99,Completed,63.98
ORD-01374,CUST-0418,PROD-026,CHAN-1,2024-05-28,2,36.95,0.0,0.0,Cancelled,0.0
ORD-01375,CUST-0193,PROD-001,CHAN-1,2024-05-28,2,50.95,0.0,0.0,Completed,101.9
ORD-01376,CUST-1795,PROD-071,CHAN-1,2024-05-28,3,54.99,0.0,0.0,Completed,164.97
ORD-01377,CUST-0670,PROD-107,CHAN-2,2024-05-28,1,53.0,0.15,5.99,Completed,51.04
ORD-01378,CUST-0289,PROD-007,CHAN-1,2024-05-29,2,49.0,0.0,0.0,Completed,98.0
ORD-01379,CUST-1480,PROD-079,CHAN-2,2024-05-29,1,37.99,0.0,4.99,Completed,42.98
ORD-01380,CUST-0004,PROD-022,CHAN-2,2024-05-29,1,21.0,0.15,4.99,Refunded,22.84
ORD-01381,CUST-0001,PROD-147,CHAN-1,2024-05-29,2,5.95,0.3,5.99,Completed,14.32
ORD-01382,CUST-0384,PROD-004,CHAN-2,2024-05-29,2,47.99,0.0,0.0,Completed,95.98
ORD-01383,CUST-0370,PROD-040,CHAN-1,2024-05-29,1,106.95,0.0,0.0,Returned,106.95
ORD-01384,CUST-1558,PROD-003,CHAN-1,2024-05-29,3,70.99,0.1,0.0,Completed,191.67
ORD-01385,CUST-0080,PROD-064,CHAN-2,2024-05-29,1,43.0,0.0,5.99,Completed,48.99
ORD-01386,CUST-0203,PROD-015,CHAN-1,2024-05-29,2,65.0,0.2,0.0,Completed,104.0
ORD-01387,CUST-0915,PROD-067,CHAN-2,2024-05-29,1,95.99,0.1,0.0,Completed,86.39
ORD-01388,CUST-0001,PROD-098,CHAN-2,2024-05-30,1,30.99,0.0,11.99,Completed,42.98
ORD-01389,CUST-0009,PROD-002,CHAN-1,2024-05-30,2,28.99,0.05,11.99,Completed,67.07
ORD-01390,CUST-1593,PROD-121,CHAN-4,2024-05-30,3,156.99,0.1,0.0,Returned,423.87
ORD-01391,CUST-0370,PROD-009,CHAN-2,2024-05-30,1,60.99,0.1,4.99,Completed,59.88
ORD-01392,CUST-0070,PROD-010,CHAN-2,2024-05-30,1,32.99,0.2,5.99,Completed,32.38
ORD-01393,CUST-0021,PROD-032,CHAN-3,2024-05-30,1,89.95,0.15,0.0,Completed,76.46
ORD-01394,CUST-1412,PROD-008,CHAN-1,2024-05-30,1,38.99,0.0,8.99,Completed,47.98
ORD-01395,CUST-0266,PROD-065,CHAN-2,2024-05-30,2,30.0,0.0,5.99,Completed,65.99
ORD-01396,CUST-1705,PROD-025,CHAN-1,2024-05-30,1,57.99,0.05,5.99,Completed,61.08
ORD-01397,CUST-0011,PROD-014,CHAN-1,2024-05-30,1,19.0,0.0,5.99,Returned,24.99
ORD-01398,CUST-0011,PROD-001,CHAN-2,2024-05-30,1,50.95,0.0,4.99,Completed,55.94
ORD-01399,CUST-0798,PROD-065,CHAN-1,2024-05-31,1,30.0,0.0,11.99,Completed,41.99
ORD-01400,CUST-0015,PROD-106,CHAN-2,2024-05-31,1,103.0,0.0,0.0,Completed,103.0
ORD-01401,CUST-0125,PROD-140,CHAN-2,2024-05-31,2,12.0,0.0,5.99,Completed,29.99
ORD-01402,CUST-0068,PROD-008,CHAN-2,2024-05-31,1,38.99,0.0,5.99,Completed,44.98
ORD-01403,CUST-0719,PROD-046,CHAN-2,2024-05-31,2,36.99,0.0,8.99,Completed,82.97
ORD-01404,CUST-0071,PROD-020,CHAN-3,2024-05-31,1,25.0,0.0,11.99,Completed,36.99
ORD-01405,CUST-0405,PROD-074,CHAN-5,2024-05-31,1,45.95,0.0,4.99,Completed,50.94
ORD-01406,CUST-0218,PROD-106,CHAN-3,2024-05-31,2,103.0,0.0,0.0,Completed,206.0
ORD-01407,CUST-0266,PROD-017,CHAN-2,2024-05-31,2,28.99,0.0,8.99,Completed,66.97
ORD-01408,CUST-1436,PROD-003,CHAN-1,2024-05-31,1,70.99,0.0,5.99,Completed,76.98
ORD-01409,CUST-1882,PROD-069,CHAN-1,2024-05-31,1,71.0,0.35,5.99,Completed,52.14
ORD-01410,CUST-0443,PROD-003,CHAN-3,2024-06-01,2,70.99,0.0,0.0,Completed,141.98
ORD-01411,CUST-0262,PROD-029,CHAN-3,2024-06-01,1,79.0,0.0,0.0,Completed,79.0
ORD-01412,CUST-0059,PROD-132,CHAN-3,2024-06-01,2,8.0,0.4,4.99,Completed,14.59
ORD-01413,CUST-0034,PROD-005,CHAN-1,2024-06-01,1,30.99,0.0,4.99,Completed,35.98
ORD-01414,CUST-1009,PROD-010,CHAN-2,2024-06-01,1,32.99,0.0,4.99,Completed,37.98
ORD-01415,CUST-0179,PROD-145,CHAN-1,2024-06-01,1,10.95,0.0,4.99,Completed,15.94
ORD-01416,CUST-0092,PROD-003,CHAN-2,2024-06-01,1,70.99,0.35,4.99,Completed,51.13
ORD-01417,CUST-0758,PROD-100,CHAN-2,2024-06-01,1,38.95,0.0,11.99,Returned,50.94
ORD-01418,CUST-0560,PROD-002,CHAN-2,2024-06-01,1,28.99,0.0,8.99,Completed,37.98
ORD-01419,CUST-0035,PROD-100,CHAN-4,2024-06-02,2,38.95,0.0,0.0,Completed,77.9
ORD-01420,CUST-0095,PROD-052,CHAN-4,2024-06-02,1,124.0,0.0,0.0,Completed,124.0
ORD-01421,CUST-1175,PROD-001,CHAN-1,2024-06-02,2,50.95,0.0,0.0,Completed,101.9
ORD-01422,CUST-0965,PROD-093,CHAN-4,2024-06-02,1,25.99,0.4,4.99,Completed,20.58
ORD-01423,CUST-0050,PROD-122,CHAN-1,2024-06-02,1,178.99,0.0,0.0,Completed,178.99
ORD-01424,CUST-0376,PROD-002,CHAN-1,2024-06-02,1,28.99,0.0,4.99,Completed,33.98
ORD-01425,CUST-1303,PROD-075,CHAN-2,2024-06-02,1,118.99,0.1,0.0,Completed,107.09
ORD-01426,CUST-0090,PROD-004,CHAN-1,2024-06-02,1,47.99,0.0,11.99,Completed,59.98
ORD-01427,CUST-0041,PROD-029,CHAN-1,2024-06-03,1,79.0,0.25,4.99,Completed,64.24
ORD-01428,CUST-0492,PROD-046,CHAN-1,2024-06-03,3,36.99,0.0,0.0,Completed,110.97
ORD-01429,CUST-0009,PROD-109,CHAN-1,2024-06-03,2,68.99,0.0,0.0,Completed,137.98
ORD-01430,CUST-0001,PROD-086,CHAN-1,2024-06-03,2,7.0,0.4,11.99,Completed,20.39
ORD-01431,CUST-0186,PROD-002,CHAN-2,2024-06-03,1,28.99,0.0,4.99,Completed,33.98
ORD-01432,CUST-1609,PROD-001,CHAN-2,2024-06-03,2,50.95,0.35,4.99,Completed,71.22
ORD-01433,CUST-0176,PROD-009,CHAN-2,2024-06-03,2,60.99,0.35,0.0,Completed,79.29
ORD-01434,CUST-1611,PROD-023,CHAN-2,2024-06-03,1,58.95,0.15,8.99,Completed,59.1
ORD-01435,CUST-0064,PROD-084,CHAN-1,2024-06-03,1,17.0,0.0,5.99,Completed,22.99
ORD-01436,CUST-0188,PROD-076,CHAN-4,2024-06-03,1,7.99,0.0,4.99,Completed,12.98
ORD-01437,CUST-0278,PROD-091,CHAN-2,2024-06-03,1,13.0,0.0,11.99,Completed,24.99
ORD-01438,CUST-0008,PROD-001,CHAN-2,2024-06-03,2,50.95,0.0,0.0,Completed,101.9
ORD-01439,CUST-0101,PROD-023,CHAN-4,2024-06-03,2,58.95,0.0,0.0,Completed,117.9
ORD-01440,CUST-0676,PROD-012,CHAN-1,2024-06-03,1,63.0,0.0,8.99,Completed,71.99
ORD-01441,CUST-0010,PROD-014,CHAN-2,2024-06-03,1,19.0,0.05,4.99,Completed,23.04
ORD-01442,CUST-0016,PROD-007,CHAN-2,2024-06-03,1,49.0,0.3,8.99,Completed,43.29
ORD-01443,CUST-0414,PROD-011,CHAN-1,2024-06-04,1,18.95,0.0,8.99,Completed,27.94
ORD-01444,CUST-0048,PROD-121,CHAN-5,2024-06-04,1,156.99,0.0,0.0,Completed,156.99
ORD-01445,CUST-1584,PROD-062,CHAN-1,2024-06-04,5,77.99,0.0,0.0,Completed,389.95
ORD-01446,CUST-0009,PROD-070,CHAN-1,2024-06-04,1,91.99,0.25,4.99,Completed,73.98
ORD-01447,CUST-0626,PROD-030,CHAN-1,2024-06-04,1,62.99,0.25,4.99,Completed,52.23
ORD-01448,CUST-0125,PROD-138,CHAN-2,2024-06-04,1,3.99,0.0,4.99,Completed,8.98
ORD-01449,CUST-0036,PROD-098,CHAN-1,2024-06-04,1,30.99,0.0,11.99,Completed,42.98
ORD-01450,CUST-0148,PROD-116,CHAN-1,2024-06-04,1,103.99,0.0,0.0,Completed,103.99
ORD-01451,CUST-0313,PROD-013,CHAN-2,2024-06-04,1,41.95,0.0,11.99,Completed,53.94
ORD-01452,CUST-0227,PROD-003,CHAN-1,2024-06-04,2,70.99,0.1,0.0,Completed,127.78
ORD-01453,CUST-1445,PROD-010,CHAN-1,2024-06-04,1,32.99,0.0,5.99,Completed,38.98
ORD-01454,CUST-0535,PROD-077,CHAN-1,2024-06-04,1,42.99,0.0,8.99,Completed,51.98
ORD-01455,CUST-0811,PROD-131,CHAN-1,2024-06-05,1,7.95,0.0,11.99,Completed,19.94
ORD-01456,CUST-0005,PROD-113,CHAN-2,2024-06-05,1,97.0,0.0,0.0,Returned,97.0
ORD-01457,CUST-0007,PROD-013,CHAN-1,2024-06-05,1,41.95,0.2,8.99,Completed,42.55
ORD-01458,CUST-0064,PROD-002,CHAN-2,2024-06-05,1,28.99,0.35,5.99,Completed,24.83
ORD-01459,CUST-0251,PROD-004,CHAN-3,2024-06-05,1,47.99,0.0,4.99,Completed,52.98
ORD-01460,CUST-1514,PROD-038,CHAN-4,2024-06-05,2,83.99,0.4,0.0,Returned,100.79
ORD-01461,CUST-0466,PROD-131,CHAN-1,2024-06-05,1,7.95,0.1,8.99,Returned,16.14
ORD-01462,CUST-0003,PROD-052,CHAN-2,2024-06-05,2,124.0,0.3,0.0,Completed,173.6
ORD-01463,CUST-0020,PROD-031,CHAN-1,2024-06-05,1,100.0,0.0,0.0,Completed,100.0
ORD-01464,CUST-0022,PROD-123,CHAN-1,2024-06-05,1,141.0,0.0,0.0,Completed,141.0
ORD-01465,CUST-1297,PROD-032,CHAN-1,2024-06-05,1,89.95,0.05,0.0,Completed,85.45
ORD-01466,CUST-0007,PROD-146,CHAN-2,2024-06-06,1,8.99,0.0,11.99,Completed,20.98
ORD-01467,CUST-0439,PROD-002,CHAN-2,2024-06-06,3,28.99,0.0,0.0,Completed,86.97
ORD-01468,CUST-1395,PROD-019,CHAN-1,2024-06-06,1,35.95,0.0,11.99,Completed,47.94
ORD-01469,CUST-0640,PROD-043,CHAN-2,2024-06-06,3,45.99,0.0,0.0,Completed,137.97
ORD-01470,CUST-0025,PROD-001,CHAN-1,2024-06-06,1,50.95,0.4,5.99,Completed,36.56
ORD-01471,CUST-0002,PROD-039,CHAN-1,2024-06-06,1,83.0,0.0,0.0,Completed,83.0
ORD-01472,CUST-0928,PROD-008,CHAN-2,2024-06-06,1,38.99,0.0,11.99,Completed,50.98
ORD-01473,CUST-0343,PROD-131,CHAN-1,2024-06-06,1,7.95,0.0,4.99,Completed,12.94
ORD-01474,CUST-1312,PROD-052,CHAN-1,2024-06-06,1,124.0,0.0,0.0,Completed,124.0
ORD-01475,CUST-0717,PROD-119,CHAN-1,2024-06-06,1,123.0,0.15,0.0,Completed,104.55
ORD-01476,CUST-0111,PROD-010,CHAN-1,2024-06-06,1,32.99,0.0,11.99,Completed,44.98
ORD-01477,CUST-0034,PROD-004,CHAN-4,2024-06-06,1,47.99,0.2,8.99,Completed,47.38
ORD-01478,CUST-0038,PROD-011,CHAN-4,2024-06-06,2,18.95,0.0,11.99,Completed,49.89
ORD-01479,CUST-1063,PROD-003,CHAN-3,2024-06-07,1,70.99,0.0,5.99,Completed,76.98
ORD-01480,CUST-0067,PROD-050,CHAN-3,2024-06-07,2,40.0,0.25,8.99,Completed,68.99
ORD-01481,CUST-1463,PROD-129,CHAN-1,2024-06-07,1,8.99,0.05,11.99,Completed,20.53
ORD-01482,CUST-0001,PROD-116,CHAN-1,2024-06-07,2,103.99,0.0,0.0,Completed,207.98
ORD-01483,CUST-0114,PROD-022,CHAN-1,2024-06-07,1,21.0,0.0,4.99,Completed,25.99
ORD-01484,CUST-1456,PROD-001,CHAN-1,2024-06-07,1,50.95,0.0,8.99,Completed,59.94
ORD-01485,CUST-0153,PROD-006,CHAN-1,2024-06-07,2,58.0,0.15,0.0,Completed,98.6
ORD-01486,CUST-0228,PROD-013,CHAN-2,2024-06-07,1,41.95,0.0,4.99,Completed,46.94
ORD-01487,CUST-0065,PROD-045,CHAN-1,2024-06-07,1,51.0,0.0,8.99,Completed,59.99
ORD-01488,CUST-0309,PROD-089,CHAN-4,2024-06-08,1,5.99,0.1,8.99,Completed,14.38
ORD-01489,CUST-0119,PROD-017,CHAN-1,2024-06-08,2,28.99,0.0,11.99,Completed,69.97
ORD-01490,CUST-0960,PROD-036,CHAN-2,2024-06-08,1,102.99,0.0,0.0,Completed,102.99
ORD-01491,CUST-0423,PROD-094,CHAN-2,2024-06-08,1,24.95,0.1,5.99,Completed,28.45
ORD-01492,CUST-0682,PROD-021,CHAN-2,2024-06-08,1,39.0,0.35,8.99,Completed,34.34
ORD-01493,CUST-0163,PROD-077,CHAN-3,2024-06-08,1,42.99,0.3,4.99,Completed,35.08
ORD-01494,CUST-1663,PROD-040,CHAN-2,2024-06-09,2,106.95,0.0,0.0,Completed,213.9
ORD-01495,CUST-0272,PROD-104,CHAN-1,2024-06-09,1,72.99,0.0,5.99,Completed,78.98
ORD-01496,CUST-0656,PROD-113,CHAN-3,2024-06-09,1,97.0,0.0,0.0,Completed,97.0
ORD-01497,CUST-0367,PROD-018,CHAN-5,2024-06-09,1,83.95,0.05,0.0,Completed,79.75
ORD-01498,CUST-0909,PROD-043,CHAN-2,2024-06-09,1,45.99,0.0,4.99,Completed,50.98
ORD-01499,CUST-1817,PROD-049,CHAN-4,2024-06-09,1,19.95,0.0,5.99,Completed,25.94
ORD-01500,CUST-0458,PROD-077,CHAN-2,2024-06-09,3,42.99,0.0,0.0,Completed,128.97
ORD-01501,CUST-0001,PROD-001,CHAN-2,2024-06-09,1,50.95,0.0,4.99,Completed,55.94
ORD-01502,CUST-1866,PROD-009,CHAN-2,2024-06-09,1,60.99,0.0,0.0,Cancelled,0.0
ORD-01503,CUST-0361,PROD-023,CHAN-1,2024-06-10,1,58.95,0.0,8.99,Completed,67.94
ORD-01504,CUST-0174,PROD-147,CHAN-1,2024-06-10,1,5.95,0.0,5.99,Completed,11.94
ORD-01505,CUST-1933,PROD-094,CHAN-5,2024-06-10,4,24.95,0.0,0.0,Completed,99.8
ORD-01506,CUST-0306,PROD-073,CHAN-1,2024-06-10,1,24.95,0.0,8.99,Returned,33.94
ORD-01507,CUST-1134,PROD-039,CHAN-2,2024-06-10,2,83.0,0.0,0.0,Completed,166.0
ORD-01508,CUST-0061,PROD-115,CHAN-2,2024-06-10,1,166.95,0.1,0.0,Completed,150.25
ORD-01509,CUST-1357,PROD-027,CHAN-2,2024-06-10,1,54.0,0.0,11.99,Completed,65.99
ORD-01510,CUST-0164,PROD-098,CHAN-2,2024-06-10,1,30.99,0.0,11.99,Completed,42.98
ORD-01511,CUST-0011,PROD-120,CHAN-1,2024-06-10,2,158.0,0.15,0.0,Completed,268.6
ORD-01512,CUST-0142,PROD-061,CHAN-4,2024-06-10,1,67.0,0.0,8.99,Completed,75.99
ORD-01513,CUST-0446,PROD-087,CHAN-2,2024-06-10,1,34.99,0.0,8.99,Completed,43.98
ORD-01514,CUST-0574,PROD-086,CHAN-3,2024-06-10,2,7.0,0.0,5.99,Completed,19.99
ORD-01515,CUST-0136,PROD-149,CHAN-1,2024-06-10,1,11.99,0.0,0.0,Cancelled,0.0
ORD-01516,CUST-0144,PROD-004,CHAN-1,2024-06-10,1,47.99,0.0,8.99,Completed,56.98
ORD-01517,CUST-0003,PROD-071,CHAN-1,2024-06-10,1,54.99,0.2,5.99,Returned,49.98
ORD-01518,CUST-0008,PROD-002,CHAN-1,2024-06-10,1,28.99,0.0,8.99,Returned,37.98
ORD-01519,CUST-1816,PROD-115,CHAN-3,2024-06-11,1,166.95,0.0,0.0,Completed,166.95
ORD-01520,CUST-0068,PROD-002,CHAN-2,2024-06-11,1,28.99,0.0,8.99,Completed,37.98
ORD-01521,CUST-0425,PROD-011,CHAN-1,2024-06-11,5,18.95,0.35,8.99,Completed,70.58
ORD-01522,CUST-0950,PROD-105,CHAN-2,2024-06-11,2,71.0,0.0,0.0,Completed,142.0
ORD-01523,CUST-0625,PROD-134,CHAN-1,2024-06-11,1,3.99,0.0,0.0,Cancelled,0.0
ORD-01524,CUST-0745,PROD-024,CHAN-3,2024-06-12,4,39.0,0.0,0.0,Completed,156.0
ORD-01525,CUST-0313,PROD-024,CHAN-2,2024-06-12,2,39.0,0.1,11.99,Completed,82.19
ORD-01526,CUST-0625,PROD-001,CHAN-2,2024-06-12,1,50.95,0.0,5.99,Completed,56.94
ORD-01527,CUST-1024,PROD-018,CHAN-2,2024-06-12,2,83.95,0.0,0.0,Completed,167.9
ORD-01528,CUST-0003,PROD-005,CHAN-1,2024-06-12,1,30.99,0.3,5.99,Completed,27.68
ORD-01529,CUST-0122,PROD-150,CHAN-3,2024-06-12,2,7.0,0.35,11.99,Completed,21.09
ORD-01530,CUST-1679,PROD-019,CHAN-1,2024-06-12,1,35.95,0.0,5.99,Completed,41.94
ORD-01531,CUST-1214,PROD-069,CHAN-1,2024-06-12,1,71.0,0.25,8.99,Completed,62.24
ORD-01532,CUST-0334,PROD-042,CHAN-3,2024-06-12,1,17.0,0.0,11.99,Completed,28.99
ORD-01533,CUST-1546,PROD-030,CHAN-2,2024-06-13,3,62.99,0.25,0.0,Completed,141.73
ORD-01534,CUST-1541,PROD-002,CHAN-1,2024-06-13,1,28.99,0.0,11.99,Completed,40.98
ORD-01535,CUST-0223,PROD-062,CHAN-4,2024-06-13,1,77.99,0.25,5.99,Completed,64.48
ORD-01536,CUST-0250,PROD-007,CHAN-3,2024-06-13,4,49.0,0.0,0.0,Completed,196.0
ORD-01537,CUST-0289,PROD-003,CHAN-2,2024-06-13,1,70.99,0.0,11.99,Completed,82.98
ORD-01538,CUST-0137,PROD-118,CHAN-5,2024-06-13,1,150.99,0.0,0.0,Completed,150.99
ORD-01539,CUST-0444,PROD-015,CHAN-2,2024-06-13,1,65.0,0.0,11.99,Completed,76.99
ORD-01540,CUST-0093,PROD-002,CHAN-1,2024-06-13,1,28.99,0.0,11.99,Completed,40.98
ORD-01541,CUST-0397,PROD-055,CHAN-2,2024-06-13,1,110.99,0.1,0.0,Completed,99.89
ORD-01542,CUST-0209,PROD-104,CHAN-2,2024-06-13,4,72.99,0.2,0.0,Completed,233.57
ORD-01543,CUST-0233,PROD-063,CHAN-1,2024-06-14,1,96.99,0.0,0.0,Completed,96.99
ORD-01544,CUST-1299,PROD-133,CHAN-5,2024-06-14,1,18.99,0.0,0.0,Cancelled,0.0
ORD-01545,CUST-0463,PROD-031,CHAN-2,2024-06-14,1,100.0,0.0,0.0,Completed,100.0
ORD-01546,CUST-1319,PROD-124,CHAN-1,2024-06-14,1,180.95,0.0,0.0,Completed,180.95
ORD-01547,CUST-0017,PROD-070,CHAN-1,2024-06-14,3,91.99,0.05,0.0,Completed,262.17
ORD-01548,CUST-0692,PROD-063,CHAN-2,2024-06-14,1,96.99,0.4,8.99,Completed,67.18
ORD-01549,CUST-1655,PROD-059,CHAN-5,2024-06-14,1,58.99,0.3,11.99,Returned,53.28
ORD-01550,CUST-0803,PROD-002,CHAN-2,2024-06-14,2,28.99,0.05,5.99,Completed,61.07
ORD-01551,CUST-1024,PROD-089,CHAN-1,2024-06-14,4,5.99,0.0,8.99,Completed,32.95
ORD-01552,CUST-1975,PROD-002,CHAN-4,2024-06-14,1,28.99,0.0,8.99,Completed,37.98
ORD-01553,CUST-0742,PROD-019,CHAN-4,2024-06-15,1,35.95,0.25,8.99,Completed,35.95
ORD-01554,CUST-0319,PROD-029,CHAN-1,2024-06-15,1,79.0,0.4,5.99,Completed,53.39
ORD-01555,CUST-0015,PROD-077,CHAN-5,2024-06-15,2,42.99,0.0,0.0,Completed,85.98
ORD-01556,CUST-1335,PROD-021,CHAN-1,2024-06-15,1,39.0,0.15,4.99,Returned,38.14
ORD-01557,CUST-0003,PROD-134,CHAN-1,2024-06-15,3,3.99,0.0,5.99,Completed,17.96
ORD-01558,CUST-0007,PROD-101,CHAN-1,2024-06-15,1,66.0,0.0,11.99,Completed,77.99
ORD-01559,CUST-0831,PROD-013,CHAN-2,2024-06-15,1,41.95,0.0,11.99,Returned,53.94
ORD-01560,CUST-0010,PROD-130,CHAN-2,2024-06-15,2,5.95,0.15,4.99,Completed,15.11
ORD-01561,CUST-0325,PROD-055,CHAN-1,2024-06-16,1,110.99,0.25,0.0,Completed,83.24
ORD-01562,CUST-0398,PROD-030,CHAN-1,2024-06-16,1,62.99,0.25,5.99,Completed,53.23
ORD-01563,CUST-0746,PROD-001,CHAN-1,2024-06-16,1,50.95,0.0,5.99,Completed,56.94
ORD-01564,CUST-0008,PROD-010,CHAN-1,2024-06-16,5,32.99,0.4,0.0,Returned,98.97
ORD-01565,CUST-0884,PROD-003,CHAN-1,2024-06-16,2,70.99,0.0,0.0,Cancelled,0.0
ORD-01566,CUST-0233,PROD-093,CHAN-4,2024-06-16,1,25.99,0.0,4.99,Completed,30.98
ORD-01567,CUST-0031,PROD-092,CHAN-4,2024-06-16,1,8.0,0.0,4.99,Returned,12.99
ORD-01568,CUST-0722,PROD-019,CHAN-1,2024-06-16,2,35.95,0.1,11.99,Completed,76.7
ORD-01569,CUST-1635,PROD-059,CHAN-2,2024-06-16,1,58.99,0.0,8.99,Completed,67.98
ORD-01570,CUST-0041,PROD-043,CHAN-1,2024-06-16,1,45.99,0.05,11.99,Completed,55.68
ORD-01571,CUST-0085,PROD-094,CHAN-3,2024-06-16,1,24.95,0.0,5.99,Completed,30.94
ORD-01572,CUST-0029,PROD-063,CHAN-5,2024-06-17,1,96.99,0.25,8.99,Completed,81.73
ORD-01573,CUST-0002,PROD-001,CHAN-1,2024-06-17,1,50.95,0.0,11.99,Returned,62.94
ORD-01574,CUST-1149,PROD-107,CHAN-1,2024-06-17,1,53.0,0.2,11.99,Completed,54.39
ORD-01575,CUST-0052,PROD-124,CHAN-2,2024-06-17,1,180.95,0.35,0.0,Completed,117.62
ORD-01576,CUST-0202,PROD-060,CHAN-1,2024-06-17,1,51.99,0.15,4.99,Completed,49.18
ORD-01577,CUST-0597,PROD-053,CHAN-1,2024-06-17,1,88.95,0.0,0.0,Completed,88.95
ORD-01578,CUST-0150,PROD-027,CHAN-2,2024-06-17,3,54.0,0.15,0.0,Completed,137.7
ORD-01579,CUST-0002,PROD-011,CHAN-1,2024-06-17,1,18.95,0.3,5.99,Completed,19.25
ORD-01580,CUST-0220,PROD-080,CHAN-1,2024-06-17,1,20.95,0.0,11.99,Completed,32.94
ORD-01581,CUST-1436,PROD-124,CHAN-4,2024-06-17,2,180.95,0.0,0.0,Completed,361.9
ORD-01582,CUST-1534,PROD-010,CHAN-1,2024-06-17,1,32.99,0.0,8.99,Completed,41.98
ORD-01583,CUST-0793,PROD-132,CHAN-1,2024-06-17,1,8.0,0.0,4.99,Returned,12.99
ORD-01584,CUST-0916,PROD-129,CHAN-2,2024-06-18,4,8.99,0.4,5.99,Completed,27.57
ORD-01585,CUST-0128,PROD-020,CHAN-2,2024-06-18,1,25.0,0.0,11.99,Returned,36.99
ORD-01586,CUST-0001,PROD-080,CHAN-2,2024-06-18,2,20.95,0.0,4.99,Completed,46.89
ORD-01587,CUST-0128,PROD-042,CHAN-1,2024-06-18,1,17.0,0.0,11.99,Refunded,28.99
ORD-01588,CUST-0437,PROD-004,CHAN-1,2024-06-18,2,47.99,0.0,0.0,Completed,95.98
ORD-01589,CUST-0001,PROD-138,CHAN-2,2024-06-18,4,3.99,0.2,11.99,Completed,24.76
ORD-01590,CUST-0004,PROD-051,CHAN-1,2024-06-18,2,105.95,0.1,0.0,Completed,190.71
ORD-01591,CUST-0143,PROD-012,CHAN-3,2024-06-18,1,63.0,0.0,11.99,Completed,74.99
ORD-01592,CUST-0001,PROD-024,CHAN-2,2024-06-18,1,39.0,0.0,8.99,Refunded,47.99
ORD-01593,CUST-0223,PROD-002,CHAN-2,2024-06-18,2,28.99,0.0,4.99,Completed,62.97
ORD-01594,CUST-0200,PROD-028,CHAN-1,2024-06-18,1,109.0,0.0,0.0,Completed,109.0
ORD-01595,CUST-0021,PROD-036,CHAN-2,2024-06-18,3,102.99,0.35,0.0,Completed,200.83
ORD-01596,CUST-0005,PROD-054,CHAN-2,2024-06-18,1,109.0,0.0,0.0,Returned,109.0
ORD-01597,CUST-1390,PROD-008,CHAN-1,2024-06-18,1,38.99,0.4,11.99,Completed,35.38
ORD-01598,CUST-0128,PROD-001,CHAN-1,2024-06-18,1,50.95,0.15,5.99,Completed,49.3
ORD-01599,CUST-0555,PROD-006,CHAN-1,2024-06-18,1,58.0,0.0,8.99,Completed,66.99
ORD-01600,CUST-0260,PROD-143,CHAN-1,2024-06-18,3,19.0,0.05,4.99,Returned,59.14
ORD-01601,CUST-0477,PROD-095,CHAN-1,2024-06-18,1,18.95,0.4,11.99,Completed,23.36
ORD-01602,CUST-1416,PROD-120,CHAN-1,2024-06-18,1,158.0,0.0,0.0,Completed,158.0
ORD-01603,CUST-0317,PROD-121,CHAN-1,2024-06-19,1,156.99,0.0,0.0,Completed,156.99
ORD-01604,CUST-0797,PROD-091,CHAN-2,2024-06-19,1,13.0,0.0,8.99,Completed,21.99
ORD-01605,CUST-1828,PROD-056,CHAN-2,2024-06-19,1,131.0,0.0,0.0,Completed,131.0
ORD-01606,CUST-0689,PROD-012,CHAN-1,2024-06-19,2,63.0,0.0,0.0,Completed,126.0
ORD-01607,CUST-0360,PROD-070,CHAN-1,2024-06-19,1,91.99,0.2,4.99,Returned,78.58
ORD-01608,CUST-0239,PROD-054,CHAN-1,2024-06-19,2,109.0,0.0,0.0,Completed,218.0
ORD-01609,CUST-1122,PROD-012,CHAN-1,2024-06-19,1,63.0,0.4,5.99,Completed,43.79
ORD-01610,CUST-0760,PROD-074,CHAN-2,2024-06-19,1,45.95,0.0,5.99,Completed,51.94
ORD-01611,CUST-0178,PROD-011,CHAN-1,2024-06-19,1,18.95,0.0,5.99,Completed,24.94
ORD-01612,CUST-0008,PROD-132,CHAN-3,2024-06-20,2,8.0,0.15,11.99,Completed,25.59
ORD-01613,CUST-1537,PROD-026,CHAN-3,2024-06-20,1,36.95,0.0,11.99,Completed,48.94
ORD-01614,CUST-0001,PROD-092,CHAN-1,2024-06-20,4,8.0,0.35,4.99,Completed,25.79
ORD-01615,CUST-0702,PROD-085,CHAN-1,2024-06-20,1,23.95,0.35,11.99,Completed,27.56
ORD-01616,CUST-0003,PROD-105,CHAN-1,2024-06-20,1,71.0,0.0,8.99,Completed,79.99
ORD-01617,CUST-0047,PROD-002,CHAN-2,2024-06-20,1,28.99,0.0,11.99,Completed,40.98
ORD-01618,CUST-0862,PROD-010,CHAN-1,2024-06-20,1,32.99,0.05,11.99,Completed,43.33
ORD-01619,CUST-0081,PROD-023,CHAN-3,2024-06-20,1,58.95,0.0,8.99,Completed,67.94
ORD-01620,CUST-0006,PROD-018,CHAN-1,2024-06-21,1,83.95,0.0,0.0,Completed,83.95
ORD-01621,CUST-0154,PROD-093,CHAN-1,2024-06-21,1,25.99,0.0,8.99,Completed,34.98
ORD-01622,CUST-0164,PROD-063,CHAN-4,2024-06-21,1,96.99,0.0,0.0,Completed,96.99
ORD-01623,CUST-1931,PROD-015,CHAN-1,2024-06-21,1,65.0,0.0,11.99,Completed,76.99
ORD-01624,CUST-0179,PROD-017,CHAN-1,2024-06-21,1,28.99,0.2,8.99,Completed,32.18
ORD-01625,CUST-0122,PROD-004,CHAN-1,2024-06-21,2,47.99,0.0,0.0,Completed,95.98
ORD-01626,CUST-0093,PROD-076,CHAN-2,2024-06-21,1,7.99,0.0,8.99,Returned,16.98
ORD-01627,CUST-0054,PROD-022,CHAN-2,2024-06-21,1,21.0,0.0,11.99,Completed,32.99
ORD-01628,CUST-0042,PROD-004,CHAN-3,2024-06-22,1,47.99,0.0,8.99,Completed,56.98
ORD-01629,CUST-0575,PROD-037,CHAN-3,2024-06-22,1,60.95,0.0,5.99,Completed,66.94
ORD-01630,CUST-0292,PROD-128,CHAN-2,2024-06-22,1,5.95,0.1,11.99,Completed,17.34
ORD-01631,CUST-0028,PROD-093,CHAN-3,2024-06-22,1,25.99,0.4,4.99,Completed,20.58
ORD-01632,CUST-0421,PROD-060,CHAN-1,2024-06-22,1,51.99,0.0,11.99,Completed,63.98
ORD-01633,CUST-0010,PROD-139,CHAN-2,2024-06-22,1,6.99,0.0,4.99,Completed,11.98
ORD-01634,CUST-0104,PROD-006,CHAN-1,2024-06-22,1,58.0,0.15,5.99,Completed,55.29
ORD-01635,CUST-0596,PROD-023,CHAN-2,2024-06-22,2,58.95,0.0,0.0,Cancelled,0.0
ORD-01636,CUST-0002,PROD-031,CHAN-2,2024-06-22,1,100.0,0.1,0.0,Completed,90.0
ORD-01637,CUST-0640,PROD-041,CHAN-5,2024-06-22,1,27.95,0.2,11.99,Completed,34.35
ORD-01638,CUST-0308,PROD-003,CHAN-1,2024-06-22,1,70.99,0.3,4.99,Completed,54.68
ORD-01639,CUST-0021,PROD-140,CHAN-4,2024-06-23,1,12.0,0.0,5.99,Completed,17.99
ORD-01640,CUST-0611,PROD-043,CHAN-3,2024-06-23,1,45.99,0.0,4.99,Completed,50.98
ORD-01641,CUST-0001,PROD-087,CHAN-2,2024-06-23,1,34.99,0.0,11.99,Completed,46.98
ORD-01642,CUST-1520,PROD-124,CHAN-2,2024-06-23,1,180.95,0.0,0.0,Completed,180.95
ORD-01643,CUST-1982,PROD-015,CHAN-1,2024-06-23,1,65.0,0.0,4.99,Returned,69.99
ORD-01644,CUST-1489,PROD-083,CHAN-1,2024-06-23,4,25.99,0.0,0.0,Completed,103.96
ORD-01645,CUST-0867,PROD-108,CHAN-1,2024-06-23,1,114.95,0.2,0.0,Returned,91.96
ORD-01646,CUST-0769,PROD-045,CHAN-2,2024-06-23,2,51.0,0.25,0.0,Completed,76.5
ORD-01647,CUST-0156,PROD-108,CHAN-1,2024-06-23,1,114.95,0.0,0.0,Completed,114.95
ORD-01648,CUST-0003,PROD-021,CHAN-1,2024-06-23,2,39.0,0.0,0.0,Completed,78.0
ORD-01649,CUST-0644,PROD-030,CHAN-2,2024-06-23,1,62.99,0.0,5.99,Completed,68.98
ORD-01650,CUST-0029,PROD-059,CHAN-2,2024-06-23,2,58.99,0.0,0.0,Completed,117.98
ORD-01651,CUST-0188,PROD-078,CHAN-2,2024-06-23,4,9.99,0.0,5.99,Completed,45.95
ORD-01652,CUST-0042,PROD-046,CHAN-2,2024-06-23,5,36.99,0.0,0.0,Completed,184.95
ORD-01653,CUST-0036,PROD-042,CHAN-1,2024-06-23,1,17.0,0.25,8.99,Completed,21.74
ORD-01654,CUST-0050,PROD-001,CHAN-2,2024-06-23,1,50.95,0.0,5.99,Completed,56.94
ORD-01655,CUST-0029,PROD-017,CHAN-1,2024-06-24,3,28.99,0.0,0.0,Completed,86.97
ORD-01656,CUST-0475,PROD-099,CHAN-1,2024-06-24,3,17.95,0.35,11.99,Completed,46.99
ORD-01657,CUST-0296,PROD-050,CHAN-2,2024-06-24,2,40.0,0.0,0.0,Completed,80.0
ORD-01658,CUST-0445,PROD-013,CHAN-1,2024-06-24,1,41.95,0.0,8.99,Refunded,50.94
ORD-01659,CUST-0305,PROD-003,CHAN-1,2024-06-24,1,70.99,0.0,4.99,Completed,75.98
ORD-01660,CUST-1202,PROD-002,CHAN-1,2024-06-24,2,28.99,0.0,4.99,Completed,62.97
ORD-01661,CUST-0632,PROD-014,CHAN-3,2024-06-24,1,19.0,0.0,5.99,Completed,24.99
ORD-01662,CUST-0320,PROD-143,CHAN-4,2024-06-24,1,19.0,0.0,4.99,Completed,23.99
ORD-01663,CUST-0017,PROD-017,CHAN-1,2024-06-24,1,28.99,0.0,4.99,Completed,33.98
ORD-01664,CUST-0179,PROD-133,CHAN-3,2024-06-24,1,18.99,0.0,8.99,Completed,27.98
ORD-01665,CUST-0443,PROD-001,CHAN-1,2024-06-24,1,50.95,0.0,8.99,Completed,59.94
ORD-01666,CUST-0942,PROD-005,CHAN-3,2024-06-24,1,30.99,0.3,4.99,Returned,26.68
ORD-01667,CUST-0049,PROD-005,CHAN-2,2024-06-24,3,30.99,0.0,0.0,Completed,92.97
ORD-01668,CUST-0828,PROD-020,CHAN-2,2024-06-24,1,25.0,0.35,11.99,Completed,28.24
ORD-01669,CUST-1996,PROD-084,CHAN-2,2024-06-24,1,17.0,0.0,11.99,Completed,28.99
ORD-01670,CUST-0558,PROD-019,CHAN-1,2024-06-24,1,35.95,0.0,11.99,Completed,47.94
ORD-01671,CUST-1648,PROD-059,CHAN-1,2024-06-24,2,58.99,0.0,0.0,Refunded,117.98
ORD-01672,CUST-0071,PROD-011,CHAN-1,2024-06-24,1,18.95,0.0,11.99,Completed,30.94
ORD-01673,CUST-0402,PROD-037,CHAN-2,2024-06-24,1,60.95,0.0,5.99,Completed,66.94
ORD-01674,CUST-1036,PROD-006,CHAN-2,2024-06-25,1,58.0,0.0,5.99,Completed,63.99
ORD-01675,CUST-0725,PROD-036,CHAN-2,2024-06-25,1,102.99,0.0,0.0,Completed,102.99
ORD-01676,CUST-1300,PROD-002,CHAN-1,2024-06-25,1,28.99,0.0,0.0,Cancelled,0.0
ORD-01677,CUST-0893,PROD-002,CHAN-4,2024-06-25,4,28.99,0.0,0.0,Completed,115.96
ORD-01678,CUST-0530,PROD-036,CHAN-2,2024-06-25,1,102.99,0.25,0.0,Returned,77.24
ORD-01679,CUST-0312,PROD-126,CHAN-4,2024-06-25,3,6.99,0.0,4.99,Completed,25.96
ORD-01680,CUST-0067,PROD-010,CHAN-1,2024-06-25,1,32.99,0.0,8.99,Completed,41.98
ORD-01681,CUST-0102,PROD-022,CHAN-2,2024-06-25,2,21.0,0.0,4.99,Completed,46.99
ORD-01682,CUST-0881,PROD-099,CHAN-1,2024-06-25,1,17.95,0.0,11.99,Completed,29.94
ORD-01683,CUST-1062,PROD-043,CHAN-2,2024-06-25,1,45.99,0.0,11.99,Completed,57.98
ORD-01684,CUST-0063,PROD-061,CHAN-3,2024-06-25,3,67.0,0.2,0.0,Completed,160.8
ORD-01685,CUST-0324,PROD-045,CHAN-3,2024-06-25,1,51.0,0.15,11.99,Returned,55.34
ORD-01686,CUST-0352,PROD-123,CHAN-2,2024-06-25,3,141.0,0.3,0.0,Completed,296.1
ORD-01687,CUST-0044,PROD-042,CHAN-3,2024-06-25,1,17.0,0.0,8.99,Returned,25.99
ORD-01688,CUST-1081,PROD-007,CHAN-3,2024-06-25,1,49.0,0.35,11.99,Completed,43.84
ORD-01689,CUST-0033,PROD-034,CHAN-2,2024-06-25,1,65.99,0.0,5.99,Completed,71.98
ORD-01690,CUST-0217,PROD-121,CHAN-2,2024-06-26,1,156.99,0.0,0.0,Completed,156.99
ORD-01691,CUST-0004,PROD-128,CHAN-1,2024-06-26,1,5.95,0.0,11.99,Completed,17.94
ORD-01692,CUST-1114,PROD-009,CHAN-2,2024-06-26,1,60.99,0.0,11.99,Completed,72.98
ORD-01693,CUST-0960,PROD-048,CHAN-3,2024-06-26,2,121.95,0.0,0.0,Returned,243.9
ORD-01694,CUST-0633,PROD-079,CHAN-2,2024-06-26,1,37.99,0.0,5.99,Completed,43.98
ORD-01695,CUST-0632,PROD-124,CHAN-1,2024-06-26,1,180.95,0.4,0.0,Completed,108.57
ORD-01696,CUST-0171,PROD-029,CHAN-1,2024-06-26,1,79.0,0.0,0.0,Completed,79.0
ORD-01697,CUST-0314,PROD-052,CHAN-1,2024-06-27,1,124.0,0.0,0.0,Refunded,124.0
ORD-01698,CUST-1411,PROD-137,CHAN-2,2024-06-27,1,15.0,0.15,8.99,Completed,21.74
ORD-01699,CUST-1839,PROD-075,CHAN-1,2024-06-27,1,118.99,0.35,0.0,Completed,77.34
ORD-01700,CUST-0018,PROD-006,CHAN-1,2024-06-27,3,58.0,0.0,0.0,Completed,174.0
ORD-01701,CUST-0395,PROD-073,CHAN-3,2024-06-27,2,24.95,0.0,4.99,Completed,54.89
ORD-01702,CUST-1430,PROD-141,CHAN-1,2024-06-27,3,15.0,0.4,4.99,Completed,31.99
ORD-01703,CUST-0843,PROD-002,CHAN-2,2024-06-27,1,28.99,0.35,4.99,Returned,23.83
ORD-01704,CUST-1534,PROD-022,CHAN-2,2024-06-27,1,21.0,0.25,5.99,Completed,21.74
ORD-01705,CUST-0117,PROD-002,CHAN-2,2024-06-27,2,28.99,0.0,4.99,Completed,62.97
ORD-01706,CUST-0039,PROD-042,CHAN-1,2024-06-27,1,17.0,0.05,11.99,Completed,28.14
ORD-01707,CUST-0341,PROD-002,CHAN-2,2024-06-27,1,28.99,0.4,8.99,Completed,26.38
ORD-01708,CUST-0010,PROD-046,CHAN-2,2024-06-27,1,36.99,0.0,5.99,Completed,42.98
ORD-01709,CUST-0459,PROD-105,CHAN-2,2024-06-27,1,71.0,0.0,11.99,Completed,82.99
ORD-01710,CUST-0500,PROD-068,CHAN-1,2024-06-27,2,83.95,0.0,0.0,Completed,167.9
ORD-01711,CUST-1535,PROD-108,CHAN-3,2024-06-27,2,114.95,0.35,0.0,Returned,149.44
ORD-01712,CUST-0595,PROD-069,CHAN-3,2024-06-27,1,71.0,0.0,8.99,Completed,79.99
ORD-01713,CUST-0113,PROD-023,CHAN-3,2024-06-28,1,58.95,0.0,11.99,Completed,70.94
ORD-01714,CUST-0770,PROD-137,CHAN-2,2024-06-28,5,15.0,0.0,0.0,Completed,75.0
ORD-01715,CUST-0737,PROD-001,CHAN-3,2024-06-28,1,50.95,0.0,8.99,Completed,59.94
ORD-01716,CUST-0242,PROD-016,CHAN-1,2024-06-28,1,25.0,0.0,4.99,Completed,29.99
ORD-01717,CUST-0161,PROD-060,CHAN-3,2024-06-28,1,51.99,0.0,4.99,Completed,56.98
ORD-01718,CUST-0042,PROD-067,CHAN-2,2024-06-28,3,95.99,0.4,0.0,Completed,172.78
ORD-01719,CUST-0001,PROD-109,CHAN-2,2024-06-28,1,68.99,0.15,4.99,Completed,63.63
ORD-01720,CUST-0008,PROD-029,CHAN-1,2024-06-28,1,79.0,0.4,4.99,Completed,52.39
ORD-01721,CUST-0330,PROD-099,CHAN-2,2024-06-28,1,17.95,0.0,11.99,Completed,29.94
ORD-01722,CUST-0392,PROD-028,CHAN-5,2024-06-29,1,109.0,0.0,0.0,Completed,109.0
ORD-01723,CUST-0062,PROD-010,CHAN-2,2024-06-29,1,32.99,0.0,0.0,Cancelled,0.0
ORD-01724,CUST-0001,PROD-103,CHAN-2,2024-06-29,1,111.0,0.0,0.0,Completed,111.0
ORD-01725,CUST-0005,PROD-021,CHAN-4,2024-06-29,2,39.0,0.1,5.99,Completed,76.19
ORD-01726,CUST-0081,PROD-005,CHAN-1,2024-06-29,1,30.99,0.1,5.99,Completed,33.88
ORD-01727,CUST-0723,PROD-140,CHAN-1,2024-06-29,1,12.0,0.0,5.99,Completed,17.99
ORD-01728,CUST-1496,PROD-001,CHAN-4,2024-06-29,1,50.95,0.0,0.0,Cancelled,0.0
ORD-01729,CUST-1702,PROD-008,CHAN-1,2024-06-29,1,38.99,0.35,4.99,Completed,30.33
ORD-01730,CUST-0248,PROD-018,CHAN-4,2024-06-29,2,83.95,0.0,0.0,Completed,167.9
ORD-01731,CUST-0667,PROD-006,CHAN-2,2024-06-29,2,58.0,0.0,0.0,Completed,116.0
ORD-01732,CUST-0214,PROD-128,CHAN-1,2024-06-29,1,5.95,0.2,5.99,Completed,10.75
ORD-01733,CUST-0004,PROD-095,CHAN-2,2024-06-29,1,18.95,0.35,4.99,Completed,17.31
ORD-01734,CUST-0023,PROD-001,CHAN-1,2024-06-29,1,50.95,0.35,4.99,Completed,38.11
ORD-01735,CUST-0058,PROD-012,CHAN-3,2024-06-30,1,63.0,0.0,5.99,Completed,68.99
ORD-01736,CUST-0861,PROD-001,CHAN-1,2024-06-30,1,50.95,0.1,5.99,Completed,51.85
ORD-01737,CUST-0031,PROD-004,CHAN-3,2024-06-30,3,47.99,0.0,0.0,Completed,143.97
ORD-01738,CUST-0006,PROD-020,CHAN-4,2024-06-30,1,25.0,0.0,4.99,Completed,29.99
ORD-01739,CUST-0620,PROD-142,CHAN-5,2024-06-30,1,5.0,0.0,5.99,Completed,10.99
ORD-01740,CUST-0023,PROD-008,CHAN-3,2024-06-30,3,38.99,0.0,0.0,Completed,116.97
ORD-01741,CUST-0534,PROD-088,CHAN-2,2024-06-30,1,29.99,0.0,11.99,Completed,41.98
ORD-01742,CUST-1203,PROD-070,CHAN-2,2024-06-30,1,91.99,0.0,0.0,Cancelled,0.0
ORD-01743,CUST-0908,PROD-034,CHAN-1,2024-06-30,2,65.99,0.0,0.0,Refunded,131.98
ORD-01744,CUST-0764,PROD-132,CHAN-1,2024-06-30,1,8.0,0.15,4.99,Completed,11.79
ORD-01745,CUST-0056,PROD-122,CHAN-1,2024-06-30,1,178.99,0.0,0.0,Completed,178.99
ORD-01746,CUST-1068,PROD-020,CHAN-4,2024-06-30,2,25.0,0.35,8.99,Completed,41.49
ORD-01747,CUST-0087,PROD-001,CHAN-1,2024-07-01,1,50.95,0.0,8.99,Completed,59.94
ORD-01748,CUST-1463,PROD-141,CHAN-1,2024-07-01,1,15.0,0.0,4.99,Completed,19.99
ORD-01749,CUST-0409,PROD-003,CHAN-1,2024-07-01,1,70.99,0.0,4.99,Completed,75.98
ORD-01750,CUST-0386,PROD-066,CHAN-2,2024-07-01,1,71.95,0.0,8.99,Completed,80.94
ORD-01751,CUST-1149,PROD-069,CHAN-3,2024-07-01,1,71.0,0.0,8.99,Completed,79.99
ORD-01752,CUST-1480,PROD-112,CHAN-1,2024-07-01,1,115.0,0.0,0.0,Returned,115.0
ORD-01753,CUST-1659,PROD-077,CHAN-4,2024-07-01,2,42.99,0.0,0.0,Completed,85.98
ORD-01754,CUST-0538,PROD-004,CHAN-1,2024-07-01,4,47.99,0.3,0.0,Completed,134.37
ORD-01755,CUST-0106,PROD-003,CHAN-2,2024-07-01,2,70.99,0.0,0.0,Completed,141.98
ORD-01756,CUST-0081,PROD-015,CHAN-2,2024-07-01,1,65.0,0.0,5.99,Completed,70.99
ORD-01757,CUST-1062,PROD-017,CHAN-3,2024-07-01,2,28.99,0.4,4.99,Completed,39.78
ORD-01758,CUST-0666,PROD-017,CHAN-2,2024-07-01,1,28.99,0.0,11.99,Completed,40.98
ORD-01759,CUST-0122,PROD-108,CHAN-2,2024-07-01,2,114.95,0.0,0.0,Completed,229.9
ORD-01760,CUST-0010,PROD-005,CHAN-5,2024-07-01,1,30.99,0.0,4.99,Completed,35.98
ORD-01761,CUST-0339,PROD-042,CHAN-1,2024-07-01,2,17.0,0.0,11.99,Returned,45.99
ORD-01762,CUST-0007,PROD-050,CHAN-2,2024-07-01,3,40.0,0.0,0.0,Completed,120.0
ORD-01763,CUST-0368,PROD-004,CHAN-2,2024-07-01,1,47.99,0.0,8.99,Completed,56.98
ORD-01764,CUST-0038,PROD-001,CHAN-2,2024-07-01,1,50.95,0.0,4.99,Completed,55.94
ORD-01765,CUST-0275,PROD-131,CHAN-2,2024-07-01,1,7.95,0.0,5.99,Completed,13.94
ORD-01766,CUST-0046,PROD-068,CHAN-3,2024-07-01,1,83.95,0.05,0.0,Completed,79.75
ORD-01767,CUST-1147,PROD-048,CHAN-2,2024-07-01,3,121.95,0.0,0.0,Completed,365.85
ORD-01768,CUST-0920,PROD-108,CHAN-1,2024-07-02,1,114.95,0.25,0.0,Completed,86.21
ORD-01769,CUST-0552,PROD-017,CHAN-2,2024-07-02,1,28.99,0.4,8.99,Completed,26.38
ORD-01770,CUST-0018,PROD-022,CHAN-2,2024-07-02,3,21.0,0.0,0.0,Cancelled,0.0
ORD-01771,CUST-0258,PROD-062,CHAN-1,2024-07-02,3,77.99,0.0,0.0,Completed,233.97
ORD-01772,CUST-0449,PROD-091,CHAN-2,2024-07-02,1,13.0,0.25,11.99,Completed,21.74
ORD-01773,CUST-0373,PROD-139,CHAN-1,2024-07-02,1,6.99,0.15,4.99,Completed,10.93
ORD-01774,CUST-1804,PROD-015,CHAN-3,2024-07-02,3,65.0,0.0,0.0,Completed,195.0
ORD-01775,CUST-0918,PROD-010,CHAN-1,2024-07-02,1,32.99,0.0,5.99,Completed,38.98
ORD-01776,CUST-1220,PROD-108,CHAN-2,2024-07-03,1,114.95,0.0,0.0,Completed,114.95
ORD-01777,CUST-0006,PROD-085,CHAN-2,2024-07-03,3,23.95,0.0,8.99,Completed,80.84
ORD-01778,CUST-0865,PROD-103,CHAN-2,2024-07-03,1,111.0,0.0,0.0,Cancelled,0.0
ORD-01779,CUST-0217,PROD-122,CHAN-2,2024-07-03,1,178.99,0.0,0.0,Completed,178.99
ORD-01780,CUST-0007,PROD-014,CHAN-2,2024-07-03,1,19.0,0.0,8.99,Completed,27.99
ORD-01781,CUST-0045,PROD-042,CHAN-1,2024-07-03,2,17.0,0.0,8.99,Completed,42.99
ORD-01782,CUST-0298,PROD-050,CHAN-1,2024-07-03,1,40.0,0.0,11.99,Returned,51.99
ORD-01783,CUST-0196,PROD-098,CHAN-2,2024-07-03,1,30.99,0.0,5.99,Returned,36.98
ORD-01784,CUST-0554,PROD-011,CHAN-5,2024-07-03,3,18.95,0.0,11.99,Completed,68.84
ORD-01785,CUST-0439,PROD-073,CHAN-3,2024-07-03,2,24.95,0.1,4.99,Completed,49.9
ORD-01786,CUST-0773,PROD-138,CHAN-2,2024-07-03,1,3.99,0.35,4.99,Completed,7.58
ORD-01787,CUST-1291,PROD-067,CHAN-2,2024-07-03,1,95.99,0.3,8.99,Completed,76.18
ORD-01788,CUST-0153,PROD-005,CHAN-2,2024-07-03,1,30.99,0.4,11.99,Completed,30.58
ORD-01789,CUST-1985,PROD-056,CHAN-2,2024-07-03,1,131.0,0.0,0.0,Completed,131.0
ORD-01790,CUST-1220,PROD-057,CHAN-2,2024-07-04,1,32.0,0.25,5.99,Completed,29.99
ORD-01791,CUST-0410,PROD-060,CHAN-2,2024-07-04,3,51.99,0.3,0.0,Completed,109.18
ORD-01792,CUST-1499,PROD-142,CHAN-2,2024-07-04,4,5.0,0.0,5.99,Completed,25.99
ORD-01793,CUST-1224,PROD-013,CHAN-1,2024-07-04,1,41.95,0.0,11.99,Completed,53.94
ORD-01794,CUST-0001,PROD-007,CHAN-1,2024-07-04,2,49.0,0.0,0.0,Completed,98.0
ORD-01795,CUST-0215,PROD-016,CHAN-2,2024-07-04,2,25.0,0.0,4.99,Completed,54.99
ORD-01796,CUST-1870,PROD-062,CHAN-2,2024-07-04,1,77.99,0.0,0.0,Completed,77.99
ORD-01797,CUST-0046,PROD-009,CHAN-1,2024-07-04,5,60.99,0.4,0.0,Completed,182.97
ORD-01798,CUST-0001,PROD-008,CHAN-1,2024-07-04,2,38.99,0.0,0.0,Completed,77.98
ORD-01799,CUST-0135,PROD-032,CHAN-1,2024-07-04,1,89.95,0.05,0.0,Completed,85.45
ORD-01800,CUST-0010,PROD-043,CHAN-1,2024-07-04,2,45.99,0.35,11.99,Completed,71.78
ORD-01801,CUST-0445,PROD-078,CHAN-1,2024-07-04,1,9.99,0.0,5.99,Completed,15.98
ORD-01802,CUST-0009,PROD-042,CHAN-2,2024-07-04,1,17.0,0.0,4.99,Completed,21.99
ORD-01803,CUST-0897,PROD-104,CHAN-2,2024-07-04,1,72.99,0.0,11.99,Refunded,84.98
ORD-01804,CUST-0567,PROD-002,CHAN-2,2024-07-04,1,28.99,0.0,8.99,Completed,37.98
ORD-01805,CUST-0015,PROD-111,CHAN-2,2024-07-05,1,27.99,0.0,4.99,Completed,32.98
ORD-01806,CUST-0002,PROD-044,CHAN-4,2024-07-05,1,66.0,0.2,4.99,Completed,57.79
ORD-01807,CUST-1851,PROD-004,CHAN-2,2024-07-05,2,47.99,0.0,0.0,Completed,95.98
ORD-01808,CUST-0367,PROD-003,CHAN-2,2024-07-05,1,70.99,0.0,5.99,Completed,76.98
ORD-01809,CUST-0859,PROD-087,CHAN-2,2024-07-05,1,34.99,0.25,8.99,Returned,35.23
ORD-01810,CUST-0043,PROD-026,CHAN-2,2024-07-05,3,36.95,0.0,0.0,Completed,110.85
ORD-01811,CUST-0006,PROD-044,CHAN-1,2024-07-05,1,66.0,0.05,4.99,Completed,67.69
ORD-01812,CUST-0333,PROD-055,CHAN-1,2024-07-06,2,110.99,0.0,0.0,Completed,221.98
ORD-01813,CUST-1175,PROD-140,CHAN-1,2024-07-06,1,12.0,0.0,8.99,Completed,20.99
ORD-01814,CUST-0216,PROD-018,CHAN-2,2024-07-06,2,83.95,0.0,0.0,Completed,167.9
ORD-01815,CUST-0001,PROD-141,CHAN-3,2024-07-06,2,15.0,0.25,8.99,Returned,31.49
ORD-01816,CUST-0962,PROD-024,CHAN-2,2024-07-06,1,39.0,0.0,5.99,Completed,44.99
ORD-01817,CUST-1501,PROD-006,CHAN-1,2024-07-06,1,58.0,0.0,4.99,Completed,62.99
ORD-01818,CUST-0106,PROD-028,CHAN-2,2024-07-06,2,109.0,0.2,0.0,Completed,174.4
ORD-01819,CUST-0363,PROD-021,CHAN-1,2024-07-06,1,39.0,0.1,8.99,Completed,44.09
ORD-01820,CUST-0350,PROD-083,CHAN-1,2024-07-06,1,25.99,0.0,11.99,Completed,37.98
ORD-01821,CUST-0162,PROD-021,CHAN-1,2024-07-07,2,39.0,0.3,8.99,Completed,63.59
ORD-01822,CUST-0110,PROD-038,CHAN-2,2024-07-07,1,83.99,0.4,4.99,Completed,55.38
ORD-01823,CUST-0829,PROD-045,CHAN-1,2024-07-07,2,51.0,0.0,0.0,Completed,102.0
ORD-01824,CUST-0056,PROD-117,CHAN-2,2024-07-07,1,27.99,0.2,5.99,Completed,28.38
ORD-01825,CUST-1398,PROD-100,CHAN-2,2024-07-07,2,38.95,0.0,0.0,Completed,77.9
ORD-01826,CUST-0225,PROD-045,CHAN-1,2024-07-07,1,51.0,0.0,11.99,Completed,62.99
ORD-01827,CUST-1212,PROD-002,CHAN-1,2024-07-07,2,28.99,0.0,0.0,Cancelled,0.0
ORD-01828,CUST-0001,PROD-014,CHAN-2,2024-07-07,1,19.0,0.0,4.99,Completed,23.99
ORD-01829,CUST-1019,PROD-039,CHAN-2,2024-07-07,2,83.0,0.0,0.0,Completed,166.0
ORD-01830,CUST-0321,PROD-056,CHAN-3,2024-07-07,1,131.0,0.0,0.0,Completed,131.0
ORD-01831,CUST-0168,PROD-001,CHAN-2,2024-07-07,1,50.95,0.0,5.99,Completed,56.94
ORD-01832,CUST-0330,PROD-097,CHAN-2,2024-07-07,1,6.0,0.25,5.99,Completed,10.49
ORD-01833,CUST-1051,PROD-013,CHAN-2,2024-07-07,1,41.95,0.0,5.99,Completed,47.94
ORD-01834,CUST-0025,PROD-123,CHAN-1,2024-07-07,4,141.0,0.25,0.0,Completed,423.0
ORD-01835,CUST-0001,PROD-012,CHAN-1,2024-07-07,1,63.0,0.15,11.99,Completed,65.54
ORD-01836,CUST-0871,PROD-072,CHAN-2,2024-07-08,1,35.95,0.0,8.99,Completed,44.94
ORD-01837,CUST-0239,PROD-065,CHAN-1,2024-07-08,1,30.0,0.0,8.99,Completed,38.99
ORD-01838,CUST-0596,PROD-004,CHAN-2,2024-07-08,2,47.99,0.0,0.0,Completed,95.98
ORD-01839,CUST-0651,PROD-005,CHAN-1,2024-07-08,1,30.99,0.0,11.99,Completed,42.98
ORD-01840,CUST-0078,PROD-010,CHAN-3,2024-07-08,1,32.99,0.15,5.99,Completed,34.03
ORD-01841,CUST-0443,PROD-009,CHAN-4,2024-07-08,1,60.99,0.35,8.99,Completed,48.63
ORD-01842,CUST-1082,PROD-140,CHAN-2,2024-07-08,5,12.0,0.0,5.99,Completed,65.99
ORD-01843,CUST-0639,PROD-009,CHAN-1,2024-07-08,1,60.99,0.0,5.99,Completed,66.98
ORD-01844,CUST-0001,PROD-070,CHAN-1,2024-07-08,2,91.99,0.15,0.0,Completed,156.38
ORD-01845,CUST-0141,PROD-035,CHAN-4,2024-07-08,1,102.99,0.25,0.0,Completed,77.24
ORD-01846,CUST-0836,PROD-085,CHAN-1,2024-07-08,1,23.95,0.0,11.99,Completed,35.94
ORD-01847,CUST-0133,PROD-089,CHAN-2,2024-07-08,1,5.99,0.4,4.99,Completed,8.58
ORD-01848,CUST-1027,PROD-010,CHAN-2,2024-07-08,2,32.99,0.0,8.99,Completed,74.97
ORD-01849,CUST-1413,PROD-092,CHAN-1,2024-07-09,4,8.0,0.0,8.99,Completed,40.99
ORD-01850,CUST-0162,PROD-061,CHAN-1,2024-07-09,4,67.0,0.0,0.0,Completed,268.0
ORD-01851,CUST-0785,PROD-085,CHAN-1,2024-07-09,2,23.95,0.0,11.99,Refunded,59.89
ORD-01852,CUST-1011,PROD-068,CHAN-1,2024-07-09,1,83.95,0.0,0.0,Completed,83.95
ORD-01853,CUST-0011,PROD-034,CHAN-1,2024-07-09,1,65.99,0.0,4.99,Completed,70.98
ORD-01854,CUST-0023,PROD-010,CHAN-1,2024-07-09,3,32.99,0.0,0.0,Completed,98.97
ORD-01855,CUST-0376,PROD-025,CHAN-2,2024-07-09,1,57.99,0.2,8.99,Completed,55.38
ORD-01856,CUST-1607,PROD-007,CHAN-1,2024-07-09,4,49.0,0.0,0.0,Completed,196.0
ORD-01857,CUST-0153,PROD-001,CHAN-1,2024-07-09,1,50.95,0.0,8.99,Completed,59.94
ORD-01858,CUST-1947,PROD-013,CHAN-4,2024-07-09,5,41.95,0.1,0.0,Completed,188.78
ORD-01859,CUST-0516,PROD-001,CHAN-1,2024-07-09,1,50.95,0.0,5.99,Returned,56.94
ORD-01860,CUST-0191,PROD-055,CHAN-1,2024-07-09,3,110.99,0.0,0.0,Completed,332.97
ORD-01861,CUST-0384,PROD-072,CHAN-3,2024-07-09,1,35.95,0.0,11.99,Completed,47.94
ORD-01862,CUST-0049,PROD-003,CHAN-1,2024-07-09,1,70.99,0.0,11.99,Completed,82.98
ORD-01863,CUST-0108,PROD-028,CHAN-5,2024-07-09,1,109.0,0.0,0.0,Completed,109.0
ORD-01864,CUST-0395,PROD-003,CHAN-1,2024-07-09,1,70.99,0.1,8.99,Completed,72.88
ORD-01865,CUST-1726,PROD-024,CHAN-1,2024-07-09,1,39.0,0.1,8.99,Completed,44.09
ORD-01866,CUST-0018,PROD-010,CHAN-2,2024-07-10,1,32.99,0.1,8.99,Completed,38.68
ORD-01867,CUST-0268,PROD-056,CHAN-1,2024-07-10,1,131.0,0.2,0.0,Completed,104.8
ORD-01868,CUST-1923,PROD-022,CHAN-2,2024-07-10,1,21.0,0.25,5.99,Completed,21.74
ORD-01869,CUST-0283,PROD-024,CHAN-1,2024-07-10,1,39.0,0.0,0.0,Cancelled,0.0
ORD-01870,CUST-0142,PROD-119,CHAN-2,2024-07-10,1,123.0,0.3,0.0,Completed,86.1
ORD-01871,CUST-0497,PROD-119,CHAN-2,2024-07-10,1,123.0,0.0,0.0,Completed,123.0
ORD-01872,CUST-1367,PROD-015,CHAN-2,2024-07-10,1,65.0,0.0,4.99,Completed,69.99
ORD-01873,CUST-1296,PROD-130,CHAN-4,2024-07-10,1,5.95,0.0,5.99,Refunded,11.94
ORD-01874,CUST-1607,PROD-002,CHAN-1,2024-07-10,1,28.99,0.2,11.99,Completed,35.18
ORD-01875,CUST-0291,PROD-055,CHAN-2,2024-07-11,3,110.99,0.0,0.0,Completed,332.97
ORD-01876,CUST-0055,PROD-013,CHAN-4,2024-07-11,1,41.95,0.0,11.99,Completed,53.94
ORD-01877,CUST-0538,PROD-070,CHAN-2,2024-07-11,1,91.99,0.2,11.99,Completed,85.58
ORD-01878,CUST-0026,PROD-109,CHAN-1,2024-07-11,1,68.99,0.0,5.99,Completed,74.98
ORD-01879,CUST-0006,PROD-045,CHAN-2,2024-07-11,3,51.0,0.0,0.0,Cancelled,0.0
ORD-01880,CUST-0893,PROD-044,CHAN-4,2024-07-11,1,66.0,0.15,8.99,Returned,65.09
ORD-01881,CUST-0434,PROD-054,CHAN-1,2024-07-11,2,109.0,0.3,0.0,Completed,152.6
ORD-01882,CUST-0030,PROD-047,CHAN-2,2024-07-11,3,82.0,0.0,0.0,Completed,246.0
ORD-01883,CUST-1436,PROD-039,CHAN-2,2024-07-11,1,83.0,0.0,0.0,Completed,83.0
ORD-01884,CUST-0273,PROD-123,CHAN-4,2024-07-11,2,141.0,0.05,0.0,Completed,267.9
ORD-01885,CUST-0017,PROD-108,CHAN-4,2024-07-11,1,114.95,0.15,0.0,Completed,97.71
ORD-01886,CUST-0355,PROD-091,CHAN-2,2024-07-11,5,13.0,0.0,8.99,Completed,73.99
ORD-01887,CUST-0255,PROD-076,CHAN-2,2024-07-11,1,7.99,0.0,11.99,Completed,19.98
ORD-01888,CUST-1322,PROD-045,CHAN-1,2024-07-12,1,51.0,0.35,4.99,Refunded,38.14
ORD-01889,CUST-0177,PROD-081,CHAN-4,2024-07-12,1,38.95,0.1,8.99,Completed,44.05
ORD-01890,CUST-0137,PROD-005,CHAN-2,2024-07-12,4,30.99,0.0,0.0,Completed,123.96
ORD-01891,CUST-0614,PROD-057,CHAN-2,2024-07-12,1,32.0,0.0,0.0,Cancelled,0.0
ORD-01892,CUST-0862,PROD-055,CHAN-2,2024-07-12,2,110.99,0.0,0.0,Completed,221.98
ORD-01893,CUST-1043,PROD-091,CHAN-4,2024-07-12,4,13.0,0.1,11.99,Completed,58.79
ORD-01894,CUST-0476,PROD-003,CHAN-2,2024-07-12,2,70.99,0.1,0.0,Completed,127.78
ORD-01895,CUST-0002,PROD-002,CHAN-1,2024-07-12,2,28.99,0.0,4.99,Completed,62.97
ORD-01896,CUST-0325,PROD-022,CHAN-1,2024-07-12,2,21.0,0.0,11.99,Completed,53.99
ORD-01897,CUST-0107,PROD-012,CHAN-2,2024-07-12,1,63.0,0.0,5.99,Completed,68.99
ORD-01898,CUST-0144,PROD-062,CHAN-1,2024-07-12,2,77.99,0.0,0.0,Completed,155.98
ORD-01899,CUST-0049,PROD-005,CHAN-2,2024-07-13,2,30.99,0.0,5.99,Completed,67.97
ORD-01900,CUST-0030,PROD-004,CHAN-3,2024-07-13,2,47.99,0.35,11.99,Completed,74.38
ORD-01901,CUST-0113,PROD-065,CHAN-1,2024-07-13,1,30.0,0.0,8.99,Completed,38.99
ORD-01902,CUST-0001,PROD-024,CHAN-1,2024-07-13,1,39.0,0.0,11.99,Completed,50.99
ORD-01903,CUST-0210,PROD-031,CHAN-1,2024-07-13,1,100.0,0.15,0.0,Completed,85.0
ORD-01904,CUST-0949,PROD-022,CHAN-2,2024-07-13,1,21.0,0.0,5.99,Returned,26.99
ORD-01905,CUST-0212,PROD-048,CHAN-4,2024-07-13,1,121.95,0.0,0.0,Completed,121.95
ORD-01906,CUST-0002,PROD-056,CHAN-4,2024-07-13,4,131.0,0.0,0.0,Completed,524.0
ORD-01907,CUST-0298,PROD-034,CHAN-2,2024-07-13,1,65.99,0.0,8.99,Completed,74.98
ORD-01908,CUST-0597,PROD-114,CHAN-2,2024-07-13,1,21.0,0.0,8.99,Completed,29.99
ORD-01909,CUST-0264,PROD-061,CHAN-2,2024-07-13,1,67.0,0.0,8.99,Completed,75.99
ORD-01910,CUST-0001,PROD-006,CHAN-2,2024-07-13,2,58.0,0.0,0.0,Completed,116.0
ORD-01911,CUST-0077,PROD-042,CHAN-1,2024-07-13,1,17.0,0.35,11.99,Completed,23.04
ORD-01912,CUST-1784,PROD-109,CHAN-1,2024-07-13,2,68.99,0.1,0.0,Completed,124.18
ORD-01913,CUST-0130,PROD-149,CHAN-1,2024-07-13,1,11.99,0.15,8.99,Completed,19.18
ORD-01914,CUST-0448,PROD-104,CHAN-1,2024-07-14,2,72.99,0.0,0.0,Returned,145.98
ORD-01915,CUST-0004,PROD-127,CHAN-1,2024-07-14,3,7.95,0.2,11.99,Completed,31.07
ORD-01916,CUST-0308,PROD-031,CHAN-5,2024-07-14,5,100.0,0.0,0.0,Returned,500.0
ORD-01917,CUST-0637,PROD-004,CHAN-2,2024-07-14,1,47.99,0.0,4.99,Completed,52.98
ORD-01918,CUST-0347,PROD-049,CHAN-1,2024-07-14,2,19.95,0.0,11.99,Completed,51.89
ORD-01919,CUST-0810,PROD-004,CHAN-2,2024-07-14,1,47.99,0.0,0.0,Cancelled,0.0
ORD-01920,CUST-0723,PROD-002,CHAN-2,2024-07-14,1,28.99,0.0,11.99,Completed,40.98
ORD-01921,CUST-0335,PROD-089,CHAN-2,2024-07-14,1,5.99,0.0,5.99,Completed,11.98
ORD-01922,CUST-0497,PROD-141,CHAN-1,2024-07-14,2,15.0,0.15,8.99,Completed,34.49
ORD-01923,CUST-0780,PROD-090,CHAN-1,2024-07-14,1,21.0,0.0,11.99,Completed,32.99
ORD-01924,CUST-1534,PROD-021,CHAN-1,2024-07-14,1,39.0,0.0,11.99,Completed,50.99
ORD-01925,CUST-0014,PROD-095,CHAN-2,2024-07-14,2,18.95,0.0,5.99,Completed,43.89
ORD-01926,CUST-1046,PROD-003,CHAN-1,2024-07-14,2,70.99,0.1,0.0,Completed,127.78
ORD-01927,CUST-0205,PROD-142,CHAN-2,2024-07-14,1,5.0,0.35,5.99,Completed,9.24
ORD-01928,CUST-1419,PROD-003,CHAN-1,2024-07-14,2,70.99,0.0,0.0,Completed,141.98
ORD-01929,CUST-1355,PROD-044,CHAN-1,2024-07-15,1,66.0,0.0,5.99,Completed,71.99
ORD-01930,CUST-0126,PROD-018,CHAN-1,2024-07-15,1,83.95,0.0,0.0,Completed,83.95
ORD-01931,CUST-1509,PROD-016,CHAN-1,2024-07-15,2,25.0,0.0,4.99,Completed,54.99
ORD-01932,CUST-0901,PROD-130,CHAN-1,2024-07-15,1,5.95,0.0,4.99,Completed,10.94
ORD-01933,CUST-0396,PROD-057,CHAN-2,2024-07-15,1,32.0,0.0,4.99,Returned,36.99
ORD-01934,CUST-0029,PROD-035,CHAN-2,2024-07-15,1,102.99,0.0,0.0,Completed,102.99
ORD-01935,CUST-0715,PROD-031,CHAN-1,2024-07-15,1,100.0,0.0,0.0,Completed,100.0
ORD-01936,CUST-0197,PROD-001,CHAN-2,2024-07-15,2,50.95,0.35,4.99,Completed,71.22
ORD-01937,CUST-0137,PROD-001,CHAN-5,2024-07-15,1,50.95,0.2,4.99,Completed,45.75
ORD-01938,CUST-0014,PROD-022,CHAN-2,2024-07-15,1,21.0,0.0,5.99,Returned,26.99
ORD-01939,CUST-0462,PROD-027,CHAN-1,2024-07-15,1,54.0,0.1,8.99,Completed,57.59
ORD-01940,CUST-0848,PROD-056,CHAN-1,2024-07-16,1,131.0,0.0,0.0,Completed,131.0
ORD-01941,CUST-0613,PROD-099,CHAN-1,2024-07-16,1,17.95,0.0,11.99,Completed,29.94
ORD-01942,CUST-0026,PROD-016,CHAN-1,2024-07-16,2,25.0,0.2,4.99,Completed,44.99
ORD-01943,CUST-0185,PROD-100,CHAN-2,2024-07-16,2,38.95,0.0,0.0,Cancelled,0.0
ORD-01944,CUST-0081,PROD-007,CHAN-5,2024-07-16,2,49.0,0.0,0.0,Completed,98.0
ORD-01945,CUST-1230,PROD-001,CHAN-1,2024-07-16,2,50.95,0.0,0.0,Completed,101.9
ORD-01946,CUST-0006,PROD-049,CHAN-1,2024-07-16,1,19.95,0.2,11.99,Completed,27.95
ORD-01947,CUST-0052,PROD-014,CHAN-1,2024-07-16,1,19.0,0.0,4.99,Completed,23.99
ORD-01948,CUST-0055,PROD-013,CHAN-3,2024-07-16,1,41.95,0.0,5.99,Completed,47.94
ORD-01949,CUST-0175,PROD-078,CHAN-4,2024-07-16,1,9.99,0.3,11.99,Completed,18.98
ORD-01950,CUST-0245,PROD-056,CHAN-1,2024-07-16,2,131.0,0.0,0.0,Completed,262.0
ORD-01951,CUST-1850,PROD-134,CHAN-1,2024-07-16,1,3.99,0.3,11.99,Completed,14.78
ORD-01952,CUST-1780,PROD-032,CHAN-1,2024-07-16,2,89.95,0.0,0.0,Completed,179.9
ORD-01953,CUST-0080,PROD-012,CHAN-3,2024-07-16,1,63.0,0.0,5.99,Completed,68.99
ORD-01954,CUST-0004,PROD-013,CHAN-2,2024-07-17,1,41.95,0.0,4.99,Completed,46.94
ORD-01955,CUST-0278,PROD-059,CHAN-3,2024-07-17,1,58.99,0.0,4.99,Completed,63.98
ORD-01956,CUST-1165,PROD-010,CHAN-2,2024-07-17,1,32.99,0.0,5.99,Completed,38.98
ORD-01957,CUST-0012,PROD-076,CHAN-1,2024-07-17,1,7.99,0.3,11.99,Completed,17.58
ORD-01958,CUST-0140,PROD-064,CHAN-1,2024-07-17,1,43.0,0.2,4.99,Completed,39.39
ORD-01959,CUST-0001,PROD-034,CHAN-1,2024-07-17,1,65.99,0.0,11.99,Completed,77.98
ORD-01960,CUST-0003,PROD-029,CHAN-2,2024-07-17,2,79.0,0.25,0.0,Returned,118.5
ORD-01961,CUST-1338,PROD-001,CHAN-4,2024-07-17,1,50.95,0.0,4.99,Completed,55.94
ORD-01962,CUST-1949,PROD-011,CHAN-2,2024-07-17,1,18.95,0.0,8.99,Completed,27.94
ORD-01963,CUST-0138,PROD-106,CHAN-2,2024-07-17,5,103.0,0.0,0.0,Completed,515.0
ORD-01964,CUST-0547,PROD-033,CHAN-1,2024-07-17,5,63.99,0.05,0.0,Completed,303.95
ORD-01965,CUST-0415,PROD-073,CHAN-1,2024-07-17,1,24.95,0.0,5.99,Completed,30.94
ORD-01966,CUST-1706,PROD-006,CHAN-1,2024-07-17,1,58.0,0.0,5.99,Completed,63.99
ORD-01967,CUST-1072,PROD-002,CHAN-1,2024-07-17,1,28.99,0.0,8.99,Completed,37.98
ORD-01968,CUST-0347,PROD-026,CHAN-1,2024-07-17,3,36.95,0.0,0.0,Completed,110.85
ORD-01969,CUST-1757,PROD-013,CHAN-2,2024-07-18,1,41.95,0.0,5.99,Completed,47.94
ORD-01970,CUST-0053,PROD-012,CHAN-2,2024-07-18,1,63.0,0.0,5.99,Completed,68.99
ORD-01971,CUST-0085,PROD-098,CHAN-2,2024-07-18,1,30.99,0.0,5.99,Completed,36.98
ORD-01972,CUST-0032,PROD-043,CHAN-1,2024-07-18,1,45.99,0.4,8.99,Completed,36.58
ORD-01973,CUST-1032,PROD-088,CHAN-1,2024-07-18,1,29.99,0.35,5.99,Completed,25.48
ORD-01974,CUST-1700,PROD-059,CHAN-1,2024-07-18,1,58.99,0.4,5.99,Completed,41.38
ORD-01975,CUST-0010,PROD-114,CHAN-2,2024-07-18,1,21.0,0.0,4.99,Completed,25.99
ORD-01976,CUST-0004,PROD-023,CHAN-4,2024-07-18,1,58.95,0.0,11.99,Completed,70.94
ORD-01977,CUST-0283,PROD-130,CHAN-1,2024-07-19,1,5.95,0.0,11.99,Completed,17.94
ORD-01978,CUST-0470,PROD-033,CHAN-1,2024-07-19,1,63.99,0.0,0.0,Cancelled,0.0
ORD-01979,CUST-0539,PROD-127,CHAN-1,2024-07-19,1,7.95,0.0,4.99,Completed,12.94
ORD-01980,CUST-0152,PROD-098,CHAN-1,2024-07-19,2,30.99,0.0,5.99,Completed,67.97
ORD-01981,CUST-0003,PROD-133,CHAN-2,2024-07-19,1,18.99,0.35,11.99,Returned,24.33
ORD-01982,CUST-0149,PROD-091,CHAN-1,2024-07-19,1,13.0,0.4,4.99,Completed,12.79
ORD-01983,CUST-0179,PROD-109,CHAN-2,2024-07-19,1,68.99,0.0,5.99,Completed,74.98
ORD-01984,CUST-0457,PROD-004,CHAN-3,2024-07-19,2,47.99,0.05,0.0,Completed,91.18
ORD-01985,CUST-0653,PROD-033,CHAN-4,2024-07-19,2,63.99,0.0,0.0,Completed,127.98
ORD-01986,CUST-0622,PROD-022,CHAN-2,2024-07-20,1,21.0,0.0,11.99,Completed,32.99
ORD-01987,CUST-0178,PROD-016,CHAN-1,2024-07-20,1,25.0,0.0,11.99,Returned,36.99
ORD-01988,CUST-0218,PROD-012,CHAN-2,2024-07-20,1,63.0,0.0,4.99,Completed,67.99
ORD-01989,CUST-0005,PROD-022,CHAN-3,2024-07-20,2,21.0,0.1,11.99,Completed,49.79
ORD-01990,CUST-0109,PROD-132,CHAN-1,2024-07-20,4,8.0,0.35,8.99,Completed,29.79
ORD-01991,CUST-0057,PROD-001,CHAN-1,2024-07-20,1,50.95,0.0,8.99,Refunded,59.94
ORD-01992,CUST-0392,PROD-095,CHAN-3,2024-07-20,1,18.95,0.0,8.99,Completed,27.94
ORD-01993,CUST-0220,PROD-005,CHAN-1,2024-07-20,1,30.99,0.0,11.99,Completed,42.98
ORD-01994,CUST-0004,PROD-081,CHAN-2,2024-07-20,1,38.95,0.05,8.99,Completed,45.99
ORD-01995,CUST-0392,PROD-007,CHAN-1,2024-07-20,2,49.0,0.0,0.0,Completed,98.0
ORD-01996,CUST-0264,PROD-005,CHAN-2,2024-07-20,1,30.99,0.0,8.99,Completed,39.98
ORD-01997,CUST-0890,PROD-035,CHAN-2,2024-07-21,2,102.99,0.0,0.0,Completed,205.98
ORD-01998,CUST-0798,PROD-001,CHAN-1,2024-07-21,2,50.95,0.0,0.0,Completed,101.9
ORD-01999,CUST-0001,PROD-045,CHAN-2,2024-07-21,1,51.0,0.0,4.99,Completed,55.99
ORD-02000,CUST-0962,PROD-079,CHAN-2,2024-07-21,2,37.99,0.35,11.99,Completed,61.38
ORD-02001,CUST-0625,PROD-025,CHAN-2,2024-07-21,2,57.99,0.0,0.0,Completed,115.98
ORD-02002,CUST-1403,PROD-013,CHAN-1,2024-07-21,3,41.95,0.0,0.0,Completed,125.85
ORD-02003,CUST-0470,PROD-007,CHAN-2,2024-07-21,5,49.0,0.0,0.0,Completed,245.0
ORD-02004,CUST-1189,PROD-083,CHAN-1,2024-07-21,2,25.99,0.35,8.99,Completed,42.78
ORD-02005,CUST-0367,PROD-119,CHAN-1,2024-07-21,1,123.0,0.0,0.0,Completed,123.0
ORD-02006,CUST-0285,PROD-013,CHAN-2,2024-07-21,3,41.95,0.3,0.0,Returned,88.09
ORD-02007,CUST-0747,PROD-118,CHAN-2,2024-07-21,2,150.99,0.2,0.0,Completed,241.58
ORD-02008,CUST-1265,PROD-076,CHAN-2,2024-07-21,1,7.99,0.0,4.99,Completed,12.98
ORD-02009,CUST-0775,PROD-011,CHAN-3,2024-07-21,3,18.95,0.0,4.99,Completed,61.84
ORD-02010,CUST-0269,PROD-074,CHAN-2,2024-07-21,1,45.95,0.0,11.99,Completed,57.94
ORD-02011,CUST-0407,PROD-116,CHAN-1,2024-07-21,1,103.99,0.0,0.0,Completed,103.99
ORD-02012,CUST-1272,PROD-068,CHAN-3,2024-07-21,1,83.95,0.15,5.99,Completed,77.35
ORD-02013,CUST-0002,PROD-131,CHAN-1,2024-07-21,2,7.95,0.0,4.99,Completed,20.89
ORD-02014,CUST-1188,PROD-075,CHAN-1,2024-07-21,1,118.99,0.0,0.0,Completed,118.99
ORD-02015,CUST-1459,PROD-028,CHAN-1,2024-07-21,1,109.0,0.0,0.0,Completed,109.0
ORD-02016,CUST-0006,PROD-119,CHAN-3,2024-07-21,5,123.0,0.35,0.0,Completed,399.75
ORD-02017,CUST-0484,PROD-084,CHAN-1,2024-07-21,1,17.0,0.0,4.99,Completed,21.99
ORD-02018,CUST-0636,PROD-122,CHAN-3,2024-07-22,3,178.99,0.25,0.0,Completed,402.73
ORD-02019,CUST-1372,PROD-113,CHAN-1,2024-07-22,2,97.0,0.1,0.0,Completed,174.6
ORD-02020,CUST-0533,PROD-023,CHAN-1,2024-07-22,1,58.95,0.0,0.0,Cancelled,0.0
ORD-02021,CUST-0113,PROD-034,CHAN-2,2024-07-22,3,65.99,0.0,0.0,Cancelled,0.0
ORD-02022,CUST-1196,PROD-031,CHAN-1,2024-07-22,1,100.0,0.0,0.0,Completed,100.0
ORD-02023,CUST-0154,PROD-003,CHAN-5,2024-07-22,1,70.99,0.05,11.99,Completed,79.43
ORD-02024,CUST-0014,PROD-020,CHAN-2,2024-07-22,1,25.0,0.0,8.99,Completed,33.99
ORD-02025,CUST-0002,PROD-136,CHAN-1,2024-07-22,1,4.0,0.0,8.99,Completed,12.99
ORD-02026,CUST-0006,PROD-051,CHAN-1,2024-07-22,1,105.95,0.3,8.99,Completed,83.15
ORD-02027,CUST-0162,PROD-058,CHAN-1,2024-07-22,1,86.0,0.0,0.0,Completed,86.0
ORD-02028,CUST-0205,PROD-006,CHAN-2,2024-07-22,1,58.0,0.0,4.99,Completed,62.99
ORD-02029,CUST-0003,PROD-041,CHAN-1,2024-07-22,1,27.95,0.0,0.0,Cancelled,0.0
ORD-02030,CUST-0213,PROD-126,CHAN-2,2024-07-22,2,6.99,0.0,11.99,Completed,25.97
ORD-02031,CUST-1385,PROD-142,CHAN-2,2024-07-22,1,5.0,0.0,4.99,Completed,9.99
ORD-02032,CUST-0147,PROD-007,CHAN-2,2024-07-22,5,49.0,0.0,0.0,Completed,245.0
ORD-02033,CUST-0272,PROD-078,CHAN-2,2024-07-22,1,9.99,0.0,5.99,Completed,15.98
ORD-02034,CUST-0196,PROD-039,CHAN-1,2024-07-22,2,83.0,0.0,0.0,Completed,166.0
ORD-02035,CUST-1395,PROD-117,CHAN-1,2024-07-23,2,27.99,0.0,11.99,Completed,67.97
ORD-02036,CUST-0125,PROD-016,CHAN-2,2024-07-23,1,25.0,0.3,4.99,Completed,22.49
ORD-02037,CUST-0003,PROD-022,CHAN-2,2024-07-23,1,21.0,0.0,8.99,Completed,29.99
ORD-02038,CUST-0585,PROD-065,CHAN-2,2024-07-23,2,30.0,0.4,11.99,Completed,47.99
ORD-02039,CUST-0224,PROD-006,CHAN-1,2024-07-23,1,58.0,0.0,8.99,Completed,66.99
ORD-02040,CUST-0814,PROD-001,CHAN-1,2024-07-23,2,50.95,0.0,0.0,Completed,101.9
ORD-02041,CUST-0691,PROD-080,CHAN-3,2024-07-23,2,20.95,0.0,4.99,Returned,46.89
ORD-02042,CUST-0722,PROD-030,CHAN-5,2024-07-23,1,62.99,0.2,5.99,Completed,56.38
ORD-02043,CUST-0037,PROD-014,CHAN-2,2024-07-23,3,19.0,0.0,4.99,Completed,61.99
ORD-02044,CUST-0028,PROD-002,CHAN-3,2024-07-23,3,28.99,0.0,0.0,Completed,86.97
ORD-02045,CUST-0075,PROD-023,CHAN-2,2024-07-23,1,58.95,0.0,11.99,Completed,70.94
ORD-02046,CUST-1407,PROD-003,CHAN-1,2024-07-23,1,70.99,0.0,11.99,Completed,82.98
ORD-02047,CUST-0082,PROD-003,CHAN-1,2024-07-23,2,70.99,0.15,0.0,Completed,120.68
ORD-02048,CUST-0024,PROD-125,CHAN-1,2024-07-23,1,162.99,0.0,0.0,Returned,162.99
ORD-02049,CUST-0047,PROD-010,CHAN-2,2024-07-23,1,32.99,0.0,4.99,Completed,37.98
ORD-02050,CUST-0990,PROD-086,CHAN-2,2024-07-24,1,7.0,0.0,11.99,Completed,18.99
ORD-02051,CUST-1466,PROD-058,CHAN-5,2024-07-24,2,86.0,0.25,0.0,Completed,129.0
ORD-02052,CUST-0003,PROD-017,CHAN-2,2024-07-24,2,28.99,0.0,4.99,Returned,62.97
ORD-02053,CUST-0413,PROD-092,CHAN-1,2024-07-24,1,8.0,0.0,11.99,Completed,19.99
ORD-02054,CUST-0003,PROD-050,CHAN-2,2024-07-24,1,40.0,0.0,5.99,Completed,45.99
ORD-02055,CUST-0548,PROD-002,CHAN-1,2024-07-24,2,28.99,0.0,4.99,Completed,62.97
ORD-02056,CUST-0150,PROD-068,CHAN-3,2024-07-24,2,83.95,0.0,0.0,Completed,167.9
ORD-02057,CUST-0026,PROD-036,CHAN-2,2024-07-24,2,102.99,0.0,0.0,Completed,205.98
ORD-02058,CUST-1045,PROD-010,CHAN-1,2024-07-24,1,32.99,0.0,11.99,Refunded,44.98
ORD-02059,CUST-0899,PROD-017,CHAN-1,2024-07-24,2,28.99,0.1,8.99,Completed,61.17
ORD-02060,CUST-0091,PROD-006,CHAN-1,2024-07-24,1,58.0,0.2,4.99,Completed,51.39
ORD-02061,CUST-0500,PROD-021,CHAN-1,2024-07-24,1,39.0,0.3,11.99,Completed,39.29
ORD-02062,CUST-0085,PROD-065,CHAN-1,2024-07-24,1,30.0,0.05,5.99,Completed,34.49
ORD-02063,CUST-0013,PROD-008,CHAN-1,2024-07-24,1,38.99,0.0,8.99,Completed,47.98
ORD-02064,CUST-0693,PROD-033,CHAN-3,2024-07-24,1,63.99,0.0,5.99,Completed,69.98
ORD-02065,CUST-0018,PROD-016,CHAN-2,2024-07-25,1,25.0,0.0,5.99,Completed,30.99
ORD-02066,CUST-0194,PROD-015,CHAN-1,2024-07-25,3,65.0,0.4,0.0,Completed,117.0
ORD-02067,CUST-0410,PROD-093,CHAN-2,2024-07-25,1,25.99,0.0,8.99,Completed,34.98
ORD-02068,CUST-0007,PROD-062,CHAN-1,2024-07-25,1,77.99,0.0,0.0,Completed,77.99
ORD-02069,CUST-0584,PROD-092,CHAN-2,2024-07-25,1,8.0,0.0,5.99,Completed,13.99
ORD-02070,CUST-0019,PROD-019,CHAN-1,2024-07-25,2,35.95,0.0,4.99,Completed,76.89
ORD-02071,CUST-1755,PROD-012,CHAN-1,2024-07-25,1,63.0,0.1,8.99,Completed,65.69
ORD-02072,CUST-1321,PROD-046,CHAN-1,2024-07-25,4,36.99,0.0,0.0,Completed,147.96
ORD-02073,CUST-1209,PROD-004,CHAN-4,2024-07-26,1,47.99,0.25,11.99,Completed,47.98
ORD-02074,CUST-0154,PROD-033,CHAN-3,2024-07-26,1,63.99,0.0,5.99,Completed,69.98
ORD-02075,CUST-0004,PROD-138,CHAN-1,2024-07-26,2,3.99,0.2,4.99,Completed,11.37
ORD-02076,CUST-0602,PROD-007,CHAN-1,2024-07-26,2,49.0,0.0,0.0,Completed,98.0
ORD-02077,CUST-0208,PROD-064,CHAN-2,2024-07-26,2,43.0,0.0,0.0,Completed,86.0
ORD-02078,CUST-0290,PROD-014,CHAN-1,2024-07-26,2,19.0,0.0,5.99,Completed,43.99
ORD-02079,CUST-0273,PROD-009,CHAN-4,2024-07-26,2,60.99,0.0,0.0,Completed,121.98
ORD-02080,CUST-0004,PROD-150,CHAN-2,2024-07-26,1,7.0,0.0,8.99,Completed,15.99
ORD-02081,CUST-0053,PROD-072,CHAN-2,2024-07-26,1,35.95,0.0,8.99,Completed,44.94
ORD-02082,CUST-0063,PROD-016,CHAN-2,2024-07-26,1,25.0,0.0,11.99,Completed,36.99
ORD-02083,CUST-0010,PROD-069,CHAN-2,2024-07-26,1,71.0,0.05,8.99,Completed,76.44
ORD-02084,CUST-0146,PROD-029,CHAN-1,2024-07-26,3,79.0,0.15,0.0,Completed,201.45
ORD-02085,CUST-0988,PROD-008,CHAN-1,2024-07-27,1,38.99,0.0,5.99,Completed,44.98
ORD-02086,CUST-0546,PROD-034,CHAN-3,2024-07-27,2,65.99,0.0,0.0,Completed,131.98
ORD-02087,CUST-0332,PROD-109,CHAN-2,2024-07-27,2,68.99,0.1,0.0,Completed,124.18
ORD-02088,CUST-1774,PROD-012,CHAN-1,2024-07-27,2,63.0,0.0,0.0,Completed,126.0
ORD-02089,CUST-1002,PROD-129,CHAN-1,2024-07-27,1,8.99,0.0,11.99,Completed,20.98
ORD-02090,CUST-0018,PROD-039,CHAN-1,2024-07-27,1,83.0,0.05,0.0,Completed,78.85
ORD-02091,CUST-0001,PROD-060,CHAN-1,2024-07-27,1,51.99,0.0,5.99,Completed,57.98
ORD-02092,CUST-0109,PROD-006,CHAN-4,2024-07-27,1,58.0,0.3,11.99,Completed,52.59
ORD-02093,CUST-0118,PROD-106,CHAN-2,2024-07-27,2,103.0,0.0,0.0,Completed,206.0
ORD-02094,CUST-0601,PROD-134,CHAN-1,2024-07-27,4,3.99,0.2,11.99,Completed,24.76
ORD-02095,CUST-1218,PROD-052,CHAN-2,2024-07-27,1,124.0,0.0,0.0,Completed,124.0
ORD-02096,CUST-0004,PROD-009,CHAN-4,2024-07-28,1,60.99,0.0,4.99,Completed,65.98
ORD-02097,CUST-0160,PROD-087,CHAN-2,2024-07-28,1,34.99,0.0,11.99,Completed,46.98
ORD-02098,CUST-0883,PROD-080,CHAN-1,2024-07-28,3,20.95,0.0,0.0,Cancelled,0.0
ORD-02099,CUST-0046,PROD-032,CHAN-1,2024-07-28,1,89.95,0.1,0.0,Returned,80.95
ORD-02100,CUST-0157,PROD-020,CHAN-3,2024-07-28,1,25.0,0.0,0.0,Cancelled,0.0
ORD-02101,CUST-1093,PROD-049,CHAN-5,2024-07-28,1,19.95,0.0,11.99,Completed,31.94
ORD-02102,CUST-0004,PROD-001,CHAN-3,2024-07-28,2,50.95,0.15,0.0,Completed,86.62
ORD-02103,CUST-0129,PROD-057,CHAN-2,2024-07-28,4,32.0,0.0,0.0,Completed,128.0
ORD-02104,CUST-1742,PROD-146,CHAN-3,2024-07-28,3,8.99,0.15,4.99,Refunded,27.91
ORD-02105,CUST-0043,PROD-103,CHAN-2,2024-07-28,4,111.0,0.0,0.0,Completed,444.0
ORD-02106,CUST-0455,PROD-002,CHAN-2,2024-07-28,1,28.99,0.0,11.99,Completed,40.98
ORD-02107,CUST-0045,PROD-025,CHAN-2,2024-07-28,1,57.99,0.4,4.99,Completed,39.78
ORD-02108,CUST-0157,PROD-004,CHAN-4,2024-07-28,2,47.99,0.0,0.0,Completed,95.98
ORD-02109,CUST-0001,PROD-088,CHAN-2,2024-07-28,1,29.99,0.0,4.99,Completed,34.98
ORD-02110,CUST-0151,PROD-055,CHAN-2,2024-07-28,2,110.99,0.1,0.0,Completed,199.78
ORD-02111,CUST-0215,PROD-005,CHAN-5,2024-07-28,1,30.99,0.0,4.99,Completed,35.98
ORD-02112,CUST-0826,PROD-005,CHAN-1,2024-07-29,1,30.99,0.0,4.99,Completed,35.98
ORD-02113,CUST-0033,PROD-031,CHAN-1,2024-07-29,1,100.0,0.15,0.0,Completed,85.0
ORD-02114,CUST-0672,PROD-002,CHAN-3,2024-07-29,1,28.99,0.05,4.99,Completed,32.53
ORD-02115,CUST-0047,PROD-066,CHAN-2,2024-07-29,1,71.95,0.0,8.99,Completed,80.94
ORD-02116,CUST-0014,PROD-097,CHAN-2,2024-07-29,1,6.0,0.05,5.99,Completed,11.69
ORD-02117,CUST-0156,PROD-098,CHAN-2,2024-07-29,1,30.99,0.0,8.99,Completed,39.98
ORD-02118,CUST-0155,PROD-011,CHAN-2,2024-07-29,2,18.95,0.0,11.99,Completed,49.89
ORD-02119,CUST-0229,PROD-029,CHAN-4,2024-07-29,1,79.0,0.0,0.0,Completed,79.0
ORD-02120,CUST-0444,PROD-012,CHAN-2,2024-07-29,1,63.0,0.0,5.99,Completed,68.99
ORD-02121,CUST-0180,PROD-148,CHAN-3,2024-07-29,2,15.0,0.0,4.99,Completed,34.99
ORD-02122,CUST-0388,PROD-033,CHAN-1,2024-07-29,1,63.99,0.25,5.99,Completed,53.98
ORD-02123,CUST-1008,PROD-032,CHAN-3,2024-07-29,1,89.95,0.0,0.0,Completed,89.95
ORD-02124,CUST-0337,PROD-063,CHAN-2,2024-07-29,2,96.99,0.35,0.0,Completed,126.09
ORD-02125,CUST-1945,PROD-004,CHAN-1,2024-07-30,1,47.99,0.15,11.99,Completed,52.78
ORD-02126,CUST-0720,PROD-022,CHAN-2,2024-07-30,1,21.0,0.0,11.99,Completed,32.99
ORD-02127,CUST-0581,PROD-089,CHAN-2,2024-07-30,1,5.99,0.0,4.99,Completed,10.98
ORD-02128,CUST-0007,PROD-026,CHAN-2,2024-07-30,1,36.95,0.2,8.99,Completed,38.55
ORD-02129,CUST-1511,PROD-123,CHAN-3,2024-07-30,1,141.0,0.0,0.0,Completed,141.0
ORD-02130,CUST-0824,PROD-025,CHAN-1,2024-07-30,1,57.99,0.0,5.99,Completed,63.98
ORD-02131,CUST-0005,PROD-018,CHAN-2,2024-07-30,3,83.95,0.0,0.0,Completed,251.85
ORD-02132,CUST-0101,PROD-122,CHAN-1,2024-07-30,1,178.99,0.0,0.0,Completed,178.99
ORD-02133,CUST-0355,PROD-068,CHAN-1,2024-07-30,1,83.95,0.1,0.0,Completed,75.56
ORD-02134,CUST-0255,PROD-018,CHAN-2,2024-07-30,1,83.95,0.0,0.0,Completed,83.95
ORD-02135,CUST-0022,PROD-120,CHAN-1,2024-07-30,2,158.0,0.3,0.0,Completed,221.2
ORD-02136,CUST-1029,PROD-139,CHAN-2,2024-07-30,1,6.99,0.0,0.0,Cancelled,0.0
ORD-02137,CUST-0119,PROD-069,CHAN-2,2024-07-30,1,71.0,0.0,5.99,Completed,76.99
ORD-02138,CUST-1316,PROD-001,CHAN-3,2024-07-30,2,50.95,0.1,0.0,Returned,91.71
ORD-02139,CUST-0334,PROD-037,CHAN-1,2024-07-31,5,60.95,0.0,0.0,Completed,304.75
ORD-02140,CUST-0011,PROD-053,CHAN-2,2024-07-31,3,88.95,0.0,0.0,Completed,266.85
ORD-02141,CUST-1030,PROD-062,CHAN-1,2024-07-31,1,77.99,0.0,0.0,Completed,77.99
ORD-02142,CUST-0017,PROD-116,CHAN-2,2024-07-31,2,103.99,0.25,0.0,Completed,155.98
ORD-02143,CUST-0642,PROD-039,CHAN-1,2024-07-31,1,83.0,0.0,0.0,Completed,83.0
ORD-02144,CUST-0016,PROD-079,CHAN-1,2024-07-31,2,37.99,0.0,0.0,Completed,75.98
ORD-02145,CUST-0751,PROD-033,CHAN-1,2024-07-31,1,63.99,0.0,11.99,Completed,75.98
ORD-02146,CUST-0107,PROD-073,CHAN-1,2024-07-31,2,24.95,0.05,5.99,Completed,53.39
ORD-02147,CUST-0964,PROD-007,CHAN-2,2024-07-31,1,49.0,0.25,4.99,Completed,41.74
ORD-02148,CUST-0921,PROD-007,CHAN-1,2024-07-31,1,49.0,0.0,8.99,Completed,57.99
ORD-02149,CUST-0148,PROD-094,CHAN-2,2024-07-31,3,24.95,0.35,11.99,Completed,60.64
ORD-02150,CUST-0004,PROD-001,CHAN-2,2024-07-31,1,50.95,0.0,11.99,Completed,62.94
ORD-02151,CUST-0118,PROD-045,CHAN-1,2024-07-31,1,51.0,0.35,5.99,Completed,39.14
ORD-02152,CUST-0111,PROD-060,CHAN-3,2024-07-31,1,51.99,0.0,8.99,Completed,60.98
ORD-02153,CUST-1650,PROD-043,CHAN-4,2024-07-31,1,45.99,0.1,4.99,Completed,46.38
ORD-02154,CUST-0527,PROD-026,CHAN-2,2024-07-31,1,36.95,0.1,5.99,Completed,39.25
ORD-02155,CUST-0314,PROD-125,CHAN-1,2024-07-31,1,162.99,0.25,0.0,Completed,122.24
ORD-02156,CUST-0535,PROD-059,CHAN-1,2024-07-31,1,58.99,0.0,4.99,Completed,63.98
ORD-02157,CUST-1790,PROD-080,CHAN-1,2024-08-01,1,20.95,0.0,5.99,Refunded,26.94
ORD-02158,CUST-1872,PROD-079,CHAN-4,2024-08-01,1,37.99,0.0,4.99,Completed,42.98
ORD-02159,CUST-0901,PROD-076,CHAN-1,2024-08-01,1,7.99,0.0,4.99,Completed,12.98
ORD-02160,CUST-0580,PROD-036,CHAN-3,2024-08-01,2,102.99,0.0,0.0,Returned,205.98
ORD-02161,CUST-1296,PROD-097,CHAN-2,2024-08-01,1,6.0,0.05,11.99,Completed,17.69
ORD-02162,CUST-1219,PROD-037,CHAN-1,2024-08-01,1,60.95,0.0,5.99,Completed,66.94
ORD-02163,CUST-0017,PROD-072,CHAN-1,2024-08-01,1,35.95,0.0,5.99,Completed,41.94
ORD-02164,CUST-1775,PROD-090,CHAN-2,2024-08-01,1,21.0,0.0,11.99,Completed,32.99
ORD-02165,CUST-1250,PROD-086,CHAN-2,2024-08-01,4,7.0,0.1,8.99,Completed,34.19
ORD-02166,CUST-0033,PROD-134,CHAN-1,2024-08-01,1,3.99,0.1,8.99,Completed,12.58
ORD-02167,CUST-0013,PROD-044,CHAN-2,2024-08-01,5,66.0,0.0,0.0,Cancelled,0.0
ORD-02168,CUST-1870,PROD-140,CHAN-1,2024-08-01,5,12.0,0.0,11.99,Completed,71.99
ORD-02169,CUST-0255,PROD-109,CHAN-1,2024-08-01,1,68.99,0.05,11.99,Completed,77.53
ORD-02170,CUST-1823,PROD-135,CHAN-2,2024-08-01,2,13.99,0.0,4.99,Completed,32.97
ORD-02171,CUST-0027,PROD-078,CHAN-2,2024-08-01,1,9.99,0.0,8.99,Completed,18.98
ORD-02172,CUST-0011,PROD-003,CHAN-2,2024-08-02,1,70.99,0.15,11.99,Completed,72.33
ORD-02173,CUST-0273,PROD-021,CHAN-2,2024-08-02,2,39.0,0.4,5.99,Completed,52.79
ORD-02174,CUST-0729,PROD-040,CHAN-2,2024-08-02,1,106.95,0.0,0.0,Completed,106.95
ORD-02175,CUST-1342,PROD-018,CHAN-1,2024-08-02,2,83.95,0.0,0.0,Cancelled,0.0
ORD-02176,CUST-0142,PROD-107,CHAN-1,2024-08-02,2,53.0,0.0,0.0,Completed,106.0
ORD-02177,CUST-0003,PROD-024,CHAN-1,2024-08-02,2,39.0,0.0,0.0,Completed,78.0
ORD-02178,CUST-1828,PROD-033,CHAN-3,2024-08-02,1,63.99,0.0,5.99,Completed,69.98
ORD-02179,CUST-1830,PROD-098,CHAN-1,2024-08-03,2,30.99,0.4,11.99,Completed,49.18
ORD-02180,CUST-0385,PROD-001,CHAN-1,2024-08-03,3,50.95,0.0,0.0,Completed,152.85
ORD-02181,CUST-1627,PROD-095,CHAN-5,2024-08-03,2,18.95,0.0,5.99,Completed,43.89
ORD-02182,CUST-0001,PROD-014,CHAN-1,2024-08-04,1,19.0,0.15,11.99,Completed,28.14
ORD-02183,CUST-0044,PROD-039,CHAN-3,2024-08-04,2,83.0,0.05,0.0,Completed,157.7
ORD-02184,CUST-0554,PROD-129,CHAN-2,2024-08-04,2,8.99,0.4,8.99,Completed,19.78
ORD-02185,CUST-0253,PROD-013,CHAN-4,2024-08-04,1,41.95,0.0,11.99,Completed,53.94
ORD-02186,CUST-0329,PROD-018,CHAN-2,2024-08-04,5,83.95,0.0,0.0,Completed,419.75
ORD-02187,CUST-0001,PROD-121,CHAN-1,2024-08-04,1,156.99,0.0,0.0,Completed,156.99
ORD-02188,CUST-0025,PROD-086,CHAN-1,2024-08-04,1,7.0,0.0,11.99,Completed,18.99
ORD-02189,CUST-0088,PROD-004,CHAN-2,2024-08-04,1,47.99,0.0,4.99,Completed,52.98
ORD-02190,CUST-0046,PROD-013,CHAN-2,2024-08-04,1,41.95,0.05,5.99,Completed,45.84
ORD-02191,CUST-0001,PROD-011,CHAN-1,2024-08-04,1,18.95,0.0,11.99,Returned,30.94
ORD-02192,CUST-1437,PROD-093,CHAN-2,2024-08-04,1,25.99,0.0,11.99,Refunded,37.98
ORD-02193,CUST-0775,PROD-107,CHAN-2,2024-08-04,2,53.0,0.0,0.0,Completed,106.0
ORD-02194,CUST-0925,PROD-049,CHAN-1,2024-08-05,2,19.95,0.15,5.99,Completed,39.91
ORD-02195,CUST-0039,PROD-091,CHAN-3,2024-08-05,2,13.0,0.0,8.99,Completed,34.99
ORD-02196,CUST-0280,PROD-007,CHAN-1,2024-08-05,2,49.0,0.35,5.99,Completed,69.69
ORD-02197,CUST-1446,PROD-064,CHAN-1,2024-08-05,3,43.0,0.0,0.0,Completed,129.0
ORD-02198,CUST-1942,PROD-029,CHAN-2,2024-08-05,2,79.0,0.0,0.0,Completed,158.0
ORD-02199,CUST-0884,PROD-141,CHAN-1,2024-08-05,1,15.0,0.15,5.99,Completed,18.74
ORD-02200,CUST-0750,PROD-119,CHAN-3,2024-08-05,4,123.0,0.0,0.0,Completed,492.0
ORD-02201,CUST-0343,PROD-103,CHAN-1,2024-08-05,1,111.0,0.0,0.0,Completed,111.0
ORD-02202,CUST-0061,PROD-100,CHAN-5,2024-08-05,1,38.95,0.0,4.99,Completed,43.94
ORD-02203,CUST-0004,PROD-100,CHAN-2,2024-08-05,3,38.95,0.0,0.0,Completed,116.85
ORD-02204,CUST-0061,PROD-002,CHAN-2,2024-08-05,1,28.99,0.0,5.99,Completed,34.98
ORD-02205,CUST-0066,PROD-004,CHAN-1,2024-08-05,1,47.99,0.0,4.99,Completed,52.98
ORD-02206,CUST-1762,PROD-013,CHAN-1,2024-08-05,2,41.95,0.0,0.0,Returned,83.9
ORD-02207,CUST-0709,PROD-057,CHAN-2,2024-08-05,2,32.0,0.0,8.99,Completed,72.99
ORD-02208,CUST-1409,PROD-062,CHAN-3,2024-08-05,1,77.99,0.05,5.99,Completed,80.08
ORD-02209,CUST-0076,PROD-116,CHAN-2,2024-08-05,3,103.99,0.3,0.0,Completed,218.38
ORD-02210,CUST-0002,PROD-025,CHAN-4,2024-08-05,1,57.99,0.0,4.99,Completed,62.98
ORD-02211,CUST-1701,PROD-137,CHAN-3,2024-08-06,1,15.0,0.4,8.99,Completed,17.99
ORD-02212,CUST-0629,PROD-113,CHAN-2,2024-08-06,1,97.0,0.05,0.0,Completed,92.15
ORD-02213,CUST-1906,PROD-070,CHAN-5,2024-08-06,1,91.99,0.0,0.0,Completed,91.99
ORD-02214,CUST-0017,PROD-032,CHAN-1,2024-08-06,2,89.95,0.0,0.0,Returned,179.9
ORD-02215,CUST-0023,PROD-143,CHAN-1,2024-08-06,1,19.0,0.0,8.99,Completed,27.99
ORD-02216,CUST-0074,PROD-051,CHAN-1,2024-08-06,1,105.95,0.35,4.99,Completed,73.86
ORD-02217,CUST-0914,PROD-007,CHAN-1,2024-08-07,2,49.0,0.1,0.0,Completed,88.2
ORD-02218,CUST-0008,PROD-030,CHAN-1,2024-08-07,1,62.99,0.0,5.99,Completed,68.98
ORD-02219,CUST-0770,PROD-003,CHAN-3,2024-08-07,3,70.99,0.0,0.0,Completed,212.97
ORD-02220,CUST-0010,PROD-148,CHAN-1,2024-08-07,1,15.0,0.0,8.99,Completed,23.99
ORD-02221,CUST-0001,PROD-026,CHAN-2,2024-08-07,1,36.95,0.0,5.99,Completed,42.94
ORD-02222,CUST-1240,PROD-077,CHAN-1,2024-08-07,2,42.99,0.15,5.99,Completed,79.07
ORD-02223,CUST-1696,PROD-003,CHAN-1,2024-08-07,1,70.99,0.0,8.99,Completed,79.98
ORD-02224,CUST-0320,PROD-045,CHAN-1,2024-08-07,1,51.0,0.0,4.99,Completed,55.99
ORD-02225,CUST-0624,PROD-050,CHAN-1,2024-08-08,1,40.0,0.35,4.99,Completed,30.99
ORD-02226,CUST-0138,PROD-037,CHAN-4,2024-08-08,1,60.95,0.15,8.99,Completed,60.8
ORD-02227,CUST-0001,PROD-030,CHAN-3,2024-08-08,2,62.99,0.0,0.0,Completed,125.98
ORD-02228,CUST-0346,PROD-011,CHAN-2,2024-08-08,1,18.95,0.0,11.99,Completed,30.94
ORD-02229,CUST-2000,PROD-062,CHAN-2,2024-08-08,1,77.99,0.0,0.0,Completed,77.99
ORD-02230,CUST-0137,PROD-099,CHAN-2,2024-08-08,5,17.95,0.35,11.99,Completed,70.33
ORD-02231,CUST-0257,PROD-002,CHAN-2,2024-08-09,1,28.99,0.15,4.99,Completed,29.63
ORD-02232,CUST-0060,PROD-020,CHAN-2,2024-08-09,1,25.0,0.05,11.99,Returned,35.74
ORD-02233,CUST-0002,PROD-057,CHAN-1,2024-08-09,3,32.0,0.0,0.0,Completed,96.0
ORD-02234,CUST-0322,PROD-075,CHAN-1,2024-08-09,2,118.99,0.0,0.0,Completed,237.98
ORD-02235,CUST-0836,PROD-123,CHAN-1,2024-08-09,1,141.0,0.1,0.0,Completed,126.9
ORD-02236,CUST-0714,PROD-003,CHAN-1,2024-08-09,3,70.99,0.2,0.0,Completed,170.38
ORD-02237,CUST-0228,PROD-146,CHAN-1,2024-08-09,2,8.99,0.0,8.99,Completed,26.97
ORD-02238,CUST-0475,PROD-038,CHAN-5,2024-08-09,1,83.99,0.05,0.0,Completed,79.79
ORD-02239,CUST-1489,PROD-072,CHAN-1,2024-08-10,3,35.95,0.2,0.0,Completed,86.28
ORD-02240,CUST-0220,PROD-099,CHAN-1,2024-08-10,2,17.95,0.3,8.99,Completed,34.12
ORD-02241,CUST-0603,PROD-005,CHAN-2,2024-08-10,1,30.99,0.0,8.99,Completed,39.98
ORD-02242,CUST-0198,PROD-006,CHAN-1,2024-08-10,1,58.0,0.0,8.99,Completed,66.99
ORD-02243,CUST-0387,PROD-036,CHAN-2,2024-08-10,1,102.99,0.05,0.0,Returned,97.84
ORD-02244,CUST-0731,PROD-074,CHAN-1,2024-08-10,2,45.95,0.25,5.99,Completed,74.92
ORD-02245,CUST-0621,PROD-076,CHAN-1,2024-08-10,1,7.99,0.1,11.99,Completed,19.18
ORD-02246,CUST-1357,PROD-101,CHAN-1,2024-08-10,1,66.0,0.2,11.99,Completed,64.79
ORD-02247,CUST-0666,PROD-064,CHAN-3,2024-08-10,1,43.0,0.35,5.99,Completed,33.94
ORD-02248,CUST-0220,PROD-003,CHAN-1,2024-08-10,1,70.99,0.0,11.99,Completed,82.98
ORD-02249,CUST-1499,PROD-042,CHAN-3,2024-08-10,1,17.0,0.0,4.99,Returned,21.99
ORD-02250,CUST-0048,PROD-012,CHAN-1,2024-08-11,2,63.0,0.0,0.0,Completed,126.0
ORD-02251,CUST-0169,PROD-008,CHAN-1,2024-08-11,1,38.99,0.4,5.99,Completed,29.38
ORD-02252,CUST-0961,PROD-031,CHAN-2,2024-08-11,1,100.0,0.15,0.0,Completed,85.0
ORD-02253,CUST-0016,PROD-005,CHAN-2,2024-08-11,2,30.99,0.0,5.99,Completed,67.97
ORD-02254,CUST-0160,PROD-002,CHAN-1,2024-08-11,1,28.99,0.2,11.99,Returned,35.18
ORD-02255,CUST-0001,PROD-010,CHAN-1,2024-08-11,1,32.99,0.0,4.99,Completed,37.98
ORD-02256,CUST-0010,PROD-120,CHAN-2,2024-08-11,3,158.0,0.05,0.0,Completed,450.3
ORD-02257,CUST-0129,PROD-069,CHAN-1,2024-08-11,1,71.0,0.0,4.99,Completed,75.99
ORD-02258,CUST-0015,PROD-001,CHAN-4,2024-08-11,1,50.95,0.05,5.99,Completed,54.39
ORD-02259,CUST-1631,PROD-018,CHAN-1,2024-08-11,1,83.95,0.15,4.99,Completed,76.35
ORD-02260,CUST-0791,PROD-048,CHAN-4,2024-08-11,1,121.95,0.1,0.0,Returned,109.76
ORD-02261,CUST-0797,PROD-018,CHAN-1,2024-08-11,1,83.95,0.0,0.0,Completed,83.95
ORD-02262,CUST-0331,PROD-004,CHAN-1,2024-08-11,1,47.99,0.15,11.99,Completed,52.78
ORD-02263,CUST-0194,PROD-017,CHAN-1,2024-08-12,1,28.99,0.0,5.99,Completed,34.98
ORD-02264,CUST-1844,PROD-134,CHAN-2,2024-08-12,5,3.99,0.0,5.99,Completed,25.94
ORD-02265,CUST-0699,PROD-002,CHAN-1,2024-08-12,3,28.99,0.0,0.0,Completed,86.97
ORD-02266,CUST-0587,PROD-106,CHAN-3,2024-08-12,1,103.0,0.05,0.0,Completed,97.85
ORD-02267,CUST-0003,PROD-007,CHAN-1,2024-08-12,1,49.0,0.0,0.0,Cancelled,0.0
ORD-02268,CUST-0196,PROD-004,CHAN-1,2024-08-12,1,47.99,0.2,11.99,Completed,50.38
ORD-02269,CUST-0124,PROD-034,CHAN-1,2024-08-12,1,65.99,0.0,8.99,Returned,74.98
ORD-02270,CUST-1680,PROD-003,CHAN-1,2024-08-13,2,70.99,0.0,0.0,Completed,141.98
ORD-02271,CUST-0334,PROD-088,CHAN-1,2024-08-13,2,29.99,0.0,4.99,Completed,64.97
ORD-02272,CUST-1617,PROD-061,CHAN-1,2024-08-13,2,67.0,0.0,0.0,Refunded,134.0
ORD-02273,CUST-1073,PROD-084,CHAN-1,2024-08-13,2,17.0,0.0,8.99,Completed,42.99
ORD-02274,CUST-0017,PROD-009,CHAN-2,2024-08-13,1,60.99,0.0,4.99,Returned,65.98
ORD-02275,CUST-0666,PROD-056,CHAN-1,2024-08-13,1,131.0,0.0,0.0,Completed,131.0
ORD-02276,CUST-1617,PROD-006,CHAN-2,2024-08-14,1,58.0,0.15,5.99,Completed,55.29
ORD-02277,CUST-0261,PROD-014,CHAN-1,2024-08-14,1,19.0,0.15,11.99,Completed,28.14
ORD-02278,CUST-1903,PROD-059,CHAN-2,2024-08-14,1,58.99,0.0,8.99,Completed,67.98
ORD-02279,CUST-0392,PROD-023,CHAN-1,2024-08-14,1,58.95,0.1,8.99,Completed,62.05
ORD-02280,CUST-0075,PROD-007,CHAN-2,2024-08-14,2,49.0,0.0,0.0,Completed,98.0
ORD-02281,CUST-0020,PROD-001,CHAN-1,2024-08-14,4,50.95,0.0,0.0,Completed,203.8
ORD-02282,CUST-1209,PROD-053,CHAN-4,2024-08-14,1,88.95,0.05,0.0,Completed,84.5
ORD-02283,CUST-1912,PROD-015,CHAN-1,2024-08-14,1,65.0,0.0,5.99,Completed,70.99
ORD-02284,CUST-0160,PROD-059,CHAN-1,2024-08-14,1,58.99,0.0,11.99,Completed,70.98
ORD-02285,CUST-0075,PROD-001,CHAN-4,2024-08-14,2,50.95,0.35,8.99,Completed,75.22
ORD-02286,CUST-1847,PROD-077,CHAN-2,2024-08-15,1,42.99,0.15,5.99,Returned,42.53
ORD-02287,CUST-0014,PROD-007,CHAN-1,2024-08-15,2,49.0,0.0,0.0,Completed,98.0
ORD-02288,CUST-0026,PROD-128,CHAN-2,2024-08-15,2,5.95,0.0,11.99,Completed,23.89
ORD-02289,CUST-0011,PROD-013,CHAN-4,2024-08-15,1,41.95,0.0,5.99,Completed,47.94
ORD-02290,CUST-0089,PROD-008,CHAN-1,2024-08-15,1,38.99,0.0,5.99,Completed,44.98
ORD-02291,CUST-0617,PROD-032,CHAN-2,2024-08-15,1,89.95,0.0,0.0,Completed,89.95
ORD-02292,CUST-1108,PROD-092,CHAN-1,2024-08-15,1,8.0,0.0,5.99,Completed,13.99
ORD-02293,CUST-0005,PROD-094,CHAN-2,2024-08-16,3,24.95,0.0,11.99,Completed,86.84
ORD-02294,CUST-0052,PROD-032,CHAN-1,2024-08-16,1,89.95,0.0,0.0,Completed,89.95
ORD-02295,CUST-0361,PROD-002,CHAN-2,2024-08-16,1,28.99,0.1,5.99,Completed,32.08
ORD-02296,CUST-1210,PROD-013,CHAN-4,2024-08-16,5,41.95,0.05,0.0,Completed,199.26
ORD-02297,CUST-1595,PROD-091,CHAN-3,2024-08-16,1,13.0,0.0,4.99,Completed,17.99
ORD-02298,CUST-0032,PROD-069,CHAN-2,2024-08-16,4,71.0,0.15,0.0,Completed,241.4
ORD-02299,CUST-0396,PROD-013,CHAN-2,2024-08-16,4,41.95,0.35,0.0,Completed,109.07
ORD-02300,CUST-0028,PROD-017,CHAN-2,2024-08-16,1,28.99,0.0,4.99,Completed,33.98
ORD-02301,CUST-0001,PROD-019,CHAN-3,2024-08-16,1,35.95,0.15,11.99,Completed,42.55
ORD-02302,CUST-0219,PROD-087,CHAN-4,2024-08-17,4,34.99,0.0,0.0,Completed,139.96
ORD-02303,CUST-0210,PROD-136,CHAN-1,2024-08-17,2,4.0,0.1,4.99,Completed,12.19
ORD-02304,CUST-0618,PROD-011,CHAN-2,2024-08-17,1,18.95,0.0,0.0,Cancelled,0.0
ORD-02305,CUST-1383,PROD-021,CHAN-2,2024-08-17,1,39.0,0.0,4.99,Completed,43.99
ORD-02306,CUST-0039,PROD-148,CHAN-2,2024-08-17,4,15.0,0.35,5.99,Completed,44.99
ORD-02307,CUST-0088,PROD-006,CHAN-2,2024-08-17,1,58.0,0.0,5.99,Completed,63.99
ORD-02308,CUST-0027,PROD-080,CHAN-1,2024-08-17,1,20.95,0.0,8.99,Completed,29.94
ORD-02309,CUST-0117,PROD-048,CHAN-2,2024-08-17,1,121.95,0.0,0.0,Completed,121.95
ORD-02310,CUST-0367,PROD-005,CHAN-4,2024-08-17,3,30.99,0.0,0.0,Cancelled,0.0
ORD-02311,CUST-0726,PROD-001,CHAN-2,2024-08-17,1,50.95,0.05,4.99,Completed,53.39
ORD-02312,CUST-1972,PROD-149,CHAN-3,2024-08-18,1,11.99,0.15,4.99,Completed,15.18
ORD-02313,CUST-1759,PROD-056,CHAN-3,2024-08-18,1,131.0,0.0,0.0,Completed,131.0
ORD-02314,CUST-0106,PROD-033,CHAN-1,2024-08-18,1,63.99,0.0,8.99,Completed,72.98
ORD-02315,CUST-1325,PROD-001,CHAN-1,2024-08-18,1,50.95,0.0,5.99,Completed,56.94
ORD-02316,CUST-0188,PROD-150,CHAN-1,2024-08-18,1,7.0,0.1,11.99,Completed,18.29
ORD-02317,CUST-1576,PROD-117,CHAN-1,2024-08-18,2,27.99,0.2,11.99,Completed,56.77
ORD-02318,CUST-0651,PROD-088,CHAN-2,2024-08-18,5,29.99,0.0,0.0,Completed,149.95
ORD-02319,CUST-0003,PROD-010,CHAN-1,2024-08-18,1,32.99,0.0,4.99,Completed,37.98
ORD-02320,CUST-1605,PROD-047,CHAN-1,2024-08-18,1,82.0,0.0,0.0,Completed,82.0
ORD-02321,CUST-0204,PROD-140,CHAN-2,2024-08-18,1,12.0,0.0,11.99,Completed,23.99
ORD-02322,CUST-0812,PROD-089,CHAN-2,2024-08-18,1,5.99,0.0,11.99,Completed,17.98
ORD-02323,CUST-1394,PROD-080,CHAN-2,2024-08-18,5,20.95,0.1,0.0,Completed,94.28
ORD-02324,CUST-1110,PROD-103,CHAN-4,2024-08-18,1,111.0,0.0,0.0,Completed,111.0
ORD-02325,CUST-0319,PROD-051,CHAN-1,2024-08-18,2,105.95,0.15,0.0,Completed,180.12
ORD-02326,CUST-0969,PROD-078,CHAN-5,2024-08-18,1,9.99,0.05,8.99,Completed,18.48
ORD-02327,CUST-0881,PROD-046,CHAN-1,2024-08-19,1,36.99,0.05,5.99,Completed,41.13
ORD-02328,CUST-1489,PROD-053,CHAN-3,2024-08-19,1,88.95,0.0,0.0,Completed,88.95
ORD-02329,CUST-0045,PROD-019,CHAN-1,2024-08-19,4,35.95,0.0,0.0,Completed,143.8
ORD-02330,CUST-0001,PROD-146,CHAN-5,2024-08-19,5,8.99,0.3,4.99,Completed,36.45
ORD-02331,CUST-0286,PROD-140,CHAN-1,2024-08-19,1,12.0,0.3,8.99,Completed,17.39
ORD-02332,CUST-0047,PROD-134,CHAN-1,2024-08-19,1,3.99,0.0,8.99,Completed,12.98
ORD-02333,CUST-0006,PROD-014,CHAN-1,2024-08-19,2,19.0,0.0,5.99,Completed,43.99
ORD-02334,CUST-0497,PROD-122,CHAN-2,2024-08-19,4,178.99,0.35,0.0,Completed,465.37
ORD-02335,CUST-0340,PROD-061,CHAN-2,2024-08-19,1,67.0,0.0,0.0,Cancelled,0.0
ORD-02336,CUST-1277,PROD-062,CHAN-3,2024-08-19,2,77.99,0.0,0.0,Completed,155.98
ORD-02337,CUST-0033,PROD-063,CHAN-1,2024-08-20,1,96.99,0.0,0.0,Completed,96.99
ORD-02338,CUST-0709,PROD-150,CHAN-1,2024-08-20,1,7.0,0.4,4.99,Completed,9.19
ORD-02339,CUST-0006,PROD-025,CHAN-3,2024-08-20,2,57.99,0.2,0.0,Completed,92.78
ORD-02340,CUST-0885,PROD-121,CHAN-1,2024-08-20,1,156.99,0.0,0.0,Completed,156.99
ORD-02341,CUST-0004,PROD-109,CHAN-2,2024-08-20,1,68.99,0.0,5.99,Completed,74.98
ORD-02342,CUST-0123,PROD-023,CHAN-4,2024-08-20,1,58.95,0.0,8.99,Completed,67.94
ORD-02343,CUST-1007,PROD-016,CHAN-1,2024-08-20,2,25.0,0.25,8.99,Returned,46.49
ORD-02344,CUST-0116,PROD-078,CHAN-2,2024-08-20,1,9.99,0.0,11.99,Completed,21.98
ORD-02345,CUST-1020,PROD-051,CHAN-1,2024-08-20,2,105.95,0.0,0.0,Completed,211.9
ORD-02346,CUST-0493,PROD-001,CHAN-4,2024-08-20,1,50.95,0.0,11.99,Completed,62.94
ORD-02347,CUST-1371,PROD-117,CHAN-1,2024-08-21,1,27.99,0.25,4.99,Completed,25.98
ORD-02348,CUST-0203,PROD-031,CHAN-3,2024-08-21,2,100.0,0.0,0.0,Completed,200.0
ORD-02349,CUST-0014,PROD-056,CHAN-5,2024-08-21,1,131.0,0.1,0.0,Completed,117.9
ORD-02350,CUST-1050,PROD-088,CHAN-1,2024-08-21,1,29.99,0.0,4.99,Completed,34.98
ORD-02351,CUST-0845,PROD-038,CHAN-2,2024-08-21,2,83.99,0.0,0.0,Completed,167.98
ORD-02352,CUST-1021,PROD-013,CHAN-1,2024-08-21,1,41.95,0.0,8.99,Completed,50.94
ORD-02353,CUST-0336,PROD-019,CHAN-2,2024-08-21,1,35.95,0.0,5.99,Completed,41.94
ORD-02354,CUST-0339,PROD-022,CHAN-2,2024-08-21,1,21.0,0.0,8.99,Completed,29.99
ORD-02355,CUST-0080,PROD-123,CHAN-1,2024-08-21,1,141.0,0.0,0.0,Completed,141.0
ORD-02356,CUST-1620,PROD-044,CHAN-3,2024-08-22,1,66.0,0.0,5.99,Completed,71.99
ORD-02357,CUST-0313,PROD-032,CHAN-1,2024-08-22,1,89.95,0.0,0.0,Completed,89.95
ORD-02358,CUST-0151,PROD-067,CHAN-4,2024-08-22,1,95.99,0.1,0.0,Completed,86.39
ORD-02359,CUST-0113,PROD-031,CHAN-2,2024-08-22,2,100.0,0.0,0.0,Completed,200.0
ORD-02360,CUST-0238,PROD-001,CHAN-2,2024-08-22,2,50.95,0.0,0.0,Returned,101.9
ORD-02361,CUST-0346,PROD-051,CHAN-1,2024-08-22,1,105.95,0.0,0.0,Completed,105.95
ORD-02362,CUST-0052,PROD-029,CHAN-4,2024-08-22,1,79.0,0.0,0.0,Completed,79.0
ORD-02363,CUST-0033,PROD-012,CHAN-1,2024-08-22,1,63.0,0.0,4.99,Completed,67.99
ORD-02364,CUST-0234,PROD-024,CHAN-2,2024-08-22,1,39.0,0.35,5.99,Completed,31.34
ORD-02365,CUST-0006,PROD-001,CHAN-1,2024-08-22,1,50.95,0.0,5.99,Completed,56.94
ORD-02366,CUST-0120,PROD-089,CHAN-2,2024-08-22,1,5.99,0.0,4.99,Completed,10.98
ORD-02367,CUST-1304,PROD-014,CHAN-3,2024-08-22,1,19.0,0.0,11.99,Completed,30.99
ORD-02368,CUST-0185,PROD-026,CHAN-1,2024-08-22,4,36.95,0.1,0.0,Completed,133.02
ORD-02369,CUST-0017,PROD-019,CHAN-1,2024-08-23,1,35.95,0.0,11.99,Completed,47.94
ORD-02370,CUST-0020,PROD-001,CHAN-1,2024-08-23,2,50.95,0.3,8.99,Completed,80.32
ORD-02371,CUST-0123,PROD-004,CHAN-2,2024-08-23,5,47.99,0.0,0.0,Completed,239.95
ORD-02372,CUST-0050,PROD-013,CHAN-5,2024-08-23,1,41.95,0.0,8.99,Completed,50.94
ORD-02373,CUST-0342,PROD-010,CHAN-4,2024-08-23,4,32.99,0.0,0.0,Completed,131.96
ORD-02374,CUST-1155,PROD-016,CHAN-1,2024-08-23,1,25.0,0.2,8.99,Completed,28.99
ORD-02375,CUST-1466,PROD-125,CHAN-1,2024-08-23,1,162.99,0.0,0.0,Completed,162.99
ORD-02376,CUST-0024,PROD-029,CHAN-2,2024-08-23,1,79.0,0.0,0.0,Completed,79.0
ORD-02377,CUST-0140,PROD-001,CHAN-3,2024-08-23,2,50.95,0.0,0.0,Completed,101.9
ORD-02378,CUST-1840,PROD-077,CHAN-2,2024-08-23,1,42.99,0.05,11.99,Completed,52.83
ORD-02379,CUST-1997,PROD-052,CHAN-2,2024-08-23,1,124.0,0.15,0.0,Completed,105.4
ORD-02380,CUST-1274,PROD-001,CHAN-1,2024-08-23,1,50.95,0.0,8.99,Completed,59.94
ORD-02381,CUST-1485,PROD-070,CHAN-1,2024-08-23,1,91.99,0.0,0.0,Returned,91.99
ORD-02382,CUST-0889,PROD-082,CHAN-2,2024-08-23,1,22.0,0.0,8.99,Completed,30.99
ORD-02383,CUST-1623,PROD-046,CHAN-2,2024-08-24,1,36.99,0.35,8.99,Completed,33.03
ORD-02384,CUST-0127,PROD-115,CHAN-1,2024-08-24,1,166.95,0.3,0.0,Completed,116.86
ORD-02385,CUST-0294,PROD-084,CHAN-1,2024-08-24,1,17.0,0.0,5.99,Completed,22.99
ORD-02386,CUST-1627,PROD-049,CHAN-1,2024-08-24,1,19.95,0.0,11.99,Completed,31.94
ORD-02387,CUST-1994,PROD-007,CHAN-2,2024-08-24,1,49.0,0.0,5.99,Completed,54.99
ORD-02388,CUST-1443,PROD-085,CHAN-2,2024-08-24,1,23.95,0.0,5.99,Completed,29.94
ORD-02389,CUST-1418,PROD-031,CHAN-4,2024-08-25,1,100.0,0.0,0.0,Completed,100.0
ORD-02390,CUST-0756,PROD-002,CHAN-2,2024-08-25,1,28.99,0.0,0.0,Cancelled,0.0
ORD-02391,CUST-0134,PROD-004,CHAN-1,2024-08-25,1,47.99,0.0,5.99,Completed,53.98
ORD-02392,CUST-0113,PROD-119,CHAN-1,2024-08-25,2,123.0,0.35,0.0,Completed,159.9
ORD-02393,CUST-0006,PROD-053,CHAN-2,2024-08-25,4,88.95,0.0,0.0,Completed,355.8
ORD-02394,CUST-1278,PROD-032,CHAN-2,2024-08-25,1,89.95,0.0,0.0,Returned,89.95
ORD-02395,CUST-0437,PROD-002,CHAN-1,2024-08-25,1,28.99,0.0,4.99,Completed,33.98
ORD-02396,CUST-0829,PROD-037,CHAN-2,2024-08-25,1,60.95,0.0,5.99,Completed,66.94
ORD-02397,CUST-0007,PROD-081,CHAN-3,2024-08-26,3,38.95,0.0,0.0,Completed,116.85
ORD-02398,CUST-0456,PROD-085,CHAN-2,2024-08-26,1,23.95,0.0,8.99,Completed,32.94
ORD-02399,CUST-0024,PROD-002,CHAN-1,2024-08-26,1,28.99,0.05,8.99,Completed,36.53
ORD-02400,CUST-1989,PROD-029,CHAN-2,2024-08-26,1,79.0,0.25,4.99,Completed,64.24
ORD-02401,CUST-0038,PROD-002,CHAN-2,2024-08-26,2,28.99,0.0,11.99,Completed,69.97
ORD-02402,CUST-1991,PROD-021,CHAN-3,2024-08-26,1,39.0,0.0,11.99,Completed,50.99
ORD-02403,CUST-0743,PROD-054,CHAN-1,2024-08-26,1,109.0,0.15,0.0,Completed,92.65
ORD-02404,CUST-0001,PROD-022,CHAN-2,2024-08-26,1,21.0,0.0,5.99,Completed,26.99
ORD-02405,CUST-0530,PROD-014,CHAN-2,2024-08-26,2,19.0,0.0,11.99,Completed,49.99
ORD-02406,CUST-1013,PROD-042,CHAN-1,2024-08-27,2,17.0,0.0,4.99,Completed,38.99
ORD-02407,CUST-0031,PROD-014,CHAN-1,2024-08-27,1,19.0,0.0,4.99,Completed,23.99
ORD-02408,CUST-0734,PROD-064,CHAN-1,2024-08-27,1,43.0,0.0,11.99,Completed,54.99
ORD-02409,CUST-1558,PROD-039,CHAN-1,2024-08-27,1,83.0,0.0,0.0,Completed,83.0
ORD-02410,CUST-0033,PROD-004,CHAN-1,2024-08-27,1,47.99,0.4,4.99,Completed,33.78
ORD-02411,CUST-0056,PROD-119,CHAN-2,2024-08-27,1,123.0,0.0,0.0,Completed,123.0
ORD-02412,CUST-0743,PROD-136,CHAN-1,2024-08-27,2,4.0,0.0,11.99,Completed,19.99
ORD-02413,CUST-0482,PROD-005,CHAN-1,2024-08-27,1,30.99,0.0,4.99,Completed,35.98
ORD-02414,CUST-0748,PROD-011,CHAN-2,2024-08-27,1,18.95,0.0,11.99,Completed,30.94
ORD-02415,CUST-0245,PROD-112,CHAN-3,2024-08-27,1,115.0,0.0,0.0,Completed,115.0
ORD-02416,CUST-1858,PROD-002,CHAN-1,2024-08-27,1,28.99,0.0,8.99,Completed,37.98
ORD-02417,CUST-0519,PROD-059,CHAN-2,2024-08-28,1,58.99,0.0,8.99,Completed,67.98
ORD-02418,CUST-0026,PROD-109,CHAN-3,2024-08-28,1,68.99,0.0,0.0,Cancelled,0.0
ORD-02419,CUST-0674,PROD-054,CHAN-1,2024-08-28,1,109.0,0.0,0.0,Cancelled,0.0
ORD-02420,CUST-0761,PROD-044,CHAN-1,2024-08-28,3,66.0,0.3,0.0,Completed,138.6
ORD-02421,CUST-1273,PROD-012,CHAN-2,2024-08-28,3,63.0,0.0,0.0,Completed,189.0
ORD-02422,CUST-0008,PROD-039,CHAN-2,2024-08-28,1,83.0,0.15,11.99,Completed,82.54
ORD-02423,CUST-1236,PROD-023,CHAN-1,2024-08-28,1,58.95,0.0,5.99,Returned,64.94
ORD-02424,CUST-0003,PROD-026,CHAN-2,2024-08-28,1,36.95,0.0,11.99,Completed,48.94
ORD-02425,CUST-0627,PROD-071,CHAN-1,2024-08-28,1,54.99,0.0,5.99,Completed,60.98
ORD-02426,CUST-0730,PROD-034,CHAN-1,2024-08-28,1,65.99,0.15,11.99,Completed,68.08
ORD-02427,CUST-1883,PROD-028,CHAN-1,2024-08-29,1,109.0,0.0,0.0,Completed,109.0
ORD-02428,CUST-0006,PROD-046,CHAN-1,2024-08-29,1,36.99,0.35,8.99,Completed,33.03
ORD-02429,CUST-0270,PROD-001,CHAN-1,2024-08-29,1,50.95,0.3,5.99,Completed,41.66
ORD-02430,CUST-0001,PROD-102,CHAN-4,2024-08-29,1,137.0,0.05,0.0,Completed,130.15
ORD-02431,CUST-0392,PROD-013,CHAN-2,2024-08-29,1,41.95,0.0,4.99,Completed,46.94
ORD-02432,CUST-0071,PROD-073,CHAN-1,2024-08-29,1,24.95,0.0,4.99,Completed,29.94
ORD-02433,CUST-0986,PROD-066,CHAN-2,2024-08-29,1,71.95,0.15,11.99,Completed,73.15
ORD-02434,CUST-0319,PROD-030,CHAN-1,2024-08-29,1,62.99,0.0,5.99,Completed,68.98
ORD-02435,CUST-0372,PROD-072,CHAN-2,2024-08-29,1,35.95,0.2,5.99,Completed,34.75
ORD-02436,CUST-0200,PROD-022,CHAN-2,2024-08-30,1,21.0,0.0,11.99,Completed,32.99
ORD-02437,CUST-1461,PROD-073,CHAN-3,2024-08-30,2,24.95,0.0,8.99,Completed,58.89
ORD-02438,CUST-1848,PROD-061,CHAN-4,2024-08-30,1,67.0,0.0,4.99,Completed,71.99
ORD-02439,CUST-0003,PROD-051,CHAN-5,2024-08-30,1,105.95,0.0,0.0,Completed,105.95
ORD-02440,CUST-0041,PROD-041,CHAN-2,2024-08-30,1,27.95,0.25,5.99,Completed,26.95
ORD-02441,CUST-0817,PROD-143,CHAN-3,2024-08-30,1,19.0,0.0,8.99,Completed,27.99
ORD-02442,CUST-0112,PROD-022,CHAN-1,2024-08-30,1,21.0,0.1,11.99,Completed,30.89
ORD-02443,CUST-0967,PROD-021,CHAN-3,2024-08-30,3,39.0,0.0,0.0,Completed,117.0
ORD-02444,CUST-0001,PROD-147,CHAN-2,2024-08-30,1,5.95,0.35,11.99,Completed,15.86
ORD-02445,CUST-0172,PROD-041,CHAN-1,2024-08-30,1,27.95,0.0,11.99,Returned,39.94
ORD-02446,CUST-0008,PROD-058,CHAN-1,2024-08-31,1,86.0,0.15,4.99,Completed,78.09
ORD-02447,CUST-0418,PROD-051,CHAN-1,2024-08-31,1,105.95,0.3,11.99,Completed,86.15
ORD-02448,CUST-1477,PROD-056,CHAN-1,2024-08-31,1,131.0,0.0,0.0,Cancelled,0.0
ORD-02449,CUST-0318,PROD-002,CHAN-2,2024-08-31,2,28.99,0.0,8.99,Completed,66.97
ORD-02450,CUST-0924,PROD-008,CHAN-3,2024-08-31,1,38.99,0.0,4.99,Completed,43.98
ORD-02451,CUST-1725,PROD-002,CHAN-2,2024-08-31,1,28.99,0.0,5.99,Completed,34.98
ORD-02452,CUST-0058,PROD-089,CHAN-2,2024-08-31,1,5.99,0.0,4.99,Completed,10.98
ORD-02453,CUST-0535,PROD-037,CHAN-1,2024-08-31,5,60.95,0.15,0.0,Completed,259.04
ORD-02454,CUST-1494,PROD-014,CHAN-2,2024-08-31,1,19.0,0.0,4.99,Completed,23.99
ORD-02455,CUST-1013,PROD-130,CHAN-1,2024-08-31,2,5.95,0.0,8.99,Completed,20.89
ORD-02456,CUST-0320,PROD-025,CHAN-4,2024-08-31,1,57.99,0.0,11.99,Completed,69.98
ORD-02457,CUST-0272,PROD-068,CHAN-1,2024-09-01,1,83.95,0.0,0.0,Completed,83.95
ORD-02458,CUST-1655,PROD-069,CHAN-3,2024-09-01,1,71.0,0.25,11.99,Completed,65.24
ORD-02459,CUST-0401,PROD-142,CHAN-1,2024-09-01,1,5.0,0.0,8.99,Completed,13.99
ORD-02460,CUST-0341,PROD-024,CHAN-1,2024-09-01,2,39.0,0.4,11.99,Completed,58.79
ORD-02461,CUST-1951,PROD-049,CHAN-2,2024-09-01,2,19.95,0.0,8.99,Completed,48.89
ORD-02462,CUST-0776,PROD-001,CHAN-1,2024-09-01,1,50.95,0.35,11.99,Completed,45.11
ORD-02463,CUST-0001,PROD-016,CHAN-1,2024-09-01,1,25.0,0.0,4.99,Completed,29.99
ORD-02464,CUST-0004,PROD-043,CHAN-1,2024-09-01,2,45.99,0.0,0.0,Returned,91.98
ORD-02465,CUST-0001,PROD-106,CHAN-4,2024-09-01,2,103.0,0.35,0.0,Completed,133.9
ORD-02466,CUST-0875,PROD-131,CHAN-1,2024-09-01,5,7.95,0.0,8.99,Completed,48.74
ORD-02467,CUST-1006,PROD-079,CHAN-1,2024-09-01,1,37.99,0.3,11.99,Completed,38.58
ORD-02468,CUST-0647,PROD-058,CHAN-2,2024-09-01,1,86.0,0.0,0.0,Completed,86.0
ORD-02469,CUST-0138,PROD-029,CHAN-1,2024-09-01,1,79.0,0.0,0.0,Completed,79.0
ORD-02470,CUST-0017,PROD-021,CHAN-2,2024-09-01,1,39.0,0.0,0.0,Cancelled,0.0
ORD-02471,CUST-1725,PROD-088,CHAN-2,2024-09-01,1,29.99,0.0,8.99,Completed,38.98
ORD-02472,CUST-0525,PROD-043,CHAN-5,2024-09-01,2,45.99,0.0,0.0,Completed,91.98
ORD-02473,CUST-0464,PROD-108,CHAN-1,2024-09-01,1,114.95,0.0,0.0,Completed,114.95
ORD-02474,CUST-0745,PROD-003,CHAN-1,2024-09-02,2,70.99,0.0,0.0,Completed,141.98
ORD-02475,CUST-0072,PROD-059,CHAN-4,2024-09-02,1,58.99,0.25,4.99,Completed,49.23
ORD-02476,CUST-0043,PROD-003,CHAN-1,2024-09-02,1,70.99,0.0,11.99,Refunded,82.98
ORD-02477,CUST-0007,PROD-029,CHAN-1,2024-09-02,2,79.0,0.2,0.0,Completed,126.4
ORD-02478,CUST-1377,PROD-092,CHAN-2,2024-09-02,1,8.0,0.0,4.99,Completed,12.99
ORD-02479,CUST-0802,PROD-021,CHAN-1,2024-09-02,2,39.0,0.0,0.0,Completed,78.0
ORD-02480,CUST-0122,PROD-009,CHAN-3,2024-09-02,3,60.99,0.3,0.0,Completed,128.08
ORD-02481,CUST-0123,PROD-020,CHAN-2,2024-09-02,2,25.0,0.0,0.0,Cancelled,0.0
ORD-02482,CUST-0004,PROD-053,CHAN-4,2024-09-02,1,88.95,0.0,0.0,Completed,88.95
ORD-02483,CUST-1547,PROD-136,CHAN-1,2024-09-02,2,4.0,0.4,8.99,Completed,13.79
ORD-02484,CUST-0054,PROD-081,CHAN-2,2024-09-03,1,38.95,0.0,4.99,Completed,43.94
ORD-02485,CUST-0820,PROD-099,CHAN-1,2024-09-03,1,17.95,0.0,4.99,Completed,22.94
ORD-02486,CUST-0008,PROD-050,CHAN-5,2024-09-03,2,40.0,0.4,4.99,Completed,52.99
ORD-02487,CUST-0228,PROD-044,CHAN-1,2024-09-03,1,66.0,0.0,8.99,Completed,74.99
ORD-02488,CUST-0294,PROD-033,CHAN-2,2024-09-03,3,63.99,0.0,0.0,Completed,191.97
ORD-02489,CUST-0525,PROD-055,CHAN-1,2024-09-03,5,110.99,0.0,0.0,Completed,554.95
ORD-02490,CUST-1004,PROD-115,CHAN-1,2024-09-03,1,166.95,0.0,0.0,Completed,166.95
ORD-02491,CUST-0361,PROD-007,CHAN-2,2024-09-03,3,49.0,0.0,0.0,Completed,147.0
ORD-02492,CUST-0023,PROD-003,CHAN-2,2024-09-03,1,70.99,0.0,4.99,Completed,75.98
ORD-02493,CUST-0572,PROD-072,CHAN-1,2024-09-03,2,35.95,0.0,0.0,Cancelled,0.0
ORD-02494,CUST-0412,PROD-113,CHAN-2,2024-09-04,2,97.0,0.05,0.0,Completed,184.3
ORD-02495,CUST-0001,PROD-011,CHAN-1,2024-09-04,1,18.95,0.0,11.99,Completed,30.94
ORD-02496,CUST-1463,PROD-034,CHAN-3,2024-09-04,1,65.99,0.3,4.99,Completed,51.18
ORD-02497,CUST-0123,PROD-120,CHAN-1,2024-09-04,2,158.0,0.0,0.0,Completed,316.0
ORD-02498,CUST-0053,PROD-135,CHAN-2,2024-09-04,2,13.99,0.0,4.99,Completed,32.97
ORD-02499,CUST-0007,PROD-037,CHAN-4,2024-09-04,2,60.95,0.25,0.0,Completed,91.43
ORD-02500,CUST-0003,PROD-015,CHAN-1,2024-09-04,1,65.0,0.0,11.99,Completed,76.99
ORD-02501,CUST-0863,PROD-007,CHAN-1,2024-09-04,1,49.0,0.15,11.99,Completed,53.64
ORD-02502,CUST-0294,PROD-082,CHAN-4,2024-09-04,1,22.0,0.15,11.99,Completed,30.69
ORD-02503,CUST-0801,PROD-010,CHAN-1,2024-09-04,1,32.99,0.0,5.99,Completed,38.98
ORD-02504,CUST-0016,PROD-017,CHAN-1,2024-09-04,2,28.99,0.0,8.99,Completed,66.97
ORD-02505,CUST-0901,PROD-142,CHAN-2,2024-09-04,1,5.0,0.0,5.99,Completed,10.99
ORD-02506,CUST-0113,PROD-017,CHAN-1,2024-09-04,1,28.99,0.0,4.99,Completed,33.98
ORD-02507,CUST-0376,PROD-024,CHAN-1,2024-09-04,1,39.0,0.0,5.99,Completed,44.99
ORD-02508,CUST-0044,PROD-003,CHAN-2,2024-09-05,1,70.99,0.0,5.99,Completed,76.98
ORD-02509,CUST-0846,PROD-024,CHAN-1,2024-09-05,2,39.0,0.4,4.99,Completed,51.79
ORD-02510,CUST-0472,PROD-010,CHAN-3,2024-09-05,1,32.99,0.35,5.99,Completed,27.43
ORD-02511,CUST-0037,PROD-085,CHAN-2,2024-09-05,1,23.95,0.3,8.99,Completed,25.75
ORD-02512,CUST-0004,PROD-110,CHAN-1,2024-09-05,1,35.95,0.0,4.99,Completed,40.94
ORD-02513,CUST-0350,PROD-124,CHAN-1,2024-09-05,2,180.95,0.3,0.0,Completed,253.33
ORD-02514,CUST-0457,PROD-028,CHAN-2,2024-09-05,4,109.0,0.0,0.0,Completed,436.0
ORD-02515,CUST-0049,PROD-005,CHAN-4,2024-09-05,1,30.99,0.35,5.99,Completed,26.13
ORD-02516,CUST-0231,PROD-050,CHAN-2,2024-09-05,2,40.0,0.0,0.0,Completed,80.0
ORD-02517,CUST-1598,PROD-028,CHAN-1,2024-09-05,1,109.0,0.0,0.0,Completed,109.0
ORD-02518,CUST-0203,PROD-053,CHAN-1,2024-09-05,1,88.95,0.1,0.0,Completed,80.06
ORD-02519,CUST-0275,PROD-071,CHAN-2,2024-09-05,1,54.99,0.4,5.99,Completed,38.98
ORD-02520,CUST-0024,PROD-027,CHAN-2,2024-09-05,1,54.0,0.0,11.99,Completed,65.99
ORD-02521,CUST-0763,PROD-039,CHAN-1,2024-09-05,2,83.0,0.1,0.0,Completed,149.4
ORD-02522,CUST-0007,PROD-042,CHAN-1,2024-09-05,1,17.0,0.35,8.99,Completed,20.04
ORD-02523,CUST-0328,PROD-038,CHAN-2,2024-09-05,2,83.99,0.1,0.0,Completed,151.18
ORD-02524,CUST-0857,PROD-026,CHAN-2,2024-09-06,1,36.95,0.0,11.99,Completed,48.94
ORD-02525,CUST-0210,PROD-054,CHAN-4,2024-09-06,1,109.0,0.15,0.0,Completed,92.65
ORD-02526,CUST-1533,PROD-002,CHAN-1,2024-09-06,1,28.99,0.0,11.99,Completed,40.98
ORD-02527,CUST-0578,PROD-004,CHAN-3,2024-09-06,2,47.99,0.0,0.0,Completed,95.98
ORD-02528,CUST-0642,PROD-032,CHAN-4,2024-09-06,2,89.95,0.0,0.0,Completed,179.9
ORD-02529,CUST-0322,PROD-074,CHAN-2,2024-09-06,1,45.95,0.05,8.99,Completed,52.64
ORD-02530,CUST-0116,PROD-033,CHAN-1,2024-09-06,1,63.99,0.0,8.99,Completed,72.98
ORD-02531,CUST-0761,PROD-136,CHAN-4,2024-09-06,1,4.0,0.0,11.99,Completed,15.99
ORD-02532,CUST-0531,PROD-007,CHAN-2,2024-09-06,1,49.0,0.25,11.99,Completed,48.74
ORD-02533,CUST-0081,PROD-067,CHAN-1,2024-09-06,1,95.99,0.25,8.99,Completed,80.98
ORD-02534,CUST-1221,PROD-016,CHAN-1,2024-09-07,1,25.0,0.4,8.99,Completed,23.99
ORD-02535,CUST-0061,PROD-006,CHAN-2,2024-09-07,1,58.0,0.3,4.99,Completed,45.59
ORD-02536,CUST-1118,PROD-006,CHAN-2,2024-09-07,1,58.0,0.4,5.99,Completed,40.79
ORD-02537,CUST-0642,PROD-054,CHAN-4,2024-09-07,1,109.0,0.0,0.0,Returned,109.0
ORD-02538,CUST-0313,PROD-117,CHAN-1,2024-09-07,1,27.99,0.25,4.99,Completed,25.98
ORD-02539,CUST-0051,PROD-060,CHAN-1,2024-09-07,1,51.99,0.0,4.99,Completed,56.98
ORD-02540,CUST-0260,PROD-057,CHAN-1,2024-09-07,1,32.0,0.0,4.99,Completed,36.99
ORD-02541,CUST-0547,PROD-134,CHAN-2,2024-09-07,2,3.99,0.1,4.99,Completed,12.17
ORD-02542,CUST-0149,PROD-013,CHAN-2,2024-09-08,2,41.95,0.0,0.0,Completed,83.9
ORD-02543,CUST-0256,PROD-107,CHAN-5,2024-09-08,1,53.0,0.0,5.99,Completed,58.99
ORD-02544,CUST-0003,PROD-005,CHAN-1,2024-09-08,1,30.99,0.0,4.99,Completed,35.98
ORD-02545,CUST-1379,PROD-001,CHAN-1,2024-09-08,1,50.95,0.0,11.99,Completed,62.94
ORD-02546,CUST-1653,PROD-067,CHAN-4,2024-09-08,4,95.99,0.0,0.0,Completed,383.96
ORD-02547,CUST-0318,PROD-010,CHAN-1,2024-09-08,1,32.99,0.0,8.99,Completed,41.98
ORD-02548,CUST-0798,PROD-001,CHAN-1,2024-09-08,1,50.95,0.3,8.99,Completed,44.66
ORD-02549,CUST-0616,PROD-066,CHAN-1,2024-09-08,2,71.95,0.0,0.0,Completed,143.9
ORD-02550,CUST-0382,PROD-003,CHAN-2,2024-09-08,3,70.99,0.0,0.0,Completed,212.97
ORD-02551,CUST-0004,PROD-024,CHAN-2,2024-09-08,1,39.0,0.0,4.99,Completed,43.99
ORD-02552,CUST-1367,PROD-014,CHAN-2,2024-09-08,1,19.0,0.0,4.99,Completed,23.99
ORD-02553,CUST-0512,PROD-007,CHAN-1,2024-09-08,1,49.0,0.0,5.99,Completed,54.99
ORD-02554,CUST-0055,PROD-019,CHAN-3,2024-09-08,1,35.95,0.4,4.99,Completed,26.56
ORD-02555,CUST-0943,PROD-030,CHAN-2,2024-09-08,4,62.99,0.0,0.0,Completed,251.96
ORD-02556,CUST-0054,PROD-111,CHAN-2,2024-09-09,2,27.99,0.1,5.99,Returned,56.37
ORD-02557,CUST-0640,PROD-028,CHAN-1,2024-09-09,1,109.0,0.0,0.0,Completed,109.0
ORD-02558,CUST-0385,PROD-148,CHAN-2,2024-09-09,1,15.0,0.4,5.99,Completed,14.99
ORD-02559,CUST-1203,PROD-088,CHAN-1,2024-09-09,1,29.99,0.0,8.99,Completed,38.98
ORD-02560,CUST-0012,PROD-115,CHAN-3,2024-09-09,1,166.95,0.0,0.0,Completed,166.95
ORD-02561,CUST-0081,PROD-094,CHAN-4,2024-09-09,2,24.95,0.05,8.99,Returned,56.39
ORD-02562,CUST-0529,PROD-011,CHAN-2,2024-09-09,1,18.95,0.4,8.99,Completed,20.36
ORD-02563,CUST-1130,PROD-024,CHAN-3,2024-09-09,1,39.0,0.0,5.99,Completed,44.99
ORD-02564,CUST-1191,PROD-018,CHAN-1,2024-09-09,1,83.95,0.25,5.99,Completed,68.95
ORD-02565,CUST-0005,PROD-135,CHAN-2,2024-09-09,1,13.99,0.25,4.99,Completed,15.48
ORD-02566,CUST-1251,PROD-112,CHAN-2,2024-09-09,3,115.0,0.1,0.0,Completed,310.5
ORD-02567,CUST-0004,PROD-003,CHAN-2,2024-09-09,1,70.99,0.3,4.99,Completed,54.68
ORD-02568,CUST-0267,PROD-018,CHAN-1,2024-09-09,2,83.95,0.25,0.0,Completed,125.93
ORD-02569,CUST-0502,PROD-150,CHAN-2,2024-09-09,1,7.0,0.0,5.99,Completed,12.99
ORD-02570,CUST-0068,PROD-018,CHAN-3,2024-09-09,1,83.95,0.2,11.99,Completed,79.15
ORD-02571,CUST-0049,PROD-123,CHAN-2,2024-09-09,1,141.0,0.0,0.0,Cancelled,0.0
ORD-02572,CUST-0044,PROD-111,CHAN-3,2024-09-09,1,27.99,0.0,5.99,Completed,33.98
ORD-02573,CUST-0209,PROD-104,CHAN-2,2024-09-09,2,72.99,0.0,0.0,Completed,145.98
ORD-02574,CUST-0354,PROD-125,CHAN-1,2024-09-09,1,162.99,0.0,0.0,Completed,162.99
ORD-02575,CUST-0799,PROD-044,CHAN-3,2024-09-09,1,66.0,0.0,8.99,Completed,74.99
ORD-02576,CUST-1268,PROD-015,CHAN-2,2024-09-09,1,65.0,0.0,8.99,Completed,73.99
ORD-02577,CUST-0538,PROD-077,CHAN-1,2024-09-10,1,42.99,0.2,8.99,Completed,43.38
ORD-02578,CUST-0389,PROD-104,CHAN-1,2024-09-10,1,72.99,0.0,8.99,Completed,81.98
ORD-02579,CUST-0077,PROD-135,CHAN-1,2024-09-10,1,13.99,0.4,5.99,Completed,14.38
ORD-02580,CUST-1035,PROD-073,CHAN-1,2024-09-10,4,24.95,0.0,0.0,Completed,99.8
ORD-02581,CUST-0535,PROD-038,CHAN-1,2024-09-10,2,83.99,0.4,0.0,Completed,100.79
ORD-02582,CUST-0056,PROD-014,CHAN-1,2024-09-10,2,19.0,0.0,8.99,Returned,46.99
ORD-02583,CUST-0507,PROD-056,CHAN-1,2024-09-10,1,131.0,0.0,0.0,Completed,131.0
ORD-02584,CUST-0979,PROD-021,CHAN-3,2024-09-10,1,39.0,0.0,4.99,Completed,43.99
ORD-02585,CUST-0954,PROD-001,CHAN-2,2024-09-10,4,50.95,0.35,0.0,Returned,132.47
ORD-02586,CUST-1901,PROD-014,CHAN-1,2024-09-10,1,19.0,0.25,5.99,Completed,20.24
ORD-02587,CUST-1391,PROD-049,CHAN-1,2024-09-10,1,19.95,0.0,8.99,Completed,28.94
ORD-02588,CUST-1727,PROD-043,CHAN-1,2024-09-10,1,45.99,0.0,5.99,Completed,51.98
ORD-02589,CUST-0072,PROD-055,CHAN-4,2024-09-10,2,110.99,0.4,0.0,Completed,133.19
ORD-02590,CUST-0262,PROD-102,CHAN-1,2024-09-10,1,137.0,0.25,0.0,Completed,102.75
ORD-02591,CUST-1912,PROD-015,CHAN-1,2024-09-10,4,65.0,0.0,0.0,Completed,260.0
ORD-02592,CUST-0016,PROD-087,CHAN-4,2024-09-10,1,34.99,0.25,11.99,Completed,38.23
ORD-02593,CUST-0001,PROD-022,CHAN-1,2024-09-11,1,21.0,0.0,4.99,Completed,25.99
ORD-02594,CUST-1065,PROD-030,CHAN-1,2024-09-11,1,62.99,0.0,4.99,Completed,67.98
ORD-02595,CUST-0477,PROD-110,CHAN-1,2024-09-11,2,35.95,0.4,5.99,Completed,49.13
ORD-02596,CUST-0444,PROD-015,CHAN-1,2024-09-11,1,65.0,0.0,5.99,Completed,70.99
ORD-02597,CUST-0569,PROD-010,CHAN-4,2024-09-11,1,32.99,0.05,11.99,Completed,43.33
ORD-02598,CUST-1599,PROD-001,CHAN-1,2024-09-11,1,50.95,0.1,4.99,Completed,50.85
ORD-02599,CUST-0073,PROD-111,CHAN-1,2024-09-11,1,27.99,0.0,4.99,Completed,32.98
ORD-02600,CUST-0012,PROD-027,CHAN-3,2024-09-12,1,54.0,0.05,11.99,Completed,63.29
ORD-02601,CUST-0885,PROD-020,CHAN-4,2024-09-12,2,25.0,0.0,8.99,Completed,58.99
ORD-02602,CUST-0210,PROD-028,CHAN-4,2024-09-12,1,109.0,0.0,0.0,Completed,109.0
ORD-02603,CUST-0792,PROD-027,CHAN-1,2024-09-12,2,54.0,0.0,0.0,Completed,108.0
ORD-02604,CUST-0534,PROD-038,CHAN-2,2024-09-13,1,83.99,0.0,0.0,Completed,83.99
ORD-02605,CUST-1079,PROD-135,CHAN-3,2024-09-13,1,13.99,0.0,4.99,Completed,18.98
ORD-02606,CUST-0191,PROD-098,CHAN-2,2024-09-13,1,30.99,0.0,5.99,Completed,36.98
ORD-02607,CUST-1630,PROD-044,CHAN-2,2024-09-13,1,66.0,0.0,5.99,Completed,71.99
ORD-02608,CUST-0005,PROD-001,CHAN-4,2024-09-13,1,50.95,0.0,5.99,Completed,56.94
ORD-02609,CUST-0274,PROD-107,CHAN-2,2024-09-13,1,53.0,0.1,11.99,Completed,59.69
ORD-02610,CUST-0089,PROD-104,CHAN-1,2024-09-13,1,72.99,0.35,4.99,Completed,52.43
ORD-02611,CUST-0033,PROD-012,CHAN-1,2024-09-13,1,63.0,0.0,0.0,Cancelled,0.0
ORD-02612,CUST-0044,PROD-069,CHAN-1,2024-09-13,1,71.0,0.0,0.0,Cancelled,0.0
ORD-02613,CUST-0338,PROD-127,CHAN-3,2024-09-13,4,7.95,0.4,4.99,Completed,24.07
ORD-02614,CUST-0638,PROD-068,CHAN-2,2024-09-13,1,83.95,0.0,0.0,Completed,83.95
ORD-02615,CUST-0019,PROD-045,CHAN-1,2024-09-14,1,51.0,0.0,0.0,Cancelled,0.0
ORD-02616,CUST-0363,PROD-004,CHAN-1,2024-09-14,1,47.99,0.2,8.99,Completed,47.38
ORD-02617,CUST-1893,PROD-004,CHAN-1,2024-09-14,2,47.99,0.0,0.0,Completed,95.98
ORD-02618,CUST-0295,PROD-004,CHAN-1,2024-09-14,1,47.99,0.15,8.99,Completed,49.78
ORD-02619,CUST-0036,PROD-002,CHAN-1,2024-09-14,2,28.99,0.0,11.99,Completed,69.97
ORD-02620,CUST-0486,PROD-055,CHAN-1,2024-09-14,1,110.99,0.0,0.0,Completed,110.99
ORD-02621,CUST-1274,PROD-003,CHAN-3,2024-09-14,1,70.99,0.0,8.99,Completed,79.98
ORD-02622,CUST-1242,PROD-017,CHAN-1,2024-09-14,2,28.99,0.4,11.99,Completed,46.78
ORD-02623,CUST-1047,PROD-010,CHAN-5,2024-09-14,1,32.99,0.0,5.99,Completed,38.98
ORD-02624,CUST-0005,PROD-053,CHAN-2,2024-09-14,4,88.95,0.0,0.0,Completed,355.8
ORD-02625,CUST-0190,PROD-001,CHAN-2,2024-09-14,1,50.95,0.3,8.99,Completed,44.66
ORD-02626,CUST-0224,PROD-037,CHAN-1,2024-09-14,1,60.95,0.0,4.99,Completed,65.94
ORD-02627,CUST-0216,PROD-076,CHAN-2,2024-09-15,1,7.99,0.0,5.99,Completed,13.98
ORD-02628,CUST-0039,PROD-011,CHAN-1,2024-09-15,1,18.95,0.0,11.99,Completed,30.94
ORD-02629,CUST-1971,PROD-064,CHAN-2,2024-09-15,1,43.0,0.0,5.99,Completed,48.99
ORD-02630,CUST-0101,PROD-124,CHAN-4,2024-09-15,1,180.95,0.0,0.0,Completed,180.95
ORD-02631,CUST-0084,PROD-089,CHAN-1,2024-09-15,2,5.99,0.15,11.99,Completed,22.17
ORD-02632,CUST-1171,PROD-004,CHAN-5,2024-09-15,4,47.99,0.0,0.0,Completed,191.96
ORD-02633,CUST-1678,PROD-038,CHAN-1,2024-09-15,1,83.99,0.0,0.0,Completed,83.99
ORD-02634,CUST-0208,PROD-008,CHAN-1,2024-09-15,1,38.99,0.0,4.99,Completed,43.98
ORD-02635,CUST-0005,PROD-018,CHAN-1,2024-09-15,2,83.95,0.0,0.0,Returned,167.9
ORD-02636,CUST-0613,PROD-002,CHAN-4,2024-09-15,1,28.99,0.15,8.99,Completed,33.63
ORD-02637,CUST-0494,PROD-090,CHAN-2,2024-09-15,1,21.0,0.0,5.99,Completed,26.99
ORD-02638,CUST-1536,PROD-127,CHAN-2,2024-09-15,1,7.95,0.0,5.99,Completed,13.94
ORD-02639,CUST-0003,PROD-048,CHAN-1,2024-09-15,2,121.95,0.0,0.0,Completed,243.9
ORD-02640,CUST-0189,PROD-070,CHAN-1,2024-09-15,1,91.99,0.15,0.0,Completed,78.19
ORD-02641,CUST-0017,PROD-001,CHAN-2,2024-09-15,2,50.95,0.0,0.0,Completed,101.9
ORD-02642,CUST-0540,PROD-050,CHAN-2,2024-09-15,1,40.0,0.05,4.99,Completed,42.99
ORD-02643,CUST-0144,PROD-016,CHAN-2,2024-09-15,1,25.0,0.0,4.99,Completed,29.99
ORD-02644,CUST-0001,PROD-054,CHAN-4,2024-09-15,1,109.0,0.0,0.0,Completed,109.0
ORD-02645,CUST-1039,PROD-068,CHAN-2,2024-09-16,2,83.95,0.15,0.0,Completed,142.72
ORD-02646,CUST-1191,PROD-009,CHAN-1,2024-09-16,1,60.99,0.0,11.99,Completed,72.98
ORD-02647,CUST-0250,PROD-117,CHAN-1,2024-09-16,1,27.99,0.4,8.99,Completed,25.78
ORD-02648,CUST-1336,PROD-040,CHAN-2,2024-09-16,2,106.95,0.0,0.0,Completed,213.9
ORD-02649,CUST-0308,PROD-070,CHAN-1,2024-09-16,1,91.99,0.0,0.0,Completed,91.99
ORD-02650,CUST-0189,PROD-037,CHAN-4,2024-09-16,4,60.95,0.0,0.0,Completed,243.8
ORD-02651,CUST-1298,PROD-016,CHAN-4,2024-09-16,1,25.0,0.0,5.99,Completed,30.99
ORD-02652,CUST-0176,PROD-074,CHAN-1,2024-09-16,1,45.95,0.4,5.99,Completed,33.56
ORD-02653,CUST-1213,PROD-063,CHAN-1,2024-09-16,1,96.99,0.0,0.0,Cancelled,0.0
ORD-02654,CUST-1530,PROD-060,CHAN-1,2024-09-16,1,51.99,0.0,8.99,Completed,60.98
ORD-02655,CUST-0087,PROD-144,CHAN-1,2024-09-16,1,17.95,0.3,4.99,Completed,17.55
ORD-02656,CUST-0321,PROD-117,CHAN-2,2024-09-16,1,27.99,0.25,4.99,Completed,25.98
ORD-02657,CUST-0172,PROD-001,CHAN-4,2024-09-16,3,50.95,0.25,0.0,Completed,114.64
ORD-02658,CUST-1738,PROD-134,CHAN-3,2024-09-16,1,3.99,0.1,11.99,Completed,15.58
ORD-02659,CUST-1271,PROD-054,CHAN-1,2024-09-16,1,109.0,0.0,0.0,Cancelled,0.0
ORD-02660,CUST-1850,PROD-020,CHAN-3,2024-09-16,1,25.0,0.0,5.99,Completed,30.99
ORD-02661,CUST-0118,PROD-020,CHAN-1,2024-09-17,1,25.0,0.0,5.99,Completed,30.99
ORD-02662,CUST-0033,PROD-105,CHAN-1,2024-09-17,1,71.0,0.0,8.99,Completed,79.99
ORD-02663,CUST-0001,PROD-072,CHAN-2,2024-09-17,1,35.95,0.0,4.99,Completed,40.94
ORD-02664,CUST-0156,PROD-008,CHAN-2,2024-09-17,2,38.99,0.05,8.99,Completed,83.07
ORD-02665,CUST-0017,PROD-036,CHAN-1,2024-09-17,1,102.99,0.0,0.0,Completed,102.99
ORD-02666,CUST-0877,PROD-044,CHAN-1,2024-09-17,1,66.0,0.0,4.99,Completed,70.99
ORD-02667,CUST-1826,PROD-108,CHAN-3,2024-09-17,1,114.95,0.0,0.0,Completed,114.95
ORD-02668,CUST-0572,PROD-023,CHAN-1,2024-09-18,1,58.95,0.05,11.99,Completed,67.99
ORD-02669,CUST-0503,PROD-014,CHAN-3,2024-09-18,1,19.0,0.0,11.99,Completed,30.99
ORD-02670,CUST-0149,PROD-004,CHAN-1,2024-09-18,1,47.99,0.0,0.0,Cancelled,0.0
ORD-02671,CUST-0073,PROD-025,CHAN-2,2024-09-18,1,57.99,0.2,11.99,Completed,58.38
ORD-02672,CUST-0074,PROD-042,CHAN-2,2024-09-18,1,17.0,0.0,11.99,Completed,28.99
ORD-02673,CUST-1215,PROD-045,CHAN-1,2024-09-18,3,51.0,0.0,0.0,Returned,153.0
ORD-02674,CUST-1274,PROD-145,CHAN-2,2024-09-18,1,10.95,0.0,11.99,Completed,22.94
ORD-02675,CUST-0078,PROD-066,CHAN-5,2024-09-18,1,71.95,0.1,8.99,Completed,73.75
ORD-02676,CUST-1426,PROD-018,CHAN-1,2024-09-18,3,83.95,0.05,0.0,Completed,239.26
ORD-02677,CUST-0950,PROD-145,CHAN-2,2024-09-18,1,10.95,0.05,5.99,Completed,16.39
ORD-02678,CUST-0377,PROD-122,CHAN-2,2024-09-18,1,178.99,0.0,0.0,Completed,178.99
ORD-02679,CUST-0228,PROD-041,CHAN-1,2024-09-18,2,27.95,0.0,4.99,Completed,60.89
ORD-02680,CUST-0011,PROD-026,CHAN-3,2024-09-19,1,36.95,0.2,4.99,Completed,34.55
ORD-02681,CUST-1261,PROD-019,CHAN-4,2024-09-19,1,35.95,0.15,8.99,Completed,39.55
ORD-02682,CUST-0002,PROD-114,CHAN-2,2024-09-19,1,21.0,0.2,8.99,Completed,25.79
ORD-02683,CUST-1919,PROD-039,CHAN-4,2024-09-19,1,83.0,0.0,0.0,Completed,83.0
ORD-02684,CUST-0279,PROD-031,CHAN-1,2024-09-19,1,100.0,0.0,0.0,Completed,100.0
ORD-02685,CUST-0251,PROD-001,CHAN-1,2024-09-19,1,50.95,0.0,5.99,Completed,56.94
ORD-02686,CUST-1366,PROD-054,CHAN-2,2024-09-19,3,109.0,0.0,0.0,Completed,327.0
ORD-02687,CUST-0621,PROD-145,CHAN-1,2024-09-19,1,10.95,0.0,5.99,Completed,16.94
ORD-02688,CUST-0188,PROD-034,CHAN-3,2024-09-20,1,65.99,0.3,8.99,Completed,55.18
ORD-02689,CUST-0086,PROD-083,CHAN-2,2024-09-20,1,25.99,0.25,8.99,Completed,28.48
ORD-02690,CUST-0466,PROD-125,CHAN-3,2024-09-20,1,162.99,0.0,0.0,Completed,162.99
ORD-02691,CUST-0159,PROD-003,CHAN-2,2024-09-20,2,70.99,0.0,0.0,Completed,141.98
ORD-02692,CUST-0142,PROD-010,CHAN-4,2024-09-20,2,32.99,0.0,8.99,Completed,74.97
ORD-02693,CUST-0607,PROD-004,CHAN-1,2024-09-20,1,47.99,0.0,5.99,Completed,53.98
ORD-02694,CUST-0554,PROD-004,CHAN-3,2024-09-20,5,47.99,0.0,0.0,Completed,239.95
ORD-02695,CUST-0148,PROD-032,CHAN-2,2024-09-20,3,89.95,0.0,0.0,Completed,269.85
ORD-02696,CUST-1481,PROD-002,CHAN-1,2024-09-21,2,28.99,0.2,11.99,Completed,58.37
ORD-02697,CUST-0741,PROD-004,CHAN-2,2024-09-21,2,47.99,0.0,0.0,Cancelled,0.0
ORD-02698,CUST-0044,PROD-114,CHAN-1,2024-09-21,2,21.0,0.0,8.99,Completed,50.99
ORD-02699,CUST-0553,PROD-016,CHAN-2,2024-09-21,2,25.0,0.0,4.99,Completed,54.99
ORD-02700,CUST-1664,PROD-022,CHAN-2,2024-09-21,1,21.0,0.0,11.99,Completed,32.99
ORD-02701,CUST-0366,PROD-119,CHAN-1,2024-09-21,1,123.0,0.0,0.0,Completed,123.0
ORD-02702,CUST-0390,PROD-007,CHAN-4,2024-09-21,1,49.0,0.35,5.99,Completed,37.84
ORD-02703,CUST-0288,PROD-099,CHAN-2,2024-09-21,1,17.95,0.0,0.0,Cancelled,0.0
ORD-02704,CUST-0001,PROD-021,CHAN-1,2024-09-21,1,39.0,0.0,4.99,Completed,43.99
ORD-02705,CUST-0290,PROD-015,CHAN-2,2024-09-21,1,65.0,0.0,8.99,Completed,73.99
ORD-02706,CUST-1622,PROD-002,CHAN-3,2024-09-21,1,28.99,0.0,5.99,Completed,34.98
ORD-02707,CUST-0560,PROD-015,CHAN-4,2024-09-21,1,65.0,0.35,11.99,Completed,54.24
ORD-02708,CUST-0492,PROD-148,CHAN-3,2024-09-21,1,15.0,0.0,4.99,Completed,19.99
ORD-02709,CUST-1949,PROD-074,CHAN-1,2024-09-21,1,45.95,0.0,8.99,Completed,54.94
ORD-02710,CUST-0119,PROD-019,CHAN-2,2024-09-21,1,35.95,0.0,11.99,Completed,47.94
ORD-02711,CUST-0002,PROD-115,CHAN-1,2024-09-21,5,166.95,0.0,0.0,Completed,834.75
ORD-02712,CUST-1763,PROD-133,CHAN-3,2024-09-22,1,18.99,0.35,11.99,Completed,24.33
ORD-02713,CUST-0380,PROD-009,CHAN-1,2024-09-22,1,60.99,0.0,5.99,Completed,66.98
ORD-02714,CUST-0002,PROD-141,CHAN-4,2024-09-22,1,15.0,0.25,4.99,Completed,16.24
ORD-02715,CUST-0349,PROD-033,CHAN-3,2024-09-22,1,63.99,0.0,8.99,Completed,72.98
ORD-02716,CUST-0076,PROD-031,CHAN-1,2024-09-22,3,100.0,0.0,0.0,Completed,300.0
ORD-02717,CUST-0027,PROD-003,CHAN-3,2024-09-22,2,70.99,0.0,0.0,Completed,141.98
ORD-02718,CUST-1384,PROD-040,CHAN-2,2024-09-22,1,106.95,0.0,0.0,Completed,106.95
ORD-02719,CUST-0005,PROD-053,CHAN-1,2024-09-23,1,88.95,0.0,0.0,Completed,88.95
ORD-02720,CUST-1657,PROD-015,CHAN-4,2024-09-23,1,65.0,0.0,8.99,Completed,73.99
ORD-02721,CUST-0102,PROD-059,CHAN-2,2024-09-23,1,58.99,0.0,11.99,Returned,70.98
ORD-02722,CUST-1428,PROD-001,CHAN-4,2024-09-23,1,50.95,0.0,11.99,Completed,62.94
ORD-02723,CUST-1438,PROD-025,CHAN-3,2024-09-23,1,57.99,0.0,5.99,Completed,63.98
ORD-02724,CUST-0027,PROD-126,CHAN-1,2024-09-23,1,6.99,0.0,8.99,Completed,15.98
ORD-02725,CUST-1153,PROD-003,CHAN-1,2024-09-23,1,70.99,0.0,4.99,Completed,75.98
ORD-02726,CUST-1216,PROD-005,CHAN-2,2024-09-23,2,30.99,0.25,8.99,Completed,55.48
ORD-02727,CUST-1337,PROD-131,CHAN-2,2024-09-23,1,7.95,0.15,5.99,Completed,12.75
ORD-02728,CUST-0225,PROD-003,CHAN-2,2024-09-23,5,70.99,0.0,0.0,Completed,354.95
ORD-02729,CUST-0885,PROD-001,CHAN-2,2024-09-23,1,50.95,0.0,5.99,Completed,56.94
ORD-02730,CUST-0743,PROD-078,CHAN-2,2024-09-23,1,9.99,0.0,8.99,Returned,18.98
ORD-02731,CUST-1704,PROD-073,CHAN-1,2024-09-23,1,24.95,0.0,4.99,Completed,29.94
ORD-02732,CUST-1608,PROD-118,CHAN-1,2024-09-23,1,150.99,0.0,0.0,Refunded,150.99
ORD-02733,CUST-0003,PROD-014,CHAN-2,2024-09-23,1,19.0,0.3,4.99,Completed,18.29
ORD-02734,CUST-0596,PROD-077,CHAN-1,2024-09-23,1,42.99,0.1,11.99,Completed,50.68
ORD-02735,CUST-0141,PROD-005,CHAN-1,2024-09-23,1,30.99,0.2,8.99,Completed,33.78
ORD-02736,CUST-1158,PROD-085,CHAN-3,2024-09-23,1,23.95,0.0,11.99,Completed,35.94
ORD-02737,CUST-0880,PROD-013,CHAN-5,2024-09-24,1,41.95,0.0,8.99,Completed,50.94
ORD-02738,CUST-0042,PROD-014,CHAN-5,2024-09-24,4,19.0,0.3,8.99,Completed,62.19
ORD-02739,CUST-1082,PROD-059,CHAN-2,2024-09-24,4,58.99,0.0,0.0,Completed,235.96
ORD-02740,CUST-0760,PROD-134,CHAN-1,2024-09-24,1,3.99,0.0,8.99,Completed,12.98
ORD-02741,CUST-1313,PROD-005,CHAN-4,2024-09-24,1,30.99,0.05,8.99,Completed,38.43
ORD-02742,CUST-1629,PROD-018,CHAN-2,2024-09-24,1,83.95,0.0,0.0,Cancelled,0.0
ORD-02743,CUST-0579,PROD-039,CHAN-4,2024-09-24,1,83.0,0.0,0.0,Completed,83.0
ORD-02744,CUST-0060,PROD-124,CHAN-1,2024-09-24,1,180.95,0.0,0.0,Completed,180.95
ORD-02745,CUST-0009,PROD-121,CHAN-1,2024-09-24,1,156.99,0.0,0.0,Completed,156.99
ORD-02746,CUST-1600,PROD-097,CHAN-1,2024-09-24,2,6.0,0.2,11.99,Completed,21.59
ORD-02747,CUST-1566,PROD-002,CHAN-3,2024-09-24,1,28.99,0.15,11.99,Completed,36.63
ORD-02748,CUST-0687,PROD-037,CHAN-2,2024-09-24,1,60.95,0.0,4.99,Completed,65.94
ORD-02749,CUST-0970,PROD-001,CHAN-2,2024-09-24,1,50.95,0.0,11.99,Returned,62.94
ORD-02750,CUST-1189,PROD-016,CHAN-2,2024-09-24,1,25.0,0.05,11.99,Completed,35.74
ORD-02751,CUST-1003,PROD-036,CHAN-2,2024-09-25,1,102.99,0.0,0.0,Completed,102.99
ORD-02752,CUST-0033,PROD-046,CHAN-4,2024-09-25,1,36.99,0.25,5.99,Completed,33.73
ORD-02753,CUST-0003,PROD-005,CHAN-2,2024-09-25,1,30.99,0.0,8.99,Completed,39.98
ORD-02754,CUST-1197,PROD-002,CHAN-1,2024-09-25,1,28.99,0.1,5.99,Completed,32.08
ORD-02755,CUST-0579,PROD-070,CHAN-1,2024-09-25,3,91.99,0.0,0.0,Completed,275.97
ORD-02756,CUST-0124,PROD-076,CHAN-2,2024-09-25,1,7.99,0.1,8.99,Returned,16.18
ORD-02757,CUST-1278,PROD-100,CHAN-1,2024-09-25,1,38.95,0.0,11.99,Returned,50.94
ORD-02758,CUST-0064,PROD-071,CHAN-1,2024-09-25,2,54.99,0.15,0.0,Completed,93.48
ORD-02759,CUST-0043,PROD-001,CHAN-1,2024-09-25,1,50.95,0.35,5.99,Completed,39.11
ORD-02760,CUST-0337,PROD-008,CHAN-2,2024-09-25,1,38.99,0.0,8.99,Completed,47.98
ORD-02761,CUST-0793,PROD-051,CHAN-5,2024-09-25,5,105.95,0.35,0.0,Completed,344.34
ORD-02762,CUST-1374,PROD-086,CHAN-1,2024-09-25,2,7.0,0.4,5.99,Completed,14.39
ORD-02763,CUST-1776,PROD-001,CHAN-2,2024-09-25,1,50.95,0.0,4.99,Completed,55.94
ORD-02764,CUST-0428,PROD-034,CHAN-2,2024-09-25,1,65.99,0.0,11.99,Completed,77.98
ORD-02765,CUST-1793,PROD-046,CHAN-3,2024-09-25,1,36.99,0.0,0.0,Cancelled,0.0
ORD-02766,CUST-0231,PROD-034,CHAN-1,2024-09-25,1,65.99,0.1,5.99,Completed,65.38
ORD-02767,CUST-0513,PROD-051,CHAN-2,2024-09-26,1,105.95,0.0,0.0,Completed,105.95
ORD-02768,CUST-0103,PROD-056,CHAN-1,2024-09-26,1,131.0,0.0,0.0,Completed,131.0
ORD-02769,CUST-0002,PROD-002,CHAN-1,2024-09-26,1,28.99,0.0,5.99,Completed,34.98
ORD-02770,CUST-0057,PROD-064,CHAN-1,2024-09-26,1,43.0,0.3,4.99,Refunded,35.09
ORD-02771,CUST-1567,PROD-094,CHAN-1,2024-09-26,3,24.95,0.3,11.99,Refunded,64.38
ORD-02772,CUST-0115,PROD-002,CHAN-5,2024-09-26,2,28.99,0.0,11.99,Completed,69.97
ORD-02773,CUST-0270,PROD-067,CHAN-2,2024-09-26,1,95.99,0.0,0.0,Refunded,95.99
ORD-02774,CUST-0036,PROD-034,CHAN-4,2024-09-26,1,65.99,0.1,5.99,Completed,65.38
ORD-02775,CUST-1038,PROD-002,CHAN-2,2024-09-26,1,28.99,0.0,8.99,Completed,37.98
ORD-02776,CUST-0735,PROD-002,CHAN-1,2024-09-26,1,28.99,0.0,8.99,Completed,37.98
ORD-02777,CUST-0005,PROD-004,CHAN-2,2024-09-26,1,47.99,0.0,8.99,Completed,56.98
ORD-02778,CUST-0023,PROD-043,CHAN-4,2024-09-26,1,45.99,0.25,11.99,Completed,46.48
ORD-02779,CUST-0618,PROD-002,CHAN-1,2024-09-26,1,28.99,0.0,11.99,Completed,40.98
ORD-02780,CUST-0212,PROD-096,CHAN-1,2024-09-26,1,22.99,0.0,5.99,Completed,28.98
ORD-02781,CUST-0197,PROD-010,CHAN-2,2024-09-27,2,32.99,0.2,11.99,Completed,64.77
ORD-02782,CUST-1224,PROD-107,CHAN-1,2024-09-27,2,53.0,0.0,0.0,Completed,106.0
ORD-02783,CUST-0041,PROD-082,CHAN-4,2024-09-27,1,22.0,0.25,5.99,Completed,22.49
ORD-02784,CUST-0234,PROD-063,CHAN-2,2024-09-27,1,96.99,0.4,5.99,Completed,64.18
ORD-02785,CUST-1854,PROD-057,CHAN-1,2024-09-27,1,32.0,0.25,4.99,Completed,28.99
ORD-02786,CUST-1041,PROD-002,CHAN-1,2024-09-27,1,28.99,0.0,5.99,Completed,34.98
ORD-02787,CUST-0524,PROD-071,CHAN-1,2024-09-28,2,54.99,0.0,0.0,Completed,109.98
ORD-02788,CUST-1865,PROD-013,CHAN-2,2024-09-28,3,41.95,0.05,0.0,Refunded,119.56
ORD-02789,CUST-0734,PROD-070,CHAN-1,2024-09-28,1,91.99,0.0,0.0,Completed,91.99
ORD-02790,CUST-0437,PROD-073,CHAN-5,2024-09-28,1,24.95,0.05,8.99,Completed,32.69
ORD-02791,CUST-0004,PROD-002,CHAN-2,2024-09-28,1,28.99,0.0,11.99,Completed,40.98
ORD-02792,CUST-0568,PROD-017,CHAN-2,2024-09-28,1,28.99,0.0,11.99,Completed,40.98
ORD-02793,CUST-1360,PROD-052,CHAN-4,2024-09-28,1,124.0,0.1,0.0,Completed,111.6
ORD-02794,CUST-0013,PROD-006,CHAN-5,2024-09-28,2,58.0,0.0,0.0,Completed,116.0
ORD-02795,CUST-0003,PROD-074,CHAN-1,2024-09-28,1,45.95,0.0,8.99,Completed,54.94
ORD-02796,CUST-0021,PROD-106,CHAN-1,2024-09-29,1,103.0,0.3,4.99,Completed,77.09
ORD-02797,CUST-0096,PROD-006,CHAN-2,2024-09-29,1,58.0,0.1,8.99,Completed,61.19
ORD-02798,CUST-0092,PROD-131,CHAN-1,2024-09-29,1,7.95,0.4,4.99,Completed,9.76
ORD-02799,CUST-0281,PROD-048,CHAN-3,2024-09-29,1,121.95,0.05,0.0,Completed,115.85
ORD-02800,CUST-1384,PROD-086,CHAN-2,2024-09-29,1,7.0,0.0,8.99,Completed,15.99
ORD-02801,CUST-0001,PROD-053,CHAN-3,2024-09-29,1,88.95,0.0,0.0,Returned,88.95
ORD-02802,CUST-0042,PROD-003,CHAN-2,2024-09-29,2,70.99,0.0,0.0,Refunded,141.98
ORD-02803,CUST-0026,PROD-001,CHAN-1,2024-09-29,1,50.95,0.0,5.99,Completed,56.94
ORD-02804,CUST-0791,PROD-098,CHAN-2,2024-09-29,1,30.99,0.0,5.99,Completed,36.98
ORD-02805,CUST-0723,PROD-146,CHAN-4,2024-09-29,2,8.99,0.15,11.99,Completed,27.27
ORD-02806,CUST-0093,PROD-084,CHAN-3,2024-09-29,1,17.0,0.0,8.99,Completed,25.99
ORD-02807,CUST-0060,PROD-137,CHAN-2,2024-09-29,1,15.0,0.0,4.99,Completed,19.99
ORD-02808,CUST-0011,PROD-063,CHAN-1,2024-09-29,1,96.99,0.0,0.0,Completed,96.99
ORD-02809,CUST-0896,PROD-096,CHAN-2,2024-09-29,1,22.99,0.1,11.99,Completed,32.68
ORD-02810,CUST-0744,PROD-001,CHAN-1,2024-09-29,1,50.95,0.15,4.99,Completed,48.3
ORD-02811,CUST-1234,PROD-024,CHAN-1,2024-09-29,1,39.0,0.35,5.99,Completed,31.34
ORD-02812,CUST-0321,PROD-135,CHAN-4,2024-09-29,1,13.99,0.0,5.99,Completed,19.98
ORD-02813,CUST-0030,PROD-006,CHAN-2,2024-09-29,1,58.0,0.0,8.99,Completed,66.99
ORD-02814,CUST-0014,PROD-044,CHAN-1,2024-09-29,1,66.0,0.0,11.99,Completed,77.99
ORD-02815,CUST-0142,PROD-013,CHAN-2,2024-09-29,4,41.95,0.0,0.0,Completed,167.8
ORD-02816,CUST-0013,PROD-022,CHAN-4,2024-09-29,2,21.0,0.25,11.99,Completed,43.49
ORD-02817,CUST-0178,PROD-073,CHAN-1,2024-09-30,2,24.95,0.35,4.99,Returned,37.43
ORD-02818,CUST-1858,PROD-044,CHAN-2,2024-09-30,1,66.0,0.0,4.99,Completed,70.99
ORD-02819,CUST-0596,PROD-053,CHAN-2,2024-09-30,1,88.95,0.0,0.0,Completed,88.95
ORD-02820,CUST-0410,PROD-053,CHAN-1,2024-09-30,1,88.95,0.0,0.0,Completed,88.95
ORD-02821,CUST-0075,PROD-076,CHAN-2,2024-09-30,2,7.99,0.0,11.99,Completed,27.97
ORD-02822,CUST-0088,PROD-125,CHAN-2,2024-09-30,1,162.99,0.25,0.0,Completed,122.24
ORD-02823,CUST-0008,PROD-012,CHAN-4,2024-09-30,1,63.0,0.0,11.99,Refunded,74.99
ORD-02824,CUST-0115,PROD-007,CHAN-3,2024-10-01,1,49.0,0.0,8.99,Completed,57.99
ORD-02825,CUST-0115,PROD-027,CHAN-1,2024-10-01,1,54.0,0.0,11.99,Completed,65.99
ORD-02826,CUST-0329,PROD-099,CHAN-3,2024-10-01,2,17.95,0.05,8.99,Completed,43.09
ORD-02827,CUST-0009,PROD-096,CHAN-1,2024-10-01,1,22.99,0.05,8.99,Completed,30.83
ORD-02828,CUST-1732,PROD-100,CHAN-2,2024-10-01,2,38.95,0.15,5.99,Completed,72.2
ORD-02829,CUST-1944,PROD-056,CHAN-2,2024-10-01,2,131.0,0.3,0.0,Completed,183.4
ORD-02830,CUST-0050,PROD-006,CHAN-2,2024-10-01,1,58.0,0.0,4.99,Completed,62.99
ORD-02831,CUST-0016,PROD-016,CHAN-1,2024-10-01,4,25.0,0.3,8.99,Completed,78.99
ORD-02832,CUST-0767,PROD-043,CHAN-4,2024-10-01,3,45.99,0.0,0.0,Completed,137.97
ORD-02833,CUST-0343,PROD-123,CHAN-1,2024-10-01,1,141.0,0.0,0.0,Completed,141.0
ORD-02834,CUST-0051,PROD-066,CHAN-2,2024-10-01,1,71.95,0.15,11.99,Completed,73.15
ORD-02835,CUST-0733,PROD-001,CHAN-1,2024-10-01,1,50.95,0.15,8.99,Completed,52.3
ORD-02836,CUST-0033,PROD-060,CHAN-2,2024-10-01,1,51.99,0.2,4.99,Completed,46.58
ORD-02837,CUST-0093,PROD-061,CHAN-3,2024-10-01,5,67.0,0.1,0.0,Completed,301.5
ORD-02838,CUST-1247,PROD-047,CHAN-1,2024-10-01,1,82.0,0.0,0.0,Completed,82.0
ORD-02839,CUST-1682,PROD-008,CHAN-1,2024-10-01,1,38.99,0.0,0.0,Cancelled,0.0
ORD-02840,CUST-0885,PROD-026,CHAN-1,2024-10-02,2,36.95,0.0,11.99,Completed,85.89
ORD-02841,CUST-0427,PROD-018,CHAN-1,2024-10-02,1,83.95,0.25,4.99,Completed,67.95
ORD-02842,CUST-0255,PROD-019,CHAN-2,2024-10-02,2,35.95,0.0,0.0,Cancelled,0.0
ORD-02843,CUST-0701,PROD-015,CHAN-2,2024-10-02,2,65.0,0.0,0.0,Completed,130.0
ORD-02844,CUST-0005,PROD-002,CHAN-2,2024-10-02,1,28.99,0.0,4.99,Completed,33.98
ORD-02845,CUST-0041,PROD-083,CHAN-2,2024-10-02,3,25.99,0.0,0.0,Returned,77.97
ORD-02846,CUST-0025,PROD-084,CHAN-1,2024-10-02,1,17.0,0.0,8.99,Completed,25.99
ORD-02847,CUST-0416,PROD-024,CHAN-3,2024-10-02,1,39.0,0.0,4.99,Completed,43.99
ORD-02848,CUST-0357,PROD-009,CHAN-2,2024-10-02,1,60.99,0.0,4.99,Completed,65.98
ORD-02849,CUST-1220,PROD-105,CHAN-3,2024-10-02,1,71.0,0.0,11.99,Returned,82.99
ORD-02850,CUST-0588,PROD-001,CHAN-3,2024-10-02,2,50.95,0.0,0.0,Completed,101.9
ORD-02851,CUST-0377,PROD-080,CHAN-1,2024-10-02,1,20.95,0.0,8.99,Completed,29.94
ORD-02852,CUST-0085,PROD-142,CHAN-3,2024-10-03,2,5.0,0.0,5.99,Completed,15.99
ORD-02853,CUST-1664,PROD-019,CHAN-4,2024-10-03,1,35.95,0.0,11.99,Completed,47.94
ORD-02854,CUST-0872,PROD-081,CHAN-1,2024-10-03,1,38.95,0.0,4.99,Completed,43.94
ORD-02855,CUST-0001,PROD-150,CHAN-1,2024-10-03,1,7.0,0.0,11.99,Completed,18.99
ORD-02856,CUST-1066,PROD-008,CHAN-2,2024-10-03,1,38.99,0.0,11.99,Completed,50.98
ORD-02857,CUST-0022,PROD-091,CHAN-1,2024-10-03,1,13.0,0.0,8.99,Completed,21.99
ORD-02858,CUST-0429,PROD-026,CHAN-4,2024-10-03,2,36.95,0.0,4.99,Completed,78.89
ORD-02859,CUST-0296,PROD-021,CHAN-1,2024-10-03,1,39.0,0.4,5.99,Completed,29.39
ORD-02860,CUST-0402,PROD-097,CHAN-1,2024-10-03,1,6.0,0.0,11.99,Completed,17.99
ORD-02861,CUST-0284,PROD-002,CHAN-2,2024-10-03,1,28.99,0.0,5.99,Completed,34.98
ORD-02862,CUST-0317,PROD-015,CHAN-4,2024-10-03,1,65.0,0.0,11.99,Completed,76.99
ORD-02863,CUST-1376,PROD-023,CHAN-3,2024-10-04,2,58.95,0.15,0.0,Completed,100.22
ORD-02864,CUST-0010,PROD-103,CHAN-2,2024-10-04,1,111.0,0.0,0.0,Returned,111.0
ORD-02865,CUST-0016,PROD-061,CHAN-2,2024-10-04,2,67.0,0.2,0.0,Completed,107.2
ORD-02866,CUST-0833,PROD-065,CHAN-2,2024-10-04,1,30.0,0.0,11.99,Completed,41.99
ORD-02867,CUST-0066,PROD-125,CHAN-1,2024-10-04,1,162.99,0.0,0.0,Completed,162.99
ORD-02868,CUST-0860,PROD-028,CHAN-1,2024-10-04,1,109.0,0.0,0.0,Completed,109.0
ORD-02869,CUST-0633,PROD-140,CHAN-2,2024-10-04,1,12.0,0.0,4.99,Completed,16.99
ORD-02870,CUST-0105,PROD-012,CHAN-1,2024-10-04,1,63.0,0.0,4.99,Completed,67.99
ORD-02871,CUST-0246,PROD-008,CHAN-1,2024-10-04,2,38.99,0.0,0.0,Completed,77.98
ORD-02872,CUST-1483,PROD-132,CHAN-2,2024-10-04,1,8.0,0.0,5.99,Completed,13.99
ORD-02873,CUST-0898,PROD-003,CHAN-2,2024-10-04,2,70.99,0.0,0.0,Completed,141.98
ORD-02874,CUST-0851,PROD-136,CHAN-2,2024-10-04,1,4.0,0.0,11.99,Completed,15.99
ORD-02875,CUST-0066,PROD-128,CHAN-1,2024-10-04,3,5.95,0.0,11.99,Completed,29.84
ORD-02876,CUST-0101,PROD-004,CHAN-3,2024-10-05,1,47.99,0.0,11.99,Completed,59.98
ORD-02877,CUST-1222,PROD-012,CHAN-3,2024-10-05,1,63.0,0.35,8.99,Completed,49.94
ORD-02878,CUST-0679,PROD-021,CHAN-1,2024-10-05,2,39.0,0.0,0.0,Completed,78.0
ORD-02879,CUST-0026,PROD-022,CHAN-2,2024-10-05,1,21.0,0.3,5.99,Completed,20.69
ORD-02880,CUST-0035,PROD-005,CHAN-1,2024-10-05,2,30.99,0.0,5.99,Completed,67.97
ORD-02881,CUST-0002,PROD-144,CHAN-1,2024-10-05,1,17.95,0.0,8.99,Completed,26.94
ORD-02882,CUST-0467,PROD-002,CHAN-2,2024-10-05,2,28.99,0.4,5.99,Completed,40.78
ORD-02883,CUST-0003,PROD-096,CHAN-1,2024-10-05,1,22.99,0.0,5.99,Completed,28.98
ORD-02884,CUST-0027,PROD-127,CHAN-1,2024-10-05,2,7.95,0.0,0.0,Cancelled,0.0
ORD-02885,CUST-0401,PROD-001,CHAN-2,2024-10-05,2,50.95,0.0,0.0,Completed,101.9
ORD-02886,CUST-0852,PROD-037,CHAN-3,2024-10-05,1,60.95,0.05,8.99,Completed,66.89
ORD-02887,CUST-1552,PROD-107,CHAN-2,2024-10-05,2,53.0,0.1,0.0,Refunded,95.4
ORD-02888,CUST-0401,PROD-068,CHAN-2,2024-10-06,1,83.95,0.4,5.99,Completed,56.36
ORD-02889,CUST-0450,PROD-012,CHAN-1,2024-10-06,1,63.0,0.0,5.99,Completed,68.99
ORD-02890,CUST-0013,PROD-017,CHAN-3,2024-10-06,1,28.99,0.2,8.99,Completed,32.18
ORD-02891,CUST-0921,PROD-006,CHAN-1,2024-10-06,1,58.0,0.0,11.99,Completed,69.99
ORD-02892,CUST-0017,PROD-057,CHAN-2,2024-10-06,1,32.0,0.35,8.99,Completed,29.79
ORD-02893,CUST-0283,PROD-112,CHAN-1,2024-10-06,1,115.0,0.0,0.0,Completed,115.0
ORD-02894,CUST-0642,PROD-002,CHAN-5,2024-10-06,1,28.99,0.0,4.99,Completed,33.98
ORD-02895,CUST-0277,PROD-029,CHAN-2,2024-10-06,1,79.0,0.25,4.99,Completed,64.24
ORD-02896,CUST-1646,PROD-059,CHAN-1,2024-10-06,1,58.99,0.0,11.99,Returned,70.98
ORD-02897,CUST-0015,PROD-001,CHAN-2,2024-10-07,1,50.95,0.0,8.99,Returned,59.94
ORD-02898,CUST-0481,PROD-007,CHAN-2,2024-10-07,1,49.0,0.0,11.99,Completed,60.99
ORD-02899,CUST-0537,PROD-046,CHAN-2,2024-10-07,2,36.99,0.0,5.99,Completed,79.97
ORD-02900,CUST-1295,PROD-145,CHAN-5,2024-10-07,2,10.95,0.0,5.99,Completed,27.89
ORD-02901,CUST-1774,PROD-113,CHAN-2,2024-10-07,1,97.0,0.0,0.0,Completed,97.0
ORD-02902,CUST-0003,PROD-105,CHAN-2,2024-10-07,2,71.0,0.0,0.0,Completed,142.0
ORD-02903,CUST-0101,PROD-025,CHAN-2,2024-10-07,3,57.99,0.0,0.0,Completed,173.97
ORD-02904,CUST-0007,PROD-111,CHAN-2,2024-10-07,1,27.99,0.0,8.99,Completed,36.98
ORD-02905,CUST-0137,PROD-001,CHAN-1,2024-10-07,1,50.95,0.0,5.99,Completed,56.94
ORD-02906,CUST-0008,PROD-007,CHAN-3,2024-10-07,1,49.0,0.0,11.99,Returned,60.99
ORD-02907,CUST-0595,PROD-007,CHAN-3,2024-10-07,2,49.0,0.0,0.0,Completed,98.0
ORD-02908,CUST-0363,PROD-125,CHAN-3,2024-10-07,2,162.99,0.1,0.0,Completed,293.38
ORD-02909,CUST-0876,PROD-003,CHAN-1,2024-10-07,1,70.99,0.0,5.99,Completed,76.98
ORD-02910,CUST-0001,PROD-005,CHAN-3,2024-10-07,1,30.99,0.0,5.99,Completed,36.98
ORD-02911,CUST-1844,PROD-054,CHAN-1,2024-10-07,1,109.0,0.0,0.0,Completed,109.0
ORD-02912,CUST-0044,PROD-146,CHAN-3,2024-10-07,1,8.99,0.0,4.99,Completed,13.98
ORD-02913,CUST-1732,PROD-078,CHAN-1,2024-10-07,1,9.99,0.0,8.99,Completed,18.98
ORD-02914,CUST-0629,PROD-009,CHAN-2,2024-10-07,1,60.99,0.0,11.99,Completed,72.98
ORD-02915,CUST-0306,PROD-001,CHAN-4,2024-10-07,2,50.95,0.35,5.99,Completed,72.22
ORD-02916,CUST-0022,PROD-019,CHAN-1,2024-10-07,2,35.95,0.0,5.99,Completed,77.89
ORD-02917,CUST-0004,PROD-106,CHAN-4,2024-10-07,1,103.0,0.05,0.0,Refunded,97.85
ORD-02918,CUST-0041,PROD-021,CHAN-2,2024-10-08,1,39.0,0.0,0.0,Cancelled,0.0
ORD-02919,CUST-0685,PROD-047,CHAN-1,2024-10-08,2,82.0,0.1,0.0,Completed,147.6
ORD-02920,CUST-0006,PROD-033,CHAN-2,2024-10-08,1,63.99,0.0,4.99,Completed,68.98
ORD-02921,CUST-0789,PROD-101,CHAN-2,2024-10-08,1,66.0,0.25,11.99,Completed,61.49
ORD-02922,CUST-0029,PROD-019,CHAN-1,2024-10-08,4,35.95,0.0,0.0,Completed,143.8
ORD-02923,CUST-0641,PROD-015,CHAN-4,2024-10-08,2,65.0,0.05,0.0,Completed,123.5
ORD-02924,CUST-0081,PROD-023,CHAN-1,2024-10-08,4,58.95,0.0,0.0,Completed,235.8
ORD-02925,CUST-0352,PROD-120,CHAN-1,2024-10-08,2,158.0,0.0,0.0,Completed,316.0
ORD-02926,CUST-0003,PROD-145,CHAN-4,2024-10-08,1,10.95,0.0,4.99,Returned,15.94
ORD-02927,CUST-1011,PROD-085,CHAN-4,2024-10-08,1,23.95,0.15,5.99,Completed,26.35
ORD-02928,CUST-0269,PROD-112,CHAN-2,2024-10-08,1,115.0,0.35,4.99,Completed,79.74
ORD-02929,CUST-1276,PROD-001,CHAN-2,2024-10-08,1,50.95,0.0,4.99,Completed,55.94
ORD-02930,CUST-0082,PROD-037,CHAN-1,2024-10-08,1,60.95,0.0,8.99,Completed,69.94
ORD-02931,CUST-0402,PROD-018,CHAN-1,2024-10-08,2,83.95,0.05,0.0,Completed,159.5
ORD-02932,CUST-0184,PROD-039,CHAN-2,2024-10-09,3,83.0,0.0,0.0,Completed,249.0
ORD-02933,CUST-0795,PROD-001,CHAN-3,2024-10-09,4,50.95,0.0,0.0,Completed,203.8
ORD-02934,CUST-0280,PROD-141,CHAN-2,2024-10-09,1,15.0,0.0,8.99,Completed,23.99
ORD-02935,CUST-0116,PROD-065,CHAN-1,2024-10-09,1,30.0,0.0,11.99,Completed,41.99
ORD-02936,CUST-0002,PROD-014,CHAN-1,2024-10-09,1,19.0,0.0,4.99,Completed,23.99
ORD-02937,CUST-0086,PROD-146,CHAN-1,2024-10-09,1,8.99,0.0,5.99,Completed,14.98
ORD-02938,CUST-0010,PROD-012,CHAN-1,2024-10-09,1,63.0,0.4,4.99,Completed,42.79
ORD-02939,CUST-0931,PROD-007,CHAN-1,2024-10-09,1,49.0,0.35,5.99,Completed,37.84
ORD-02940,CUST-1251,PROD-091,CHAN-1,2024-10-09,1,13.0,0.0,4.99,Completed,17.99
ORD-02941,CUST-1769,PROD-024,CHAN-2,2024-10-09,1,39.0,0.0,4.99,Completed,43.99
ORD-02942,CUST-0508,PROD-144,CHAN-5,2024-10-09,2,17.95,0.0,4.99,Completed,40.89
ORD-02943,CUST-0189,PROD-037,CHAN-1,2024-10-09,4,60.95,0.1,0.0,Completed,219.42
ORD-02944,CUST-0796,PROD-031,CHAN-1,2024-10-09,1,100.0,0.3,4.99,Completed,74.99
ORD-02945,CUST-1915,PROD-042,CHAN-1,2024-10-09,1,17.0,0.3,11.99,Completed,23.89
ORD-02946,CUST-0137,PROD-126,CHAN-5,2024-10-09,3,6.99,0.0,8.99,Refunded,29.96
ORD-02947,CUST-0862,PROD-047,CHAN-2,2024-10-09,1,82.0,0.0,0.0,Completed,82.0
ORD-02948,CUST-0794,PROD-027,CHAN-2,2024-10-10,1,54.0,0.15,8.99,Completed,54.89
ORD-02949,CUST-0069,PROD-105,CHAN-4,2024-10-10,1,71.0,0.25,5.99,Completed,59.24
ORD-02950,CUST-0002,PROD-129,CHAN-2,2024-10-10,1,8.99,0.0,5.99,Completed,14.98
ORD-02951,CUST-0513,PROD-029,CHAN-2,2024-10-10,2,79.0,0.25,0.0,Completed,118.5
ORD-02952,CUST-0023,PROD-003,CHAN-1,2024-10-10,1,70.99,0.0,4.99,Completed,75.98
ORD-02953,CUST-0019,PROD-009,CHAN-1,2024-10-10,1,60.99,0.0,8.99,Completed,69.98
ORD-02954,CUST-0117,PROD-001,CHAN-2,2024-10-10,1,50.95,0.0,5.99,Completed,56.94
ORD-02955,CUST-0009,PROD-053,CHAN-5,2024-10-10,3,88.95,0.0,0.0,Completed,266.85
ORD-02956,CUST-0001,PROD-095,CHAN-1,2024-10-10,1,18.95,0.0,5.99,Completed,24.94
ORD-02957,CUST-0088,PROD-017,CHAN-2,2024-10-10,1,28.99,0.0,8.99,Completed,37.98
ORD-02958,CUST-0924,PROD-011,CHAN-1,2024-10-10,1,18.95,0.0,8.99,Completed,27.94
ORD-02959,CUST-0145,PROD-150,CHAN-2,2024-10-10,4,7.0,0.0,8.99,Completed,36.99
ORD-02960,CUST-0753,PROD-026,CHAN-1,2024-10-10,1,36.95,0.1,5.99,Completed,39.25
ORD-02961,CUST-0204,PROD-103,CHAN-2,2024-10-10,1,111.0,0.0,0.0,Completed,111.0
ORD-02962,CUST-1011,PROD-109,CHAN-1,2024-10-10,1,68.99,0.0,4.99,Completed,73.98
ORD-02963,CUST-0004,PROD-043,CHAN-1,2024-10-10,1,45.99,0.3,4.99,Returned,37.18
ORD-02964,CUST-0546,PROD-015,CHAN-2,2024-10-11,2,65.0,0.0,0.0,Completed,130.0
ORD-02965,CUST-0017,PROD-079,CHAN-2,2024-10-11,1,37.99,0.0,5.99,Completed,43.98
ORD-02966,CUST-0641,PROD-056,CHAN-2,2024-10-11,3,131.0,0.4,0.0,Completed,235.8
ORD-02967,CUST-0359,PROD-148,CHAN-2,2024-10-11,1,15.0,0.0,11.99,Completed,26.99
ORD-02968,CUST-0277,PROD-007,CHAN-2,2024-10-11,1,49.0,0.0,11.99,Completed,60.99
ORD-02969,CUST-0274,PROD-003,CHAN-2,2024-10-11,1,70.99,0.0,5.99,Completed,76.98
ORD-02970,CUST-0722,PROD-093,CHAN-4,2024-10-11,1,25.99,0.0,8.99,Completed,34.98
ORD-02971,CUST-0379,PROD-049,CHAN-4,2024-10-12,1,19.95,0.0,4.99,Completed,24.94
ORD-02972,CUST-0018,PROD-030,CHAN-2,2024-10-12,2,62.99,0.0,0.0,Completed,125.98
ORD-02973,CUST-1347,PROD-007,CHAN-4,2024-10-12,1,49.0,0.0,4.99,Completed,53.99
ORD-02974,CUST-1914,PROD-110,CHAN-2,2024-10-12,2,35.95,0.35,4.99,Completed,51.73
ORD-02975,CUST-0005,PROD-001,CHAN-1,2024-10-12,1,50.95,0.25,5.99,Completed,44.2
ORD-02976,CUST-0407,PROD-009,CHAN-3,2024-10-12,1,60.99,0.0,5.99,Completed,66.98
ORD-02977,CUST-0760,PROD-064,CHAN-1,2024-10-12,1,43.0,0.05,4.99,Completed,45.84
ORD-02978,CUST-0126,PROD-095,CHAN-2,2024-10-12,1,18.95,0.0,8.99,Completed,27.94
ORD-02979,CUST-1167,PROD-002,CHAN-2,2024-10-13,1,28.99,0.05,5.99,Completed,33.53
ORD-02980,CUST-0868,PROD-129,CHAN-2,2024-10-13,1,8.99,0.25,4.99,Completed,11.73
ORD-02981,CUST-0020,PROD-097,CHAN-2,2024-10-13,1,6.0,0.0,11.99,Completed,17.99
ORD-02982,CUST-0830,PROD-014,CHAN-1,2024-10-13,3,19.0,0.3,4.99,Completed,44.89
ORD-02983,CUST-0296,PROD-013,CHAN-2,2024-10-13,2,41.95,0.35,5.99,Completed,60.53
ORD-02984,CUST-0001,PROD-071,CHAN-2,2024-10-13,1,54.99,0.0,11.99,Completed,66.98
ORD-02985,CUST-0306,PROD-003,CHAN-2,2024-10-13,2,70.99,0.0,0.0,Completed,141.98
ORD-02986,CUST-0010,PROD-100,CHAN-2,2024-10-13,1,38.95,0.15,11.99,Refunded,45.1
ORD-02987,CUST-0745,PROD-001,CHAN-4,2024-10-13,1,50.95,0.0,11.99,Completed,62.94
ORD-02988,CUST-0563,PROD-066,CHAN-2,2024-10-13,2,71.95,0.0,0.0,Completed,143.9
ORD-02989,CUST-0539,PROD-124,CHAN-2,2024-10-14,1,180.95,0.0,0.0,Completed,180.95
ORD-02990,CUST-1569,PROD-070,CHAN-2,2024-10-14,4,91.99,0.15,0.0,Completed,312.77
ORD-02991,CUST-0006,PROD-029,CHAN-1,2024-10-14,1,79.0,0.0,0.0,Completed,79.0
ORD-02992,CUST-1126,PROD-140,CHAN-2,2024-10-14,2,12.0,0.35,4.99,Completed,20.59
ORD-02993,CUST-1585,PROD-070,CHAN-1,2024-10-14,1,91.99,0.0,0.0,Completed,91.99
ORD-02994,CUST-1843,PROD-147,CHAN-2,2024-10-14,2,5.95,0.0,8.99,Completed,20.89
ORD-02995,CUST-0036,PROD-011,CHAN-4,2024-10-14,1,18.95,0.15,8.99,Completed,25.1
ORD-02996,CUST-0033,PROD-028,CHAN-2,2024-10-14,1,109.0,0.0,0.0,Completed,109.0
ORD-02997,CUST-0086,PROD-127,CHAN-4,2024-10-14,1,7.95,0.35,5.99,Completed,11.16
ORD-02998,CUST-0226,PROD-074,CHAN-2,2024-10-14,1,45.95,0.0,4.99,Completed,50.94
ORD-02999,CUST-0201,PROD-020,CHAN-1,2024-10-14,1,25.0,0.1,11.99,Completed,34.49
ORD-03000,CUST-0734,PROD-082,CHAN-2,2024-10-14,1,22.0,0.3,5.99,Completed,21.39
ORD-03001,CUST-0976,PROD-001,CHAN-2,2024-10-14,2,50.95,0.0,0.0,Completed,101.9
ORD-03002,CUST-0587,PROD-035,CHAN-2,2024-10-14,3,102.99,0.0,0.0,Completed,308.97
ORD-03003,CUST-0445,PROD-096,CHAN-5,2024-10-15,2,22.99,0.0,4.99,Completed,50.97
ORD-03004,CUST-0459,PROD-001,CHAN-1,2024-10-15,1,50.95,0.1,11.99,Completed,57.85
ORD-03005,CUST-1090,PROD-030,CHAN-4,2024-10-15,1,62.99,0.0,8.99,Completed,71.98
ORD-03006,CUST-0910,PROD-027,CHAN-2,2024-10-15,2,54.0,0.15,0.0,Completed,91.8
ORD-03007,CUST-0089,PROD-003,CHAN-2,2024-10-15,1,70.99,0.0,4.99,Completed,75.98
ORD-03008,CUST-1090,PROD-141,CHAN-1,2024-10-15,1,15.0,0.25,5.99,Completed,17.24
ORD-03009,CUST-0720,PROD-146,CHAN-4,2024-10-15,2,8.99,0.0,11.99,Completed,29.97
ORD-03010,CUST-0360,PROD-006,CHAN-1,2024-10-15,1,58.0,0.0,4.99,Completed,62.99
ORD-03011,CUST-0849,PROD-061,CHAN-2,2024-10-15,1,67.0,0.0,8.99,Returned,75.99
ORD-03012,CUST-0856,PROD-005,CHAN-1,2024-10-15,1,30.99,0.0,8.99,Completed,39.98
ORD-03013,CUST-1467,PROD-002,CHAN-3,2024-10-15,1,28.99,0.25,4.99,Completed,26.73
ORD-03014,CUST-0274,PROD-126,CHAN-2,2024-10-16,1,6.99,0.0,0.0,Cancelled,0.0
ORD-03015,CUST-0080,PROD-127,CHAN-1,2024-10-16,1,7.95,0.05,4.99,Completed,12.54
ORD-03016,CUST-0261,PROD-023,CHAN-1,2024-10-16,1,58.95,0.35,5.99,Completed,44.31
ORD-03017,CUST-0827,PROD-013,CHAN-2,2024-10-16,2,41.95,0.0,0.0,Returned,83.9
ORD-03018,CUST-1602,PROD-006,CHAN-1,2024-10-16,2,58.0,0.4,11.99,Completed,81.59
ORD-03019,CUST-0035,PROD-001,CHAN-3,2024-10-16,1,50.95,0.4,5.99,Completed,36.56
ORD-03020,CUST-0201,PROD-031,CHAN-3,2024-10-16,1,100.0,0.0,0.0,Refunded,100.0
ORD-03021,CUST-1473,PROD-057,CHAN-2,2024-10-16,1,32.0,0.0,11.99,Completed,43.99
ORD-03022,CUST-0056,PROD-059,CHAN-1,2024-10-16,3,58.99,0.05,0.0,Returned,168.12
ORD-03023,CUST-0309,PROD-040,CHAN-1,2024-10-16,2,106.95,0.0,0.0,Completed,213.9
ORD-03024,CUST-0214,PROD-013,CHAN-3,2024-10-16,1,41.95,0.0,11.99,Completed,53.94
ORD-03025,CUST-0498,PROD-056,CHAN-2,2024-10-16,1,131.0,0.0,0.0,Returned,131.0
ORD-03026,CUST-0002,PROD-098,CHAN-1,2024-10-16,2,30.99,0.0,11.99,Completed,73.97
ORD-03027,CUST-0006,PROD-022,CHAN-1,2024-10-16,1,21.0,0.25,4.99,Completed,20.74
ORD-03028,CUST-0644,PROD-006,CHAN-1,2024-10-16,3,58.0,0.0,0.0,Completed,174.0
ORD-03029,CUST-0237,PROD-096,CHAN-4,2024-10-17,4,22.99,0.25,8.99,Completed,77.96
ORD-03030,CUST-1500,PROD-017,CHAN-4,2024-10-17,2,28.99,0.0,5.99,Completed,63.97
ORD-03031,CUST-1242,PROD-001,CHAN-4,2024-10-17,2,50.95,0.4,5.99,Completed,67.13
ORD-03032,CUST-0987,PROD-002,CHAN-1,2024-10-17,4,28.99,0.0,0.0,Completed,115.96
ORD-03033,CUST-0324,PROD-025,CHAN-3,2024-10-17,1,57.99,0.0,8.99,Completed,66.98
ORD-03034,CUST-0204,PROD-022,CHAN-1,2024-10-17,1,21.0,0.35,5.99,Completed,19.64
ORD-03035,CUST-0040,PROD-006,CHAN-2,2024-10-17,3,58.0,0.35,0.0,Completed,113.1
ORD-03036,CUST-0338,PROD-015,CHAN-1,2024-10-17,2,65.0,0.0,0.0,Completed,130.0
ORD-03037,CUST-1851,PROD-020,CHAN-1,2024-10-17,1,25.0,0.4,8.99,Completed,23.99
ORD-03038,CUST-1013,PROD-032,CHAN-2,2024-10-17,2,89.95,0.3,0.0,Returned,125.93
ORD-03039,CUST-1795,PROD-006,CHAN-5,2024-10-17,1,58.0,0.0,11.99,Completed,69.99
ORD-03040,CUST-0842,PROD-049,CHAN-2,2024-10-17,1,19.95,0.0,8.99,Completed,28.94
ORD-03041,CUST-0179,PROD-004,CHAN-2,2024-10-17,1,47.99,0.0,4.99,Completed,52.98
ORD-03042,CUST-0037,PROD-131,CHAN-1,2024-10-17,1,7.95,0.4,5.99,Completed,10.76
ORD-03043,CUST-0021,PROD-044,CHAN-1,2024-10-18,1,66.0,0.0,5.99,Completed,71.99
ORD-03044,CUST-0047,PROD-002,CHAN-2,2024-10-18,1,28.99,0.35,8.99,Completed,27.83
ORD-03045,CUST-0124,PROD-001,CHAN-3,2024-10-18,1,50.95,0.0,4.99,Completed,55.94
ORD-03046,CUST-1649,PROD-035,CHAN-1,2024-10-18,2,102.99,0.0,0.0,Completed,205.98
ORD-03047,CUST-1406,PROD-022,CHAN-1,2024-10-18,1,21.0,0.3,8.99,Completed,23.69
ORD-03048,CUST-1609,PROD-072,CHAN-1,2024-10-18,1,35.95,0.4,4.99,Completed,26.56
ORD-03049,CUST-0049,PROD-012,CHAN-1,2024-10-19,1,63.0,0.0,8.99,Completed,71.99
ORD-03050,CUST-0012,PROD-024,CHAN-2,2024-10-19,1,39.0,0.0,4.99,Completed,43.99
ORD-03051,CUST-0004,PROD-002,CHAN-1,2024-10-19,2,28.99,0.4,5.99,Completed,40.78
ORD-03052,CUST-0657,PROD-002,CHAN-1,2024-10-19,1,28.99,0.0,11.99,Returned,40.98
ORD-03053,CUST-0469,PROD-042,CHAN-2,2024-10-19,1,17.0,0.0,4.99,Completed,21.99
ORD-03054,CUST-0016,PROD-082,CHAN-3,2024-10-19,3,22.0,0.1,8.99,Completed,68.39
ORD-03055,CUST-0004,PROD-082,CHAN-2,2024-10-19,3,22.0,0.35,11.99,Completed,54.89
ORD-03056,CUST-0061,PROD-082,CHAN-1,2024-10-20,1,22.0,0.25,8.99,Completed,25.49
ORD-03057,CUST-0133,PROD-088,CHAN-3,2024-10-20,1,29.99,0.0,8.99,Completed,38.98
ORD-03058,CUST-0367,PROD-004,CHAN-1,2024-10-20,1,47.99,0.0,5.99,Completed,53.98
ORD-03059,CUST-0030,PROD-120,CHAN-1,2024-10-20,1,158.0,0.0,0.0,Completed,158.0
ORD-03060,CUST-1463,PROD-125,CHAN-2,2024-10-20,1,162.99,0.0,0.0,Completed,162.99
ORD-03061,CUST-1166,PROD-013,CHAN-4,2024-10-20,2,41.95,0.0,0.0,Completed,83.9
ORD-03062,CUST-1048,PROD-002,CHAN-2,2024-10-20,2,28.99,0.3,11.99,Completed,52.58
ORD-03063,CUST-1341,PROD-001,CHAN-4,2024-10-20,1,50.95,0.0,4.99,Completed,55.94
ORD-03064,CUST-0550,PROD-072,CHAN-1,2024-10-20,1,35.95,0.0,11.99,Completed,47.94
ORD-03065,CUST-1046,PROD-023,CHAN-1,2024-10-20,2,58.95,0.0,0.0,Refunded,117.9
ORD-03066,CUST-1290,PROD-052,CHAN-1,2024-10-20,1,124.0,0.1,0.0,Completed,111.6
ORD-03067,CUST-0775,PROD-046,CHAN-2,2024-10-20,2,36.99,0.0,4.99,Completed,78.97
ORD-03068,CUST-0226,PROD-004,CHAN-4,2024-10-20,1,47.99,0.4,4.99,Completed,33.78
ORD-03069,CUST-0551,PROD-131,CHAN-4,2024-10-20,1,7.95,0.35,5.99,Completed,11.16
ORD-03070,CUST-0090,PROD-150,CHAN-2,2024-10-20,1,7.0,0.3,5.99,Completed,10.89
ORD-03071,CUST-0432,PROD-027,CHAN-3,2024-10-20,1,54.0,0.0,5.99,Completed,59.99
ORD-03072,CUST-1189,PROD-106,CHAN-3,2024-10-21,2,103.0,0.05,0.0,Returned,195.7
ORD-03073,CUST-1313,PROD-024,CHAN-1,2024-10-21,2,39.0,0.0,0.0,Completed,78.0
ORD-03074,CUST-0320,PROD-004,CHAN-1,2024-10-21,1,47.99,0.0,5.99,Returned,53.98
ORD-03075,CUST-0931,PROD-076,CHAN-1,2024-10-21,2,7.99,0.0,4.99,Completed,20.97
ORD-03076,CUST-0078,PROD-094,CHAN-2,2024-10-21,2,24.95,0.0,5.99,Completed,55.89
ORD-03077,CUST-0164,PROD-020,CHAN-3,2024-10-21,1,25.0,0.0,0.0,Cancelled,0.0
ORD-03078,CUST-1867,PROD-063,CHAN-1,2024-10-21,1,96.99,0.35,11.99,Completed,75.03
ORD-03079,CUST-0013,PROD-040,CHAN-5,2024-10-21,1,106.95,0.0,0.0,Completed,106.95
ORD-03080,CUST-0840,PROD-029,CHAN-2,2024-10-21,1,79.0,0.0,0.0,Completed,79.0
ORD-03081,CUST-0277,PROD-144,CHAN-1,2024-10-21,1,17.95,0.0,4.99,Returned,22.94
ORD-03082,CUST-0464,PROD-048,CHAN-2,2024-10-21,1,121.95,0.0,0.0,Completed,121.95
ORD-03083,CUST-0001,PROD-121,CHAN-3,2024-10-21,1,156.99,0.0,0.0,Completed,156.99
ORD-03084,CUST-0200,PROD-089,CHAN-5,2024-10-21,3,5.99,0.0,4.99,Completed,22.96
ORD-03085,CUST-1504,PROD-005,CHAN-4,2024-10-21,2,30.99,0.0,11.99,Completed,73.97
ORD-03086,CUST-0159,PROD-025,CHAN-2,2024-10-21,1,57.99,0.15,8.99,Completed,58.28
ORD-03087,CUST-0066,PROD-001,CHAN-1,2024-10-21,1,50.95,0.0,4.99,Completed,55.94
ORD-03088,CUST-0079,PROD-087,CHAN-1,2024-10-21,3,34.99,0.0,0.0,Completed,104.97
ORD-03089,CUST-1486,PROD-124,CHAN-2,2024-10-21,1,180.95,0.2,0.0,Completed,144.76
ORD-03090,CUST-0231,PROD-004,CHAN-5,2024-10-21,1,47.99,0.1,8.99,Completed,52.18
ORD-03091,CUST-0484,PROD-091,CHAN-4,2024-10-21,2,13.0,0.4,5.99,Completed,21.59
ORD-03092,CUST-0701,PROD-033,CHAN-2,2024-10-21,1,63.99,0.4,8.99,Completed,47.38
ORD-03093,CUST-1436,PROD-045,CHAN-1,2024-10-21,3,51.0,0.0,0.0,Completed,153.0
ORD-03094,CUST-0306,PROD-113,CHAN-3,2024-10-22,2,97.0,0.0,0.0,Completed,194.0
ORD-03095,CUST-0004,PROD-011,CHAN-3,2024-10-22,2,18.95,0.25,4.99,Completed,33.41
ORD-03096,CUST-0259,PROD-030,CHAN-1,2024-10-22,4,62.99,0.0,0.0,Completed,251.96
ORD-03097,CUST-0041,PROD-007,CHAN-2,2024-10-22,1,49.0,0.15,8.99,Completed,50.64
ORD-03098,CUST-1688,PROD-001,CHAN-1,2024-10-22,1,50.95,0.0,8.99,Completed,59.94
ORD-03099,CUST-0304,PROD-006,CHAN-2,2024-10-22,1,58.0,0.0,5.99,Completed,63.99
ORD-03100,CUST-1464,PROD-001,CHAN-5,2024-10-22,1,50.95,0.35,8.99,Refunded,42.11
ORD-03101,CUST-0020,PROD-001,CHAN-2,2024-10-22,1,50.95,0.2,8.99,Completed,49.75
ORD-03102,CUST-0092,PROD-011,CHAN-2,2024-10-22,1,18.95,0.3,11.99,Completed,25.25
ORD-03103,CUST-0006,PROD-042,CHAN-2,2024-10-22,1,17.0,0.0,8.99,Completed,25.99
ORD-03104,CUST-1462,PROD-050,CHAN-4,2024-10-22,1,40.0,0.0,8.99,Completed,48.99
ORD-03105,CUST-1966,PROD-062,CHAN-2,2024-10-22,1,77.99,0.0,0.0,Completed,77.99
ORD-03106,CUST-0001,PROD-133,CHAN-2,2024-10-22,1,18.99,0.0,11.99,Completed,30.98
ORD-03107,CUST-0001,PROD-001,CHAN-2,2024-10-22,1,50.95,0.0,4.99,Completed,55.94
ORD-03108,CUST-0322,PROD-016,CHAN-2,2024-10-23,1,25.0,0.2,8.99,Completed,28.99
ORD-03109,CUST-0001,PROD-014,CHAN-1,2024-10-23,3,19.0,0.1,5.99,Completed,57.29
ORD-03110,CUST-0849,PROD-149,CHAN-1,2024-10-23,2,11.99,0.0,4.99,Completed,28.97
ORD-03111,CUST-0523,PROD-032,CHAN-1,2024-10-23,2,89.95,0.0,0.0,Completed,179.9
ORD-03112,CUST-1526,PROD-010,CHAN-1,2024-10-23,1,32.99,0.0,5.99,Completed,38.98
ORD-03113,CUST-1879,PROD-084,CHAN-1,2024-10-23,1,17.0,0.0,4.99,Completed,21.99
ORD-03114,CUST-0167,PROD-109,CHAN-2,2024-10-23,1,68.99,0.3,4.99,Completed,53.28
ORD-03115,CUST-0074,PROD-132,CHAN-2,2024-10-23,4,8.0,0.0,4.99,Completed,36.99
ORD-03116,CUST-0473,PROD-101,CHAN-3,2024-10-23,1,66.0,0.2,5.99,Completed,58.79
ORD-03117,CUST-1813,PROD-001,CHAN-2,2024-10-23,4,50.95,0.0,0.0,Completed,203.8
ORD-03118,CUST-0122,PROD-063,CHAN-2,2024-10-23,2,96.99,0.0,0.0,Refunded,193.98
ORD-03119,CUST-1360,PROD-055,CHAN-3,2024-10-23,1,110.99,0.0,0.0,Completed,110.99
ORD-03120,CUST-0049,PROD-029,CHAN-2,2024-10-23,1,79.0,0.25,8.99,Returned,68.24
ORD-03121,CUST-0717,PROD-025,CHAN-2,2024-10-23,1,57.99,0.1,5.99,Completed,58.18
ORD-03122,CUST-0684,PROD-063,CHAN-4,2024-10-24,2,96.99,0.2,0.0,Completed,155.18
ORD-03123,CUST-1087,PROD-123,CHAN-2,2024-10-24,1,141.0,0.0,0.0,Completed,141.0
ORD-03124,CUST-1375,PROD-084,CHAN-1,2024-10-24,2,17.0,0.05,8.99,Completed,41.29
ORD-03125,CUST-1367,PROD-143,CHAN-4,2024-10-24,1,19.0,0.4,4.99,Completed,16.39
ORD-03126,CUST-0210,PROD-003,CHAN-1,2024-10-24,2,70.99,0.0,0.0,Completed,141.98
ORD-03127,CUST-0143,PROD-058,CHAN-2,2024-10-24,2,86.0,0.0,0.0,Completed,172.0
ORD-03128,CUST-0030,PROD-016,CHAN-1,2024-10-24,1,25.0,0.05,11.99,Refunded,35.74
ORD-03129,CUST-1910,PROD-104,CHAN-2,2024-10-24,2,72.99,0.4,0.0,Completed,87.59
ORD-03130,CUST-0130,PROD-092,CHAN-1,2024-10-25,2,8.0,0.0,11.99,Returned,27.99
ORD-03131,CUST-0256,PROD-003,CHAN-1,2024-10-25,1,70.99,0.35,8.99,Completed,55.13
ORD-03132,CUST-0925,PROD-002,CHAN-2,2024-10-25,2,28.99,0.4,8.99,Completed,43.78
ORD-03133,CUST-0647,PROD-087,CHAN-1,2024-10-25,1,34.99,0.2,8.99,Completed,36.98
ORD-03134,CUST-1699,PROD-056,CHAN-2,2024-10-25,2,131.0,0.0,0.0,Returned,262.0
ORD-03135,CUST-0118,PROD-073,CHAN-4,2024-10-25,1,24.95,0.0,5.99,Completed,30.94
ORD-03136,CUST-1377,PROD-009,CHAN-2,2024-10-26,2,60.99,0.4,11.99,Completed,85.18
ORD-03137,CUST-1190,PROD-119,CHAN-4,2024-10-26,1,123.0,0.35,0.0,Completed,79.95
ORD-03138,CUST-0653,PROD-024,CHAN-1,2024-10-26,1,39.0,0.4,8.99,Returned,32.39
ORD-03139,CUST-0905,PROD-038,CHAN-3,2024-10-26,2,83.99,0.0,0.0,Completed,167.98
ORD-03140,CUST-0001,PROD-060,CHAN-1,2024-10-26,1,51.99,0.0,5.99,Completed,57.98
ORD-03141,CUST-1169,PROD-045,CHAN-3,2024-10-26,2,51.0,0.0,0.0,Returned,102.0
ORD-03142,CUST-0418,PROD-085,CHAN-1,2024-10-26,1,23.95,0.0,8.99,Completed,32.94
ORD-03143,CUST-0007,PROD-030,CHAN-1,2024-10-26,4,62.99,0.15,0.0,Completed,214.17
ORD-03144,CUST-0398,PROD-066,CHAN-1,2024-10-26,1,71.95,0.35,5.99,Returned,52.76
ORD-03145,CUST-0119,PROD-073,CHAN-2,2024-10-26,1,24.95,0.0,5.99,Completed,30.94
ORD-03146,CUST-0499,PROD-088,CHAN-1,2024-10-26,2,29.99,0.0,11.99,Completed,71.97
ORD-03147,CUST-0438,PROD-067,CHAN-1,2024-10-26,1,95.99,0.0,0.0,Completed,95.99
ORD-03148,CUST-0050,PROD-144,CHAN-2,2024-10-26,5,17.95,0.25,11.99,Completed,79.3
ORD-03149,CUST-0306,PROD-009,CHAN-2,2024-10-26,1,60.99,0.0,8.99,Completed,69.98
ORD-03150,CUST-1529,PROD-100,CHAN-2,2024-10-26,1,38.95,0.3,8.99,Completed,36.26
ORD-03151,CUST-0473,PROD-149,CHAN-1,2024-10-27,2,11.99,0.0,11.99,Completed,35.97
ORD-03152,CUST-0476,PROD-143,CHAN-3,2024-10-27,5,19.0,0.35,4.99,Completed,66.74
ORD-03153,CUST-0491,PROD-008,CHAN-2,2024-10-27,2,38.99,0.0,0.0,Completed,77.98
ORD-03154,CUST-1009,PROD-001,CHAN-2,2024-10-27,1,50.95,0.0,0.0,Cancelled,0.0
ORD-03155,CUST-1397,PROD-005,CHAN-2,2024-10-27,1,30.99,0.0,5.99,Completed,36.98
ORD-03156,CUST-0139,PROD-133,CHAN-1,2024-10-27,1,18.99,0.3,4.99,Completed,18.28
ORD-03157,CUST-0005,PROD-039,CHAN-2,2024-10-27,1,83.0,0.0,0.0,Completed,83.0
ORD-03158,CUST-0745,PROD-002,CHAN-3,2024-10-27,2,28.99,0.0,5.99,Completed,63.97
ORD-03159,CUST-1923,PROD-132,CHAN-1,2024-10-27,1,8.0,0.0,11.99,Completed,19.99
ORD-03160,CUST-0914,PROD-004,CHAN-1,2024-10-27,1,47.99,0.2,5.99,Completed,44.38
ORD-03161,CUST-0254,PROD-046,CHAN-1,2024-10-28,1,36.99,0.0,11.99,Completed,48.98
ORD-03162,CUST-0831,PROD-001,CHAN-5,2024-10-28,1,50.95,0.0,11.99,Completed,62.94
ORD-03163,CUST-0673,PROD-029,CHAN-1,2024-10-28,1,79.0,0.0,0.0,Returned,79.0
ORD-03164,CUST-0351,PROD-109,CHAN-2,2024-10-28,1,68.99,0.0,11.99,Completed,80.98
ORD-03165,CUST-0040,PROD-016,CHAN-1,2024-10-28,1,25.0,0.3,8.99,Completed,26.49
ORD-03166,CUST-1917,PROD-040,CHAN-2,2024-10-28,1,106.95,0.0,0.0,Completed,106.95
ORD-03167,CUST-1293,PROD-009,CHAN-2,2024-10-28,2,60.99,0.0,0.0,Completed,121.98
ORD-03168,CUST-0026,PROD-019,CHAN-5,2024-10-28,2,35.95,0.35,5.99,Completed,52.73
ORD-03169,CUST-0079,PROD-048,CHAN-1,2024-10-28,1,121.95,0.0,0.0,Completed,121.95
ORD-03170,CUST-0137,PROD-013,CHAN-2,2024-10-28,2,41.95,0.0,0.0,Completed,83.9
ORD-03171,CUST-1393,PROD-005,CHAN-3,2024-10-28,1,30.99,0.25,8.99,Completed,32.23
ORD-03172,CUST-0217,PROD-122,CHAN-2,2024-10-28,1,178.99,0.1,0.0,Completed,161.09
ORD-03173,CUST-0022,PROD-034,CHAN-2,2024-10-28,5,65.99,0.0,0.0,Completed,329.95
ORD-03174,CUST-1055,PROD-115,CHAN-2,2024-10-28,2,166.95,0.0,0.0,Completed,333.9
ORD-03175,CUST-0006,PROD-130,CHAN-1,2024-10-28,3,5.95,0.0,5.99,Completed,23.84
ORD-03176,CUST-0006,PROD-077,CHAN-2,2024-10-28,5,42.99,0.0,0.0,Completed,214.95
ORD-03177,CUST-0991,PROD-023,CHAN-2,2024-10-28,1,58.95,0.25,8.99,Returned,53.2
ORD-03178,CUST-0034,PROD-011,CHAN-1,2024-10-28,1,18.95,0.0,5.99,Completed,24.94
ORD-03179,CUST-1535,PROD-125,CHAN-1,2024-10-29,1,162.99,0.0,0.0,Completed,162.99
ORD-03180,CUST-0057,PROD-011,CHAN-1,2024-10-29,1,18.95,0.0,4.99,Completed,23.94
ORD-03181,CUST-0490,PROD-050,CHAN-2,2024-10-29,1,40.0,0.3,4.99,Completed,32.99
ORD-03182,CUST-0792,PROD-102,CHAN-1,2024-10-29,1,137.0,0.0,0.0,Completed,137.0
ORD-03183,CUST-0089,PROD-004,CHAN-2,2024-10-29,1,47.99,0.0,8.99,Completed,56.98
ORD-03184,CUST-0265,PROD-009,CHAN-2,2024-10-29,1,60.99,0.0,8.99,Completed,69.98
ORD-03185,CUST-0422,PROD-006,CHAN-1,2024-10-29,2,58.0,0.0,0.0,Completed,116.0
ORD-03186,CUST-0693,PROD-003,CHAN-2,2024-10-29,1,70.99,0.0,4.99,Completed,75.98
ORD-03187,CUST-0281,PROD-027,CHAN-3,2024-10-29,1,54.0,0.0,4.99,Completed,58.99
ORD-03188,CUST-0182,PROD-018,CHAN-2,2024-10-29,3,83.95,0.0,0.0,Completed,251.85
ORD-03189,CUST-1293,PROD-095,CHAN-5,2024-10-29,1,18.95,0.1,11.99,Completed,29.05
ORD-03190,CUST-0931,PROD-145,CHAN-1,2024-10-29,1,10.95,0.0,5.99,Completed,16.94
ORD-03191,CUST-0892,PROD-126,CHAN-3,2024-10-29,2,6.99,0.3,11.99,Completed,21.78
ORD-03192,CUST-1722,PROD-044,CHAN-1,2024-10-30,1,66.0,0.0,11.99,Completed,77.99
ORD-03193,CUST-0402,PROD-029,CHAN-2,2024-10-30,1,79.0,0.0,0.0,Completed,79.0
ORD-03194,CUST-1588,PROD-021,CHAN-3,2024-10-30,3,39.0,0.0,0.0,Completed,117.0
ORD-03195,CUST-0322,PROD-031,CHAN-2,2024-10-30,2,100.0,0.3,0.0,Returned,140.0
ORD-03196,CUST-0114,PROD-003,CHAN-1,2024-10-30,1,70.99,0.2,8.99,Completed,65.78
ORD-03197,CUST-0088,PROD-012,CHAN-2,2024-10-30,3,63.0,0.0,0.0,Refunded,189.0
ORD-03198,CUST-0732,PROD-129,CHAN-2,2024-10-30,2,8.99,0.0,8.99,Completed,26.97
ORD-03199,CUST-0201,PROD-017,CHAN-3,2024-10-30,3,28.99,0.0,0.0,Completed,86.97
ORD-03200,CUST-0250,PROD-001,CHAN-2,2024-10-30,1,50.95,0.15,5.99,Completed,49.3
ORD-03201,CUST-0001,PROD-097,CHAN-2,2024-10-30,1,6.0,0.05,5.99,Completed,11.69
ORD-03202,CUST-1574,PROD-044,CHAN-2,2024-10-30,1,66.0,0.0,8.99,Completed,74.99
ORD-03203,CUST-0095,PROD-095,CHAN-1,2024-10-30,1,18.95,0.0,5.99,Completed,24.94
ORD-03204,CUST-0008,PROD-034,CHAN-2,2024-10-30,1,65.99,0.25,5.99,Completed,55.48
ORD-03205,CUST-0278,PROD-005,CHAN-2,2024-10-30,3,30.99,0.3,4.99,Completed,70.07
ORD-03206,CUST-0022,PROD-071,CHAN-2,2024-10-31,2,54.99,0.0,0.0,Completed,109.98
ORD-03207,CUST-0020,PROD-133,CHAN-2,2024-10-31,2,18.99,0.0,0.0,Cancelled,0.0
ORD-03208,CUST-0058,PROD-082,CHAN-2,2024-10-31,1,22.0,0.0,5.99,Completed,27.99
ORD-03209,CUST-0166,PROD-065,CHAN-1,2024-10-31,2,30.0,0.0,11.99,Completed,71.99
ORD-03210,CUST-0003,PROD-007,CHAN-2,2024-10-31,1,49.0,0.0,4.99,Completed,53.99
ORD-03211,CUST-1852,PROD-113,CHAN-2,2024-10-31,2,97.0,0.1,0.0,Completed,174.6
ORD-03212,CUST-1452,PROD-012,CHAN-3,2024-10-31,1,63.0,0.4,8.99,Refunded,46.79
ORD-03213,CUST-0200,PROD-047,CHAN-2,2024-10-31,1,82.0,0.2,5.99,Completed,71.59
ORD-03214,CUST-0085,PROD-056,CHAN-1,2024-10-31,2,131.0,0.0,0.0,Completed,262.0
ORD-03215,CUST-0641,PROD-010,CHAN-1,2024-10-31,1,32.99,0.0,0.0,Cancelled,0.0
ORD-03216,CUST-0248,PROD-006,CHAN-1,2024-10-31,1,58.0,0.0,11.99,Completed,69.99
ORD-03217,CUST-0010,PROD-045,CHAN-2,2024-10-31,1,51.0,0.0,8.99,Completed,59.99
ORD-03218,CUST-1200,PROD-004,CHAN-1,2024-10-31,1,47.99,0.1,11.99,Completed,55.18
ORD-03219,CUST-0705,PROD-072,CHAN-2,2024-10-31,1,35.95,0.0,5.99,Completed,41.94
ORD-03220,CUST-0008,PROD-072,CHAN-2,2024-10-31,5,35.95,0.35,0.0,Refunded,116.84
ORD-03221,CUST-0754,PROD-071,CHAN-2,2024-10-31,2,54.99,0.25,0.0,Completed,82.48
ORD-03222,CUST-1983,PROD-091,CHAN-2,2024-10-31,1,13.0,0.0,4.99,Completed,17.99
ORD-03223,CUST-0853,PROD-075,CHAN-2,2024-11-01,1,118.99,0.05,0.0,Completed,113.04
ORD-03224,CUST-0646,PROD-015,CHAN-2,2024-11-01,1,65.0,0.4,4.99,Completed,43.99
ORD-03225,CUST-0727,PROD-015,CHAN-1,2024-11-01,1,65.0,0.0,8.99,Completed,73.99
ORD-03226,CUST-0011,PROD-065,CHAN-4,2024-11-01,4,30.0,0.0,0.0,Completed,120.0
ORD-03227,CUST-0052,PROD-098,CHAN-1,2024-11-01,3,30.99,0.15,0.0,Completed,79.02
ORD-03228,CUST-1055,PROD-002,CHAN-1,2024-11-01,1,28.99,0.0,5.99,Completed,34.98
ORD-03229,CUST-1047,PROD-026,CHAN-2,2024-11-01,1,36.95,0.0,0.0,Cancelled,0.0
ORD-03230,CUST-1872,PROD-132,CHAN-1,2024-11-01,2,8.0,0.35,8.99,Completed,19.39
ORD-03231,CUST-1212,PROD-121,CHAN-1,2024-11-01,1,156.99,0.0,0.0,Cancelled,0.0
ORD-03232,CUST-0107,PROD-029,CHAN-1,2024-11-01,1,79.0,0.05,0.0,Completed,75.05
ORD-03233,CUST-0671,PROD-038,CHAN-2,2024-11-01,1,83.99,0.15,11.99,Completed,83.38
ORD-03234,CUST-1402,PROD-132,CHAN-2,2024-11-02,2,8.0,0.0,5.99,Completed,21.99
ORD-03235,CUST-0015,PROD-095,CHAN-1,2024-11-02,1,18.95,0.2,4.99,Completed,20.15
ORD-03236,CUST-0110,PROD-052,CHAN-1,2024-11-02,1,124.0,0.4,11.99,Completed,86.39
ORD-03237,CUST-0149,PROD-111,CHAN-2,2024-11-02,1,27.99,0.0,11.99,Completed,39.98
ORD-03238,CUST-0120,PROD-107,CHAN-1,2024-11-02,1,53.0,0.0,4.99,Completed,57.99
ORD-03239,CUST-0634,PROD-020,CHAN-1,2024-11-02,1,25.0,0.0,8.99,Completed,33.99
ORD-03240,CUST-0042,PROD-014,CHAN-1,2024-11-02,1,19.0,0.0,8.99,Completed,27.99
ORD-03241,CUST-0107,PROD-139,CHAN-2,2024-11-02,2,6.99,0.0,4.99,Completed,18.97
ORD-03242,CUST-0003,PROD-003,CHAN-3,2024-11-02,1,70.99,0.0,5.99,Returned,76.98
ORD-03243,CUST-0033,PROD-026,CHAN-2,2024-11-02,2,36.95,0.0,5.99,Returned,79.89
ORD-03244,CUST-0004,PROD-054,CHAN-2,2024-11-02,4,109.0,0.1,0.0,Completed,392.4
ORD-03245,CUST-1127,PROD-013,CHAN-2,2024-11-02,2,41.95,0.1,0.0,Completed,75.51
ORD-03246,CUST-0863,PROD-101,CHAN-4,2024-11-02,1,66.0,0.25,8.99,Completed,58.49
ORD-03247,CUST-0010,PROD-095,CHAN-1,2024-11-02,1,18.95,0.0,8.99,Refunded,27.94
ORD-03248,CUST-0185,PROD-101,CHAN-1,2024-11-02,1,66.0,0.35,8.99,Completed,51.89
ORD-03249,CUST-0001,PROD-003,CHAN-1,2024-11-03,1,70.99,0.0,4.99,Returned,75.98
ORD-03250,CUST-1277,PROD-112,CHAN-2,2024-11-03,1,115.0,0.0,0.0,Returned,115.0
ORD-03251,CUST-0363,PROD-007,CHAN-1,2024-11-03,1,49.0,0.0,0.0,Cancelled,0.0
ORD-03252,CUST-0879,PROD-003,CHAN-1,2024-11-03,3,70.99,0.0,0.0,Completed,212.97
ORD-03253,CUST-0219,PROD-132,CHAN-5,2024-11-03,1,8.0,0.3,4.99,Completed,10.59
ORD-03254,CUST-0083,PROD-094,CHAN-1,2024-11-03,1,24.95,0.0,8.99,Completed,33.94
ORD-03255,CUST-1046,PROD-029,CHAN-1,2024-11-03,1,79.0,0.0,0.0,Completed,79.0
ORD-03256,CUST-0872,PROD-004,CHAN-1,2024-11-03,1,47.99,0.0,5.99,Returned,53.98
ORD-03257,CUST-0162,PROD-087,CHAN-2,2024-11-03,1,34.99,0.4,4.99,Completed,25.98
ORD-03258,CUST-0001,PROD-005,CHAN-1,2024-11-03,1,30.99,0.0,8.99,Completed,39.98
ORD-03259,CUST-0019,PROD-026,CHAN-1,2024-11-03,2,36.95,0.0,8.99,Completed,82.89
ORD-03260,CUST-1056,PROD-050,CHAN-1,2024-11-03,2,40.0,0.0,0.0,Completed,80.0
ORD-03261,CUST-1821,PROD-008,CHAN-2,2024-11-03,2,38.99,0.0,0.0,Refunded,77.98
ORD-03262,CUST-0393,PROD-017,CHAN-2,2024-11-03,1,28.99,0.25,4.99,Completed,26.73
ORD-03263,CUST-0185,PROD-130,CHAN-2,2024-11-03,1,5.95,0.0,5.99,Completed,11.94
ORD-03264,CUST-0485,PROD-071,CHAN-1,2024-11-03,1,54.99,0.0,4.99,Completed,59.98
ORD-03265,CUST-1532,PROD-049,CHAN-1,2024-11-03,1,19.95,0.0,5.99,Completed,25.94
ORD-03266,CUST-0354,PROD-045,CHAN-1,2024-11-03,1,51.0,0.0,4.99,Completed,55.99
ORD-03267,CUST-0005,PROD-005,CHAN-2,2024-11-03,1,30.99,0.0,5.99,Completed,36.98
ORD-03268,CUST-1423,PROD-005,CHAN-2,2024-11-03,1,30.99,0.0,5.99,Completed,36.98
ORD-03269,CUST-0184,PROD-088,CHAN-2,2024-11-03,2,29.99,0.0,4.99,Returned,64.97
ORD-03270,CUST-0332,PROD-053,CHAN-2,2024-11-03,1,88.95,0.0,0.0,Completed,88.95
ORD-03271,CUST-0552,PROD-093,CHAN-4,2024-11-03,1,25.99,0.0,4.99,Completed,30.98
ORD-03272,CUST-0467,PROD-003,CHAN-1,2024-11-03,1,70.99,0.0,5.99,Completed,76.98
ORD-03273,CUST-1234,PROD-040,CHAN-2,2024-11-04,1,106.95,0.0,0.0,Completed,106.95
ORD-03274,CUST-0268,PROD-122,CHAN-1,2024-11-04,1,178.99,0.15,0.0,Completed,152.14
ORD-03275,CUST-0225,PROD-074,CHAN-2,2024-11-04,1,45.95,0.0,5.99,Completed,51.94
ORD-03276,CUST-0688,PROD-011,CHAN-2,2024-11-04,1,18.95,0.0,5.99,Returned,24.94
ORD-03277,CUST-0179,PROD-065,CHAN-3,2024-11-04,2,30.0,0.0,11.99,Completed,71.99
ORD-03278,CUST-0838,PROD-021,CHAN-1,2024-11-04,1,39.0,0.35,8.99,Completed,34.34
ORD-03279,CUST-1355,PROD-110,CHAN-4,2024-11-04,1,35.95,0.0,11.99,Completed,47.94
ORD-03280,CUST-0387,PROD-063,CHAN-2,2024-11-04,1,96.99,0.0,0.0,Completed,96.99
ORD-03281,CUST-0994,PROD-021,CHAN-1,2024-11-04,1,39.0,0.0,4.99,Completed,43.99
ORD-03282,CUST-0001,PROD-020,CHAN-1,2024-11-04,1,25.0,0.0,8.99,Completed,33.99
ORD-03283,CUST-0582,PROD-120,CHAN-3,2024-11-04,1,158.0,0.0,0.0,Returned,158.0
ORD-03284,CUST-0016,PROD-007,CHAN-5,2024-11-04,1,49.0,0.35,5.99,Completed,37.84
ORD-03285,CUST-0030,PROD-106,CHAN-1,2024-11-04,2,103.0,0.0,0.0,Completed,206.0
ORD-03286,CUST-0066,PROD-024,CHAN-2,2024-11-04,2,39.0,0.0,0.0,Completed,78.0
ORD-03287,CUST-1371,PROD-050,CHAN-1,2024-11-04,1,40.0,0.15,11.99,Completed,45.99
ORD-03288,CUST-1872,PROD-056,CHAN-2,2024-11-04,1,131.0,0.3,0.0,Completed,91.7
ORD-03289,CUST-0379,PROD-029,CHAN-2,2024-11-04,2,79.0,0.0,0.0,Completed,158.0
ORD-03290,CUST-0335,PROD-035,CHAN-1,2024-11-04,1,102.99,0.0,0.0,Completed,102.99
ORD-03291,CUST-1690,PROD-017,CHAN-3,2024-11-04,2,28.99,0.0,5.99,Returned,63.97
ORD-03292,CUST-1068,PROD-132,CHAN-2,2024-11-04,2,8.0,0.0,0.0,Cancelled,0.0
ORD-03293,CUST-0025,PROD-059,CHAN-2,2024-11-04,1,58.99,0.25,4.99,Completed,49.23
ORD-03294,CUST-0898,PROD-091,CHAN-3,2024-11-04,1,13.0,0.0,5.99,Completed,18.99
ORD-03295,CUST-0721,PROD-015,CHAN-2,2024-11-04,1,65.0,0.1,11.99,Completed,70.49
ORD-03296,CUST-0511,PROD-027,CHAN-1,2024-11-04,1,54.0,0.0,8.99,Completed,62.99
ORD-03297,CUST-0006,PROD-057,CHAN-3,2024-11-05,1,32.0,0.0,4.99,Refunded,36.99
ORD-03298,CUST-0005,PROD-032,CHAN-2,2024-11-05,1,89.95,0.0,0.0,Completed,89.95
ORD-03299,CUST-0072,PROD-010,CHAN-1,2024-11-05,1,32.99,0.0,5.99,Completed,38.98
ORD-03300,CUST-0135,PROD-079,CHAN-2,2024-11-05,1,37.99,0.0,11.99,Completed,49.98
ORD-03301,CUST-0606,PROD-035,CHAN-4,2024-11-05,1,102.99,0.1,0.0,Completed,92.69
ORD-03302,CUST-0852,PROD-080,CHAN-1,2024-11-05,3,20.95,0.0,8.99,Completed,71.84
ORD-03303,CUST-0309,PROD-069,CHAN-1,2024-11-05,1,71.0,0.0,11.99,Completed,82.99
ORD-03304,CUST-0486,PROD-017,CHAN-2,2024-11-05,1,28.99,0.0,11.99,Completed,40.98
ORD-03305,CUST-0613,PROD-036,CHAN-1,2024-11-05,1,102.99,0.25,0.0,Completed,77.24
ORD-03306,CUST-0211,PROD-019,CHAN-1,2024-11-05,1,35.95,0.0,8.99,Completed,44.94
ORD-03307,CUST-0046,PROD-131,CHAN-1,2024-11-05,1,7.95,0.0,8.99,Completed,16.94
ORD-03308,CUST-0017,PROD-002,CHAN-2,2024-11-05,1,28.99,0.1,11.99,Completed,38.08
ORD-03309,CUST-0321,PROD-022,CHAN-3,2024-11-05,1,21.0,0.0,11.99,Completed,32.99
ORD-03310,CUST-0259,PROD-078,CHAN-1,2024-11-05,2,9.99,0.4,11.99,Completed,23.98
ORD-03311,CUST-0667,PROD-026,CHAN-2,2024-11-05,4,36.95,0.0,0.0,Completed,147.8
ORD-03312,CUST-0667,PROD-123,CHAN-1,2024-11-05,1,141.0,0.1,0.0,Refunded,126.9
ORD-03313,CUST-1546,PROD-017,CHAN-4,2024-11-05,1,28.99,0.0,4.99,Completed,33.98
ORD-03314,CUST-1519,PROD-031,CHAN-1,2024-11-05,2,100.0,0.2,0.0,Completed,160.0
ORD-03315,CUST-0061,PROD-001,CHAN-1,2024-11-05,1,50.95,0.0,11.99,Completed,62.94
ORD-03316,CUST-1883,PROD-003,CHAN-2,2024-11-05,1,70.99,0.0,4.99,Completed,75.98
ORD-03317,CUST-0911,PROD-004,CHAN-1,2024-11-05,1,47.99,0.0,11.99,Completed,59.98
ORD-03318,CUST-0417,PROD-114,CHAN-2,2024-11-05,1,21.0,0.35,11.99,Completed,25.64
ORD-03319,CUST-0439,PROD-095,CHAN-1,2024-11-05,1,18.95,0.15,4.99,Completed,21.1
ORD-03320,CUST-0031,PROD-083,CHAN-2,2024-11-06,1,25.99,0.25,11.99,Completed,31.48
ORD-03321,CUST-0059,PROD-018,CHAN-4,2024-11-06,1,83.95,0.0,0.0,Completed,83.95
ORD-03322,CUST-1515,PROD-051,CHAN-1,2024-11-06,1,105.95,0.3,8.99,Completed,83.15
ORD-03323,CUST-1735,PROD-027,CHAN-3,2024-11-06,1,54.0,0.4,4.99,Completed,37.39
ORD-03324,CUST-0454,PROD-107,CHAN-4,2024-11-06,1,53.0,0.0,8.99,Completed,61.99
ORD-03325,CUST-0610,PROD-001,CHAN-1,2024-11-06,1,50.95,0.3,11.99,Completed,47.66
ORD-03326,CUST-0008,PROD-013,CHAN-1,2024-11-06,4,41.95,0.0,0.0,Completed,167.8
ORD-03327,CUST-0685,PROD-028,CHAN-5,2024-11-06,1,109.0,0.0,0.0,Completed,109.0
ORD-03328,CUST-0285,PROD-063,CHAN-1,2024-11-06,2,96.99,0.0,0.0,Completed,193.98
ORD-03329,CUST-0009,PROD-005,CHAN-1,2024-11-06,3,30.99,0.0,0.0,Completed,92.97
ORD-03330,CUST-0725,PROD-064,CHAN-2,2024-11-06,1,43.0,0.25,4.99,Refunded,37.24
ORD-03331,CUST-0565,PROD-026,CHAN-1,2024-11-06,1,36.95,0.35,8.99,Completed,33.01
ORD-03332,CUST-0015,PROD-007,CHAN-3,2024-11-06,1,49.0,0.35,5.99,Returned,37.84
ORD-03333,CUST-0589,PROD-027,CHAN-1,2024-11-06,1,54.0,0.0,8.99,Completed,62.99
ORD-03334,CUST-0895,PROD-040,CHAN-4,2024-11-06,3,106.95,0.0,0.0,Completed,320.85
ORD-03335,CUST-0199,PROD-101,CHAN-2,2024-11-06,1,66.0,0.0,0.0,Cancelled,0.0
ORD-03336,CUST-0003,PROD-050,CHAN-4,2024-11-06,2,40.0,0.25,8.99,Completed,68.99
ORD-03337,CUST-1051,PROD-006,CHAN-1,2024-11-06,1,58.0,0.0,11.99,Completed,69.99
ORD-03338,CUST-0103,PROD-051,CHAN-1,2024-11-06,1,105.95,0.1,0.0,Completed,95.36
ORD-03339,CUST-0232,PROD-014,CHAN-1,2024-11-06,2,19.0,0.0,11.99,Completed,49.99
ORD-03340,CUST-0001,PROD-001,CHAN-3,2024-11-07,5,50.95,0.3,0.0,Completed,178.32
ORD-03341,CUST-0854,PROD-001,CHAN-1,2024-11-07,4,50.95,0.0,0.0,Completed,203.8
ORD-03342,CUST-1132,PROD-049,CHAN-1,2024-11-07,1,19.95,0.25,4.99,Completed,19.95
ORD-03343,CUST-0001,PROD-056,CHAN-1,2024-11-07,5,131.0,0.05,0.0,Completed,622.25
ORD-03344,CUST-0030,PROD-076,CHAN-1,2024-11-07,1,7.99,0.25,4.99,Completed,10.98
ORD-03345,CUST-0006,PROD-088,CHAN-2,2024-11-07,1,29.99,0.0,5.99,Completed,35.98
ORD-03346,CUST-1288,PROD-045,CHAN-4,2024-11-07,3,51.0,0.2,0.0,Completed,122.4
ORD-03347,CUST-1601,PROD-002,CHAN-1,2024-11-07,4,28.99,0.05,0.0,Completed,110.16
ORD-03348,CUST-0303,PROD-010,CHAN-2,2024-11-07,1,32.99,0.0,11.99,Completed,44.98
ORD-03349,CUST-0855,PROD-105,CHAN-2,2024-11-07,1,71.0,0.0,5.99,Completed,76.99
ORD-03350,CUST-0186,PROD-027,CHAN-2,2024-11-07,1,54.0,0.0,11.99,Completed,65.99
ORD-03351,CUST-0251,PROD-040,CHAN-2,2024-11-07,2,106.95,0.0,0.0,Completed,213.9
ORD-03352,CUST-0352,PROD-010,CHAN-2,2024-11-07,2,32.99,0.0,8.99,Completed,74.97
ORD-03353,CUST-0106,PROD-062,CHAN-1,2024-11-07,1,77.99,0.3,8.99,Completed,63.58
ORD-03354,CUST-1549,PROD-125,CHAN-2,2024-11-07,2,162.99,0.0,0.0,Completed,325.98
ORD-03355,CUST-1310,PROD-138,CHAN-2,2024-11-07,1,3.99,0.0,5.99,Completed,9.98
ORD-03356,CUST-0203,PROD-002,CHAN-1,2024-11-07,2,28.99,0.0,5.99,Completed,63.97
ORD-03357,CUST-1119,PROD-119,CHAN-1,2024-11-08,1,123.0,0.0,0.0,Completed,123.0
ORD-03358,CUST-0010,PROD-008,CHAN-4,2024-11-08,1,38.99,0.0,11.99,Returned,50.98
ORD-03359,CUST-0956,PROD-002,CHAN-1,2024-11-08,1,28.99,0.2,8.99,Completed,32.18
ORD-03360,CUST-0015,PROD-017,CHAN-1,2024-11-08,1,28.99,0.0,5.99,Completed,34.98
ORD-03361,CUST-1847,PROD-102,CHAN-5,2024-11-08,2,137.0,0.0,0.0,Completed,274.0
ORD-03362,CUST-1315,PROD-050,CHAN-2,2024-11-08,1,40.0,0.0,11.99,Returned,51.99
ORD-03363,CUST-1168,PROD-007,CHAN-1,2024-11-08,3,49.0,0.0,0.0,Cancelled,0.0
ORD-03364,CUST-0001,PROD-143,CHAN-2,2024-11-08,1,19.0,0.0,4.99,Completed,23.99
ORD-03365,CUST-0767,PROD-100,CHAN-1,2024-11-08,2,38.95,0.0,0.0,Completed,77.9
ORD-03366,CUST-1117,PROD-011,CHAN-1,2024-11-08,1,18.95,0.3,4.99,Completed,18.25
ORD-03367,CUST-0036,PROD-002,CHAN-2,2024-11-08,1,28.99,0.0,4.99,Completed,33.98
ORD-03368,CUST-1438,PROD-011,CHAN-2,2024-11-09,1,18.95,0.0,5.99,Completed,24.94
ORD-03369,CUST-1408,PROD-042,CHAN-1,2024-11-09,2,17.0,0.4,8.99,Completed,29.39
ORD-03370,CUST-0099,PROD-002,CHAN-1,2024-11-09,2,28.99,0.2,11.99,Completed,58.37
ORD-03371,CUST-0002,PROD-052,CHAN-2,2024-11-09,3,124.0,0.0,0.0,Completed,372.0
ORD-03372,CUST-0082,PROD-013,CHAN-1,2024-11-09,1,41.95,0.05,4.99,Completed,44.84
ORD-03373,CUST-0883,PROD-062,CHAN-2,2024-11-09,2,77.99,0.0,0.0,Completed,155.98
ORD-03374,CUST-1613,PROD-029,CHAN-5,2024-11-09,1,79.0,0.0,0.0,Completed,79.0
ORD-03375,CUST-0816,PROD-043,CHAN-3,2024-11-09,1,45.99,0.0,5.99,Returned,51.98
ORD-03376,CUST-1043,PROD-130,CHAN-2,2024-11-09,2,5.95,0.0,0.0,Cancelled,0.0
ORD-03377,CUST-0005,PROD-008,CHAN-5,2024-11-09,1,38.99,0.0,4.99,Completed,43.98
ORD-03378,CUST-0435,PROD-022,CHAN-1,2024-11-09,1,21.0,0.35,11.99,Completed,25.64
ORD-03379,CUST-0321,PROD-008,CHAN-1,2024-11-09,1,38.99,0.0,11.99,Completed,50.98
ORD-03380,CUST-0486,PROD-010,CHAN-2,2024-11-09,3,32.99,0.1,0.0,Completed,89.07
ORD-03381,CUST-0281,PROD-110,CHAN-4,2024-11-09,1,35.95,0.35,8.99,Completed,32.36
ORD-03382,CUST-0008,PROD-035,CHAN-2,2024-11-09,1,102.99,0.35,5.99,Completed,72.93
ORD-03383,CUST-0112,PROD-062,CHAN-1,2024-11-09,4,77.99,0.0,0.0,Completed,311.96
ORD-03384,CUST-0050,PROD-126,CHAN-1,2024-11-09,1,6.99,0.0,0.0,Cancelled,0.0
ORD-03385,CUST-0052,PROD-149,CHAN-1,2024-11-09,1,11.99,0.0,4.99,Completed,16.98
ORD-03386,CUST-1375,PROD-068,CHAN-1,2024-11-09,3,83.95,0.05,0.0,Refunded,239.26
ORD-03387,CUST-1478,PROD-029,CHAN-2,2024-11-10,4,79.0,0.0,0.0,Cancelled,0.0
ORD-03388,CUST-1908,PROD-031,CHAN-3,2024-11-10,1,100.0,0.0,0.0,Cancelled,0.0
ORD-03389,CUST-0154,PROD-006,CHAN-1,2024-11-10,1,58.0,0.0,8.99,Completed,66.99
ORD-03390,CUST-0341,PROD-010,CHAN-1,2024-11-10,1,32.99,0.0,5.99,Completed,38.98
ORD-03391,CUST-1933,PROD-109,CHAN-1,2024-11-10,3,68.99,0.0,0.0,Completed,206.97
ORD-03392,CUST-0126,PROD-067,CHAN-4,2024-11-10,1,95.99,0.0,0.0,Completed,95.99
ORD-03393,CUST-0716,PROD-015,CHAN-1,2024-11-10,1,65.0,0.0,5.99,Completed,70.99
ORD-03394,CUST-1891,PROD-032,CHAN-4,2024-11-10,3,89.95,0.4,0.0,Completed,161.91
ORD-03395,CUST-0062,PROD-025,CHAN-2,2024-11-10,1,57.99,0.0,5.99,Completed,63.98
ORD-03396,CUST-0008,PROD-149,CHAN-2,2024-11-10,1,11.99,0.0,0.0,Cancelled,0.0
ORD-03397,CUST-0558,PROD-003,CHAN-2,2024-11-10,3,70.99,0.1,0.0,Completed,191.67
ORD-03398,CUST-1492,PROD-019,CHAN-2,2024-11-10,1,35.95,0.25,4.99,Completed,31.95
ORD-03399,CUST-0123,PROD-002,CHAN-2,2024-11-10,1,28.99,0.0,5.99,Completed,34.98
ORD-03400,CUST-0001,PROD-003,CHAN-1,2024-11-10,1,70.99,0.0,5.99,Returned,76.98
ORD-03401,CUST-0395,PROD-015,CHAN-1,2024-11-10,2,65.0,0.0,0.0,Completed,130.0
ORD-03402,CUST-0018,PROD-038,CHAN-4,2024-11-10,1,83.99,0.0,0.0,Returned,83.99
ORD-03403,CUST-0824,PROD-029,CHAN-1,2024-11-10,1,79.0,0.0,0.0,Completed,79.0
ORD-03404,CUST-0591,PROD-003,CHAN-2,2024-11-10,3,70.99,0.1,0.0,Refunded,191.67
ORD-03405,CUST-0038,PROD-033,CHAN-2,2024-11-10,2,63.99,0.0,0.0,Completed,127.98
ORD-03406,CUST-1193,PROD-086,CHAN-1,2024-11-10,1,7.0,0.0,5.99,Completed,12.99
ORD-03407,CUST-0132,PROD-069,CHAN-2,2024-11-10,4,71.0,0.05,0.0,Completed,269.8
ORD-03408,CUST-0252,PROD-060,CHAN-2,2024-11-10,1,51.99,0.0,4.99,Completed,56.98
ORD-03409,CUST-0263,PROD-045,CHAN-4,2024-11-10,1,51.0,0.0,8.99,Completed,59.99
ORD-03410,CUST-1895,PROD-045,CHAN-1,2024-11-10,1,51.0,0.0,11.99,Completed,62.99
ORD-03411,CUST-0017,PROD-032,CHAN-1,2024-11-10,1,89.95,0.0,0.0,Completed,89.95
ORD-03412,CUST-1939,PROD-067,CHAN-2,2024-11-10,1,95.99,0.2,0.0,Completed,76.79
ORD-03413,CUST-0281,PROD-014,CHAN-3,2024-11-10,1,19.0,0.0,11.99,Completed,30.99
ORD-03414,CUST-0260,PROD-052,CHAN-2,2024-11-11,2,124.0,0.05,0.0,Completed,235.6
ORD-03415,CUST-0050,PROD-023,CHAN-2,2024-11-11,1,58.95,0.4,11.99,Completed,47.36
ORD-03416,CUST-0187,PROD-001,CHAN-2,2024-11-11,4,50.95,0.0,0.0,Completed,203.8
ORD-03417,CUST-0563,PROD-110,CHAN-2,2024-11-11,1,35.95,0.0,4.99,Completed,40.94
ORD-03418,CUST-0001,PROD-064,CHAN-2,2024-11-11,2,43.0,0.1,0.0,Completed,77.4
ORD-03419,CUST-0758,PROD-147,CHAN-2,2024-11-11,1,5.95,0.0,5.99,Completed,11.94
ORD-03420,CUST-0082,PROD-035,CHAN-3,2024-11-11,1,102.99,0.0,0.0,Completed,102.99
ORD-03421,CUST-1884,PROD-148,CHAN-2,2024-11-11,1,15.0,0.25,11.99,Completed,23.24
ORD-03422,CUST-0046,PROD-013,CHAN-1,2024-11-11,1,41.95,0.0,4.99,Completed,46.94
ORD-03423,CUST-0004,PROD-077,CHAN-1,2024-11-11,1,42.99,0.0,11.99,Completed,54.98
ORD-03424,CUST-0403,PROD-143,CHAN-2,2024-11-11,1,19.0,0.0,5.99,Completed,24.99
ORD-03425,CUST-1018,PROD-081,CHAN-3,2024-11-11,1,38.95,0.0,5.99,Returned,44.94
ORD-03426,CUST-1330,PROD-015,CHAN-4,2024-11-11,1,65.0,0.0,5.99,Completed,70.99
ORD-03427,CUST-1631,PROD-140,CHAN-1,2024-11-11,4,12.0,0.2,11.99,Refunded,50.39
ORD-03428,CUST-0007,PROD-009,CHAN-1,2024-11-11,5,60.99,0.0,0.0,Cancelled,0.0
ORD-03429,CUST-0304,PROD-046,CHAN-2,2024-11-11,4,36.99,0.0,0.0,Completed,147.96
ORD-03430,CUST-1041,PROD-009,CHAN-1,2024-11-11,1,60.99,0.0,0.0,Cancelled,0.0
ORD-03431,CUST-0622,PROD-007,CHAN-1,2024-11-11,2,49.0,0.3,5.99,Completed,74.59
ORD-03432,CUST-0112,PROD-049,CHAN-1,2024-11-11,1,19.95,0.0,8.99,Completed,28.94
ORD-03433,CUST-0145,PROD-026,CHAN-3,2024-11-11,1,36.95,0.0,5.99,Completed,42.94
ORD-03434,CUST-0161,PROD-092,CHAN-2,2024-11-11,2,8.0,0.25,11.99,Completed,23.99
ORD-03435,CUST-1761,PROD-095,CHAN-1,2024-11-11,2,18.95,0.0,8.99,Completed,46.89
ORD-03436,CUST-0337,PROD-013,CHAN-1,2024-11-11,1,41.95,0.0,8.99,Completed,50.94
ORD-03437,CUST-0018,PROD-007,CHAN-1,2024-11-11,2,49.0,0.35,11.99,Completed,75.69
ORD-03438,CUST-1650,PROD-052,CHAN-3,2024-11-11,1,124.0,0.0,0.0,Completed,124.0
ORD-03439,CUST-1515,PROD-039,CHAN-1,2024-11-11,1,83.0,0.0,0.0,Completed,83.0
ORD-03440,CUST-0098,PROD-001,CHAN-1,2024-11-11,1,50.95,0.0,11.99,Completed,62.94
ORD-03441,CUST-0052,PROD-012,CHAN-5,2024-11-11,1,63.0,0.0,5.99,Completed,68.99
ORD-03442,CUST-0054,PROD-071,CHAN-3,2024-11-11,1,54.99,0.1,4.99,Completed,54.48
ORD-03443,CUST-1400,PROD-019,CHAN-1,2024-11-11,1,35.95,0.0,4.99,Completed,40.94
ORD-03444,CUST-0538,PROD-022,CHAN-2,2024-11-12,1,21.0,0.25,11.99,Completed,27.74
ORD-03445,CUST-0776,PROD-020,CHAN-2,2024-11-12,1,25.0,0.25,4.99,Completed,23.74
ORD-03446,CUST-0734,PROD-010,CHAN-3,2024-11-12,2,32.99,0.0,5.99,Completed,71.97
ORD-03447,CUST-0051,PROD-143,CHAN-2,2024-11-12,1,19.0,0.0,11.99,Completed,30.99
ORD-03448,CUST-0022,PROD-043,CHAN-1,2024-11-12,1,45.99,0.0,4.99,Refunded,50.98
ORD-03449,CUST-0194,PROD-078,CHAN-1,2024-11-12,2,9.99,0.2,4.99,Completed,20.97
ORD-03450,CUST-0112,PROD-031,CHAN-2,2024-11-12,1,100.0,0.1,0.0,Completed,90.0
ORD-03451,CUST-0097,PROD-024,CHAN-1,2024-11-12,1,39.0,0.0,11.99,Completed,50.99
ORD-03452,CUST-0117,PROD-079,CHAN-2,2024-11-12,1,37.99,0.0,4.99,Completed,42.98
ORD-03453,CUST-0099,PROD-009,CHAN-1,2024-11-12,1,60.99,0.0,5.99,Completed,66.98
ORD-03454,CUST-0334,PROD-085,CHAN-1,2024-11-12,3,23.95,0.0,4.99,Completed,76.84
ORD-03455,CUST-0126,PROD-015,CHAN-2,2024-11-12,2,65.0,0.0,0.0,Completed,130.0
ORD-03456,CUST-0161,PROD-083,CHAN-3,2024-11-12,2,25.99,0.0,5.99,Completed,57.97
ORD-03457,CUST-0002,PROD-102,CHAN-2,2024-11-12,1,137.0,0.05,0.0,Refunded,130.15
ORD-03458,CUST-0961,PROD-144,CHAN-1,2024-11-12,1,17.95,0.25,4.99,Completed,18.45
ORD-03459,CUST-0263,PROD-001,CHAN-1,2024-11-12,1,50.95,0.0,8.99,Completed,59.94
ORD-03460,CUST-0099,PROD-070,CHAN-3,2024-11-12,1,91.99,0.0,0.0,Completed,91.99
ORD-03461,CUST-1508,PROD-002,CHAN-3,2024-11-12,2,28.99,0.2,8.99,Returned,55.37
ORD-03462,CUST-0108,PROD-015,CHAN-1,2024-11-12,2,65.0,0.3,0.0,Completed,91.0
ORD-03463,CUST-1220,PROD-018,CHAN-2,2024-11-13,1,83.95,0.0,0.0,Completed,83.95
ORD-03464,CUST-0274,PROD-150,CHAN-1,2024-11-13,3,7.0,0.0,5.99,Completed,26.99
ORD-03465,CUST-1192,PROD-142,CHAN-1,2024-11-13,1,5.0,0.05,5.99,Completed,10.74
ORD-03466,CUST-0001,PROD-079,CHAN-2,2024-11-13,1,37.99,0.0,4.99,Completed,42.98
ORD-03467,CUST-1069,PROD-015,CHAN-1,2024-11-13,1,65.0,0.0,11.99,Completed,76.99
ORD-03468,CUST-0008,PROD-012,CHAN-1,2024-11-13,2,63.0,0.2,0.0,Completed,100.8
ORD-03469,CUST-1074,PROD-030,CHAN-2,2024-11-13,1,62.99,0.1,4.99,Completed,61.68
ORD-03470,CUST-0124,PROD-079,CHAN-2,2024-11-13,1,37.99,0.0,11.99,Completed,49.98
ORD-03471,CUST-0558,PROD-070,CHAN-1,2024-11-13,2,91.99,0.0,0.0,Completed,183.98
ORD-03472,CUST-0023,PROD-117,CHAN-1,2024-11-13,1,27.99,0.0,11.99,Completed,39.98
ORD-03473,CUST-0517,PROD-023,CHAN-3,2024-11-13,1,58.95,0.4,11.99,Completed,47.36
ORD-03474,CUST-0685,PROD-016,CHAN-1,2024-11-13,1,25.0,0.3,5.99,Completed,23.49
ORD-03475,CUST-0532,PROD-065,CHAN-2,2024-11-13,4,30.0,0.0,0.0,Completed,120.0
ORD-03476,CUST-0747,PROD-130,CHAN-1,2024-11-13,1,5.95,0.0,8.99,Completed,14.94
ORD-03477,CUST-0100,PROD-004,CHAN-2,2024-11-13,1,47.99,0.0,4.99,Completed,52.98
ORD-03478,CUST-0463,PROD-083,CHAN-5,2024-11-13,2,25.99,0.05,11.99,Completed,61.37
ORD-03479,CUST-0012,PROD-019,CHAN-1,2024-11-13,1,35.95,0.0,5.99,Completed,41.94
ORD-03480,CUST-0402,PROD-046,CHAN-1,2024-11-13,2,36.99,0.3,5.99,Completed,57.78
ORD-03481,CUST-0873,PROD-001,CHAN-1,2024-11-13,2,50.95,0.0,0.0,Completed,101.9
ORD-03482,CUST-0358,PROD-020,CHAN-1,2024-11-13,1,25.0,0.0,11.99,Returned,36.99
ORD-03483,CUST-0009,PROD-100,CHAN-1,2024-11-13,1,38.95,0.0,8.99,Completed,47.94
ORD-03484,CUST-0003,PROD-091,CHAN-1,2024-11-13,1,13.0,0.0,5.99,Completed,18.99
ORD-03485,CUST-0459,PROD-026,CHAN-1,2024-11-13,1,36.95,0.0,5.99,Completed,42.94
ORD-03486,CUST-1093,PROD-143,CHAN-1,2024-11-13,1,19.0,0.0,8.99,Completed,27.99
ORD-03487,CUST-0002,PROD-086,CHAN-2,2024-11-13,2,7.0,0.0,11.99,Completed,25.99
ORD-03488,CUST-0766,PROD-123,CHAN-3,2024-11-13,2,141.0,0.35,0.0,Completed,183.3
ORD-03489,CUST-0284,PROD-016,CHAN-2,2024-11-13,1,25.0,0.4,8.99,Completed,23.99
ORD-03490,CUST-0540,PROD-007,CHAN-2,2024-11-13,1,49.0,0.0,11.99,Completed,60.99
ORD-03491,CUST-0563,PROD-010,CHAN-1,2024-11-13,1,32.99,0.15,11.99,Completed,40.03
ORD-03492,CUST-1399,PROD-036,CHAN-1,2024-11-14,1,102.99,0.0,0.0,Completed,102.99
ORD-03493,CUST-0705,PROD-009,CHAN-5,2024-11-14,1,60.99,0.2,11.99,Completed,60.78
ORD-03494,CUST-0084,PROD-065,CHAN-1,2024-11-14,2,30.0,0.15,11.99,Completed,62.99
ORD-03495,CUST-0097,PROD-147,CHAN-2,2024-11-14,2,5.95,0.0,5.99,Completed,17.89
ORD-03496,CUST-0005,PROD-020,CHAN-2,2024-11-14,1,25.0,0.0,5.99,Completed,30.99
ORD-03497,CUST-0034,PROD-020,CHAN-1,2024-11-14,1,25.0,0.0,4.99,Completed,29.99
ORD-03498,CUST-0128,PROD-016,CHAN-1,2024-11-14,1,25.0,0.0,0.0,Cancelled,0.0
ORD-03499,CUST-0034,PROD-139,CHAN-1,2024-11-14,3,6.99,0.0,4.99,Completed,25.96
ORD-03500,CUST-0219,PROD-023,CHAN-1,2024-11-14,1,58.95,0.3,5.99,Completed,47.26
ORD-03501,CUST-0732,PROD-034,CHAN-1,2024-11-14,3,65.99,0.0,0.0,Completed,197.97
ORD-03502,CUST-1896,PROD-029,CHAN-2,2024-11-15,1,79.0,0.3,11.99,Completed,67.29
ORD-03503,CUST-0108,PROD-002,CHAN-2,2024-11-15,2,28.99,0.0,8.99,Completed,66.97
ORD-03504,CUST-0001,PROD-051,CHAN-3,2024-11-15,1,105.95,0.0,0.0,Completed,105.95
ORD-03505,CUST-0030,PROD-089,CHAN-1,2024-11-15,1,5.99,0.0,5.99,Completed,11.98
ORD-03506,CUST-0160,PROD-024,CHAN-3,2024-11-15,1,39.0,0.0,11.99,Completed,50.99
ORD-03507,CUST-0191,PROD-043,CHAN-4,2024-11-15,1,45.99,0.0,11.99,Completed,57.98
ORD-03508,CUST-0039,PROD-139,CHAN-4,2024-11-15,1,6.99,0.2,4.99,Completed,10.58
ORD-03509,CUST-0018,PROD-028,CHAN-1,2024-11-15,1,109.0,0.4,4.99,Completed,70.39
ORD-03510,CUST-0006,PROD-002,CHAN-2,2024-11-15,3,28.99,0.35,11.99,Completed,68.52
ORD-03511,CUST-0216,PROD-020,CHAN-5,2024-11-15,1,25.0,0.05,8.99,Completed,32.74
ORD-03512,CUST-0157,PROD-024,CHAN-1,2024-11-15,1,39.0,0.0,5.99,Completed,44.99
ORD-03513,CUST-0232,PROD-013,CHAN-1,2024-11-15,1,41.95,0.4,8.99,Completed,34.16
ORD-03514,CUST-0337,PROD-002,CHAN-1,2024-11-15,3,28.99,0.0,0.0,Completed,86.97
ORD-03515,CUST-0399,PROD-002,CHAN-2,2024-11-15,1,28.99,0.15,8.99,Completed,33.63
ORD-03516,CUST-0892,PROD-084,CHAN-2,2024-11-15,2,17.0,0.0,4.99,Completed,38.99
ORD-03517,CUST-0007,PROD-079,CHAN-1,2024-11-15,1,37.99,0.0,5.99,Completed,43.98
ORD-03518,CUST-1707,PROD-039,CHAN-4,2024-11-15,1,83.0,0.1,8.99,Returned,83.69
ORD-03519,CUST-0287,PROD-002,CHAN-2,2024-11-15,1,28.99,0.0,4.99,Completed,33.98
ORD-03520,CUST-0027,PROD-012,CHAN-2,2024-11-15,1,63.0,0.0,5.99,Completed,68.99
ORD-03521,CUST-1280,PROD-004,CHAN-1,2024-11-15,1,47.99,0.25,4.99,Completed,40.98
ORD-03522,CUST-1892,PROD-003,CHAN-1,2024-11-15,2,70.99,0.2,0.0,Completed,113.58
ORD-03523,CUST-0100,PROD-077,CHAN-1,2024-11-15,1,42.99,0.0,11.99,Completed,54.98
ORD-03524,CUST-0068,PROD-032,CHAN-2,2024-11-15,2,89.95,0.4,0.0,Completed,107.94
ORD-03525,CUST-0350,PROD-129,CHAN-1,2024-11-16,1,8.99,0.05,5.99,Completed,14.53
ORD-03526,CUST-0548,PROD-058,CHAN-1,2024-11-16,1,86.0,0.0,0.0,Cancelled,0.0
ORD-03527,CUST-0156,PROD-084,CHAN-3,2024-11-16,1,17.0,0.0,8.99,Completed,25.99
ORD-03528,CUST-0001,PROD-061,CHAN-2,2024-11-16,1,67.0,0.0,11.99,Completed,78.99
ORD-03529,CUST-0268,PROD-140,CHAN-1,2024-11-16,1,12.0,0.0,8.99,Completed,20.99
ORD-03530,CUST-0040,PROD-047,CHAN-4,2024-11-16,1,82.0,0.35,11.99,Completed,65.29
ORD-03531,CUST-0094,PROD-061,CHAN-2,2024-11-16,1,67.0,0.3,8.99,Completed,55.89
ORD-03532,CUST-0022,PROD-060,CHAN-1,2024-11-16,1,51.99,0.0,8.99,Completed,60.98
ORD-03533,CUST-0393,PROD-147,CHAN-1,2024-11-16,4,5.95,0.0,4.99,Completed,28.79
ORD-03534,CUST-0008,PROD-080,CHAN-1,2024-11-16,1,20.95,0.0,0.0,Cancelled,0.0
ORD-03535,CUST-0454,PROD-053,CHAN-2,2024-11-16,1,88.95,0.1,0.0,Returned,80.06
ORD-03536,CUST-0502,PROD-125,CHAN-2,2024-11-16,1,162.99,0.1,0.0,Returned,146.69
ORD-03537,CUST-0023,PROD-025,CHAN-2,2024-11-16,1,57.99,0.0,4.99,Completed,62.98
ORD-03538,CUST-0014,PROD-003,CHAN-2,2024-11-16,1,70.99,0.05,8.99,Completed,76.43
ORD-03539,CUST-0024,PROD-053,CHAN-2,2024-11-16,1,88.95,0.0,0.0,Completed,88.95
ORD-03540,CUST-0469,PROD-003,CHAN-4,2024-11-16,1,70.99,0.0,11.99,Completed,82.98
ORD-03541,CUST-1987,PROD-144,CHAN-2,2024-11-16,1,17.95,0.1,4.99,Completed,21.15
ORD-03542,CUST-0400,PROD-003,CHAN-3,2024-11-16,2,70.99,0.1,0.0,Completed,127.78
ORD-03543,CUST-1855,PROD-056,CHAN-2,2024-11-16,1,131.0,0.0,0.0,Completed,131.0
ORD-03544,CUST-0169,PROD-034,CHAN-2,2024-11-17,3,65.99,0.0,0.0,Completed,197.97
ORD-03545,CUST-0507,PROD-110,CHAN-3,2024-11-17,1,35.95,0.1,11.99,Completed,44.35
ORD-03546,CUST-0130,PROD-061,CHAN-1,2024-11-17,1,67.0,0.0,11.99,Completed,78.99
ORD-03547,CUST-0160,PROD-149,CHAN-1,2024-11-17,1,11.99,0.0,11.99,Completed,23.98
ORD-03548,CUST-1258,PROD-063,CHAN-2,2024-11-17,2,96.99,0.25,0.0,Completed,145.48
ORD-03549,CUST-0220,PROD-003,CHAN-4,2024-11-17,1,70.99,0.0,4.99,Completed,75.98
ORD-03550,CUST-0677,PROD-043,CHAN-1,2024-11-17,3,45.99,0.0,0.0,Completed,137.97
ORD-03551,CUST-1074,PROD-005,CHAN-5,2024-11-17,2,30.99,0.0,8.99,Completed,70.97
ORD-03552,CUST-0279,PROD-056,CHAN-1,2024-11-17,1,131.0,0.0,0.0,Completed,131.0
ORD-03553,CUST-0005,PROD-045,CHAN-2,2024-11-17,2,51.0,0.0,0.0,Returned,102.0
ORD-03554,CUST-0848,PROD-011,CHAN-3,2024-11-17,1,18.95,0.15,8.99,Completed,25.1
ORD-03555,CUST-0531,PROD-006,CHAN-3,2024-11-17,3,58.0,0.35,0.0,Completed,113.1
ORD-03556,CUST-1012,PROD-133,CHAN-1,2024-11-17,2,18.99,0.0,11.99,Completed,49.97
ORD-03557,CUST-0305,PROD-006,CHAN-2,2024-11-17,1,58.0,0.25,8.99,Completed,52.49
ORD-03558,CUST-0082,PROD-001,CHAN-1,2024-11-17,1,50.95,0.0,8.99,Completed,59.94
ORD-03559,CUST-0025,PROD-007,CHAN-1,2024-11-17,4,49.0,0.05,0.0,Completed,186.2
ORD-03560,CUST-0975,PROD-017,CHAN-4,2024-11-17,1,28.99,0.05,11.99,Completed,39.53
ORD-03561,CUST-0255,PROD-034,CHAN-1,2024-11-17,1,65.99,0.0,0.0,Cancelled,0.0
ORD-03562,CUST-0169,PROD-042,CHAN-2,2024-11-17,2,17.0,0.0,4.99,Completed,38.99
ORD-03563,CUST-0141,PROD-077,CHAN-2,2024-11-17,4,42.99,0.0,0.0,Completed,171.96
ORD-03564,CUST-0168,PROD-122,CHAN-3,2024-11-17,1,178.99,0.0,0.0,Refunded,178.99
ORD-03565,CUST-0648,PROD-002,CHAN-4,2024-11-17,1,28.99,0.0,8.99,Completed,37.98
ORD-03566,CUST-0438,PROD-018,CHAN-1,2024-11-17,1,83.95,0.3,11.99,Completed,70.75
ORD-03567,CUST-1547,PROD-032,CHAN-5,2024-11-18,1,89.95,0.4,8.99,Completed,62.96
ORD-03568,CUST-0023,PROD-007,CHAN-2,2024-11-18,1,49.0,0.0,5.99,Completed,54.99
ORD-03569,CUST-0292,PROD-005,CHAN-1,2024-11-18,2,30.99,0.3,11.99,Completed,55.38
ORD-03570,CUST-0260,PROD-006,CHAN-1,2024-11-18,1,58.0,0.0,11.99,Completed,69.99
ORD-03571,CUST-0005,PROD-052,CHAN-2,2024-11-18,1,124.0,0.0,0.0,Completed,124.0
ORD-03572,CUST-0187,PROD-027,CHAN-1,2024-11-18,1,54.0,0.35,11.99,Completed,47.09
ORD-03573,CUST-0129,PROD-027,CHAN-2,2024-11-18,1,54.0,0.0,8.99,Completed,62.99
ORD-03574,CUST-0560,PROD-039,CHAN-1,2024-11-18,2,83.0,0.0,0.0,Completed,166.0
ORD-03575,CUST-0415,PROD-035,CHAN-2,2024-11-18,2,102.99,0.0,0.0,Completed,205.98
ORD-03576,CUST-1857,PROD-060,CHAN-3,2024-11-18,1,51.99,0.0,5.99,Completed,57.98
ORD-03577,CUST-0375,PROD-009,CHAN-1,2024-11-18,1,60.99,0.1,4.99,Completed,59.88
ORD-03578,CUST-0917,PROD-027,CHAN-2,2024-11-18,1,54.0,0.0,0.0,Cancelled,0.0
ORD-03579,CUST-0230,PROD-014,CHAN-1,2024-11-18,1,19.0,0.0,8.99,Completed,27.99
ORD-03580,CUST-0627,PROD-004,CHAN-1,2024-11-18,1,47.99,0.0,8.99,Completed,56.98
ORD-03581,CUST-0405,PROD-029,CHAN-1,2024-11-18,1,79.0,0.0,0.0,Completed,79.0
ORD-03582,CUST-1063,PROD-119,CHAN-2,2024-11-18,1,123.0,0.0,0.0,Completed,123.0
ORD-03583,CUST-0690,PROD-010,CHAN-1,2024-11-18,1,32.99,0.05,8.99,Completed,40.33
ORD-03584,CUST-1014,PROD-063,CHAN-2,2024-11-18,1,96.99,0.3,11.99,Completed,79.88
ORD-03585,CUST-0053,PROD-031,CHAN-2,2024-11-18,1,100.0,0.4,5.99,Completed,65.99
ORD-03586,CUST-1071,PROD-014,CHAN-2,2024-11-19,1,19.0,0.25,5.99,Completed,20.24
ORD-03587,CUST-0689,PROD-032,CHAN-4,2024-11-19,1,89.95,0.35,4.99,Completed,63.46
ORD-03588,CUST-0703,PROD-050,CHAN-1,2024-11-19,1,40.0,0.0,8.99,Completed,48.99
ORD-03589,CUST-1097,PROD-005,CHAN-1,2024-11-19,4,30.99,0.0,0.0,Completed,123.96
ORD-03590,CUST-0824,PROD-011,CHAN-2,2024-11-19,1,18.95,0.0,11.99,Completed,30.94
ORD-03591,CUST-1271,PROD-080,CHAN-3,2024-11-19,1,20.95,0.0,11.99,Completed,32.94
ORD-03592,CUST-0612,PROD-001,CHAN-1,2024-11-19,2,50.95,0.0,0.0,Returned,101.9
ORD-03593,CUST-0001,PROD-051,CHAN-3,2024-11-19,1,105.95,0.0,0.0,Completed,105.95
ORD-03594,CUST-0003,PROD-076,CHAN-4,2024-11-19,2,7.99,0.0,11.99,Completed,27.97
ORD-03595,CUST-0470,PROD-010,CHAN-1,2024-11-19,1,32.99,0.0,8.99,Completed,41.98
ORD-03596,CUST-0050,PROD-110,CHAN-2,2024-11-19,1,35.95,0.0,8.99,Completed,44.94
ORD-03597,CUST-0940,PROD-091,CHAN-2,2024-11-19,3,13.0,0.0,5.99,Completed,44.99
ORD-03598,CUST-1907,PROD-135,CHAN-3,2024-11-19,2,13.99,0.2,11.99,Completed,34.37
ORD-03599,CUST-0671,PROD-003,CHAN-1,2024-11-19,1,70.99,0.0,8.99,Refunded,79.98
ORD-03600,CUST-0016,PROD-030,CHAN-1,2024-11-19,3,62.99,0.15,0.0,Completed,160.62
ORD-03601,CUST-1122,PROD-002,CHAN-1,2024-11-19,2,28.99,0.4,11.99,Completed,46.78
ORD-03602,CUST-1112,PROD-134,CHAN-5,2024-11-19,4,3.99,0.0,8.99,Completed,24.95
ORD-03603,CUST-0196,PROD-011,CHAN-2,2024-11-19,1,18.95,0.0,5.99,Completed,24.94
ORD-03604,CUST-1124,PROD-043,CHAN-2,2024-11-19,1,45.99,0.15,8.99,Completed,48.08
ORD-03605,CUST-0336,PROD-048,CHAN-4,2024-11-19,1,121.95,0.2,0.0,Completed,97.56
ORD-03606,CUST-1678,PROD-097,CHAN-2,2024-11-19,2,6.0,0.3,11.99,Completed,20.39
ORD-03607,CUST-0529,PROD-011,CHAN-1,2024-11-19,2,18.95,0.0,8.99,Completed,46.89
ORD-03608,CUST-0848,PROD-009,CHAN-2,2024-11-19,1,60.99,0.2,5.99,Completed,54.78
ORD-03609,CUST-0022,PROD-043,CHAN-1,2024-11-19,1,45.99,0.0,4.99,Completed,50.98
ORD-03610,CUST-0271,PROD-052,CHAN-1,2024-11-19,1,124.0,0.2,0.0,Completed,99.2
ORD-03611,CUST-0064,PROD-001,CHAN-1,2024-11-20,1,50.95,0.0,5.99,Completed,56.94
ORD-03612,CUST-0030,PROD-097,CHAN-1,2024-11-20,1,6.0,0.0,4.99,Completed,10.99
ORD-03613,CUST-0009,PROD-015,CHAN-2,2024-11-20,1,65.0,0.0,0.0,Cancelled,0.0
ORD-03614,CUST-0022,PROD-026,CHAN-2,2024-11-20,1,36.95,0.0,11.99,Completed,48.94
ORD-03615,CUST-0581,PROD-025,CHAN-1,2024-11-20,1,57.99,0.0,5.99,Completed,63.98
ORD-03616,CUST-0810,PROD-059,CHAN-1,2024-11-20,1,58.99,0.0,5.99,Completed,64.98
ORD-03617,CUST-0170,PROD-073,CHAN-2,2024-11-20,1,24.95,0.0,4.99,Completed,29.94
ORD-03618,CUST-0619,PROD-071,CHAN-1,2024-11-20,2,54.99,0.0,0.0,Completed,109.98
ORD-03619,CUST-1265,PROD-006,CHAN-4,2024-11-20,1,58.0,0.0,8.99,Completed,66.99
ORD-03620,CUST-0844,PROD-099,CHAN-2,2024-11-20,1,17.95,0.05,4.99,Completed,22.04
ORD-03621,CUST-1578,PROD-010,CHAN-1,2024-11-20,1,32.99,0.4,8.99,Returned,28.78
ORD-03622,CUST-1332,PROD-132,CHAN-1,2024-11-20,2,8.0,0.0,11.99,Completed,27.99
ORD-03623,CUST-0064,PROD-142,CHAN-2,2024-11-20,1,5.0,0.0,8.99,Completed,13.99
ORD-03624,CUST-0002,PROD-005,CHAN-1,2024-11-20,2,30.99,0.05,8.99,Completed,67.87
ORD-03625,CUST-0046,PROD-141,CHAN-2,2024-11-20,1,15.0,0.0,4.99,Completed,19.99
ORD-03626,CUST-0044,PROD-119,CHAN-2,2024-11-20,2,123.0,0.15,0.0,Completed,209.1
ORD-03627,CUST-1775,PROD-004,CHAN-1,2024-11-20,2,47.99,0.0,0.0,Completed,95.98
ORD-03628,CUST-1360,PROD-051,CHAN-1,2024-11-20,1,105.95,0.15,0.0,Completed,90.06
ORD-03629,CUST-0096,PROD-010,CHAN-2,2024-11-20,1,32.99,0.3,8.99,Completed,32.08
ORD-03630,CUST-0297,PROD-137,CHAN-3,2024-11-20,3,15.0,0.0,4.99,Completed,49.99
ORD-03631,CUST-1124,PROD-020,CHAN-3,2024-11-20,3,25.0,0.35,11.99,Refunded,60.74
ORD-03632,CUST-1728,PROD-070,CHAN-1,2024-11-20,1,91.99,0.0,0.0,Completed,91.99
ORD-03633,CUST-0019,PROD-140,CHAN-2,2024-11-20,2,12.0,0.15,4.99,Completed,25.39
ORD-03634,CUST-0269,PROD-065,CHAN-1,2024-11-20,1,30.0,0.0,5.99,Completed,35.99
ORD-03635,CUST-0229,PROD-060,CHAN-1,2024-11-20,2,51.99,0.0,0.0,Completed,103.98
ORD-03636,CUST-0146,PROD-100,CHAN-1,2024-11-20,1,38.95,0.2,11.99,Completed,43.15
ORD-03637,CUST-0087,PROD-095,CHAN-1,2024-11-20,1,18.95,0.2,5.99,Completed,21.15
ORD-03638,CUST-1666,PROD-001,CHAN-1,2024-11-20,2,50.95,0.3,8.99,Completed,80.32
ORD-03639,CUST-0627,PROD-014,CHAN-2,2024-11-20,1,19.0,0.0,0.0,Cancelled,0.0
ORD-03640,CUST-0033,PROD-028,CHAN-3,2024-11-20,1,109.0,0.0,0.0,Completed,109.0
ORD-03641,CUST-0487,PROD-114,CHAN-1,2024-11-20,2,21.0,0.0,11.99,Completed,53.99
ORD-03642,CUST-1341,PROD-008,CHAN-1,2024-11-20,4,38.99,0.05,0.0,Completed,148.16
ORD-03643,CUST-1911,PROD-009,CHAN-1,2024-11-20,1,60.99,0.0,4.99,Completed,65.98
ORD-03644,CUST-0181,PROD-030,CHAN-2,2024-11-20,2,62.99,0.0,0.0,Completed,125.98
ORD-03645,CUST-0115,PROD-108,CHAN-1,2024-11-20,1,114.95,0.0,0.0,Completed,114.95
ORD-03646,CUST-0330,PROD-002,CHAN-1,2024-11-20,2,28.99,0.05,8.99,Completed,64.07
ORD-03647,CUST-0055,PROD-075,CHAN-1,2024-11-20,1,118.99,0.0,0.0,Completed,118.99
ORD-03648,CUST-0425,PROD-104,CHAN-1,2024-11-20,1,72.99,0.0,8.99,Completed,81.98
ORD-03649,CUST-1507,PROD-093,CHAN-1,2024-11-20,2,25.99,0.25,11.99,Completed,50.98
ORD-03650,CUST-0326,PROD-083,CHAN-2,2024-11-20,1,25.99,0.0,11.99,Completed,37.98
ORD-03651,CUST-0452,PROD-037,CHAN-2,2024-11-20,2,60.95,0.0,0.0,Completed,121.9
ORD-03652,CUST-1484,PROD-032,CHAN-2,2024-11-20,1,89.95,0.0,0.0,Completed,89.95
ORD-03653,CUST-0356,PROD-136,CHAN-2,2024-11-20,1,4.0,0.1,5.99,Completed,9.59
ORD-03654,CUST-0378,PROD-059,CHAN-2,2024-11-20,1,58.99,0.0,8.99,Completed,67.98
ORD-03655,CUST-0028,PROD-001,CHAN-1,2024-11-20,1,50.95,0.0,8.99,Returned,59.94
ORD-03656,CUST-0004,PROD-099,CHAN-1,2024-11-20,3,17.95,0.2,8.99,Completed,52.07
ORD-03657,CUST-0021,PROD-002,CHAN-2,2024-11-20,1,28.99,0.05,5.99,Completed,33.53
ORD-03658,CUST-1681,PROD-001,CHAN-1,2024-11-20,3,50.95,0.0,0.0,Completed,152.85
ORD-03659,CUST-0167,PROD-003,CHAN-1,2024-11-20,1,70.99,0.0,8.99,Completed,79.98
ORD-03660,CUST-0030,PROD-034,CHAN-3,2024-11-20,2,65.99,0.0,0.0,Completed,131.98
ORD-03661,CUST-0003,PROD-006,CHAN-1,2024-11-20,1,58.0,0.0,11.99,Completed,69.99
ORD-03662,CUST-0143,PROD-107,CHAN-2,2024-11-20,1,53.0,0.2,4.99,Completed,47.39
ORD-03663,CUST-0573,PROD-003,CHAN-1,2024-11-20,1,70.99,0.0,4.99,Completed,75.98
ORD-03664,CUST-0026,PROD-057,CHAN-2,2024-11-20,1,32.0,0.0,8.99,Returned,40.99
ORD-03665,CUST-1948,PROD-028,CHAN-1,2024-11-21,1,109.0,0.35,5.99,Completed,76.84
ORD-03666,CUST-0481,PROD-144,CHAN-2,2024-11-21,3,17.95,0.0,5.99,Completed,59.84
ORD-03667,CUST-0239,PROD-030,CHAN-2,2024-11-21,1,62.99,0.0,8.99,Completed,71.98
ORD-03668,CUST-0149,PROD-112,CHAN-1,2024-11-21,1,115.0,0.0,0.0,Cancelled,0.0
ORD-03669,CUST-0341,PROD-055,CHAN-1,2024-11-21,1,110.99,0.0,0.0,Completed,110.99
ORD-03670,CUST-0298,PROD-071,CHAN-2,2024-11-21,2,54.99,0.25,0.0,Completed,82.48
ORD-03671,CUST-0125,PROD-150,CHAN-3,2024-11-21,1,7.0,0.0,5.99,Completed,12.99
ORD-03672,CUST-0034,PROD-016,CHAN-2,2024-11-21,2,25.0,0.0,4.99,Completed,54.99
ORD-03673,CUST-1023,PROD-108,CHAN-1,2024-11-21,1,114.95,0.0,0.0,Completed,114.95
ORD-03674,CUST-0080,PROD-003,CHAN-2,2024-11-21,1,70.99,0.2,11.99,Completed,68.78
ORD-03675,CUST-0683,PROD-063,CHAN-3,2024-11-21,1,96.99,0.0,0.0,Completed,96.99
ORD-03676,CUST-1041,PROD-150,CHAN-3,2024-11-21,2,7.0,0.4,4.99,Completed,13.39
ORD-03677,CUST-0668,PROD-028,CHAN-2,2024-11-21,2,109.0,0.1,0.0,Completed,196.2
ORD-03678,CUST-0590,PROD-095,CHAN-1,2024-11-21,1,18.95,0.0,4.99,Completed,23.94
ORD-03679,CUST-0430,PROD-012,CHAN-1,2024-11-21,1,63.0,0.0,5.99,Completed,68.99
ORD-03680,CUST-0165,PROD-098,CHAN-2,2024-11-21,1,30.99,0.0,4.99,Completed,35.98
ORD-03681,CUST-0276,PROD-014,CHAN-2,2024-11-21,1,19.0,0.0,8.99,Completed,27.99
ORD-03682,CUST-1655,PROD-001,CHAN-2,2024-11-21,2,50.95,0.0,0.0,Returned,101.9
ORD-03683,CUST-1788,PROD-006,CHAN-2,2024-11-21,1,58.0,0.25,5.99,Completed,49.49
ORD-03684,CUST-0322,PROD-004,CHAN-3,2024-11-21,1,47.99,0.0,4.99,Completed,52.98
ORD-03685,CUST-0345,PROD-041,CHAN-5,2024-11-21,1,27.95,0.35,11.99,Completed,30.16
ORD-03686,CUST-0083,PROD-010,CHAN-1,2024-11-21,2,32.99,0.0,4.99,Returned,70.97
ORD-03687,CUST-0746,PROD-056,CHAN-1,2024-11-21,2,131.0,0.3,0.0,Completed,183.4
ORD-03688,CUST-0616,PROD-140,CHAN-2,2024-11-21,1,12.0,0.0,5.99,Completed,17.99
ORD-03689,CUST-0164,PROD-006,CHAN-2,2024-11-21,2,58.0,0.0,0.0,Completed,116.0
ORD-03690,CUST-0036,PROD-005,CHAN-1,2024-11-21,3,30.99,0.0,0.0,Completed,92.97
ORD-03691,CUST-0051,PROD-019,CHAN-1,2024-11-21,1,35.95,0.0,11.99,Completed,47.94
ORD-03692,CUST-0815,PROD-114,CHAN-1,2024-11-21,1,21.0,0.0,11.99,Completed,32.99
ORD-03693,CUST-0135,PROD-145,CHAN-1,2024-11-21,1,10.95,0.4,11.99,Completed,18.56
ORD-03694,CUST-0349,PROD-005,CHAN-1,2024-11-21,1,30.99,0.0,8.99,Completed,39.98
ORD-03695,CUST-0871,PROD-033,CHAN-2,2024-11-21,1,63.99,0.3,11.99,Completed,56.78
ORD-03696,CUST-0586,PROD-054,CHAN-2,2024-11-21,1,109.0,0.0,0.0,Completed,109.0
ORD-03697,CUST-0070,PROD-030,CHAN-1,2024-11-21,2,62.99,0.15,0.0,Completed,107.08
ORD-03698,CUST-0149,PROD-006,CHAN-1,2024-11-21,1,58.0,0.0,5.99,Completed,63.99
ORD-03699,CUST-0869,PROD-034,CHAN-2,2024-11-21,1,65.99,0.0,5.99,Refunded,71.98
ORD-03700,CUST-1462,PROD-145,CHAN-2,2024-11-21,2,10.95,0.35,4.99,Completed,19.23
ORD-03701,CUST-0336,PROD-131,CHAN-3,2024-11-21,5,7.95,0.0,4.99,Completed,44.74
ORD-03702,CUST-0570,PROD-091,CHAN-2,2024-11-21,1,13.0,0.15,5.99,Completed,17.04
ORD-03703,CUST-0137,PROD-120,CHAN-1,2024-11-21,1,158.0,0.0,0.0,Completed,158.0
ORD-03704,CUST-0154,PROD-024,CHAN-3,2024-11-21,2,39.0,0.3,11.99,Completed,66.59
ORD-03705,CUST-0514,PROD-013,CHAN-2,2024-11-21,1,41.95,0.0,5.99,Completed,47.94
ORD-03706,CUST-0136,PROD-003,CHAN-2,2024-11-22,1,70.99,0.0,4.99,Completed,75.98
ORD-03707,CUST-0665,PROD-017,CHAN-1,2024-11-22,1,28.99,0.0,5.99,Completed,34.98
ORD-03708,CUST-1961,PROD-039,CHAN-1,2024-11-22,1,83.0,0.0,0.0,Completed,83.0
ORD-03709,CUST-1378,PROD-089,CHAN-2,2024-11-22,1,5.99,0.1,11.99,Returned,17.38
ORD-03710,CUST-0656,PROD-088,CHAN-2,2024-11-22,2,29.99,0.25,5.99,Completed,50.98
ORD-03711,CUST-0076,PROD-011,CHAN-3,2024-11-22,1,18.95,0.2,4.99,Completed,20.15
ORD-03712,CUST-0001,PROD-020,CHAN-3,2024-11-22,1,25.0,0.05,4.99,Completed,28.74
ORD-03713,CUST-0001,PROD-014,CHAN-4,2024-11-22,3,19.0,0.1,4.99,Completed,56.29
ORD-03714,CUST-0355,PROD-046,CHAN-1,2024-11-22,1,36.99,0.0,11.99,Completed,48.98
ORD-03715,CUST-1157,PROD-003,CHAN-2,2024-11-22,1,70.99,0.0,4.99,Completed,75.98
ORD-03716,CUST-0010,PROD-041,CHAN-2,2024-11-22,2,27.95,0.35,8.99,Completed,45.33
ORD-03717,CUST-0052,PROD-015,CHAN-2,2024-11-22,4,65.0,0.0,0.0,Completed,260.0
ORD-03718,CUST-0043,PROD-146,CHAN-2,2024-11-22,2,8.99,0.0,4.99,Completed,22.97
ORD-03719,CUST-0007,PROD-015,CHAN-1,2024-11-22,1,65.0,0.0,11.99,Completed,76.99
ORD-03720,CUST-1901,PROD-003,CHAN-2,2024-11-22,1,70.99,0.4,11.99,Completed,54.58
ORD-03721,CUST-0811,PROD-008,CHAN-1,2024-11-22,1,38.99,0.0,11.99,Completed,50.98
ORD-03722,CUST-0998,PROD-003,CHAN-1,2024-11-22,1,70.99,0.0,8.99,Completed,79.98
ORD-03723,CUST-1835,PROD-053,CHAN-2,2024-11-22,1,88.95,0.0,0.0,Cancelled,0.0
ORD-03724,CUST-0018,PROD-053,CHAN-1,2024-11-22,1,88.95,0.0,0.0,Completed,88.95
ORD-03725,CUST-0450,PROD-047,CHAN-1,2024-11-22,1,82.0,0.25,4.99,Completed,66.49
ORD-03726,CUST-1094,PROD-079,CHAN-1,2024-11-22,1,37.99,0.0,4.99,Returned,42.98
ORD-03727,CUST-1474,PROD-088,CHAN-5,2024-11-22,1,29.99,0.0,5.99,Completed,35.98
ORD-03728,CUST-0303,PROD-010,CHAN-2,2024-11-22,1,32.99,0.25,11.99,Completed,36.73
ORD-03729,CUST-0014,PROD-002,CHAN-2,2024-11-22,1,28.99,0.0,4.99,Completed,33.98
ORD-03730,CUST-0557,PROD-116,CHAN-2,2024-11-22,1,103.99,0.0,0.0,Completed,103.99
ORD-03731,CUST-1917,PROD-032,CHAN-1,2024-11-22,5,89.95,0.0,0.0,Completed,449.75
ORD-03732,CUST-0001,PROD-046,CHAN-1,2024-11-22,1,36.99,0.0,11.99,Completed,48.98
ORD-03733,CUST-0429,PROD-010,CHAN-2,2024-11-22,2,32.99,0.0,4.99,Completed,70.97
ORD-03734,CUST-0069,PROD-023,CHAN-1,2024-11-22,2,58.95,0.4,5.99,Completed,76.73
ORD-03735,CUST-0848,PROD-114,CHAN-1,2024-11-22,1,21.0,0.15,4.99,Completed,22.84
ORD-03736,CUST-0012,PROD-006,CHAN-2,2024-11-22,4,58.0,0.1,0.0,Completed,208.8
ORD-03737,CUST-0139,PROD-138,CHAN-1,2024-11-22,3,3.99,0.0,4.99,Completed,16.96
ORD-03738,CUST-0029,PROD-125,CHAN-1,2024-11-22,3,162.99,0.0,0.0,Cancelled,0.0
ORD-03739,CUST-0036,PROD-015,CHAN-2,2024-11-22,1,65.0,0.0,5.99,Completed,70.99
ORD-03740,CUST-0682,PROD-143,CHAN-2,2024-11-22,2,19.0,0.15,5.99,Completed,38.29
ORD-03741,CUST-0007,PROD-059,CHAN-2,2024-11-22,2,58.99,0.0,0.0,Completed,117.98
ORD-03742,CUST-0171,PROD-069,CHAN-1,2024-11-22,1,71.0,0.4,4.99,Completed,47.59
ORD-03743,CUST-0158,PROD-015,CHAN-1,2024-11-22,1,65.0,0.05,11.99,Completed,73.74
ORD-03744,CUST-1240,PROD-002,CHAN-3,2024-11-22,1,28.99,0.0,0.0,Cancelled,0.0
ORD-03745,CUST-0004,PROD-048,CHAN-2,2024-11-22,1,121.95,0.0,0.0,Completed,121.95
ORD-03746,CUST-0462,PROD-014,CHAN-2,2024-11-22,1,19.0,0.0,4.99,Completed,23.99
ORD-03747,CUST-0119,PROD-102,CHAN-2,2024-11-22,1,137.0,0.35,0.0,Completed,89.05
ORD-03748,CUST-1284,PROD-127,CHAN-2,2024-11-23,1,7.95,0.0,4.99,Completed,12.94
ORD-03749,CUST-1579,PROD-007,CHAN-1,2024-11-23,1,49.0,0.0,8.99,Completed,57.99
ORD-03750,CUST-0854,PROD-128,CHAN-2,2024-11-23,3,5.95,0.0,5.99,Completed,23.84
ORD-03751,CUST-0008,PROD-002,CHAN-2,2024-11-23,4,28.99,0.0,0.0,Completed,115.96
ORD-03752,CUST-0327,PROD-002,CHAN-1,2024-11-23,1,28.99,0.15,5.99,Completed,30.63
ORD-03753,CUST-0122,PROD-001,CHAN-4,2024-11-23,1,50.95,0.0,8.99,Completed,59.94
ORD-03754,CUST-0692,PROD-002,CHAN-1,2024-11-23,1,28.99,0.0,5.99,Returned,34.98
ORD-03755,CUST-1451,PROD-042,CHAN-3,2024-11-23,2,17.0,0.05,5.99,Completed,38.29
ORD-03756,CUST-0006,PROD-008,CHAN-2,2024-11-23,1,38.99,0.35,4.99,Completed,30.33
ORD-03757,CUST-0085,PROD-027,CHAN-1,2024-11-23,3,54.0,0.0,0.0,Cancelled,0.0
ORD-03758,CUST-0010,PROD-013,CHAN-2,2024-11-23,1,41.95,0.0,8.99,Completed,50.94
ORD-03759,CUST-0588,PROD-133,CHAN-2,2024-11-23,1,18.99,0.15,8.99,Completed,25.13
ORD-03760,CUST-0042,PROD-031,CHAN-2,2024-11-23,2,100.0,0.0,0.0,Completed,200.0
ORD-03761,CUST-1791,PROD-055,CHAN-2,2024-11-23,1,110.99,0.4,11.99,Completed,78.58
ORD-03762,CUST-0005,PROD-005,CHAN-1,2024-11-23,1,30.99,0.35,4.99,Completed,25.13
ORD-03763,CUST-0121,PROD-061,CHAN-2,2024-11-23,1,67.0,0.15,4.99,Completed,61.94
ORD-03764,CUST-0279,PROD-013,CHAN-4,2024-11-23,1,41.95,0.0,4.99,Completed,46.94
ORD-03765,CUST-1688,PROD-016,CHAN-2,2024-11-23,1,25.0,0.35,8.99,Completed,25.24
ORD-03766,CUST-0005,PROD-029,CHAN-2,2024-11-23,1,79.0,0.0,0.0,Completed,79.0
ORD-03767,CUST-0437,PROD-013,CHAN-1,2024-11-23,3,41.95,0.0,0.0,Completed,125.85
ORD-03768,CUST-1317,PROD-041,CHAN-1,2024-11-23,1,27.95,0.35,4.99,Completed,23.16
ORD-03769,CUST-1763,PROD-008,CHAN-3,2024-11-23,1,38.99,0.0,8.99,Completed,47.98
ORD-03770,CUST-1924,PROD-022,CHAN-1,2024-11-23,1,21.0,0.0,5.99,Completed,26.99
ORD-03771,CUST-1800,PROD-143,CHAN-2,2024-11-23,2,19.0,0.35,5.99,Completed,30.69
ORD-03772,CUST-0439,PROD-085,CHAN-3,2024-11-23,1,23.95,0.1,11.99,Completed,33.55
ORD-03773,CUST-0562,PROD-044,CHAN-2,2024-11-23,2,66.0,0.0,0.0,Completed,132.0
ORD-03774,CUST-0138,PROD-008,CHAN-2,2024-11-23,1,38.99,0.0,5.99,Completed,44.98
ORD-03775,CUST-0320,PROD-122,CHAN-2,2024-11-23,2,178.99,0.25,0.0,Completed,268.49
ORD-03776,CUST-0024,PROD-122,CHAN-2,2024-11-23,1,178.99,0.0,0.0,Refunded,178.99
ORD-03777,CUST-0594,PROD-136,CHAN-1,2024-11-23,1,4.0,0.0,8.99,Completed,12.99
ORD-03778,CUST-1578,PROD-001,CHAN-2,2024-11-23,1,50.95,0.0,8.99,Completed,59.94
ORD-03779,CUST-0130,PROD-059,CHAN-1,2024-11-23,2,58.99,0.0,0.0,Completed,117.98
ORD-03780,CUST-0001,PROD-016,CHAN-2,2024-11-23,1,25.0,0.0,5.99,Completed,30.99
ORD-03781,CUST-0097,PROD-103,CHAN-4,2024-11-23,2,111.0,0.4,0.0,Completed,133.2
ORD-03782,CUST-0361,PROD-117,CHAN-4,2024-11-23,1,27.99,0.0,4.99,Completed,32.98
ORD-03783,CUST-0080,PROD-003,CHAN-2,2024-11-23,3,70.99,0.25,0.0,Completed,159.73
ORD-03784,CUST-0434,PROD-067,CHAN-1,2024-11-23,1,95.99,0.0,0.0,Completed,95.99
ORD-03785,CUST-0268,PROD-136,CHAN-1,2024-11-23,2,4.0,0.0,8.99,Completed,16.99
ORD-03786,CUST-0013,PROD-057,CHAN-2,2024-11-24,2,32.0,0.0,8.99,Completed,72.99
ORD-03787,CUST-0001,PROD-007,CHAN-1,2024-11-24,3,49.0,0.3,0.0,Completed,102.9
ORD-03788,CUST-0021,PROD-001,CHAN-2,2024-11-24,1,50.95,0.0,8.99,Completed,59.94
ORD-03789,CUST-1269,PROD-135,CHAN-2,2024-11-24,3,13.99,0.0,5.99,Completed,47.96
ORD-03790,CUST-0848,PROD-012,CHAN-4,2024-11-24,1,63.0,0.0,5.99,Completed,68.99
ORD-03791,CUST-0201,PROD-069,CHAN-1,2024-11-24,1,71.0,0.0,5.99,Completed,76.99
ORD-03792,CUST-0830,PROD-102,CHAN-2,2024-11-24,1,137.0,0.0,0.0,Completed,137.0
ORD-03793,CUST-1775,PROD-001,CHAN-1,2024-11-24,1,50.95,0.4,5.99,Completed,36.56
ORD-03794,CUST-0003,PROD-026,CHAN-2,2024-11-24,2,36.95,0.0,8.99,Completed,82.89
ORD-03795,CUST-1945,PROD-098,CHAN-2,2024-11-24,2,30.99,0.3,5.99,Completed,49.38
ORD-03796,CUST-1268,PROD-033,CHAN-2,2024-11-24,1,63.99,0.0,8.99,Completed,72.98
ORD-03797,CUST-0169,PROD-042,CHAN-2,2024-11-24,2,17.0,0.0,8.99,Completed,42.99
ORD-03798,CUST-0139,PROD-049,CHAN-4,2024-11-24,4,19.95,0.0,0.0,Returned,79.8
ORD-03799,CUST-0048,PROD-007,CHAN-2,2024-11-24,1,49.0,0.1,8.99,Completed,53.09
ORD-03800,CUST-0001,PROD-019,CHAN-3,2024-11-24,2,35.95,0.0,0.0,Cancelled,0.0
ORD-03801,CUST-0314,PROD-034,CHAN-2,2024-11-24,1,65.99,0.25,11.99,Completed,61.48
ORD-03802,CUST-0368,PROD-001,CHAN-2,2024-11-24,1,50.95,0.0,8.99,Completed,59.94
ORD-03803,CUST-0702,PROD-061,CHAN-1,2024-11-24,1,67.0,0.0,8.99,Completed,75.99
ORD-03804,CUST-0061,PROD-060,CHAN-1,2024-11-24,1,51.99,0.0,11.99,Completed,63.98
ORD-03805,CUST-0629,PROD-085,CHAN-1,2024-11-24,1,23.95,0.0,11.99,Completed,35.94
ORD-03806,CUST-1721,PROD-134,CHAN-1,2024-11-24,2,3.99,0.1,8.99,Completed,16.17
ORD-03807,CUST-0503,PROD-143,CHAN-2,2024-11-24,2,19.0,0.0,4.99,Completed,42.99
ORD-03808,CUST-0988,PROD-038,CHAN-2,2024-11-24,1,83.99,0.25,5.99,Completed,68.98
ORD-03809,CUST-0013,PROD-028,CHAN-4,2024-11-24,1,109.0,0.0,0.0,Returned,109.0
ORD-03810,CUST-0599,PROD-059,CHAN-1,2024-11-24,1,58.99,0.05,4.99,Completed,61.03
ORD-03811,CUST-0793,PROD-142,CHAN-1,2024-11-24,1,5.0,0.0,8.99,Completed,13.99
ORD-03812,CUST-0008,PROD-011,CHAN-1,2024-11-24,1,18.95,0.25,8.99,Completed,23.2
ORD-03813,CUST-0050,PROD-010,CHAN-2,2024-11-24,4,32.99,0.3,0.0,Completed,92.37
ORD-03814,CUST-0110,PROD-071,CHAN-1,2024-11-24,3,54.99,0.35,0.0,Completed,107.23
ORD-03815,CUST-0697,PROD-096,CHAN-1,2024-11-24,1,22.99,0.0,5.99,Completed,28.98
ORD-03816,CUST-0371,PROD-015,CHAN-1,2024-11-24,1,65.0,0.0,8.99,Completed,73.99
ORD-03817,CUST-0792,PROD-001,CHAN-2,2024-11-24,1,50.95,0.35,5.99,Refunded,39.11
ORD-03818,CUST-0017,PROD-058,CHAN-1,2024-11-24,1,86.0,0.0,0.0,Completed,86.0
ORD-03819,CUST-0142,PROD-063,CHAN-2,2024-11-24,4,96.99,0.0,0.0,Completed,387.96
ORD-03820,CUST-0135,PROD-082,CHAN-1,2024-11-24,1,22.0,0.25,11.99,Completed,28.49
ORD-03821,CUST-0417,PROD-018,CHAN-2,2024-11-24,1,83.95,0.0,0.0,Completed,83.95
ORD-03822,CUST-0001,PROD-009,CHAN-2,2024-11-24,2,60.99,0.1,0.0,Completed,109.78
ORD-03823,CUST-0078,PROD-026,CHAN-1,2024-11-24,1,36.95,0.0,11.99,Completed,48.94
ORD-03824,CUST-1026,PROD-055,CHAN-1,2024-11-24,1,110.99,0.0,0.0,Completed,110.99
ORD-03825,CUST-1163,PROD-008,CHAN-1,2024-11-24,1,38.99,0.0,0.0,Cancelled,0.0
ORD-03826,CUST-0434,PROD-033,CHAN-3,2024-11-24,1,63.99,0.4,11.99,Completed,50.38
ORD-03827,CUST-0900,PROD-005,CHAN-2,2024-11-24,2,30.99,0.0,0.0,Cancelled,0.0
ORD-03828,CUST-0258,PROD-079,CHAN-3,2024-11-24,1,37.99,0.0,11.99,Completed,49.98
ORD-03829,CUST-0790,PROD-127,CHAN-2,2024-11-24,1,7.95,0.0,8.99,Completed,16.94
ORD-03830,CUST-0014,PROD-012,CHAN-1,2024-11-24,1,63.0,0.35,5.99,Completed,46.94
ORD-03831,CUST-0005,PROD-009,CHAN-1,2024-11-24,1,60.99,0.3,8.99,Completed,51.68
ORD-03832,CUST-0443,PROD-075,CHAN-1,2024-11-24,1,118.99,0.25,0.0,Completed,89.24
ORD-03833,CUST-0004,PROD-028,CHAN-1,2024-11-24,2,109.0,0.0,0.0,Completed,218.0
ORD-03834,CUST-0046,PROD-132,CHAN-2,2024-11-24,1,8.0,0.0,5.99,Completed,13.99
ORD-03835,CUST-1031,PROD-076,CHAN-2,2024-11-24,3,7.99,0.05,11.99,Returned,34.76
ORD-03836,CUST-0211,PROD-098,CHAN-1,2024-11-24,2,30.99,0.0,4.99,Completed,66.97
ORD-03837,CUST-0065,PROD-014,CHAN-2,2024-11-24,1,19.0,0.0,11.99,Completed,30.99
ORD-03838,CUST-0049,PROD-016,CHAN-2,2024-11-24,2,25.0,0.2,8.99,Completed,48.99
ORD-03839,CUST-0701,PROD-103,CHAN-2,2024-11-24,1,111.0,0.0,0.0,Completed,111.0
ORD-03840,CUST-0009,PROD-047,CHAN-1,2024-11-24,1,82.0,0.2,4.99,Completed,70.59
ORD-03841,CUST-0270,PROD-067,CHAN-1,2024-11-24,2,95.99,0.0,0.0,Completed,191.98
ORD-03842,CUST-0890,PROD-081,CHAN-5,2024-11-24,1,38.95,0.15,4.99,Returned,38.1
ORD-03843,CUST-0623,PROD-110,CHAN-2,2024-11-24,2,35.95,0.0,8.99,Completed,80.89
ORD-03844,CUST-0201,PROD-053,CHAN-1,2024-11-25,4,88.95,0.15,0.0,Completed,302.43
ORD-03845,CUST-1101,PROD-113,CHAN-2,2024-11-25,1,97.0,0.0,0.0,Returned,97.0
ORD-03846,CUST-0002,PROD-112,CHAN-1,2024-11-25,1,115.0,0.0,0.0,Completed,115.0
ORD-03847,CUST-0435,PROD-028,CHAN-2,2024-11-25,1,109.0,0.1,0.0,Completed,98.1
ORD-03848,CUST-0765,PROD-109,CHAN-1,2024-11-25,1,68.99,0.05,5.99,Completed,71.53
ORD-03849,CUST-0229,PROD-139,CHAN-1,2024-11-25,1,6.99,0.0,11.99,Completed,18.98
ORD-03850,CUST-0645,PROD-027,CHAN-4,2024-11-25,2,54.0,0.2,0.0,Completed,86.4
ORD-03851,CUST-0346,PROD-062,CHAN-1,2024-11-25,1,77.99,0.1,8.99,Completed,79.18
ORD-03852,CUST-0794,PROD-021,CHAN-1,2024-11-25,3,39.0,0.1,0.0,Completed,105.3
ORD-03853,CUST-0216,PROD-064,CHAN-1,2024-11-25,1,43.0,0.0,8.99,Completed,51.99
ORD-03854,CUST-1165,PROD-024,CHAN-2,2024-11-25,1,39.0,0.15,5.99,Completed,39.14
ORD-03855,CUST-0204,PROD-129,CHAN-2,2024-11-25,3,8.99,0.15,8.99,Completed,31.91
ORD-03856,CUST-1516,PROD-134,CHAN-3,2024-11-25,1,3.99,0.05,11.99,Completed,15.78
ORD-03857,CUST-1665,PROD-004,CHAN-1,2024-11-25,1,47.99,0.15,5.99,Completed,46.78
ORD-03858,CUST-0131,PROD-058,CHAN-1,2024-11-25,1,86.0,0.0,0.0,Completed,86.0
ORD-03859,CUST-0286,PROD-030,CHAN-2,2024-11-25,1,62.99,0.2,11.99,Completed,62.38
ORD-03860,CUST-0043,PROD-012,CHAN-1,2024-11-25,1,63.0,0.2,5.99,Completed,56.39
ORD-03861,CUST-0278,PROD-019,CHAN-1,2024-11-25,1,35.95,0.0,4.99,Completed,40.94
ORD-03862,CUST-1855,PROD-010,CHAN-3,2024-11-25,2,32.99,0.25,11.99,Completed,61.48
ORD-03863,CUST-0001,PROD-148,CHAN-2,2024-11-25,1,15.0,0.0,11.99,Completed,26.99
ORD-03864,CUST-0190,PROD-047,CHAN-1,2024-11-25,1,82.0,0.0,0.0,Completed,82.0
ORD-03865,CUST-1238,PROD-120,CHAN-1,2024-11-25,2,158.0,0.0,0.0,Completed,316.0
ORD-03866,CUST-0899,PROD-007,CHAN-1,2024-11-25,1,49.0,0.0,11.99,Completed,60.99
ORD-03867,CUST-0960,PROD-105,CHAN-1,2024-11-25,1,71.0,0.0,11.99,Completed,82.99
ORD-03868,CUST-0966,PROD-092,CHAN-1,2024-11-25,1,8.0,0.0,5.99,Completed,13.99
ORD-03869,CUST-1324,PROD-017,CHAN-1,2024-11-25,2,28.99,0.3,8.99,Returned,49.58
ORD-03870,CUST-0007,PROD-111,CHAN-1,2024-11-25,1,27.99,0.0,11.99,Returned,39.98
ORD-03871,CUST-0051,PROD-003,CHAN-1,2024-11-25,1,70.99,0.0,8.99,Completed,79.98
ORD-03872,CUST-0042,PROD-131,CHAN-2,2024-11-25,1,7.95,0.0,5.99,Completed,13.94
ORD-03873,CUST-0226,PROD-072,CHAN-2,2024-11-25,1,35.95,0.0,5.99,Completed,41.94
ORD-03874,CUST-1420,PROD-029,CHAN-1,2024-11-25,1,79.0,0.0,0.0,Returned,79.0
ORD-03875,CUST-0630,PROD-013,CHAN-3,2024-11-25,1,41.95,0.25,11.99,Completed,43.45
ORD-03876,CUST-0637,PROD-028,CHAN-4,2024-11-25,1,109.0,0.2,0.0,Completed,87.2
ORD-03877,CUST-0468,PROD-016,CHAN-2,2024-11-25,1,25.0,0.35,11.99,Completed,28.24
ORD-03878,CUST-0003,PROD-098,CHAN-1,2024-11-25,1,30.99,0.0,11.99,Completed,42.98
ORD-03879,CUST-0534,PROD-074,CHAN-1,2024-11-25,1,45.95,0.0,5.99,Completed,51.94
ORD-03880,CUST-1783,PROD-052,CHAN-1,2024-11-25,2,124.0,0.0,0.0,Completed,248.0
ORD-03881,CUST-0366,PROD-010,CHAN-1,2024-11-25,1,32.99,0.05,8.99,Completed,40.33
ORD-03882,CUST-1334,PROD-002,CHAN-1,2024-11-25,2,28.99,0.0,11.99,Completed,69.97
ORD-03883,CUST-0013,PROD-060,CHAN-1,2024-11-25,1,51.99,0.4,4.99,Completed,36.18
ORD-03884,CUST-0165,PROD-003,CHAN-2,2024-11-25,1,70.99,0.0,11.99,Completed,82.98
ORD-03885,CUST-0717,PROD-061,CHAN-2,2024-11-25,1,67.0,0.0,0.0,Cancelled,0.0
ORD-03886,CUST-0600,PROD-071,CHAN-2,2024-11-25,1,54.99,0.0,0.0,Cancelled,0.0
ORD-03887,CUST-0021,PROD-008,CHAN-1,2024-11-25,3,38.99,0.0,0.0,Cancelled,0.0
ORD-03888,CUST-0959,PROD-046,CHAN-1,2024-11-25,1,36.99,0.0,11.99,Returned,48.98
ORD-03889,CUST-1502,PROD-119,CHAN-1,2024-11-25,2,123.0,0.3,0.0,Completed,172.2
ORD-03890,CUST-0243,PROD-017,CHAN-2,2024-11-25,1,28.99,0.0,4.99,Completed,33.98
ORD-03891,CUST-1029,PROD-002,CHAN-1,2024-11-25,1,28.99,0.0,11.99,Completed,40.98
ORD-03892,CUST-0115,PROD-039,CHAN-1,2024-11-25,1,83.0,0.1,5.99,Completed,80.69
ORD-03893,CUST-0150,PROD-081,CHAN-2,2024-11-25,1,38.95,0.0,11.99,Completed,50.94
ORD-03894,CUST-0040,PROD-017,CHAN-1,2024-11-25,1,28.99,0.0,5.99,Completed,34.98
ORD-03895,CUST-0068,PROD-002,CHAN-2,2024-11-25,5,28.99,0.0,0.0,Completed,144.95
ORD-03896,CUST-0009,PROD-101,CHAN-1,2024-11-25,1,66.0,0.0,11.99,Completed,77.99
ORD-03897,CUST-0619,PROD-122,CHAN-1,2024-11-25,1,178.99,0.05,0.0,Completed,170.04
ORD-03898,CUST-0008,PROD-026,CHAN-4,2024-11-25,2,36.95,0.2,11.99,Completed,71.11
ORD-03899,CUST-0842,PROD-043,CHAN-3,2024-11-25,1,45.99,0.0,11.99,Completed,57.98
ORD-03900,CUST-0019,PROD-105,CHAN-1,2024-11-25,1,71.0,0.2,4.99,Completed,61.79
ORD-03901,CUST-0014,PROD-056,CHAN-2,2024-11-25,1,131.0,0.05,0.0,Completed,124.45
ORD-03902,CUST-0855,PROD-090,CHAN-4,2024-11-26,1,21.0,0.0,4.99,Completed,25.99
ORD-03903,CUST-1027,PROD-085,CHAN-1,2024-11-26,1,23.95,0.0,5.99,Completed,29.94
ORD-03904,CUST-0289,PROD-001,CHAN-1,2024-11-26,1,50.95,0.0,4.99,Completed,55.94
ORD-03905,CUST-0010,PROD-004,CHAN-2,2024-11-26,2,47.99,0.0,0.0,Completed,95.98
ORD-03906,CUST-1229,PROD-045,CHAN-2,2024-11-26,1,51.0,0.0,8.99,Completed,59.99
ORD-03907,CUST-0033,PROD-005,CHAN-2,2024-11-26,1,30.99,0.0,8.99,Completed,39.98
ORD-03908,CUST-1066,PROD-074,CHAN-1,2024-11-26,1,45.95,0.0,8.99,Completed,54.94
ORD-03909,CUST-0239,PROD-028,CHAN-2,2024-11-26,4,109.0,0.15,0.0,Returned,370.6
ORD-03910,CUST-1148,PROD-122,CHAN-1,2024-11-26,1,178.99,0.0,0.0,Completed,178.99
ORD-03911,CUST-0007,PROD-012,CHAN-1,2024-11-26,1,63.0,0.2,5.99,Completed,56.39
ORD-03912,CUST-0324,PROD-122,CHAN-4,2024-11-26,1,178.99,0.0,0.0,Returned,178.99
ORD-03913,CUST-1305,PROD-036,CHAN-2,2024-11-26,2,102.99,0.0,0.0,Completed,205.98
ORD-03914,CUST-0008,PROD-117,CHAN-2,2024-11-26,2,27.99,0.0,11.99,Completed,67.97
ORD-03915,CUST-1971,PROD-041,CHAN-1,2024-11-26,1,27.95,0.0,8.99,Completed,36.94
ORD-03916,CUST-0110,PROD-003,CHAN-3,2024-11-26,1,70.99,0.2,5.99,Completed,62.78
ORD-03917,CUST-1873,PROD-074,CHAN-1,2024-11-26,1,45.95,0.15,4.99,Completed,44.05
ORD-03918,CUST-0271,PROD-037,CHAN-2,2024-11-26,1,60.95,0.0,11.99,Completed,72.94
ORD-03919,CUST-0734,PROD-036,CHAN-2,2024-11-26,2,102.99,0.1,0.0,Completed,185.38
ORD-03920,CUST-0049,PROD-001,CHAN-2,2024-11-26,4,50.95,0.0,0.0,Completed,203.8
ORD-03921,CUST-0243,PROD-012,CHAN-1,2024-11-26,1,63.0,0.0,8.99,Completed,71.99
ORD-03922,CUST-0113,PROD-028,CHAN-2,2024-11-26,1,109.0,0.35,11.99,Completed,82.84
ORD-03923,CUST-0003,PROD-022,CHAN-3,2024-11-26,1,21.0,0.0,4.99,Completed,25.99
ORD-03924,CUST-1816,PROD-039,CHAN-1,2024-11-26,1,83.0,0.0,0.0,Completed,83.0
ORD-03925,CUST-0757,PROD-044,CHAN-2,2024-11-26,2,66.0,0.0,0.0,Completed,132.0
ORD-03926,CUST-0851,PROD-001,CHAN-3,2024-11-26,1,50.95,0.0,11.99,Completed,62.94
ORD-03927,CUST-0175,PROD-044,CHAN-2,2024-11-26,1,66.0,0.0,5.99,Completed,71.99
ORD-03928,CUST-0205,PROD-018,CHAN-1,2024-11-26,1,83.95,0.0,0.0,Completed,83.95
ORD-03929,CUST-0022,PROD-006,CHAN-1,2024-11-26,2,58.0,0.3,0.0,Completed,81.2
ORD-03930,CUST-0038,PROD-027,CHAN-1,2024-11-26,2,54.0,0.0,0.0,Completed,108.0
ORD-03931,CUST-0003,PROD-008,CHAN-1,2024-11-26,5,38.99,0.05,0.0,Completed,185.2
ORD-03932,CUST-0454,PROD-005,CHAN-1,2024-11-26,1,30.99,0.0,4.99,Completed,35.98
ORD-03933,CUST-0014,PROD-095,CHAN-2,2024-11-26,1,18.95,0.0,5.99,Completed,24.94
ORD-03934,CUST-0116,PROD-046,CHAN-1,2024-11-26,1,36.99,0.15,4.99,Completed,36.43
ORD-03935,CUST-0642,PROD-005,CHAN-2,2024-11-26,2,30.99,0.0,8.99,Completed,70.97
ORD-03936,CUST-0013,PROD-121,CHAN-1,2024-11-26,1,156.99,0.0,0.0,Completed,156.99
ORD-03937,CUST-0540,PROD-047,CHAN-1,2024-11-26,2,82.0,0.0,0.0,Completed,164.0
ORD-03938,CUST-1859,PROD-007,CHAN-3,2024-11-26,1,49.0,0.25,8.99,Completed,45.74
ORD-03939,CUST-1674,PROD-006,CHAN-2,2024-11-26,1,58.0,0.0,4.99,Completed,62.99
ORD-03940,CUST-1433,PROD-068,CHAN-1,2024-11-26,1,83.95,0.0,0.0,Completed,83.95
ORD-03941,CUST-1162,PROD-055,CHAN-1,2024-11-26,1,110.99,0.0,0.0,Completed,110.99
ORD-03942,CUST-1201,PROD-019,CHAN-1,2024-11-26,3,35.95,0.0,0.0,Completed,107.85
ORD-03943,CUST-0170,PROD-020,CHAN-1,2024-11-26,2,25.0,0.0,4.99,Completed,54.99
ORD-03944,CUST-0043,PROD-061,CHAN-3,2024-11-26,1,67.0,0.1,11.99,Completed,72.29
ORD-03945,CUST-1209,PROD-026,CHAN-2,2024-11-26,1,36.95,0.1,11.99,Returned,45.25
ORD-03946,CUST-0760,PROD-011,CHAN-1,2024-11-26,3,18.95,0.0,4.99,Completed,61.84
ORD-03947,CUST-0001,PROD-102,CHAN-1,2024-11-26,1,137.0,0.15,0.0,Completed,116.45
ORD-03948,CUST-1185,PROD-008,CHAN-3,2024-11-26,1,38.99,0.0,8.99,Completed,47.98
ORD-03949,CUST-0148,PROD-066,CHAN-1,2024-11-26,1,71.95,0.35,11.99,Completed,58.76
ORD-03950,CUST-0875,PROD-016,CHAN-1,2024-11-26,2,25.0,0.25,8.99,Completed,46.49
ORD-03951,CUST-1120,PROD-038,CHAN-2,2024-11-27,1,83.99,0.0,0.0,Completed,83.99
ORD-03952,CUST-0339,PROD-027,CHAN-5,2024-11-27,1,54.0,0.1,5.99,Completed,54.59
ORD-03953,CUST-0500,PROD-118,CHAN-2,2024-11-27,2,150.99,0.0,0.0,Completed,301.98
ORD-03954,CUST-0120,PROD-013,CHAN-3,2024-11-27,1,41.95,0.3,8.99,Completed,38.35
ORD-03955,CUST-0802,PROD-005,CHAN-2,2024-11-27,1,30.99,0.0,11.99,Completed,42.98
ORD-03956,CUST-0070,PROD-037,CHAN-2,2024-11-27,1,60.95,0.0,8.99,Completed,69.94
ORD-03957,CUST-0605,PROD-044,CHAN-1,2024-11-27,2,66.0,0.4,0.0,Completed,79.2
ORD-03958,CUST-0094,PROD-013,CHAN-2,2024-11-27,1,41.95,0.0,11.99,Completed,53.94
ORD-03959,CUST-1640,PROD-005,CHAN-1,2024-11-27,1,30.99,0.05,8.99,Completed,38.43
ORD-03960,CUST-0956,PROD-031,CHAN-2,2024-11-27,1,100.0,0.0,0.0,Completed,100.0
ORD-03961,CUST-1271,PROD-043,CHAN-4,2024-11-27,1,45.99,0.0,8.99,Completed,54.98
ORD-03962,CUST-0347,PROD-088,CHAN-2,2024-11-27,1,29.99,0.0,11.99,Completed,41.98
ORD-03963,CUST-1855,PROD-015,CHAN-1,2024-11-27,1,65.0,0.0,0.0,Cancelled,0.0
ORD-03964,CUST-0397,PROD-088,CHAN-1,2024-11-27,1,29.99,0.0,8.99,Completed,38.98
ORD-03965,CUST-0384,PROD-025,CHAN-4,2024-11-27,2,57.99,0.0,0.0,Completed,115.98
ORD-03966,CUST-0254,PROD-001,CHAN-4,2024-11-27,1,50.95,0.15,5.99,Completed,49.3
ORD-03967,CUST-0057,PROD-005,CHAN-1,2024-11-27,2,30.99,0.0,8.99,Completed,70.97
ORD-03968,CUST-0472,PROD-137,CHAN-1,2024-11-27,1,15.0,0.0,11.99,Completed,26.99
ORD-03969,CUST-1881,PROD-102,CHAN-2,2024-11-27,1,137.0,0.3,0.0,Returned,95.9
ORD-03970,CUST-0992,PROD-020,CHAN-2,2024-11-27,1,25.0,0.0,8.99,Completed,33.99
ORD-03971,CUST-0538,PROD-079,CHAN-2,2024-11-27,1,37.99,0.2,5.99,Completed,36.38
ORD-03972,CUST-0258,PROD-066,CHAN-1,2024-11-27,1,71.95,0.0,8.99,Completed,80.94
ORD-03973,CUST-0014,PROD-027,CHAN-5,2024-11-27,1,54.0,0.0,5.99,Completed,59.99
ORD-03974,CUST-0378,PROD-083,CHAN-1,2024-11-27,3,25.99,0.0,0.0,Completed,77.97
ORD-03975,CUST-0169,PROD-113,CHAN-1,2024-11-27,1,97.0,0.0,0.0,Completed,97.0
ORD-03976,CUST-0109,PROD-019,CHAN-3,2024-11-27,1,35.95,0.0,11.99,Completed,47.94
ORD-03977,CUST-0614,PROD-004,CHAN-3,2024-11-27,2,47.99,0.35,4.99,Completed,67.38
ORD-03978,CUST-0323,PROD-009,CHAN-2,2024-11-27,1,60.99,0.0,11.99,Completed,72.98
ORD-03979,CUST-0032,PROD-059,CHAN-5,2024-11-27,2,58.99,0.0,0.0,Returned,117.98
ORD-03980,CUST-0501,PROD-044,CHAN-5,2024-11-27,1,66.0,0.2,11.99,Completed,64.79
ORD-03981,CUST-0208,PROD-124,CHAN-1,2024-11-27,1,180.95,0.0,0.0,Completed,180.95
ORD-03982,CUST-0597,PROD-003,CHAN-1,2024-11-27,1,70.99,0.0,8.99,Completed,79.98
ORD-03983,CUST-0408,PROD-148,CHAN-1,2024-11-27,1,15.0,0.2,4.99,Completed,16.99
ORD-03984,CUST-0015,PROD-056,CHAN-2,2024-11-27,1,131.0,0.0,0.0,Completed,131.0
ORD-03985,CUST-0057,PROD-058,CHAN-2,2024-11-27,1,86.0,0.05,0.0,Completed,81.7
ORD-03986,CUST-0191,PROD-029,CHAN-5,2024-11-27,2,79.0,0.0,0.0,Completed,158.0
ORD-03987,CUST-0877,PROD-118,CHAN-2,2024-11-27,3,150.99,0.0,0.0,Completed,452.97
ORD-03988,CUST-0003,PROD-032,CHAN-2,2024-11-27,1,89.95,0.0,0.0,Completed,89.95
ORD-03989,CUST-0027,PROD-019,CHAN-1,2024-11-27,1,35.95,0.0,8.99,Completed,44.94
ORD-03990,CUST-0126,PROD-040,CHAN-3,2024-11-27,2,106.95,0.0,0.0,Completed,213.9
ORD-03991,CUST-1235,PROD-117,CHAN-1,2024-11-27,1,27.99,0.0,8.99,Completed,36.98
ORD-03992,CUST-0004,PROD-130,CHAN-1,2024-11-27,2,5.95,0.35,8.99,Completed,16.73
ORD-03993,CUST-0160,PROD-135,CHAN-1,2024-11-27,2,13.99,0.0,4.99,Completed,32.97
ORD-03994,CUST-0079,PROD-015,CHAN-2,2024-11-27,5,65.0,0.2,0.0,Completed,260.0
ORD-03995,CUST-0353,PROD-132,CHAN-2,2024-11-27,2,8.0,0.15,8.99,Completed,22.59
ORD-03996,CUST-0228,PROD-024,CHAN-1,2024-11-27,4,39.0,0.0,0.0,Completed,156.0
ORD-03997,CUST-1789,PROD-083,CHAN-1,2024-11-27,1,25.99,0.0,5.99,Returned,31.98
ORD-03998,CUST-1940,PROD-002,CHAN-3,2024-11-27,1,28.99,0.25,8.99,Completed,30.73
ORD-03999,CUST-0206,PROD-104,CHAN-1,2024-11-27,1,72.99,0.0,4.99,Completed,77.98
ORD-04000,CUST-1752,PROD-073,CHAN-2,2024-11-27,2,24.95,0.1,4.99,Completed,49.9
ORD-04001,CUST-0004,PROD-008,CHAN-2,2024-11-27,1,38.99,0.0,8.99,Completed,47.98
ORD-04002,CUST-0197,PROD-091,CHAN-1,2024-11-27,1,13.0,0.4,8.99,Completed,16.79
ORD-04003,CUST-0001,PROD-002,CHAN-1,2024-11-27,2,28.99,0.0,11.99,Completed,69.97
ORD-04004,CUST-0018,PROD-047,CHAN-2,2024-11-27,1,82.0,0.0,0.0,Returned,82.0
ORD-04005,CUST-0344,PROD-125,CHAN-2,2024-11-28,1,162.99,0.0,0.0,Completed,162.99
ORD-04006,CUST-0581,PROD-053,CHAN-1,2024-11-28,1,88.95,0.15,0.0,Completed,75.61
ORD-04007,CUST-0021,PROD-004,CHAN-1,2024-11-28,1,47.99,0.25,4.99,Completed,40.98
ORD-04008,CUST-0154,PROD-119,CHAN-2,2024-11-28,2,123.0,0.0,0.0,Completed,246.0
ORD-04009,CUST-0370,PROD-003,CHAN-2,2024-11-28,2,70.99,0.0,0.0,Refunded,141.98
ORD-04010,CUST-0034,PROD-003,CHAN-1,2024-11-28,1,70.99,0.3,5.99,Completed,55.68
ORD-04011,CUST-0096,PROD-004,CHAN-1,2024-11-28,1,47.99,0.0,5.99,Completed,53.98
ORD-04012,CUST-0168,PROD-060,CHAN-2,2024-11-28,1,51.99,0.0,0.0,Cancelled,0.0
ORD-04013,CUST-0059,PROD-041,CHAN-1,2024-11-28,1,27.95,0.0,11.99,Completed,39.94
ORD-04014,CUST-0458,PROD-007,CHAN-1,2024-11-28,1,49.0,0.0,11.99,Completed,60.99
ORD-04015,CUST-0005,PROD-020,CHAN-5,2024-11-28,1,25.0,0.4,4.99,Completed,19.99
ORD-04016,CUST-0262,PROD-064,CHAN-2,2024-11-28,3,43.0,0.0,0.0,Completed,129.0
ORD-04017,CUST-1324,PROD-094,CHAN-4,2024-11-28,1,24.95,0.0,11.99,Completed,36.94
ORD-04018,CUST-0556,PROD-118,CHAN-2,2024-11-28,4,150.99,0.0,0.0,Completed,603.96
ORD-04019,CUST-0009,PROD-030,CHAN-5,2024-11-28,1,62.99,0.0,4.99,Completed,67.98
ORD-04020,CUST-0894,PROD-001,CHAN-2,2024-11-28,3,50.95,0.0,0.0,Cancelled,0.0
ORD-04021,CUST-0165,PROD-001,CHAN-1,2024-11-28,2,50.95,0.0,0.0,Returned,101.9
ORD-04022,CUST-0840,PROD-003,CHAN-1,2024-11-28,2,70.99,0.05,0.0,Completed,134.88
ORD-04023,CUST-1137,PROD-004,CHAN-1,2024-11-28,2,47.99,0.0,0.0,Completed,95.98
ORD-04024,CUST-0367,PROD-137,CHAN-2,2024-11-28,1,15.0,0.0,4.99,Completed,19.99
ORD-04025,CUST-0339,PROD-133,CHAN-1,2024-11-28,1,18.99,0.0,8.99,Completed,27.98
ORD-04026,CUST-0112,PROD-109,CHAN-2,2024-11-28,1,68.99,0.0,8.99,Completed,77.98
ORD-04027,CUST-0401,PROD-004,CHAN-1,2024-11-28,1,47.99,0.0,11.99,Completed,59.98
ORD-04028,CUST-0528,PROD-076,CHAN-3,2024-11-28,3,7.99,0.0,4.99,Completed,28.96
ORD-04029,CUST-0198,PROD-082,CHAN-1,2024-11-28,1,22.0,0.0,5.99,Refunded,27.99
ORD-04030,CUST-0014,PROD-031,CHAN-1,2024-11-28,1,100.0,0.0,0.0,Completed,100.0
ORD-04031,CUST-0631,PROD-021,CHAN-2,2024-11-28,1,39.0,0.35,4.99,Completed,30.34
ORD-04032,CUST-0025,PROD-002,CHAN-1,2024-11-28,1,28.99,0.25,8.99,Completed,30.73
ORD-04033,CUST-0559,PROD-095,CHAN-1,2024-11-28,1,18.95,0.25,8.99,Completed,23.2
ORD-04034,CUST-1161,PROD-009,CHAN-1,2024-11-28,1,60.99,0.15,4.99,Completed,56.83
ORD-04035,CUST-0627,PROD-054,CHAN-2,2024-11-28,1,109.0,0.25,0.0,Completed,81.75
ORD-04036,CUST-0218,PROD-010,CHAN-2,2024-11-28,2,32.99,0.1,5.99,Completed,65.37
ORD-04037,CUST-0078,PROD-003,CHAN-1,2024-11-28,1,70.99,0.0,4.99,Completed,75.98
ORD-04038,CUST-0109,PROD-044,CHAN-5,2024-11-28,1,66.0,0.1,8.99,Completed,68.39
ORD-04039,CUST-0045,PROD-006,CHAN-1,2024-11-28,1,58.0,0.0,4.99,Completed,62.99
ORD-04040,CUST-0968,PROD-002,CHAN-5,2024-11-28,1,28.99,0.0,4.99,Completed,33.98
ORD-04041,CUST-0401,PROD-021,CHAN-2,2024-11-28,1,39.0,0.0,4.99,Completed,43.99
ORD-04042,CUST-0114,PROD-012,CHAN-4,2024-11-28,1,63.0,0.05,5.99,Returned,65.84
ORD-04043,CUST-0229,PROD-020,CHAN-1,2024-11-28,1,25.0,0.0,4.99,Completed,29.99
ORD-04044,CUST-0032,PROD-072,CHAN-1,2024-11-28,2,35.95,0.0,11.99,Completed,83.89
ORD-04045,CUST-0799,PROD-007,CHAN-2,2024-11-28,2,49.0,0.0,0.0,Completed,98.0
ORD-04046,CUST-0594,PROD-054,CHAN-2,2024-11-28,1,109.0,0.2,0.0,Completed,87.2
ORD-04047,CUST-0868,PROD-013,CHAN-2,2024-11-28,1,41.95,0.1,4.99,Completed,42.75
ORD-04048,CUST-1249,PROD-035,CHAN-2,2024-11-28,2,102.99,0.0,0.0,Completed,205.98
ORD-04049,CUST-1486,PROD-080,CHAN-1,2024-11-28,2,20.95,0.0,5.99,Completed,47.89
ORD-04050,CUST-0559,PROD-056,CHAN-4,2024-11-28,1,131.0,0.25,0.0,Completed,98.25
ORD-04051,CUST-0054,PROD-040,CHAN-2,2024-11-28,1,106.95,0.0,0.0,Returned,106.95
ORD-04052,CUST-0596,PROD-032,CHAN-2,2024-11-28,2,89.95,0.0,0.0,Completed,179.9
ORD-04053,CUST-0029,PROD-072,CHAN-2,2024-11-28,1,35.95,0.0,11.99,Completed,47.94
ORD-04054,CUST-0109,PROD-001,CHAN-2,2024-11-28,1,50.95,0.0,8.99,Completed,59.94
ORD-04055,CUST-0139,PROD-018,CHAN-2,2024-11-28,2,83.95,0.0,0.0,Completed,167.9
ORD-04056,CUST-1001,PROD-024,CHAN-2,2024-11-28,2,39.0,0.0,0.0,Completed,78.0
ORD-04057,CUST-0089,PROD-003,CHAN-3,2024-11-28,1,70.99,0.0,4.99,Completed,75.98
ORD-04058,CUST-0632,PROD-002,CHAN-3,2024-11-28,1,28.99,0.4,4.99,Completed,22.38
ORD-04059,CUST-1285,PROD-143,CHAN-4,2024-11-28,2,19.0,0.0,5.99,Completed,43.99
ORD-04060,CUST-0001,PROD-118,CHAN-1,2024-11-28,2,150.99,0.0,0.0,Completed,301.98
ORD-04061,CUST-0078,PROD-056,CHAN-1,2024-11-28,2,131.0,0.0,0.0,Completed,262.0
ORD-04062,CUST-0011,PROD-026,CHAN-3,2024-11-28,1,36.95,0.0,5.99,Returned,42.94
ORD-04063,CUST-0001,PROD-026,CHAN-1,2024-11-28,1,36.95,0.2,4.99,Completed,34.55
ORD-04064,CUST-1838,PROD-064,CHAN-1,2024-11-29,1,43.0,0.0,5.99,Returned,48.99
ORD-04065,CUST-1877,PROD-009,CHAN-2,2024-11-29,1,60.99,0.1,4.99,Completed,59.88
ORD-04066,CUST-0989,PROD-113,CHAN-1,2024-11-29,1,97.0,0.0,0.0,Completed,97.0
ORD-04067,CUST-0411,PROD-013,CHAN-1,2024-11-29,1,41.95,0.1,8.99,Completed,46.75
ORD-04068,CUST-0021,PROD-098,CHAN-1,2024-11-29,1,30.99,0.1,8.99,Returned,36.88
ORD-04069,CUST-0125,PROD-004,CHAN-2,2024-11-29,1,47.99,0.0,8.99,Completed,56.98
ORD-04070,CUST-0838,PROD-136,CHAN-2,2024-11-29,1,4.0,0.15,5.99,Completed,9.39
ORD-04071,CUST-1672,PROD-024,CHAN-2,2024-11-29,1,39.0,0.2,11.99,Completed,43.19
ORD-04072,CUST-0078,PROD-120,CHAN-1,2024-11-29,1,158.0,0.05,0.0,Completed,150.1
ORD-04073,CUST-0054,PROD-095,CHAN-2,2024-11-29,1,18.95,0.0,5.99,Completed,24.94
ORD-04074,CUST-0721,PROD-074,CHAN-2,2024-11-29,1,45.95,0.0,4.99,Completed,50.94
ORD-04075,CUST-0461,PROD-002,CHAN-2,2024-11-29,1,28.99,0.0,5.99,Completed,34.98
ORD-04076,CUST-0232,PROD-111,CHAN-1,2024-11-29,1,27.99,0.0,5.99,Completed,33.98
ORD-04077,CUST-0013,PROD-001,CHAN-1,2024-11-29,4,50.95,0.05,0.0,Completed,193.61
ORD-04078,CUST-0071,PROD-066,CHAN-1,2024-11-29,1,71.95,0.0,4.99,Completed,76.94
ORD-04079,CUST-1918,PROD-014,CHAN-3,2024-11-29,5,19.0,0.2,0.0,Completed,76.0
ORD-04080,CUST-0491,PROD-016,CHAN-2,2024-11-29,2,25.0,0.0,11.99,Completed,61.99
ORD-04081,CUST-0026,PROD-032,CHAN-1,2024-11-29,1,89.95,0.4,5.99,Completed,59.96
ORD-04082,CUST-1338,PROD-028,CHAN-1,2024-11-29,1,109.0,0.2,0.0,Returned,87.2
ORD-04083,CUST-0044,PROD-010,CHAN-2,2024-11-29,1,32.99,0.0,5.99,Completed,38.98
ORD-04084,CUST-0088,PROD-002,CHAN-2,2024-11-29,2,28.99,0.0,8.99,Completed,66.97
ORD-04085,CUST-1299,PROD-010,CHAN-2,2024-11-29,2,32.99,0.0,0.0,Cancelled,0.0
ORD-04086,CUST-0194,PROD-130,CHAN-4,2024-11-29,1,5.95,0.0,4.99,Completed,10.94
ORD-04087,CUST-0065,PROD-007,CHAN-1,2024-11-29,3,49.0,0.2,0.0,Completed,117.6
ORD-04088,CUST-1651,PROD-002,CHAN-2,2024-11-29,1,28.99,0.0,5.99,Completed,34.98
ORD-04089,CUST-0173,PROD-060,CHAN-4,2024-11-29,1,51.99,0.0,4.99,Completed,56.98
ORD-04090,CUST-0013,PROD-001,CHAN-1,2024-11-29,1,50.95,0.0,0.0,Cancelled,0.0
ORD-04091,CUST-0222,PROD-039,CHAN-2,2024-11-29,1,83.0,0.1,8.99,Completed,83.69
ORD-04092,CUST-0115,PROD-102,CHAN-3,2024-11-29,1,137.0,0.25,0.0,Completed,102.75
ORD-04093,CUST-0102,PROD-102,CHAN-1,2024-11-29,1,137.0,0.0,0.0,Completed,137.0
ORD-04094,CUST-0245,PROD-007,CHAN-1,2024-11-29,1,49.0,0.0,8.99,Completed,57.99
ORD-04095,CUST-0942,PROD-106,CHAN-5,2024-11-29,1,103.0,0.0,0.0,Completed,103.0
ORD-04096,CUST-0043,PROD-086,CHAN-2,2024-11-29,1,7.0,0.05,8.99,Completed,15.64
ORD-04097,CUST-0038,PROD-013,CHAN-1,2024-11-29,1,41.95,0.0,8.99,Completed,50.94
ORD-04098,CUST-1814,PROD-003,CHAN-5,2024-11-29,2,70.99,0.0,0.0,Completed,141.98
ORD-04099,CUST-0212,PROD-082,CHAN-2,2024-11-29,1,22.0,0.15,5.99,Completed,24.69
ORD-04100,CUST-0123,PROD-040,CHAN-2,2024-11-29,1,106.95,0.4,11.99,Completed,76.16
ORD-04101,CUST-0280,PROD-030,CHAN-2,2024-11-29,1,62.99,0.0,4.99,Refunded,67.98
ORD-04102,CUST-0396,PROD-118,CHAN-2,2024-11-29,2,150.99,0.0,0.0,Completed,301.98
ORD-04103,CUST-0511,PROD-062,CHAN-2,2024-11-29,1,77.99,0.2,5.99,Completed,68.38
ORD-04104,CUST-1998,PROD-001,CHAN-1,2024-11-29,1,50.95,0.05,11.99,Completed,60.39
ORD-04105,CUST-0008,PROD-094,CHAN-1,2024-11-29,2,24.95,0.4,5.99,Completed,35.93
ORD-04106,CUST-0073,PROD-012,CHAN-1,2024-11-29,1,63.0,0.0,4.99,Completed,67.99
ORD-04107,CUST-1156,PROD-032,CHAN-1,2024-11-30,4,89.95,0.2,0.0,Completed,287.84
ORD-04108,CUST-0012,PROD-036,CHAN-1,2024-11-30,1,102.99,0.0,0.0,Completed,102.99
ORD-04109,CUST-0070,PROD-001,CHAN-3,2024-11-30,1,50.95,0.0,4.99,Completed,55.94
ORD-04110,CUST-1156,PROD-041,CHAN-2,2024-11-30,2,27.95,0.0,5.99,Completed,61.89
ORD-04111,CUST-1543,PROD-003,CHAN-1,2024-11-30,2,70.99,0.0,0.0,Completed,141.98
ORD-04112,CUST-1784,PROD-145,CHAN-2,2024-11-30,1,10.95,0.0,5.99,Completed,16.94
ORD-04113,CUST-0012,PROD-134,CHAN-1,2024-11-30,1,3.99,0.35,8.99,Completed,11.58
ORD-04114,CUST-1664,PROD-003,CHAN-2,2024-11-30,1,70.99,0.0,0.0,Cancelled,0.0
ORD-04115,CUST-0007,PROD-019,CHAN-1,2024-11-30,1,35.95,0.05,8.99,Returned,43.14
ORD-04116,CUST-0287,PROD-001,CHAN-5,2024-11-30,1,50.95,0.0,5.99,Completed,56.94
ORD-04117,CUST-0064,PROD-009,CHAN-1,2024-11-30,5,60.99,0.0,0.0,Completed,304.95
ORD-04118,CUST-0088,PROD-026,CHAN-3,2024-11-30,1,36.95,0.15,8.99,Completed,40.4
ORD-04119,CUST-0150,PROD-121,CHAN-2,2024-11-30,1,156.99,0.0,0.0,Completed,156.99
ORD-04120,CUST-0621,PROD-128,CHAN-2,2024-11-30,2,5.95,0.1,5.99,Refunded,16.7
ORD-04121,CUST-1849,PROD-071,CHAN-1,2024-11-30,1,54.99,0.0,8.99,Completed,63.98
ORD-04122,CUST-0506,PROD-013,CHAN-4,2024-11-30,1,41.95,0.0,4.99,Completed,46.94
ORD-04123,CUST-0257,PROD-074,CHAN-2,2024-11-30,1,45.95,0.35,4.99,Returned,34.86
ORD-04124,CUST-0006,PROD-054,CHAN-3,2024-11-30,1,109.0,0.15,0.0,Completed,92.65
ORD-04125,CUST-0164,PROD-004,CHAN-3,2024-11-30,3,47.99,0.0,0.0,Completed,143.97
ORD-04126,CUST-0171,PROD-079,CHAN-1,2024-11-30,1,37.99,0.0,5.99,Completed,43.98
ORD-04127,CUST-1239,PROD-002,CHAN-2,2024-11-30,1,28.99,0.0,11.99,Completed,40.98
ORD-04128,CUST-0123,PROD-062,CHAN-1,2024-11-30,1,77.99,0.0,0.0,Completed,77.99
ORD-04129,CUST-0080,PROD-067,CHAN-1,2024-11-30,2,95.99,0.0,0.0,Completed,191.98
ORD-04130,CUST-0625,PROD-142,CHAN-4,2024-11-30,1,5.0,0.0,8.99,Completed,13.99
ORD-04131,CUST-0002,PROD-064,CHAN-2,2024-11-30,1,43.0,0.2,11.99,Completed,46.39
ORD-04132,CUST-0013,PROD-052,CHAN-4,2024-11-30,3,124.0,0.0,0.0,Completed,372.0
ORD-04133,CUST-0020,PROD-023,CHAN-1,2024-11-30,1,58.95,0.25,5.99,Completed,50.2
ORD-04134,CUST-0938,PROD-093,CHAN-2,2024-11-30,1,25.99,0.0,4.99,Completed,30.98
ORD-04135,CUST-0164,PROD-130,CHAN-1,2024-11-30,1,5.95,0.0,11.99,Completed,17.94
ORD-04136,CUST-0917,PROD-081,CHAN-4,2024-11-30,1,38.95,0.0,4.99,Completed,43.94
ORD-04137,CUST-0348,PROD-034,CHAN-4,2024-11-30,2,65.99,0.05,0.0,Completed,125.38
ORD-04138,CUST-1220,PROD-004,CHAN-2,2024-11-30,1,47.99,0.0,4.99,Completed,52.98
ORD-04139,CUST-0001,PROD-002,CHAN-2,2024-11-30,1,28.99,0.0,5.99,Completed,34.98
ORD-04140,CUST-1368,PROD-081,CHAN-1,2024-11-30,1,38.95,0.2,5.99,Returned,37.15
ORD-04141,CUST-0033,PROD-028,CHAN-2,2024-11-30,2,109.0,0.1,0.0,Completed,196.2
ORD-04142,CUST-0256,PROD-098,CHAN-2,2024-11-30,1,30.99,0.0,8.99,Completed,39.98
ORD-04143,CUST-0325,PROD-073,CHAN-1,2024-11-30,2,24.95,0.25,8.99,Completed,46.41
ORD-04144,CUST-0994,PROD-011,CHAN-5,2024-11-30,1,18.95,0.0,4.99,Completed,23.94
ORD-04145,CUST-1571,PROD-017,CHAN-2,2024-11-30,1,28.99,0.0,5.99,Completed,34.98
ORD-04146,CUST-0884,PROD-005,CHAN-1,2024-11-30,1,30.99,0.1,5.99,Completed,33.88
ORD-04147,CUST-1356,PROD-015,CHAN-2,2024-11-30,2,65.0,0.1,0.0,Completed,117.0
ORD-04148,CUST-1514,PROD-003,CHAN-3,2024-11-30,1,70.99,0.0,8.99,Completed,79.98
ORD-04149,CUST-0885,PROD-079,CHAN-1,2024-11-30,1,37.99,0.05,4.99,Completed,41.08
ORD-04150,CUST-0310,PROD-028,CHAN-4,2024-12-01,1,109.0,0.0,0.0,Completed,109.0
ORD-04151,CUST-1679,PROD-033,CHAN-4,2024-12-01,2,63.99,0.0,0.0,Completed,127.98
ORD-04152,CUST-1211,PROD-003,CHAN-2,2024-12-01,1,70.99,0.15,4.99,Completed,65.33
ORD-04153,CUST-0090,PROD-058,CHAN-2,2024-12-01,1,86.0,0.1,0.0,Completed,77.4
ORD-04154,CUST-0377,PROD-048,CHAN-1,2024-12-01,1,121.95,0.0,0.0,Completed,121.95
ORD-04155,CUST-0814,PROD-002,CHAN-2,2024-12-01,1,28.99,0.05,5.99,Completed,33.53
ORD-04156,CUST-1227,PROD-009,CHAN-3,2024-12-01,1,60.99,0.1,8.99,Completed,63.88
ORD-04157,CUST-0188,PROD-008,CHAN-3,2024-12-01,2,38.99,0.1,5.99,Completed,76.17
ORD-04158,CUST-0001,PROD-001,CHAN-1,2024-12-01,1,50.95,0.0,11.99,Completed,62.94
ORD-04159,CUST-0587,PROD-066,CHAN-4,2024-12-01,3,71.95,0.0,0.0,Completed,215.85
ORD-04160,CUST-0659,PROD-001,CHAN-1,2024-12-01,1,50.95,0.25,4.99,Completed,43.2
ORD-04161,CUST-0322,PROD-055,CHAN-4,2024-12-01,2,110.99,0.0,0.0,Completed,221.98
ORD-04162,CUST-0010,PROD-012,CHAN-3,2024-12-01,2,63.0,0.0,0.0,Completed,126.0
ORD-04163,CUST-0075,PROD-080,CHAN-2,2024-12-01,1,20.95,0.25,5.99,Completed,21.7
ORD-04164,CUST-0037,PROD-118,CHAN-2,2024-12-01,1,150.99,0.0,0.0,Completed,150.99
ORD-04165,CUST-0787,PROD-082,CHAN-3,2024-12-01,1,22.0,0.0,8.99,Completed,30.99
ORD-04166,CUST-1940,PROD-005,CHAN-2,2024-12-01,1,30.99,0.0,4.99,Completed,35.98
ORD-04167,CUST-0207,PROD-035,CHAN-3,2024-12-01,1,102.99,0.25,0.0,Returned,77.24
ORD-04168,CUST-0318,PROD-004,CHAN-1,2024-12-01,1,47.99,0.0,8.99,Completed,56.98
ORD-04169,CUST-1773,PROD-087,CHAN-4,2024-12-01,1,34.99,0.0,5.99,Completed,40.98
ORD-04170,CUST-0717,PROD-001,CHAN-2,2024-12-01,1,50.95,0.0,4.99,Completed,55.94
ORD-04171,CUST-0008,PROD-049,CHAN-1,2024-12-01,1,19.95,0.4,4.99,Completed,16.96
ORD-04172,CUST-0658,PROD-074,CHAN-5,2024-12-01,1,45.95,0.4,8.99,Completed,36.56
ORD-04173,CUST-0269,PROD-097,CHAN-2,2024-12-01,1,6.0,0.15,5.99,Completed,11.09
ORD-04174,CUST-1266,PROD-002,CHAN-1,2024-12-01,1,28.99,0.05,4.99,Completed,32.53
ORD-04175,CUST-0006,PROD-001,CHAN-1,2024-12-01,1,50.95,0.1,4.99,Completed,50.85
ORD-04176,CUST-0061,PROD-004,CHAN-2,2024-12-01,1,47.99,0.0,5.99,Completed,53.98
ORD-04177,CUST-0001,PROD-027,CHAN-1,2024-12-01,1,54.0,0.0,5.99,Completed,59.99
ORD-04178,CUST-0241,PROD-067,CHAN-2,2024-12-01,3,95.99,0.0,0.0,Completed,287.97
ORD-04179,CUST-0353,PROD-034,CHAN-1,2024-12-01,2,65.99,0.0,0.0,Completed,131.98
ORD-04180,CUST-0017,PROD-037,CHAN-1,2024-12-01,1,60.95,0.1,5.99,Completed,60.85
ORD-04181,CUST-1588,PROD-135,CHAN-1,2024-12-01,1,13.99,0.0,8.99,Completed,22.98
ORD-04182,CUST-1144,PROD-041,CHAN-2,2024-12-01,2,27.95,0.0,8.99,Completed,64.89
ORD-04183,CUST-0521,PROD-142,CHAN-2,2024-12-02,1,5.0,0.35,5.99,Completed,9.24
ORD-04184,CUST-0399,PROD-098,CHAN-2,2024-12-02,1,30.99,0.0,11.99,Completed,42.98
ORD-04185,CUST-1850,PROD-058,CHAN-1,2024-12-02,1,86.0,0.25,4.99,Completed,69.49
ORD-04186,CUST-0661,PROD-001,CHAN-2,2024-12-02,2,50.95,0.35,8.99,Completed,75.22
ORD-04187,CUST-0321,PROD-091,CHAN-2,2024-12-02,4,13.0,0.0,8.99,Completed,60.99
ORD-04188,CUST-0086,PROD-003,CHAN-1,2024-12-02,1,70.99,0.0,8.99,Completed,79.98
ORD-04189,CUST-0132,PROD-011,CHAN-2,2024-12-02,1,18.95,0.35,5.99,Completed,18.31
ORD-04190,CUST-0590,PROD-091,CHAN-2,2024-12-02,1,13.0,0.0,5.99,Completed,18.99
ORD-04191,CUST-0448,PROD-031,CHAN-3,2024-12-02,2,100.0,0.0,0.0,Returned,200.0
ORD-04192,CUST-0127,PROD-003,CHAN-1,2024-12-02,1,70.99,0.1,11.99,Completed,75.88
ORD-04193,CUST-0441,PROD-065,CHAN-1,2024-12-02,1,30.0,0.0,8.99,Completed,38.99
ORD-04194,CUST-1683,PROD-064,CHAN-1,2024-12-02,1,43.0,0.0,4.99,Completed,47.99
ORD-04195,CUST-0397,PROD-114,CHAN-1,2024-12-02,1,21.0,0.0,8.99,Completed,29.99
ORD-04196,CUST-0514,PROD-042,CHAN-2,2024-12-02,1,17.0,0.0,5.99,Completed,22.99
ORD-04197,CUST-0439,PROD-004,CHAN-1,2024-12-02,1,47.99,0.15,11.99,Completed,52.78
ORD-04198,CUST-0022,PROD-016,CHAN-2,2024-12-02,1,25.0,0.0,8.99,Completed,33.99
ORD-04199,CUST-0008,PROD-050,CHAN-1,2024-12-02,1,40.0,0.0,4.99,Completed,44.99
ORD-04200,CUST-0260,PROD-003,CHAN-5,2024-12-02,1,70.99,0.2,5.99,Completed,62.78
ORD-04201,CUST-1034,PROD-103,CHAN-5,2024-12-02,1,111.0,0.0,0.0,Completed,111.0
ORD-04202,CUST-1394,PROD-138,CHAN-1,2024-12-02,1,3.99,0.0,8.99,Completed,12.98
ORD-04203,CUST-0004,PROD-058,CHAN-2,2024-12-02,1,86.0,0.2,5.99,Completed,74.79
ORD-04204,CUST-1093,PROD-001,CHAN-3,2024-12-02,1,50.95,0.4,11.99,Completed,42.56
ORD-04205,CUST-0654,PROD-002,CHAN-1,2024-12-02,2,28.99,0.0,4.99,Returned,62.97
ORD-04206,CUST-0078,PROD-040,CHAN-4,2024-12-02,1,106.95,0.1,0.0,Completed,96.26
ORD-04207,CUST-1142,PROD-002,CHAN-1,2024-12-02,1,28.99,0.2,5.99,Completed,29.18
ORD-04208,CUST-1969,PROD-007,CHAN-3,2024-12-02,5,49.0,0.2,0.0,Completed,196.0
ORD-04209,CUST-0166,PROD-060,CHAN-2,2024-12-02,1,51.99,0.0,4.99,Completed,56.98
ORD-04210,CUST-0023,PROD-029,CHAN-2,2024-12-02,2,79.0,0.0,0.0,Completed,158.0
ORD-04211,CUST-0049,PROD-006,CHAN-4,2024-12-02,1,58.0,0.0,11.99,Completed,69.99
ORD-04212,CUST-0878,PROD-001,CHAN-3,2024-12-03,3,50.95,0.35,0.0,Returned,99.35
ORD-04213,CUST-0089,PROD-002,CHAN-2,2024-12-03,1,28.99,0.0,11.99,Completed,40.98
ORD-04214,CUST-0204,PROD-066,CHAN-1,2024-12-03,1,71.95,0.0,0.0,Cancelled,0.0
ORD-04215,CUST-1038,PROD-062,CHAN-1,2024-12-03,1,77.99,0.05,4.99,Completed,79.08
ORD-04216,CUST-0978,PROD-053,CHAN-1,2024-12-03,1,88.95,0.35,4.99,Completed,62.81
ORD-04217,CUST-1111,PROD-101,CHAN-2,2024-12-03,1,66.0,0.0,4.99,Completed,70.99
ORD-04218,CUST-0484,PROD-101,CHAN-1,2024-12-03,1,66.0,0.0,11.99,Completed,77.99
ORD-04219,CUST-0489,PROD-102,CHAN-1,2024-12-03,1,137.0,0.0,0.0,Completed,137.0
ORD-04220,CUST-0619,PROD-055,CHAN-2,2024-12-03,1,110.99,0.0,0.0,Completed,110.99
ORD-04221,CUST-0015,PROD-010,CHAN-2,2024-12-03,1,32.99,0.0,11.99,Completed,44.98
ORD-04222,CUST-0598,PROD-066,CHAN-1,2024-12-03,1,71.95,0.0,5.99,Completed,77.94
ORD-04223,CUST-0382,PROD-012,CHAN-2,2024-12-03,3,63.0,0.0,0.0,Completed,189.0
ORD-04224,CUST-0216,PROD-060,CHAN-1,2024-12-03,1,51.99,0.25,4.99,Completed,43.98
ORD-04225,CUST-0006,PROD-091,CHAN-1,2024-12-03,1,13.0,0.0,8.99,Completed,21.99
ORD-04226,CUST-0919,PROD-006,CHAN-1,2024-12-03,1,58.0,0.2,11.99,Completed,58.39
ORD-04227,CUST-0116,PROD-052,CHAN-1,2024-12-03,1,124.0,0.0,0.0,Completed,124.0
ORD-04228,CUST-1347,PROD-117,CHAN-3,2024-12-03,2,27.99,0.0,11.99,Completed,67.97
ORD-04229,CUST-0452,PROD-063,CHAN-2,2024-12-03,2,96.99,0.0,0.0,Completed,193.98
ORD-04230,CUST-0414,PROD-003,CHAN-3,2024-12-04,2,70.99,0.15,0.0,Completed,120.68
ORD-04231,CUST-1177,PROD-007,CHAN-1,2024-12-04,1,49.0,0.0,8.99,Completed,57.99
ORD-04232,CUST-0336,PROD-004,CHAN-1,2024-12-04,1,47.99,0.25,4.99,Completed,40.98
ORD-04233,CUST-0068,PROD-075,CHAN-3,2024-12-04,1,118.99,0.0,0.0,Completed,118.99
ORD-04234,CUST-0444,PROD-001,CHAN-1,2024-12-04,2,50.95,0.0,0.0,Completed,101.9
ORD-04235,CUST-0881,PROD-099,CHAN-2,2024-12-04,2,17.95,0.0,8.99,Completed,44.89
ORD-04236,CUST-0024,PROD-011,CHAN-1,2024-12-04,2,18.95,0.0,8.99,Completed,46.89
ORD-04237,CUST-0049,PROD-005,CHAN-2,2024-12-04,1,30.99,0.0,11.99,Completed,42.98
ORD-04238,CUST-0003,PROD-003,CHAN-1,2024-12-04,1,70.99,0.0,4.99,Completed,75.98
ORD-04239,CUST-0436,PROD-008,CHAN-1,2024-12-04,2,38.99,0.15,11.99,Completed,78.27
ORD-04240,CUST-0326,PROD-073,CHAN-2,2024-12-04,1,24.95,0.05,5.99,Completed,29.69
ORD-04241,CUST-1845,PROD-048,CHAN-1,2024-12-04,1,121.95,0.2,0.0,Completed,97.56
ORD-04242,CUST-0114,PROD-009,CHAN-4,2024-12-04,2,60.99,0.0,0.0,Completed,121.98
ORD-04243,CUST-0036,PROD-020,CHAN-2,2024-12-04,1,25.0,0.0,4.99,Completed,29.99
ORD-04244,CUST-0498,PROD-073,CHAN-2,2024-12-04,2,24.95,0.0,4.99,Completed,54.89
ORD-04245,CUST-0793,PROD-140,CHAN-1,2024-12-04,2,12.0,0.0,4.99,Returned,28.99
ORD-04246,CUST-0001,PROD-014,CHAN-1,2024-12-04,1,19.0,0.0,8.99,Completed,27.99
ORD-04247,CUST-0009,PROD-107,CHAN-2,2024-12-04,1,53.0,0.0,11.99,Completed,64.99
ORD-04248,CUST-0817,PROD-111,CHAN-2,2024-12-04,1,27.99,0.1,11.99,Completed,37.18
ORD-04249,CUST-1326,PROD-080,CHAN-1,2024-12-05,1,20.95,0.0,5.99,Completed,26.94
ORD-04250,CUST-0291,PROD-113,CHAN-1,2024-12-05,1,97.0,0.0,0.0,Returned,97.0
ORD-04251,CUST-1354,PROD-001,CHAN-4,2024-12-05,1,50.95,0.05,4.99,Completed,53.39
ORD-04252,CUST-0337,PROD-004,CHAN-4,2024-12-05,2,47.99,0.0,0.0,Cancelled,0.0
ORD-04253,CUST-1618,PROD-070,CHAN-1,2024-12-05,1,91.99,0.0,0.0,Returned,91.99
ORD-04254,CUST-0302,PROD-056,CHAN-4,2024-12-05,1,131.0,0.25,0.0,Completed,98.25
ORD-04255,CUST-0782,PROD-139,CHAN-1,2024-12-05,2,6.99,0.0,5.99,Completed,19.97
ORD-04256,CUST-0209,PROD-080,CHAN-1,2024-12-05,1,20.95,0.3,4.99,Completed,19.66
ORD-04257,CUST-0002,PROD-142,CHAN-3,2024-12-05,1,5.0,0.0,11.99,Refunded,16.99
ORD-04258,CUST-1998,PROD-055,CHAN-3,2024-12-05,1,110.99,0.05,0.0,Completed,105.44
ORD-04259,CUST-0172,PROD-067,CHAN-1,2024-12-05,1,95.99,0.0,0.0,Completed,95.99
ORD-04260,CUST-0237,PROD-009,CHAN-1,2024-12-05,4,60.99,0.25,0.0,Completed,182.97
ORD-04261,CUST-0083,PROD-009,CHAN-2,2024-12-05,1,60.99,0.05,11.99,Completed,69.93
ORD-04262,CUST-0848,PROD-085,CHAN-1,2024-12-05,1,23.95,0.0,5.99,Completed,29.94
ORD-04263,CUST-1008,PROD-123,CHAN-2,2024-12-05,1,141.0,0.0,0.0,Completed,141.0
ORD-04264,CUST-0180,PROD-002,CHAN-2,2024-12-05,1,28.99,0.0,11.99,Completed,40.98
ORD-04265,CUST-0031,PROD-027,CHAN-2,2024-12-05,1,54.0,0.0,11.99,Returned,65.99
ORD-04266,CUST-0266,PROD-076,CHAN-1,2024-12-05,1,7.99,0.0,11.99,Completed,19.98
ORD-04267,CUST-0094,PROD-020,CHAN-2,2024-12-05,1,25.0,0.0,5.99,Completed,30.99
ORD-04268,CUST-0842,PROD-048,CHAN-3,2024-12-05,1,121.95,0.0,0.0,Completed,121.95
ORD-04269,CUST-0308,PROD-067,CHAN-1,2024-12-05,1,95.99,0.0,0.0,Completed,95.99
ORD-04270,CUST-0574,PROD-001,CHAN-1,2024-12-05,1,50.95,0.0,0.0,Cancelled,0.0
ORD-04271,CUST-1830,PROD-115,CHAN-1,2024-12-05,1,166.95,0.0,0.0,Completed,166.95
ORD-04272,CUST-0004,PROD-010,CHAN-2,2024-12-05,1,32.99,0.0,5.99,Completed,38.98
ORD-04273,CUST-0064,PROD-134,CHAN-3,2024-12-05,2,3.99,0.0,4.99,Completed,12.97
ORD-04274,CUST-1354,PROD-084,CHAN-1,2024-12-05,1,17.0,0.0,5.99,Completed,22.99
ORD-04275,CUST-0239,PROD-016,CHAN-3,2024-12-05,1,25.0,0.35,11.99,Completed,28.24
ORD-04276,CUST-0004,PROD-013,CHAN-1,2024-12-05,2,41.95,0.0,0.0,Completed,83.9
ORD-04277,CUST-0630,PROD-048,CHAN-2,2024-12-05,1,121.95,0.0,0.0,Cancelled,0.0
ORD-04278,CUST-0944,PROD-047,CHAN-4,2024-12-05,4,82.0,0.0,0.0,Completed,328.0
ORD-04279,CUST-1975,PROD-067,CHAN-4,2024-12-05,1,95.99,0.0,0.0,Completed,95.99
ORD-04280,CUST-1333,PROD-124,CHAN-4,2024-12-05,2,180.95,0.0,0.0,Completed,361.9
ORD-04281,CUST-0192,PROD-005,CHAN-1,2024-12-05,2,30.99,0.0,5.99,Completed,67.97
ORD-04282,CUST-0051,PROD-035,CHAN-2,2024-12-05,1,102.99,0.2,0.0,Completed,82.39
ORD-04283,CUST-1673,PROD-066,CHAN-2,2024-12-06,1,71.95,0.3,5.99,Completed,56.36
ORD-04284,CUST-1228,PROD-012,CHAN-1,2024-12-06,3,63.0,0.0,0.0,Completed,189.0
ORD-04285,CUST-0754,PROD-068,CHAN-2,2024-12-06,1,83.95,0.0,0.0,Completed,83.95
ORD-04286,CUST-0423,PROD-004,CHAN-2,2024-12-06,1,47.99,0.0,4.99,Completed,52.98
ORD-04287,CUST-0390,PROD-061,CHAN-4,2024-12-06,1,67.0,0.0,4.99,Returned,71.99
ORD-04288,CUST-1435,PROD-047,CHAN-2,2024-12-06,1,82.0,0.0,0.0,Completed,82.0
ORD-04289,CUST-0015,PROD-051,CHAN-1,2024-12-06,2,105.95,0.0,0.0,Cancelled,0.0
ORD-04290,CUST-0399,PROD-117,CHAN-5,2024-12-06,1,27.99,0.0,5.99,Refunded,33.98
ORD-04291,CUST-0178,PROD-066,CHAN-1,2024-12-06,1,71.95,0.0,5.99,Completed,77.94
ORD-04292,CUST-1152,PROD-145,CHAN-2,2024-12-07,1,10.95,0.35,11.99,Returned,19.11
ORD-04293,CUST-0237,PROD-044,CHAN-2,2024-12-07,1,66.0,0.2,4.99,Completed,57.79
ORD-04294,CUST-0037,PROD-122,CHAN-2,2024-12-07,1,178.99,0.0,0.0,Completed,178.99
ORD-04295,CUST-1742,PROD-014,CHAN-1,2024-12-07,2,19.0,0.0,5.99,Completed,43.99
ORD-04296,CUST-1992,PROD-051,CHAN-1,2024-12-07,2,105.95,0.0,0.0,Returned,211.9
ORD-04297,CUST-0005,PROD-044,CHAN-1,2024-12-07,3,66.0,0.1,0.0,Completed,178.2
ORD-04298,CUST-0249,PROD-121,CHAN-1,2024-12-07,1,156.99,0.25,0.0,Completed,117.74
ORD-04299,CUST-1728,PROD-008,CHAN-2,2024-12-07,1,38.99,0.25,8.99,Completed,38.23
ORD-04300,CUST-1009,PROD-004,CHAN-1,2024-12-07,1,47.99,0.05,5.99,Completed,51.58
ORD-04301,CUST-0192,PROD-002,CHAN-2,2024-12-07,1,28.99,0.05,11.99,Completed,39.53
ORD-04302,CUST-0001,PROD-056,CHAN-4,2024-12-07,1,131.0,0.0,0.0,Completed,131.0
ORD-04303,CUST-0496,PROD-079,CHAN-1,2024-12-07,1,37.99,0.0,4.99,Completed,42.98
ORD-04304,CUST-0267,PROD-094,CHAN-1,2024-12-07,2,24.95,0.0,5.99,Completed,55.89
ORD-04305,CUST-0653,PROD-018,CHAN-2,2024-12-07,4,83.95,0.0,0.0,Completed,335.8
ORD-04306,CUST-0043,PROD-038,CHAN-2,2024-12-07,1,83.99,0.05,0.0,Completed,79.79
ORD-04307,CUST-0003,PROD-001,CHAN-1,2024-12-08,1,50.95,0.05,8.99,Completed,57.39
ORD-04308,CUST-1114,PROD-150,CHAN-1,2024-12-08,1,7.0,0.0,4.99,Completed,11.99
ORD-04309,CUST-0001,PROD-004,CHAN-1,2024-12-08,1,47.99,0.4,11.99,Completed,40.78
ORD-04310,CUST-1693,PROD-025,CHAN-2,2024-12-08,1,57.99,0.0,5.99,Completed,63.98
ORD-04311,CUST-0001,PROD-121,CHAN-1,2024-12-08,4,156.99,0.0,0.0,Completed,627.96
ORD-04312,CUST-0015,PROD-055,CHAN-5,2024-12-08,1,110.99,0.0,0.0,Completed,110.99
ORD-04313,CUST-0213,PROD-091,CHAN-1,2024-12-08,1,13.0,0.0,8.99,Completed,21.99
ORD-04314,CUST-0006,PROD-010,CHAN-1,2024-12-08,3,32.99,0.0,0.0,Completed,98.97
ORD-04315,CUST-0029,PROD-001,CHAN-2,2024-12-08,1,50.95,0.0,11.99,Completed,62.94
ORD-04316,CUST-0191,PROD-004,CHAN-2,2024-12-08,1,47.99,0.0,11.99,Completed,59.98
ORD-04317,CUST-0146,PROD-006,CHAN-2,2024-12-08,2,58.0,0.0,0.0,Completed,116.0
ORD-04318,CUST-0101,PROD-001,CHAN-1,2024-12-08,1,50.95,0.0,5.99,Completed,56.94
ORD-04319,CUST-1942,PROD-001,CHAN-1,2024-12-08,1,50.95,0.1,11.99,Refunded,57.85
ORD-04320,CUST-0104,PROD-026,CHAN-4,2024-12-08,1,36.95,0.0,11.99,Returned,48.94
ORD-04321,CUST-1019,PROD-025,CHAN-3,2024-12-08,1,57.99,0.0,4.99,Completed,62.98
ORD-04322,CUST-0002,PROD-134,CHAN-1,2024-12-08,1,3.99,0.35,8.99,Completed,11.58
ORD-04323,CUST-1409,PROD-002,CHAN-2,2024-12-08,2,28.99,0.2,11.99,Completed,58.37
ORD-04324,CUST-1928,PROD-079,CHAN-1,2024-12-08,1,37.99,0.0,8.99,Completed,46.98
ORD-04325,CUST-0790,PROD-073,CHAN-3,2024-12-08,1,24.95,0.0,5.99,Refunded,30.94
ORD-04326,CUST-0010,PROD-062,CHAN-4,2024-12-08,1,77.99,0.0,0.0,Returned,77.99
ORD-04327,CUST-1795,PROD-132,CHAN-4,2024-12-08,3,8.0,0.0,4.99,Completed,28.99
ORD-04328,CUST-1500,PROD-101,CHAN-2,2024-12-09,1,66.0,0.15,4.99,Completed,61.09
ORD-04329,CUST-0015,PROD-004,CHAN-1,2024-12-09,1,47.99,0.35,4.99,Completed,36.18
ORD-04330,CUST-1597,PROD-066,CHAN-1,2024-12-09,2,71.95,0.0,0.0,Completed,143.9
ORD-04331,CUST-0304,PROD-005,CHAN-3,2024-12-09,1,30.99,0.0,8.99,Completed,39.98
ORD-04332,CUST-0770,PROD-014,CHAN-2,2024-12-09,2,19.0,0.0,8.99,Completed,46.99
ORD-04333,CUST-0021,PROD-144,CHAN-1,2024-12-09,1,17.95,0.4,4.99,Completed,15.76
ORD-04334,CUST-1580,PROD-134,CHAN-1,2024-12-09,1,3.99,0.0,8.99,Returned,12.98
ORD-04335,CUST-0846,PROD-001,CHAN-2,2024-12-09,2,50.95,0.15,0.0,Refunded,86.62
ORD-04336,CUST-0433,PROD-007,CHAN-2,2024-12-09,3,49.0,0.15,0.0,Completed,124.95
ORD-04337,CUST-0556,PROD-078,CHAN-1,2024-12-09,1,9.99,0.05,4.99,Completed,14.48
ORD-04338,CUST-0063,PROD-043,CHAN-1,2024-12-09,1,45.99,0.05,5.99,Completed,49.68
ORD-04339,CUST-0796,PROD-081,CHAN-1,2024-12-09,2,38.95,0.0,0.0,Completed,77.9
ORD-04340,CUST-0696,PROD-001,CHAN-1,2024-12-09,1,50.95,0.0,4.99,Completed,55.94
ORD-04341,CUST-0166,PROD-005,CHAN-1,2024-12-09,1,30.99,0.0,11.99,Completed,42.98
ORD-04342,CUST-1780,PROD-079,CHAN-2,2024-12-09,3,37.99,0.15,0.0,Completed,96.87
ORD-04343,CUST-0560,PROD-079,CHAN-1,2024-12-09,1,37.99,0.0,4.99,Returned,42.98
ORD-04344,CUST-0018,PROD-026,CHAN-1,2024-12-09,1,36.95,0.0,5.99,Completed,42.94
ORD-04345,CUST-0006,PROD-024,CHAN-3,2024-12-09,1,39.0,0.35,5.99,Completed,31.34
ORD-04346,CUST-1220,PROD-065,CHAN-2,2024-12-09,1,30.0,0.4,11.99,Completed,29.99
ORD-04347,CUST-1609,PROD-002,CHAN-2,2024-12-09,1,28.99,0.0,5.99,Completed,34.98
ORD-04348,CUST-0235,PROD-010,CHAN-1,2024-12-09,2,32.99,0.0,4.99,Completed,70.97
ORD-04349,CUST-1240,PROD-133,CHAN-1,2024-12-09,1,18.99,0.0,8.99,Completed,27.98
ORD-04350,CUST-0001,PROD-133,CHAN-1,2024-12-09,1,18.99,0.4,4.99,Completed,16.38
ORD-04351,CUST-1542,PROD-042,CHAN-2,2024-12-09,1,17.0,0.0,11.99,Completed,28.99
ORD-04352,CUST-0321,PROD-126,CHAN-2,2024-12-10,1,6.99,0.0,4.99,Completed,11.98
ORD-04353,CUST-0002,PROD-018,CHAN-2,2024-12-10,1,83.95,0.0,0.0,Completed,83.95
ORD-04354,CUST-0539,PROD-042,CHAN-2,2024-12-10,1,17.0,0.0,5.99,Completed,22.99
ORD-04355,CUST-1032,PROD-041,CHAN-1,2024-12-10,4,27.95,0.0,0.0,Completed,111.8
ORD-04356,CUST-0022,PROD-044,CHAN-1,2024-12-10,1,66.0,0.0,4.99,Completed,70.99
ORD-04357,CUST-0417,PROD-003,CHAN-2,2024-12-10,1,70.99,0.15,4.99,Completed,65.33
ORD-04358,CUST-0993,PROD-003,CHAN-1,2024-12-10,1,70.99,0.2,8.99,Completed,65.78
ORD-04359,CUST-0016,PROD-069,CHAN-1,2024-12-10,1,71.0,0.0,0.0,Cancelled,0.0
ORD-04360,CUST-1280,PROD-090,CHAN-2,2024-12-10,2,21.0,0.4,4.99,Returned,30.19
ORD-04361,CUST-0800,PROD-041,CHAN-5,2024-12-10,1,27.95,0.0,5.99,Completed,33.94
ORD-04362,CUST-0520,PROD-026,CHAN-4,2024-12-10,1,36.95,0.0,5.99,Completed,42.94
ORD-04363,CUST-0001,PROD-008,CHAN-1,2024-12-10,1,38.99,0.0,8.99,Completed,47.98
ORD-04364,CUST-1198,PROD-064,CHAN-1,2024-12-10,2,43.0,0.0,0.0,Completed,86.0
ORD-04365,CUST-0330,PROD-040,CHAN-1,2024-12-10,2,106.95,0.0,0.0,Completed,213.9
ORD-04366,CUST-0105,PROD-003,CHAN-1,2024-12-10,2,70.99,0.0,0.0,Completed,141.98
ORD-04367,CUST-0656,PROD-007,CHAN-1,2024-12-10,1,49.0,0.25,4.99,Completed,41.74
ORD-04368,CUST-0706,PROD-021,CHAN-3,2024-12-10,4,39.0,0.05,0.0,Completed,148.2
ORD-04369,CUST-0038,PROD-050,CHAN-1,2024-12-10,2,40.0,0.2,11.99,Completed,75.99
ORD-04370,CUST-0201,PROD-007,CHAN-2,2024-12-10,2,49.0,0.0,0.0,Completed,98.0
ORD-04371,CUST-0011,PROD-001,CHAN-1,2024-12-10,1,50.95,0.0,8.99,Completed,59.94
ORD-04372,CUST-1077,PROD-045,CHAN-2,2024-12-10,2,51.0,0.3,4.99,Completed,76.39
ORD-04373,CUST-0373,PROD-056,CHAN-2,2024-12-10,2,131.0,0.4,0.0,Completed,157.2
ORD-04374,CUST-0052,PROD-012,CHAN-1,2024-12-10,2,63.0,0.0,0.0,Completed,126.0
ORD-04375,CUST-0198,PROD-020,CHAN-5,2024-12-10,3,25.0,0.0,0.0,Completed,75.0
ORD-04376,CUST-1853,PROD-005,CHAN-3,2024-12-10,1,30.99,0.0,4.99,Refunded,35.98
ORD-04377,CUST-0001,PROD-024,CHAN-2,2024-12-10,1,39.0,0.35,11.99,Completed,37.34
ORD-04378,CUST-0389,PROD-100,CHAN-1,2024-12-10,1,38.95,0.15,4.99,Completed,38.1
ORD-04379,CUST-0122,PROD-128,CHAN-1,2024-12-10,1,5.95,0.0,11.99,Refunded,17.94
ORD-04380,CUST-0068,PROD-120,CHAN-1,2024-12-10,1,158.0,0.0,0.0,Completed,158.0
ORD-04381,CUST-0192,PROD-118,CHAN-1,2024-12-10,1,150.99,0.0,0.0,Completed,150.99
ORD-04382,CUST-0016,PROD-137,CHAN-2,2024-12-10,1,15.0,0.0,11.99,Completed,26.99
ORD-04383,CUST-0225,PROD-019,CHAN-1,2024-12-10,1,35.95,0.35,11.99,Completed,35.36
ORD-04384,CUST-1765,PROD-021,CHAN-3,2024-12-10,1,39.0,0.15,8.99,Completed,42.14
ORD-04385,CUST-1675,PROD-020,CHAN-1,2024-12-10,1,25.0,0.05,8.99,Completed,32.74
ORD-04386,CUST-0827,PROD-078,CHAN-2,2024-12-10,1,9.99,0.15,5.99,Completed,14.48
ORD-04387,CUST-0002,PROD-015,CHAN-1,2024-12-10,1,65.0,0.0,4.99,Completed,69.99
ORD-04388,CUST-0429,PROD-075,CHAN-2,2024-12-10,1,118.99,0.0,0.0,Completed,118.99
ORD-04389,CUST-0995,PROD-001,CHAN-2,2024-12-10,1,50.95,0.0,8.99,Refunded,59.94
ORD-04390,CUST-0862,PROD-042,CHAN-1,2024-12-10,1,17.0,0.0,4.99,Completed,21.99
ORD-04391,CUST-0002,PROD-009,CHAN-2,2024-12-10,2,60.99,0.15,0.0,Completed,103.68
ORD-04392,CUST-0163,PROD-012,CHAN-2,2024-12-10,1,63.0,0.3,8.99,Completed,53.09
ORD-04393,CUST-0208,PROD-115,CHAN-2,2024-12-10,1,166.95,0.0,0.0,Completed,166.95
ORD-04394,CUST-0046,PROD-031,CHAN-2,2024-12-10,1,100.0,0.0,0.0,Returned,100.0
ORD-04395,CUST-1875,PROD-017,CHAN-2,2024-12-11,1,28.99,0.0,8.99,Completed,37.98
ORD-04396,CUST-1440,PROD-093,CHAN-1,2024-12-11,3,25.99,0.15,8.99,Completed,75.26
ORD-04397,CUST-0103,PROD-072,CHAN-3,2024-12-11,2,35.95,0.0,5.99,Completed,77.89
ORD-04398,CUST-1587,PROD-112,CHAN-5,2024-12-11,1,115.0,0.1,0.0,Completed,103.5
ORD-04399,CUST-0095,PROD-061,CHAN-2,2024-12-11,1,67.0,0.1,8.99,Completed,69.29
ORD-04400,CUST-0005,PROD-106,CHAN-4,2024-12-11,1,103.0,0.0,0.0,Completed,103.0
ORD-04401,CUST-0047,PROD-001,CHAN-1,2024-12-11,1,50.95,0.0,5.99,Completed,56.94
ORD-04402,CUST-1560,PROD-003,CHAN-2,2024-12-11,1,70.99,0.15,5.99,Completed,66.33
ORD-04403,CUST-0075,PROD-049,CHAN-2,2024-12-11,2,19.95,0.2,8.99,Completed,40.91
ORD-04404,CUST-0251,PROD-084,CHAN-1,2024-12-11,1,17.0,0.0,8.99,Returned,25.99
ORD-04405,CUST-0031,PROD-021,CHAN-1,2024-12-11,1,39.0,0.0,4.99,Completed,43.99
ORD-04406,CUST-0642,PROD-063,CHAN-1,2024-12-11,1,96.99,0.0,0.0,Completed,96.99
ORD-04407,CUST-0451,PROD-017,CHAN-1,2024-12-11,2,28.99,0.0,11.99,Returned,69.97
ORD-04408,CUST-0001,PROD-013,CHAN-1,2024-12-11,1,41.95,0.0,0.0,Cancelled,0.0
ORD-04409,CUST-1787,PROD-023,CHAN-2,2024-12-11,2,58.95,0.4,8.99,Completed,79.73
ORD-04410,CUST-0003,PROD-010,CHAN-3,2024-12-11,2,32.99,0.2,8.99,Completed,61.77
ORD-04411,CUST-0155,PROD-022,CHAN-2,2024-12-11,1,21.0,0.1,4.99,Completed,23.89
ORD-04412,CUST-0012,PROD-012,CHAN-1,2024-12-11,1,63.0,0.0,5.99,Completed,68.99
ORD-04413,CUST-0289,PROD-082,CHAN-2,2024-12-11,1,22.0,0.0,8.99,Completed,30.99
ORD-04414,CUST-0234,PROD-075,CHAN-1,2024-12-11,1,118.99,0.05,0.0,Completed,113.04
ORD-04415,CUST-0152,PROD-007,CHAN-4,2024-12-11,1,49.0,0.0,11.99,Completed,60.99
ORD-04416,CUST-0082,PROD-074,CHAN-1,2024-12-11,1,45.95,0.4,4.99,Completed,32.56
ORD-04417,CUST-0053,PROD-062,CHAN-1,2024-12-11,1,77.99,0.1,5.99,Completed,76.18
ORD-04418,CUST-0039,PROD-008,CHAN-2,2024-12-11,2,38.99,0.0,0.0,Completed,77.98
ORD-04419,CUST-0820,PROD-063,CHAN-4,2024-12-11,1,96.99,0.0,0.0,Completed,96.99
ORD-04420,CUST-0025,PROD-027,CHAN-1,2024-12-11,1,54.0,0.0,4.99,Returned,58.99
ORD-04421,CUST-0039,PROD-005,CHAN-2,2024-12-11,3,30.99,0.0,0.0,Completed,92.97
ORD-04422,CUST-0175,PROD-001,CHAN-2,2024-12-11,1,50.95,0.25,5.99,Completed,44.2
ORD-04423,CUST-0057,PROD-017,CHAN-2,2024-12-11,2,28.99,0.0,4.99,Completed,62.97
ORD-04424,CUST-0490,PROD-017,CHAN-1,2024-12-11,1,28.99,0.0,4.99,Completed,33.98
ORD-04425,CUST-1661,PROD-061,CHAN-1,2024-12-11,1,67.0,0.0,11.99,Completed,78.99
ORD-04426,CUST-0243,PROD-142,CHAN-3,2024-12-11,1,5.0,0.0,4.99,Completed,9.99
ORD-04427,CUST-0833,PROD-036,CHAN-1,2024-12-11,1,102.99,0.0,0.0,Completed,102.99
ORD-04428,CUST-0407,PROD-001,CHAN-2,2024-12-11,1,50.95,0.0,5.99,Completed,56.94
ORD-04429,CUST-0018,PROD-020,CHAN-2,2024-12-11,1,25.0,0.3,5.99,Completed,23.49
ORD-04430,CUST-1305,PROD-001,CHAN-1,2024-12-11,1,50.95,0.0,8.99,Completed,59.94
ORD-04431,CUST-0372,PROD-058,CHAN-1,2024-12-11,1,86.0,0.0,0.0,Completed,86.0
ORD-04432,CUST-1135,PROD-002,CHAN-1,2024-12-11,1,28.99,0.0,11.99,Completed,40.98
ORD-04433,CUST-0001,PROD-020,CHAN-1,2024-12-11,1,25.0,0.35,11.99,Completed,28.24
ORD-04434,CUST-1179,PROD-006,CHAN-2,2024-12-11,1,58.0,0.15,5.99,Completed,55.29
ORD-04435,CUST-0112,PROD-045,CHAN-1,2024-12-11,1,51.0,0.3,8.99,Completed,44.69
ORD-04436,CUST-1540,PROD-049,CHAN-3,2024-12-11,2,19.95,0.35,8.99,Completed,34.92
ORD-04437,CUST-0006,PROD-008,CHAN-1,2024-12-12,2,38.99,0.0,0.0,Completed,77.98
ORD-04438,CUST-1345,PROD-042,CHAN-1,2024-12-12,1,17.0,0.15,8.99,Completed,23.44
ORD-04439,CUST-1151,PROD-130,CHAN-1,2024-12-12,1,5.95,0.0,4.99,Completed,10.94
ORD-04440,CUST-0116,PROD-001,CHAN-3,2024-12-12,1,50.95,0.0,0.0,Cancelled,0.0
ORD-04441,CUST-0616,PROD-027,CHAN-1,2024-12-12,1,54.0,0.0,4.99,Completed,58.99
ORD-04442,CUST-0996,PROD-072,CHAN-1,2024-12-12,1,35.95,0.25,8.99,Completed,35.95
ORD-04443,CUST-0001,PROD-002,CHAN-2,2024-12-12,1,28.99,0.0,5.99,Completed,34.98
ORD-04444,CUST-0227,PROD-102,CHAN-2,2024-12-12,1,137.0,0.1,0.0,Completed,123.3
ORD-04445,CUST-0023,PROD-101,CHAN-2,2024-12-12,1,66.0,0.0,4.99,Completed,70.99
ORD-04446,CUST-0634,PROD-028,CHAN-3,2024-12-12,3,109.0,0.0,0.0,Cancelled,0.0
ORD-04447,CUST-0518,PROD-080,CHAN-1,2024-12-12,1,20.95,0.35,5.99,Completed,19.61
ORD-04448,CUST-0945,PROD-038,CHAN-2,2024-12-12,2,83.99,0.25,0.0,Completed,125.98
ORD-04449,CUST-0035,PROD-003,CHAN-2,2024-12-12,2,70.99,0.0,0.0,Completed,141.98
ORD-04450,CUST-1296,PROD-062,CHAN-3,2024-12-12,2,77.99,0.0,0.0,Refunded,155.98
ORD-04451,CUST-0007,PROD-087,CHAN-1,2024-12-12,1,34.99,0.0,11.99,Returned,46.98
ORD-04452,CUST-0178,PROD-016,CHAN-1,2024-12-12,1,25.0,0.0,5.99,Completed,30.99
ORD-04453,CUST-0087,PROD-001,CHAN-2,2024-12-12,2,50.95,0.0,0.0,Completed,101.9
ORD-04454,CUST-1344,PROD-101,CHAN-1,2024-12-12,2,66.0,0.0,0.0,Completed,132.0
ORD-04455,CUST-0083,PROD-002,CHAN-2,2024-12-12,1,28.99,0.0,4.99,Completed,33.98
ORD-04456,CUST-1107,PROD-057,CHAN-1,2024-12-12,2,32.0,0.0,5.99,Completed,69.99
ORD-04457,CUST-0580,PROD-098,CHAN-2,2024-12-12,1,30.99,0.1,5.99,Completed,33.88
ORD-04458,CUST-0005,PROD-006,CHAN-1,2024-12-12,1,58.0,0.1,5.99,Completed,58.19
ORD-04459,CUST-0261,PROD-123,CHAN-3,2024-12-12,2,141.0,0.2,0.0,Completed,225.6
ORD-04460,CUST-0001,PROD-019,CHAN-2,2024-12-12,1,35.95,0.0,4.99,Refunded,40.94
ORD-04461,CUST-1105,PROD-125,CHAN-1,2024-12-12,2,162.99,0.0,0.0,Completed,325.98
ORD-04462,CUST-0019,PROD-071,CHAN-1,2024-12-12,1,54.99,0.1,5.99,Returned,55.48
ORD-04463,CUST-0802,PROD-076,CHAN-2,2024-12-12,1,7.99,0.0,5.99,Completed,13.98
ORD-04464,CUST-0702,PROD-090,CHAN-4,2024-12-12,2,21.0,0.0,4.99,Completed,46.99
ORD-04465,CUST-1081,PROD-072,CHAN-2,2024-12-12,1,35.95,0.0,11.99,Completed,47.94
ORD-04466,CUST-0024,PROD-101,CHAN-3,2024-12-12,1,66.0,0.4,5.99,Completed,45.59
ORD-04467,CUST-0232,PROD-001,CHAN-1,2024-12-12,1,50.95,0.0,11.99,Completed,62.94
ORD-04468,CUST-0300,PROD-130,CHAN-1,2024-12-12,1,5.95,0.3,8.99,Completed,13.16
ORD-04469,CUST-0150,PROD-147,CHAN-3,2024-12-12,1,5.95,0.0,4.99,Completed,10.94
ORD-04470,CUST-1999,PROD-040,CHAN-1,2024-12-12,1,106.95,0.0,0.0,Completed,106.95
ORD-04471,CUST-0047,PROD-061,CHAN-4,2024-12-12,2,67.0,0.0,0.0,Completed,134.0
ORD-04472,CUST-0073,PROD-015,CHAN-1,2024-12-12,1,65.0,0.0,5.99,Completed,70.99
ORD-04473,CUST-0008,PROD-038,CHAN-2,2024-12-12,2,83.99,0.0,0.0,Returned,167.98
ORD-04474,CUST-0004,PROD-019,CHAN-1,2024-12-12,1,35.95,0.4,4.99,Completed,26.56
ORD-04475,CUST-0144,PROD-015,CHAN-2,2024-12-12,2,65.0,0.4,0.0,Completed,78.0
ORD-04476,CUST-0254,PROD-083,CHAN-1,2024-12-12,2,25.99,0.2,5.99,Completed,47.57
ORD-04477,CUST-0020,PROD-007,CHAN-1,2024-12-13,1,49.0,0.0,8.99,Completed,57.99
ORD-04478,CUST-0417,PROD-147,CHAN-2,2024-12-13,1,5.95,0.2,11.99,Completed,16.75
ORD-04479,CUST-0464,PROD-058,CHAN-3,2024-12-13,2,86.0,0.0,0.0,Completed,172.0
ORD-04480,CUST-0451,PROD-067,CHAN-2,2024-12-13,1,95.99,0.0,0.0,Completed,95.99
ORD-04481,CUST-0036,PROD-071,CHAN-3,2024-12-13,1,54.99,0.0,8.99,Completed,63.98
ORD-04482,CUST-1894,PROD-009,CHAN-1,2024-12-13,1,60.99,0.0,5.99,Completed,66.98
ORD-04483,CUST-1647,PROD-014,CHAN-2,2024-12-13,1,19.0,0.0,5.99,Completed,24.99
ORD-04484,CUST-0359,PROD-110,CHAN-1,2024-12-13,2,35.95,0.0,5.99,Completed,77.89
ORD-04485,CUST-1558,PROD-002,CHAN-2,2024-12-13,1,28.99,0.0,8.99,Completed,37.98
ORD-04486,CUST-0027,PROD-054,CHAN-2,2024-12-13,1,109.0,0.0,0.0,Completed,109.0
ORD-04487,CUST-0002,PROD-124,CHAN-2,2024-12-13,1,180.95,0.0,0.0,Completed,180.95
ORD-04488,CUST-0318,PROD-001,CHAN-1,2024-12-13,1,50.95,0.35,8.99,Completed,42.11
ORD-04489,CUST-0352,PROD-008,CHAN-2,2024-12-13,1,38.99,0.3,8.99,Completed,36.28
ORD-04490,CUST-0474,PROD-013,CHAN-1,2024-12-13,1,41.95,0.0,11.99,Completed,53.94
ORD-04491,CUST-0594,PROD-028,CHAN-1,2024-12-13,1,109.0,0.0,0.0,Completed,109.0
ORD-04492,CUST-0278,PROD-007,CHAN-2,2024-12-13,1,49.0,0.0,0.0,Cancelled,0.0
ORD-04493,CUST-0648,PROD-136,CHAN-2,2024-12-13,2,4.0,0.0,11.99,Completed,19.99
ORD-04494,CUST-0937,PROD-127,CHAN-1,2024-12-13,2,7.95,0.2,11.99,Completed,24.71
ORD-04495,CUST-1532,PROD-024,CHAN-1,2024-12-13,3,39.0,0.0,0.0,Completed,117.0
ORD-04496,CUST-0581,PROD-023,CHAN-2,2024-12-13,1,58.95,0.3,5.99,Completed,47.26
ORD-04497,CUST-0027,PROD-045,CHAN-2,2024-12-13,2,51.0,0.0,0.0,Completed,102.0
ORD-04498,CUST-0257,PROD-099,CHAN-1,2024-12-13,1,17.95,0.15,4.99,Completed,20.25
ORD-04499,CUST-0039,PROD-024,CHAN-3,2024-12-13,1,39.0,0.0,4.99,Completed,43.99
ORD-04500,CUST-1138,PROD-014,CHAN-1,2024-12-13,1,19.0,0.0,4.99,Completed,23.99
ORD-04501,CUST-0914,PROD-012,CHAN-2,2024-12-13,1,63.0,0.05,8.99,Completed,68.84
ORD-04502,CUST-0128,PROD-035,CHAN-1,2024-12-13,3,102.99,0.0,0.0,Returned,308.97
ORD-04503,CUST-0107,PROD-007,CHAN-1,2024-12-13,1,49.0,0.0,11.99,Completed,60.99
ORD-04504,CUST-0765,PROD-128,CHAN-3,2024-12-13,1,5.95,0.0,11.99,Completed,17.94
ORD-04505,CUST-0254,PROD-084,CHAN-4,2024-12-13,1,17.0,0.3,8.99,Completed,20.89
ORD-04506,CUST-0240,PROD-121,CHAN-1,2024-12-13,1,156.99,0.0,0.0,Completed,156.99
ORD-04507,CUST-1527,PROD-096,CHAN-1,2024-12-13,1,22.99,0.0,0.0,Cancelled,0.0
ORD-04508,CUST-0135,PROD-125,CHAN-5,2024-12-13,2,162.99,0.0,0.0,Completed,325.98
ORD-04509,CUST-0298,PROD-001,CHAN-2,2024-12-13,1,50.95,0.0,4.99,Returned,55.94
ORD-04510,CUST-0594,PROD-055,CHAN-2,2024-12-13,3,110.99,0.0,0.0,Completed,332.97
ORD-04511,CUST-0001,PROD-076,CHAN-1,2024-12-14,2,7.99,0.1,8.99,Completed,23.37
ORD-04512,CUST-0703,PROD-001,CHAN-1,2024-12-14,1,50.95,0.0,0.0,Cancelled,0.0
ORD-04513,CUST-0024,PROD-079,CHAN-1,2024-12-14,1,37.99,0.15,8.99,Completed,41.28
ORD-04514,CUST-0058,PROD-051,CHAN-2,2024-12-14,1,105.95,0.2,0.0,Completed,84.76
ORD-04515,CUST-0523,PROD-102,CHAN-1,2024-12-14,2,137.0,0.0,0.0,Completed,274.0
ORD-04516,CUST-0109,PROD-004,CHAN-2,2024-12-14,1,47.99,0.2,4.99,Completed,43.38
ORD-04517,CUST-1181,PROD-001,CHAN-1,2024-12-14,1,50.95,0.0,4.99,Completed,55.94
ORD-04518,CUST-0492,PROD-080,CHAN-1,2024-12-14,2,20.95,0.0,4.99,Completed,46.89
ORD-04519,CUST-1758,PROD-038,CHAN-2,2024-12-14,1,83.99,0.35,4.99,Completed,59.58
ORD-04520,CUST-0005,PROD-017,CHAN-1,2024-12-14,4,28.99,0.0,0.0,Completed,115.96
ORD-04521,CUST-0049,PROD-061,CHAN-1,2024-12-14,1,67.0,0.4,11.99,Completed,52.19
ORD-04522,CUST-0040,PROD-092,CHAN-1,2024-12-14,2,8.0,0.0,4.99,Refunded,20.99
ORD-04523,CUST-1255,PROD-069,CHAN-1,2024-12-14,1,71.0,0.0,4.99,Completed,75.99
ORD-04524,CUST-1332,PROD-004,CHAN-1,2024-12-14,1,47.99,0.0,5.99,Completed,53.98
ORD-04525,CUST-0074,PROD-009,CHAN-2,2024-12-14,1,60.99,0.05,11.99,Completed,69.93
ORD-04526,CUST-0017,PROD-043,CHAN-1,2024-12-14,2,45.99,0.4,5.99,Completed,61.18
ORD-04527,CUST-0009,PROD-058,CHAN-1,2024-12-14,1,86.0,0.0,0.0,Completed,86.0
ORD-04528,CUST-0050,PROD-001,CHAN-3,2024-12-14,1,50.95,0.2,11.99,Completed,52.75
ORD-04529,CUST-0719,PROD-135,CHAN-2,2024-12-14,1,13.99,0.05,5.99,Completed,19.28
ORD-04530,CUST-0070,PROD-131,CHAN-2,2024-12-14,1,7.95,0.0,8.99,Completed,16.94
ORD-04531,CUST-0216,PROD-107,CHAN-2,2024-12-14,1,53.0,0.25,5.99,Completed,45.74
ORD-04532,CUST-0516,PROD-029,CHAN-1,2024-12-14,2,79.0,0.35,0.0,Completed,102.7
ORD-04533,CUST-0013,PROD-040,CHAN-1,2024-12-14,1,106.95,0.3,4.99,Completed,79.85
ORD-04534,CUST-0287,PROD-150,CHAN-1,2024-12-14,1,7.0,0.15,5.99,Completed,11.94
ORD-04535,CUST-0548,PROD-010,CHAN-1,2024-12-14,1,32.99,0.0,4.99,Returned,37.98
ORD-04536,CUST-0001,PROD-029,CHAN-1,2024-12-14,1,79.0,0.0,0.0,Completed,79.0
ORD-04537,CUST-1043,PROD-004,CHAN-4,2024-12-14,1,47.99,0.0,8.99,Returned,56.98
ORD-04538,CUST-0002,PROD-139,CHAN-1,2024-12-14,1,6.99,0.0,4.99,Completed,11.98
ORD-04539,CUST-0080,PROD-079,CHAN-2,2024-12-14,1,37.99,0.0,4.99,Completed,42.98
ORD-04540,CUST-0010,PROD-079,CHAN-1,2024-12-14,1,37.99,0.3,5.99,Completed,32.58
ORD-04541,CUST-0322,PROD-096,CHAN-1,2024-12-15,1,22.99,0.0,4.99,Completed,27.98
ORD-04542,CUST-1229,PROD-005,CHAN-2,2024-12-15,3,30.99,0.4,4.99,Completed,60.77
ORD-04543,CUST-1259,PROD-002,CHAN-1,2024-12-15,1,28.99,0.3,8.99,Completed,29.28
ORD-04544,CUST-1739,PROD-146,CHAN-1,2024-12-15,1,8.99,0.0,5.99,Completed,14.98
ORD-04545,CUST-1260,PROD-010,CHAN-1,2024-12-15,1,32.99,0.0,0.0,Cancelled,0.0
ORD-04546,CUST-0198,PROD-121,CHAN-4,2024-12-15,1,156.99,0.0,0.0,Completed,156.99
ORD-04547,CUST-0038,PROD-026,CHAN-2,2024-12-15,1,36.95,0.0,8.99,Completed,45.94
ORD-04548,CUST-0346,PROD-053,CHAN-1,2024-12-15,1,88.95,0.0,0.0,Completed,88.95
ORD-04549,CUST-1958,PROD-003,CHAN-2,2024-12-15,1,70.99,0.15,4.99,Completed,65.33
ORD-04550,CUST-0393,PROD-050,CHAN-2,2024-12-15,2,40.0,0.0,0.0,Completed,80.0
ORD-04551,CUST-0173,PROD-041,CHAN-1,2024-12-15,2,27.95,0.0,4.99,Completed,60.89
ORD-04552,CUST-0065,PROD-100,CHAN-1,2024-12-15,1,38.95,0.25,4.99,Refunded,34.2
ORD-04553,CUST-0021,PROD-146,CHAN-1,2024-12-15,1,8.99,0.15,4.99,Completed,12.63
ORD-04554,CUST-0012,PROD-016,CHAN-1,2024-12-15,1,25.0,0.0,0.0,Cancelled,0.0
ORD-04555,CUST-0042,PROD-041,CHAN-1,2024-12-15,1,27.95,0.05,8.99,Completed,35.54
ORD-04556,CUST-0512,PROD-002,CHAN-1,2024-12-15,1,28.99,0.0,11.99,Completed,40.98
ORD-04557,CUST-0054,PROD-055,CHAN-2,2024-12-15,1,110.99,0.0,0.0,Completed,110.99
ORD-04558,CUST-0022,PROD-014,CHAN-1,2024-12-15,1,19.0,0.0,8.99,Refunded,27.99
ORD-04559,CUST-0263,PROD-018,CHAN-2,2024-12-15,1,83.95,0.0,0.0,Completed,83.95
ORD-04560,CUST-1868,PROD-004,CHAN-2,2024-12-15,1,47.99,0.0,8.99,Completed,56.98
ORD-04561,CUST-1356,PROD-002,CHAN-1,2024-12-15,1,28.99,0.0,5.99,Completed,34.98
ORD-04562,CUST-1964,PROD-146,CHAN-1,2024-12-15,1,8.99,0.0,5.99,Completed,14.98
ORD-04563,CUST-0385,PROD-005,CHAN-1,2024-12-15,4,30.99,0.0,0.0,Cancelled,0.0
ORD-04564,CUST-0251,PROD-004,CHAN-1,2024-12-15,1,47.99,0.05,4.99,Completed,50.58
ORD-04565,CUST-0341,PROD-018,CHAN-2,2024-12-15,1,83.95,0.0,0.0,Completed,83.95
ORD-04566,CUST-0112,PROD-002,CHAN-3,2024-12-15,1,28.99,0.35,5.99,Completed,24.83
ORD-04567,CUST-0950,PROD-020,CHAN-2,2024-12-15,1,25.0,0.0,4.99,Completed,29.99
ORD-04568,CUST-0763,PROD-107,CHAN-1,2024-12-15,1,53.0,0.0,4.99,Completed,57.99
ORD-04569,CUST-0720,PROD-007,CHAN-2,2024-12-15,1,49.0,0.0,8.99,Returned,57.99
ORD-04570,CUST-0563,PROD-040,CHAN-1,2024-12-15,1,106.95,0.05,0.0,Completed,101.6
ORD-04571,CUST-0242,PROD-009,CHAN-1,2024-12-15,1,60.99,0.3,4.99,Completed,47.68
ORD-04572,CUST-0008,PROD-138,CHAN-2,2024-12-15,1,3.99,0.05,11.99,Completed,15.78
ORD-04573,CUST-1186,PROD-017,CHAN-2,2024-12-15,1,28.99,0.4,5.99,Completed,23.38
ORD-04574,CUST-0874,PROD-078,CHAN-2,2024-12-15,1,9.99,0.0,8.99,Completed,18.98
ORD-04575,CUST-0062,PROD-023,CHAN-1,2024-12-15,1,58.95,0.0,11.99,Completed,70.94
ORD-04576,CUST-0728,PROD-103,CHAN-1,2024-12-15,1,111.0,0.0,0.0,Completed,111.0
ORD-04577,CUST-1224,PROD-119,CHAN-1,2024-12-15,1,123.0,0.0,0.0,Cancelled,0.0
ORD-04578,CUST-0759,PROD-092,CHAN-1,2024-12-15,1,8.0,0.0,5.99,Completed,13.99
ORD-04579,CUST-0491,PROD-023,CHAN-2,2024-12-15,1,58.95,0.0,8.99,Completed,67.94
ORD-04580,CUST-0707,PROD-041,CHAN-1,2024-12-15,1,27.95,0.0,8.99,Completed,36.94
ORD-04581,CUST-0885,PROD-143,CHAN-1,2024-12-15,1,19.0,0.05,8.99,Completed,27.04
ORD-04582,CUST-1936,PROD-058,CHAN-4,2024-12-15,1,86.0,0.0,0.0,Completed,86.0
ORD-04583,CUST-0125,PROD-004,CHAN-3,2024-12-15,2,47.99,0.35,5.99,Completed,68.38
ORD-04584,CUST-0325,PROD-007,CHAN-1,2024-12-15,1,49.0,0.0,11.99,Completed,60.99
ORD-04585,CUST-0334,PROD-072,CHAN-1,2024-12-15,1,35.95,0.0,11.99,Completed,47.94
ORD-04586,CUST-0001,PROD-056,CHAN-1,2024-12-15,3,131.0,0.3,0.0,Completed,275.1
ORD-04587,CUST-0616,PROD-025,CHAN-1,2024-12-15,3,57.99,0.0,0.0,Completed,173.97
ORD-04588,CUST-0001,PROD-018,CHAN-4,2024-12-15,1,83.95,0.0,0.0,Completed,83.95
ORD-04589,CUST-0380,PROD-008,CHAN-3,2024-12-15,1,38.99,0.25,11.99,Completed,41.23
ORD-04590,CUST-0059,PROD-007,CHAN-1,2024-12-15,3,49.0,0.3,0.0,Completed,102.9
ORD-04591,CUST-0521,PROD-061,CHAN-4,2024-12-15,1,67.0,0.1,4.99,Completed,65.29
ORD-04592,CUST-0001,PROD-054,CHAN-2,2024-12-15,1,109.0,0.0,0.0,Completed,109.0
ORD-04593,CUST-0004,PROD-032,CHAN-1,2024-12-15,1,89.95,0.0,0.0,Cancelled,0.0
ORD-04594,CUST-0046,PROD-018,CHAN-1,2024-12-15,1,83.95,0.0,0.0,Completed,83.95
ORD-04595,CUST-1888,PROD-131,CHAN-2,2024-12-15,4,7.95,0.0,4.99,Completed,36.79
ORD-04596,CUST-1953,PROD-020,CHAN-1,2024-12-15,3,25.0,0.0,0.0,Completed,75.0
ORD-04597,CUST-0536,PROD-009,CHAN-2,2024-12-16,1,60.99,0.0,8.99,Completed,69.98
ORD-04598,CUST-0123,PROD-010,CHAN-1,2024-12-16,1,32.99,0.1,8.99,Completed,38.68
ORD-04599,CUST-1422,PROD-015,CHAN-1,2024-12-16,1,65.0,0.05,8.99,Completed,70.74
ORD-04600,CUST-0424,PROD-148,CHAN-1,2024-12-16,1,15.0,0.0,11.99,Completed,26.99
ORD-04601,CUST-0231,PROD-048,CHAN-1,2024-12-16,1,121.95,0.0,0.0,Completed,121.95
ORD-04602,CUST-0213,PROD-016,CHAN-4,2024-12-16,1,25.0,0.0,5.99,Completed,30.99
ORD-04603,CUST-0051,PROD-098,CHAN-3,2024-12-16,1,30.99,0.4,4.99,Completed,23.58
ORD-04604,CUST-1862,PROD-072,CHAN-1,2024-12-16,1,35.95,0.0,8.99,Completed,44.94
ORD-04605,CUST-0089,PROD-005,CHAN-1,2024-12-16,1,30.99,0.0,4.99,Completed,35.98
ORD-04606,CUST-1198,PROD-021,CHAN-1,2024-12-16,1,39.0,0.0,4.99,Completed,43.99
ORD-04607,CUST-0623,PROD-085,CHAN-1,2024-12-16,1,23.95,0.0,5.99,Completed,29.94
ORD-04608,CUST-0172,PROD-077,CHAN-1,2024-12-16,1,42.99,0.3,11.99,Completed,42.08
ORD-04609,CUST-0215,PROD-119,CHAN-2,2024-12-16,4,123.0,0.0,0.0,Completed,492.0
ORD-04610,CUST-0010,PROD-033,CHAN-1,2024-12-16,1,63.99,0.0,8.99,Completed,72.98
ORD-04611,CUST-1145,PROD-106,CHAN-2,2024-12-16,1,103.0,0.0,0.0,Completed,103.0
ORD-04612,CUST-1738,PROD-023,CHAN-3,2024-12-16,3,58.95,0.0,0.0,Completed,176.85
ORD-04613,CUST-0309,PROD-080,CHAN-1,2024-12-16,1,20.95,0.0,8.99,Completed,29.94
ORD-04614,CUST-0487,PROD-008,CHAN-2,2024-12-16,2,38.99,0.0,0.0,Completed,77.98
ORD-04615,CUST-0007,PROD-001,CHAN-2,2024-12-16,1,50.95,0.0,4.99,Completed,55.94
ORD-04616,CUST-0205,PROD-026,CHAN-1,2024-12-16,1,36.95,0.4,5.99,Completed,28.16
ORD-04617,CUST-1500,PROD-009,CHAN-1,2024-12-16,4,60.99,0.0,0.0,Completed,243.96
ORD-04618,CUST-1201,PROD-003,CHAN-2,2024-12-16,2,70.99,0.0,0.0,Completed,141.98
ORD-04619,CUST-0768,PROD-087,CHAN-2,2024-12-16,1,34.99,0.0,8.99,Completed,43.98
ORD-04620,CUST-0268,PROD-063,CHAN-2,2024-12-16,1,96.99,0.0,0.0,Returned,96.99
ORD-04621,CUST-0004,PROD-140,CHAN-1,2024-12-16,1,12.0,0.0,4.99,Completed,16.99
ORD-04622,CUST-0986,PROD-026,CHAN-1,2024-12-16,1,36.95,0.0,11.99,Completed,48.94
ORD-04623,CUST-0450,PROD-032,CHAN-4,2024-12-16,1,89.95,0.0,0.0,Returned,89.95
ORD-04624,CUST-0666,PROD-003,CHAN-1,2024-12-16,2,70.99,0.0,0.0,Cancelled,0.0
ORD-04625,CUST-0047,PROD-052,CHAN-1,2024-12-16,1,124.0,0.0,0.0,Refunded,124.0
ORD-04626,CUST-0363,PROD-068,CHAN-1,2024-12-16,3,83.95,0.0,0.0,Completed,251.85
ORD-04627,CUST-0047,PROD-004,CHAN-1,2024-12-16,1,47.99,0.0,4.99,Completed,52.98
ORD-04628,CUST-0008,PROD-095,CHAN-2,2024-12-16,1,18.95,0.0,11.99,Completed,30.94
ORD-04629,CUST-1746,PROD-022,CHAN-1,2024-12-16,1,21.0,0.15,5.99,Completed,23.84
ORD-04630,CUST-0054,PROD-038,CHAN-1,2024-12-16,1,83.99,0.0,0.0,Completed,83.99
ORD-04631,CUST-0687,PROD-090,CHAN-2,2024-12-16,1,21.0,0.0,5.99,Completed,26.99
ORD-04632,CUST-0012,PROD-045,CHAN-1,2024-12-16,1,51.0,0.0,8.99,Completed,59.99
ORD-04633,CUST-0370,PROD-018,CHAN-2,2024-12-16,1,83.95,0.15,4.99,Completed,76.35
ORD-04634,CUST-1888,PROD-086,CHAN-1,2024-12-16,1,7.0,0.05,11.99,Completed,18.64
ORD-04635,CUST-0437,PROD-072,CHAN-2,2024-12-16,1,35.95,0.0,4.99,Completed,40.94
ORD-04636,CUST-0150,PROD-013,CHAN-4,2024-12-16,1,41.95,0.2,11.99,Completed,45.55
ORD-04637,CUST-0004,PROD-006,CHAN-3,2024-12-16,1,58.0,0.35,4.99,Completed,42.69
ORD-04638,CUST-1025,PROD-098,CHAN-3,2024-12-16,1,30.99,0.0,5.99,Completed,36.98
ORD-04639,CUST-0028,PROD-005,CHAN-2,2024-12-16,1,30.99,0.0,8.99,Completed,39.98
ORD-04640,CUST-0428,PROD-038,CHAN-2,2024-12-16,1,83.99,0.0,0.0,Completed,83.99
ORD-04641,CUST-0002,PROD-078,CHAN-1,2024-12-16,1,9.99,0.0,5.99,Completed,15.98
ORD-04642,CUST-0406,PROD-145,CHAN-3,2024-12-16,1,10.95,0.0,11.99,Completed,22.94
ORD-04643,CUST-0554,PROD-004,CHAN-1,2024-12-16,2,47.99,0.05,0.0,Completed,91.18
ORD-04644,CUST-0569,PROD-036,CHAN-1,2024-12-16,2,102.99,0.1,0.0,Completed,185.38
ORD-04645,CUST-0073,PROD-101,CHAN-2,2024-12-16,1,66.0,0.0,11.99,Refunded,77.99
ORD-04646,CUST-0002,PROD-010,CHAN-3,2024-12-16,2,32.99,0.0,11.99,Completed,77.97
ORD-04647,CUST-0462,PROD-033,CHAN-2,2024-12-16,1,63.99,0.0,5.99,Completed,69.98
ORD-04648,CUST-0622,PROD-016,CHAN-3,2024-12-16,2,25.0,0.0,5.99,Completed,55.99
ORD-04649,CUST-0115,PROD-103,CHAN-2,2024-12-16,1,111.0,0.0,0.0,Completed,111.0
ORD-04650,CUST-0006,PROD-073,CHAN-3,2024-12-17,2,24.95,0.0,11.99,Completed,61.89
ORD-04651,CUST-0651,PROD-005,CHAN-1,2024-12-17,1,30.99,0.0,11.99,Completed,42.98
ORD-04652,CUST-1314,PROD-139,CHAN-1,2024-12-17,2,6.99,0.35,11.99,Returned,21.08
ORD-04653,CUST-0460,PROD-001,CHAN-2,2024-12-17,2,50.95,0.35,4.99,Completed,71.22
ORD-04654,CUST-0075,PROD-121,CHAN-1,2024-12-17,1,156.99,0.1,0.0,Refunded,141.29
ORD-04655,CUST-0022,PROD-105,CHAN-1,2024-12-17,2,71.0,0.3,0.0,Completed,99.4
ORD-04656,CUST-0377,PROD-035,CHAN-3,2024-12-17,1,102.99,0.3,5.99,Completed,78.08
ORD-04657,CUST-1108,PROD-003,CHAN-2,2024-12-17,2,70.99,0.0,0.0,Completed,141.98
ORD-04658,CUST-1503,PROD-009,CHAN-2,2024-12-17,1,60.99,0.2,8.99,Completed,57.78
ORD-04659,CUST-0165,PROD-003,CHAN-1,2024-12-17,2,70.99,0.0,0.0,Completed,141.98
ORD-04660,CUST-0927,PROD-023,CHAN-3,2024-12-17,1,58.95,0.0,11.99,Completed,70.94
ORD-04661,CUST-0574,PROD-113,CHAN-3,2024-12-17,1,97.0,0.4,5.99,Completed,64.19
ORD-04662,CUST-0912,PROD-028,CHAN-3,2024-12-17,1,109.0,0.0,0.0,Completed,109.0
ORD-04663,CUST-0977,PROD-002,CHAN-2,2024-12-17,1,28.99,0.0,0.0,Cancelled,0.0
ORD-04664,CUST-0539,PROD-072,CHAN-4,2024-12-17,2,35.95,0.0,4.99,Completed,76.89
ORD-04665,CUST-0044,PROD-102,CHAN-1,2024-12-17,1,137.0,0.1,0.0,Completed,123.3
ORD-04666,CUST-1431,PROD-003,CHAN-3,2024-12-17,2,70.99,0.0,0.0,Completed,141.98
ORD-04667,CUST-0329,PROD-016,CHAN-1,2024-12-17,4,25.0,0.0,0.0,Completed,100.0
ORD-04668,CUST-0037,PROD-051,CHAN-1,2024-12-17,1,105.95,0.0,0.0,Completed,105.95
ORD-04669,CUST-0972,PROD-015,CHAN-5,2024-12-17,1,65.0,0.0,5.99,Completed,70.99
ORD-04670,CUST-0351,PROD-001,CHAN-4,2024-12-17,1,50.95,0.2,11.99,Completed,52.75
ORD-04671,CUST-0390,PROD-025,CHAN-1,2024-12-17,1,57.99,0.0,8.99,Completed,66.98
ORD-04672,CUST-0668,PROD-005,CHAN-2,2024-12-17,2,30.99,0.25,8.99,Completed,55.48
ORD-04673,CUST-0238,PROD-006,CHAN-1,2024-12-17,1,58.0,0.3,4.99,Returned,45.59
ORD-04674,CUST-0014,PROD-023,CHAN-2,2024-12-17,1,58.95,0.0,8.99,Completed,67.94
ORD-04675,CUST-0525,PROD-148,CHAN-4,2024-12-17,2,15.0,0.0,8.99,Completed,38.99
ORD-04676,CUST-0069,PROD-001,CHAN-3,2024-12-17,1,50.95,0.3,4.99,Returned,40.66
ORD-04677,CUST-0038,PROD-045,CHAN-1,2024-12-17,2,51.0,0.0,0.0,Returned,102.0
ORD-04678,CUST-1019,PROD-085,CHAN-3,2024-12-17,1,23.95,0.0,11.99,Completed,35.94
ORD-04679,CUST-0860,PROD-020,CHAN-2,2024-12-17,1,25.0,0.4,4.99,Completed,19.99
ORD-04680,CUST-0789,PROD-142,CHAN-1,2024-12-17,1,5.0,0.25,4.99,Completed,8.74
ORD-04681,CUST-0013,PROD-029,CHAN-1,2024-12-17,2,79.0,0.0,0.0,Returned,158.0
ORD-04682,CUST-0282,PROD-036,CHAN-2,2024-12-17,1,102.99,0.0,0.0,Completed,102.99
ORD-04683,CUST-0135,PROD-086,CHAN-2,2024-12-17,1,7.0,0.0,4.99,Completed,11.99
ORD-04684,CUST-0018,PROD-009,CHAN-1,2024-12-17,1,60.99,0.0,11.99,Completed,72.98
ORD-04685,CUST-0685,PROD-103,CHAN-1,2024-12-17,1,111.0,0.0,0.0,Returned,111.0
ORD-04686,CUST-0150,PROD-039,CHAN-2,2024-12-17,2,83.0,0.0,0.0,Completed,166.0
ORD-04687,CUST-0033,PROD-003,CHAN-2,2024-12-17,1,70.99,0.0,11.99,Completed,82.98
ORD-04688,CUST-0023,PROD-004,CHAN-2,2024-12-17,1,47.99,0.0,5.99,Completed,53.98
ORD-04689,CUST-1987,PROD-026,CHAN-1,2024-12-18,1,36.95,0.0,11.99,Completed,48.94
ORD-04690,CUST-0056,PROD-037,CHAN-2,2024-12-18,1,60.95,0.0,8.99,Completed,69.94
ORD-04691,CUST-1086,PROD-009,CHAN-4,2024-12-18,2,60.99,0.0,0.0,Completed,121.98
ORD-04692,CUST-0117,PROD-007,CHAN-1,2024-12-18,1,49.0,0.3,4.99,Completed,39.29
ORD-04693,CUST-0426,PROD-001,CHAN-4,2024-12-18,1,50.95,0.0,5.99,Completed,56.94
ORD-04694,CUST-0077,PROD-003,CHAN-1,2024-12-18,2,70.99,0.0,0.0,Completed,141.98
ORD-04695,CUST-0551,PROD-009,CHAN-3,2024-12-18,2,60.99,0.0,0.0,Returned,121.98
ORD-04696,CUST-0939,PROD-108,CHAN-2,2024-12-18,1,114.95,0.0,0.0,Completed,114.95
ORD-04697,CUST-0156,PROD-009,CHAN-2,2024-12-18,2,60.99,0.0,0.0,Completed,121.98
ORD-04698,CUST-0503,PROD-127,CHAN-1,2024-12-18,1,7.95,0.05,5.99,Completed,13.54
ORD-04699,CUST-0633,PROD-067,CHAN-2,2024-12-18,1,95.99,0.0,0.0,Completed,95.99
ORD-04700,CUST-0018,PROD-144,CHAN-1,2024-12-18,1,17.95,0.0,5.99,Completed,23.94
ORD-04701,CUST-0214,PROD-021,CHAN-2,2024-12-18,2,39.0,0.15,4.99,Completed,71.29
ORD-04702,CUST-1531,PROD-025,CHAN-2,2024-12-18,2,57.99,0.3,0.0,Completed,81.19
ORD-04703,CUST-1968,PROD-141,CHAN-2,2024-12-18,1,15.0,0.0,4.99,Completed,19.99
ORD-04704,CUST-0001,PROD-102,CHAN-3,2024-12-18,2,137.0,0.0,0.0,Completed,274.0
ORD-04705,CUST-0078,PROD-061,CHAN-1,2024-12-18,1,67.0,0.15,8.99,Completed,65.94
ORD-04706,CUST-0165,PROD-125,CHAN-1,2024-12-18,1,162.99,0.0,0.0,Completed,162.99
ORD-04707,CUST-0143,PROD-066,CHAN-2,2024-12-18,3,71.95,0.35,0.0,Returned,140.3
ORD-04708,CUST-0009,PROD-009,CHAN-2,2024-12-18,1,60.99,0.0,8.99,Completed,69.98
ORD-04709,CUST-0024,PROD-039,CHAN-2,2024-12-18,1,83.0,0.0,0.0,Completed,83.0
ORD-04710,CUST-0085,PROD-098,CHAN-2,2024-12-18,1,30.99,0.0,11.99,Completed,42.98
ORD-04711,CUST-0079,PROD-061,CHAN-1,2024-12-18,2,67.0,0.35,0.0,Refunded,87.1
ORD-04712,CUST-0707,PROD-034,CHAN-4,2024-12-18,1,65.99,0.25,8.99,Returned,58.48
ORD-04713,CUST-0052,PROD-066,CHAN-2,2024-12-18,1,71.95,0.0,11.99,Completed,83.94
ORD-04714,CUST-0127,PROD-025,CHAN-1,2024-12-18,2,57.99,0.0,0.0,Completed,115.98
ORD-04715,CUST-0640,PROD-030,CHAN-1,2024-12-18,1,62.99,0.0,8.99,Completed,71.98
ORD-04716,CUST-0080,PROD-002,CHAN-1,2024-12-18,1,28.99,0.0,5.99,Completed,34.98
ORD-04717,CUST-0408,PROD-090,CHAN-1,2024-12-18,3,21.0,0.0,4.99,Completed,67.99
ORD-04718,CUST-1204,PROD-146,CHAN-3,2024-12-18,1,8.99,0.3,8.99,Completed,15.28
ORD-04719,CUST-0513,PROD-004,CHAN-2,2024-12-18,1,47.99,0.0,5.99,Completed,53.98
ORD-04720,CUST-0335,PROD-072,CHAN-1,2024-12-18,1,35.95,0.35,8.99,Completed,32.36
ORD-04721,CUST-0182,PROD-077,CHAN-3,2024-12-18,2,42.99,0.35,8.99,Completed,64.88
ORD-04722,CUST-1050,PROD-001,CHAN-4,2024-12-18,1,50.95,0.05,4.99,Completed,53.39
ORD-04723,CUST-1454,PROD-008,CHAN-1,2024-12-18,2,38.99,0.0,0.0,Completed,77.98
ORD-04724,CUST-0612,PROD-027,CHAN-2,2024-12-18,1,54.0,0.15,5.99,Completed,51.89
ORD-04725,CUST-0075,PROD-063,CHAN-1,2024-12-18,1,96.99,0.0,0.0,Completed,96.99
ORD-04726,CUST-0001,PROD-046,CHAN-1,2024-12-18,1,36.99,0.0,11.99,Completed,48.98
ORD-04727,CUST-0350,PROD-063,CHAN-4,2024-12-18,2,96.99,0.0,0.0,Completed,193.98
ORD-04728,CUST-0824,PROD-035,CHAN-1,2024-12-19,1,102.99,0.0,0.0,Completed,102.99
ORD-04729,CUST-0141,PROD-108,CHAN-1,2024-12-19,1,114.95,0.0,0.0,Completed,114.95
ORD-04730,CUST-0072,PROD-013,CHAN-1,2024-12-19,1,41.95,0.1,4.99,Completed,42.75
ORD-04731,CUST-0245,PROD-055,CHAN-2,2024-12-19,2,110.99,0.0,0.0,Completed,221.98
ORD-04732,CUST-0931,PROD-089,CHAN-2,2024-12-19,1,5.99,0.0,11.99,Completed,17.98
ORD-04733,CUST-1662,PROD-002,CHAN-1,2024-12-19,1,28.99,0.05,4.99,Completed,32.53
ORD-04734,CUST-0548,PROD-001,CHAN-2,2024-12-19,1,50.95,0.0,11.99,Completed,62.94
ORD-04735,CUST-0298,PROD-028,CHAN-2,2024-12-19,1,109.0,0.0,0.0,Completed,109.0
ORD-04736,CUST-0010,PROD-014,CHAN-2,2024-12-19,1,19.0,0.1,5.99,Completed,23.09
ORD-04737,CUST-0291,PROD-049,CHAN-2,2024-12-19,1,19.95,0.0,8.99,Completed,28.94
ORD-04738,CUST-0009,PROD-121,CHAN-2,2024-12-19,1,156.99,0.0,0.0,Cancelled,0.0
ORD-04739,CUST-0267,PROD-086,CHAN-2,2024-12-19,1,7.0,0.0,11.99,Completed,18.99
ORD-04740,CUST-1463,PROD-016,CHAN-1,2024-12-19,1,25.0,0.0,8.99,Completed,33.99
ORD-04741,CUST-0834,PROD-074,CHAN-2,2024-12-19,3,45.95,0.0,0.0,Completed,137.85
ORD-04742,CUST-0132,PROD-048,CHAN-2,2024-12-19,4,121.95,0.0,0.0,Refunded,487.8
ORD-04743,CUST-0101,PROD-137,CHAN-1,2024-12-19,2,15.0,0.25,5.99,Completed,28.49
ORD-04744,CUST-0594,PROD-100,CHAN-1,2024-12-19,1,38.95,0.0,8.99,Completed,47.94
ORD-04745,CUST-0005,PROD-053,CHAN-2,2024-12-19,3,88.95,0.35,0.0,Completed,173.45
ORD-04746,CUST-0272,PROD-002,CHAN-1,2024-12-19,1,28.99,0.0,11.99,Completed,40.98
ORD-04747,CUST-1018,PROD-100,CHAN-5,2024-12-19,1,38.95,0.0,5.99,Completed,44.94
ORD-04748,CUST-0001,PROD-010,CHAN-2,2024-12-19,4,32.99,0.15,0.0,Completed,112.17
ORD-04749,CUST-0010,PROD-004,CHAN-2,2024-12-19,1,47.99,0.2,8.99,Completed,47.38
ORD-04750,CUST-0060,PROD-099,CHAN-1,2024-12-19,3,17.95,0.0,8.99,Completed,62.84
ORD-04751,CUST-0036,PROD-002,CHAN-1,2024-12-19,1,28.99,0.0,11.99,Completed,40.98
ORD-04752,CUST-0369,PROD-071,CHAN-2,2024-12-19,1,54.99,0.0,8.99,Returned,63.98
ORD-04753,CUST-0147,PROD-001,CHAN-5,2024-12-19,2,50.95,0.15,0.0,Completed,86.62
ORD-04754,CUST-0005,PROD-031,CHAN-2,2024-12-19,1,100.0,0.0,0.0,Completed,100.0
ORD-04755,CUST-0469,PROD-043,CHAN-1,2024-12-19,1,45.99,0.2,5.99,Completed,42.78
ORD-04756,CUST-0957,PROD-017,CHAN-1,2024-12-19,2,28.99,0.0,8.99,Completed,66.97
ORD-04757,CUST-0883,PROD-013,CHAN-3,2024-12-19,1,41.95,0.0,11.99,Refunded,53.94
ORD-04758,CUST-0129,PROD-028,CHAN-2,2024-12-19,1,109.0,0.0,0.0,Completed,109.0
ORD-04759,CUST-0274,PROD-064,CHAN-2,2024-12-19,1,43.0,0.4,11.99,Refunded,37.79
ORD-04760,CUST-0405,PROD-008,CHAN-1,2024-12-19,1,38.99,0.25,5.99,Completed,35.23
ORD-04761,CUST-1029,PROD-064,CHAN-1,2024-12-19,4,43.0,0.35,0.0,Returned,111.8
ORD-04762,CUST-0010,PROD-008,CHAN-1,2024-12-19,1,38.99,0.0,11.99,Completed,50.98
ORD-04763,CUST-0576,PROD-001,CHAN-1,2024-12-19,1,50.95,0.05,4.99,Completed,53.39
ORD-04764,CUST-0726,PROD-115,CHAN-2,2024-12-19,1,166.95,0.0,0.0,Completed,166.95
ORD-04765,CUST-0443,PROD-001,CHAN-1,2024-12-20,2,50.95,0.0,0.0,Cancelled,0.0
ORD-04766,CUST-0257,PROD-005,CHAN-1,2024-12-20,1,30.99,0.0,5.99,Completed,36.98
ORD-04767,CUST-0176,PROD-036,CHAN-1,2024-12-20,3,102.99,0.0,0.0,Completed,308.97
ORD-04768,CUST-0437,PROD-106,CHAN-2,2024-12-20,1,103.0,0.2,0.0,Completed,82.4
ORD-04769,CUST-0318,PROD-001,CHAN-2,2024-12-20,1,50.95,0.25,4.99,Completed,43.2
ORD-04770,CUST-0012,PROD-031,CHAN-2,2024-12-20,4,100.0,0.0,0.0,Completed,400.0
ORD-04771,CUST-0156,PROD-045,CHAN-3,2024-12-20,1,51.0,0.0,4.99,Completed,55.99
ORD-04772,CUST-0018,PROD-014,CHAN-3,2024-12-20,1,19.0,0.0,11.99,Completed,30.99
ORD-04773,CUST-0114,PROD-033,CHAN-3,2024-12-20,3,63.99,0.0,0.0,Completed,191.97
ORD-04774,CUST-0215,PROD-130,CHAN-1,2024-12-20,1,5.95,0.35,8.99,Completed,12.86
ORD-04775,CUST-1739,PROD-040,CHAN-1,2024-12-20,1,106.95,0.25,0.0,Refunded,80.21
ORD-04776,CUST-1040,PROD-102,CHAN-3,2024-12-20,1,137.0,0.0,0.0,Completed,137.0
ORD-04777,CUST-1364,PROD-040,CHAN-2,2024-12-20,2,106.95,0.0,0.0,Completed,213.9
ORD-04778,CUST-0215,PROD-002,CHAN-1,2024-12-20,1,28.99,0.3,4.99,Completed,25.28
ORD-04779,CUST-0033,PROD-005,CHAN-1,2024-12-20,1,30.99,0.0,11.99,Completed,42.98
ORD-04780,CUST-0906,PROD-012,CHAN-1,2024-12-20,1,63.0,0.0,4.99,Returned,67.99
ORD-04781,CUST-1265,PROD-001,CHAN-1,2024-12-20,3,50.95,0.0,0.0,Completed,152.85
ORD-04782,CUST-0168,PROD-132,CHAN-1,2024-12-20,1,8.0,0.0,5.99,Completed,13.99
ORD-04783,CUST-0042,PROD-002,CHAN-3,2024-12-20,4,28.99,0.4,8.99,Refunded,78.57
ORD-04784,CUST-1765,PROD-109,CHAN-3,2024-12-20,1,68.99,0.0,11.99,Completed,80.98
ORD-04785,CUST-1199,PROD-008,CHAN-1,2024-12-20,1,38.99,0.0,5.99,Completed,44.98
ORD-04786,CUST-1397,PROD-065,CHAN-3,2024-12-20,1,30.0,0.0,4.99,Completed,34.99
ORD-04787,CUST-0824,PROD-144,CHAN-1,2024-12-20,3,17.95,0.0,11.99,Completed,65.84
ORD-04788,CUST-0361,PROD-062,CHAN-3,2024-12-20,1,77.99,0.4,4.99,Completed,51.78
ORD-04789,CUST-0206,PROD-042,CHAN-1,2024-12-20,1,17.0,0.0,5.99,Completed,22.99
ORD-04790,CUST-0085,PROD-129,CHAN-1,2024-12-20,1,8.99,0.1,11.99,Completed,20.08
ORD-04791,CUST-1730,PROD-122,CHAN-2,2024-12-20,1,178.99,0.15,0.0,Completed,152.14
ORD-04792,CUST-0078,PROD-022,CHAN-1,2024-12-20,2,21.0,0.0,5.99,Completed,47.99
ORD-04793,CUST-0110,PROD-067,CHAN-1,2024-12-20,1,95.99,0.2,0.0,Completed,76.79
ORD-04794,CUST-0422,PROD-096,CHAN-1,2024-12-21,1,22.99,0.0,5.99,Completed,28.98
ORD-04795,CUST-0015,PROD-002,CHAN-2,2024-12-21,1,28.99,0.0,0.0,Cancelled,0.0
ORD-04796,CUST-0004,PROD-121,CHAN-2,2024-12-21,1,156.99,0.0,0.0,Completed,156.99
ORD-04797,CUST-0003,PROD-004,CHAN-2,2024-12-21,1,47.99,0.0,5.99,Completed,53.98
ORD-04798,CUST-0614,PROD-005,CHAN-2,2024-12-21,1,30.99,0.0,4.99,Completed,35.98
ORD-04799,CUST-0268,PROD-096,CHAN-1,2024-12-21,1,22.99,0.0,5.99,Completed,28.98
ORD-04800,CUST-1391,PROD-009,CHAN-1,2024-12-21,2,60.99,0.0,0.0,Cancelled,0.0
ORD-04801,CUST-0726,PROD-096,CHAN-1,2024-12-21,1,22.99,0.05,4.99,Completed,26.83
ORD-04802,CUST-0014,PROD-044,CHAN-1,2024-12-21,1,66.0,0.0,11.99,Completed,77.99
ORD-04803,CUST-0001,PROD-002,CHAN-1,2024-12-21,3,28.99,0.05,0.0,Completed,82.62
ORD-04804,CUST-1466,PROD-149,CHAN-1,2024-12-21,1,11.99,0.0,11.99,Completed,23.98
ORD-04805,CUST-0096,PROD-068,CHAN-1,2024-12-21,1,83.95,0.1,0.0,Completed,75.56
ORD-04806,CUST-0004,PROD-035,CHAN-1,2024-12-21,1,102.99,0.35,4.99,Completed,71.93
ORD-04807,CUST-0197,PROD-020,CHAN-2,2024-12-21,2,25.0,0.0,5.99,Completed,55.99
ORD-04808,CUST-0011,PROD-094,CHAN-1,2024-12-21,1,24.95,0.3,5.99,Completed,23.45
ORD-04809,CUST-0489,PROD-138,CHAN-2,2024-12-21,1,3.99,0.05,11.99,Completed,15.78
ORD-04810,CUST-0353,PROD-025,CHAN-2,2024-12-21,1,57.99,0.0,5.99,Completed,63.98
ORD-04811,CUST-0324,PROD-005,CHAN-2,2024-12-21,1,30.99,0.0,0.0,Cancelled,0.0
ORD-04812,CUST-0006,PROD-119,CHAN-2,2024-12-21,1,123.0,0.05,0.0,Completed,116.85
ORD-04813,CUST-0003,PROD-060,CHAN-1,2024-12-21,3,51.99,0.0,0.0,Completed,155.97
ORD-04814,CUST-0002,PROD-001,CHAN-4,2024-12-21,4,50.95,0.25,0.0,Returned,152.85
ORD-04815,CUST-0002,PROD-077,CHAN-1,2024-12-21,2,42.99,0.0,0.0,Completed,85.98
ORD-04816,CUST-1371,PROD-003,CHAN-1,2024-12-21,1,70.99,0.0,4.99,Completed,75.98
ORD-04817,CUST-0003,PROD-001,CHAN-3,2024-12-21,1,50.95,0.0,4.99,Completed,55.94
ORD-04818,CUST-0312,PROD-093,CHAN-2,2024-12-21,1,25.99,0.0,11.99,Completed,37.98
ORD-04819,CUST-0001,PROD-049,CHAN-1,2024-12-21,2,19.95,0.05,11.99,Returned,49.89
ORD-04820,CUST-0064,PROD-068,CHAN-2,2024-12-21,1,83.95,0.1,0.0,Completed,75.56
ORD-04821,CUST-0069,PROD-012,CHAN-3,2024-12-21,1,63.0,0.0,5.99,Completed,68.99
ORD-04822,CUST-0029,PROD-056,CHAN-3,2024-12-22,1,131.0,0.4,0.0,Returned,78.6
ORD-04823,CUST-0645,PROD-047,CHAN-1,2024-12-22,1,82.0,0.25,11.99,Completed,73.49
ORD-04824,CUST-1152,PROD-148,CHAN-1,2024-12-22,1,15.0,0.0,8.99,Completed,23.99
ORD-04825,CUST-0201,PROD-001,CHAN-2,2024-12-22,1,50.95,0.0,11.99,Completed,62.94
ORD-04826,CUST-0161,PROD-012,CHAN-1,2024-12-22,1,63.0,0.15,11.99,Completed,65.54
ORD-04827,CUST-0141,PROD-046,CHAN-1,2024-12-22,1,36.99,0.0,11.99,Completed,48.98
ORD-04828,CUST-1309,PROD-009,CHAN-2,2024-12-22,1,60.99,0.0,4.99,Completed,65.98
ORD-04829,CUST-0441,PROD-021,CHAN-2,2024-12-22,1,39.0,0.0,4.99,Completed,43.99
ORD-04830,CUST-0152,PROD-043,CHAN-1,2024-12-22,1,45.99,0.0,11.99,Completed,57.98
ORD-04831,CUST-0647,PROD-086,CHAN-1,2024-12-22,5,7.0,0.05,8.99,Completed,42.24
ORD-04832,CUST-0530,PROD-021,CHAN-1,2024-12-22,1,39.0,0.0,8.99,Completed,47.99
ORD-04833,CUST-1427,PROD-041,CHAN-2,2024-12-22,1,27.95,0.0,0.0,Cancelled,0.0
ORD-04834,CUST-0171,PROD-014,CHAN-2,2024-12-22,1,19.0,0.0,0.0,Cancelled,0.0
ORD-04835,CUST-0032,PROD-022,CHAN-3,2024-12-22,2,21.0,0.35,8.99,Returned,36.29
ORD-04836,CUST-0119,PROD-123,CHAN-1,2024-12-22,1,141.0,0.0,0.0,Returned,141.0
ORD-04837,CUST-0014,PROD-004,CHAN-1,2024-12-22,1,47.99,0.0,5.99,Completed,53.98
ORD-04838,CUST-0518,PROD-063,CHAN-2,2024-12-22,2,96.99,0.1,0.0,Completed,174.58
ORD-04839,CUST-0039,PROD-058,CHAN-2,2024-12-22,3,86.0,0.3,0.0,Completed,180.6
ORD-04840,CUST-0050,PROD-002,CHAN-2,2024-12-22,2,28.99,0.0,11.99,Completed,69.97
ORD-04841,CUST-0080,PROD-049,CHAN-1,2024-12-22,4,19.95,0.0,0.0,Completed,79.8
ORD-04842,CUST-0011,PROD-002,CHAN-1,2024-12-22,1,28.99,0.4,11.99,Completed,29.38
ORD-04843,CUST-0009,PROD-083,CHAN-3,2024-12-22,1,25.99,0.15,11.99,Completed,34.08
ORD-04844,CUST-0584,PROD-001,CHAN-1,2024-12-22,1,50.95,0.0,4.99,Completed,55.94
ORD-04845,CUST-0049,PROD-062,CHAN-1,2024-12-22,2,77.99,0.0,0.0,Completed,155.98
ORD-04846,CUST-0675,PROD-076,CHAN-4,2024-12-22,3,7.99,0.0,8.99,Completed,32.96
ORD-04847,CUST-0416,PROD-038,CHAN-1,2024-12-22,2,83.99,0.0,0.0,Completed,167.98
ORD-04848,CUST-0390,PROD-131,CHAN-1,2024-12-22,1,7.95,0.25,5.99,Returned,11.95
ORD-04849,CUST-0104,PROD-097,CHAN-1,2024-12-22,1,6.0,0.0,11.99,Completed,17.99
ORD-04850,CUST-0217,PROD-002,CHAN-1,2024-12-22,1,28.99,0.0,11.99,Completed,40.98
ORD-04851,CUST-0004,PROD-040,CHAN-4,2024-12-22,4,106.95,0.0,0.0,Completed,427.8
ORD-04852,CUST-0378,PROD-040,CHAN-1,2024-12-22,5,106.95,0.0,0.0,Completed,534.75
ORD-04853,CUST-0074,PROD-032,CHAN-1,2024-12-22,1,89.95,0.0,0.0,Completed,89.95
ORD-04854,CUST-0005,PROD-083,CHAN-2,2024-12-22,1,25.99,0.3,8.99,Completed,27.18
ORD-04855,CUST-0082,PROD-099,CHAN-1,2024-12-22,1,17.95,0.0,4.99,Completed,22.94
ORD-04856,CUST-0661,PROD-124,CHAN-1,2024-12-22,1,180.95,0.0,0.0,Completed,180.95
ORD-04857,CUST-0390,PROD-114,CHAN-1,2024-12-22,1,21.0,0.0,5.99,Completed,26.99
ORD-04858,CUST-0030,PROD-001,CHAN-1,2024-12-22,4,50.95,0.0,0.0,Completed,203.8
ORD-04859,CUST-0042,PROD-131,CHAN-1,2024-12-22,3,7.95,0.05,4.99,Completed,27.65
ORD-04860,CUST-0648,PROD-003,CHAN-2,2024-12-22,1,70.99,0.0,8.99,Completed,79.98
ORD-04861,CUST-0165,PROD-030,CHAN-1,2024-12-23,1,62.99,0.0,11.99,Completed,74.98
ORD-04862,CUST-0989,PROD-018,CHAN-4,2024-12-23,3,83.95,0.0,0.0,Completed,251.85
ORD-04863,CUST-0002,PROD-001,CHAN-1,2024-12-23,1,50.95,0.0,5.99,Completed,56.94
ORD-04864,CUST-0076,PROD-012,CHAN-2,2024-12-23,1,63.0,0.0,8.99,Refunded,71.99
ORD-04865,CUST-0024,PROD-117,CHAN-2,2024-12-23,1,27.99,0.0,0.0,Cancelled,0.0
ORD-04866,CUST-0726,PROD-003,CHAN-2,2024-12-23,1,70.99,0.15,5.99,Completed,66.33
ORD-04867,CUST-0002,PROD-019,CHAN-1,2024-12-23,1,35.95,0.0,5.99,Completed,41.94
ORD-04868,CUST-0700,PROD-005,CHAN-1,2024-12-23,2,30.99,0.0,4.99,Completed,66.97
ORD-04869,CUST-0001,PROD-019,CHAN-2,2024-12-23,2,35.95,0.0,0.0,Cancelled,0.0
ORD-04870,CUST-1248,PROD-079,CHAN-1,2024-12-23,2,37.99,0.3,4.99,Completed,58.18
ORD-04871,CUST-0058,PROD-009,CHAN-2,2024-12-23,1,60.99,0.0,4.99,Completed,65.98
ORD-04872,CUST-0003,PROD-002,CHAN-2,2024-12-23,2,28.99,0.0,4.99,Completed,62.97
ORD-04873,CUST-0527,PROD-029,CHAN-3,2024-12-23,2,79.0,0.0,0.0,Completed,158.0
ORD-04874,CUST-0472,PROD-017,CHAN-1,2024-12-23,1,28.99,0.0,4.99,Completed,33.98
ORD-04875,CUST-0082,PROD-019,CHAN-2,2024-12-23,1,35.95,0.4,4.99,Completed,26.56
ORD-04876,CUST-1123,PROD-005,CHAN-2,2024-12-23,2,30.99,0.05,4.99,Completed,63.87
ORD-04877,CUST-0299,PROD-021,CHAN-2,2024-12-23,2,39.0,0.0,0.0,Completed,78.0
ORD-04878,CUST-1949,PROD-060,CHAN-2,2024-12-23,1,51.99,0.0,4.99,Completed,56.98
ORD-04879,CUST-1421,PROD-137,CHAN-2,2024-12-23,2,15.0,0.1,8.99,Completed,35.99
ORD-04880,CUST-0344,PROD-014,CHAN-3,2024-12-23,1,19.0,0.25,5.99,Completed,20.24
ORD-04881,CUST-0472,PROD-065,CHAN-3,2024-12-23,2,30.0,0.4,11.99,Completed,47.99
ORD-04882,CUST-0041,PROD-034,CHAN-5,2024-12-23,1,65.99,0.0,11.99,Completed,77.98
ORD-04883,CUST-1685,PROD-099,CHAN-2,2024-12-23,1,17.95,0.0,8.99,Completed,26.94
ORD-04884,CUST-0095,PROD-062,CHAN-1,2024-12-23,2,77.99,0.0,0.0,Completed,155.98
ORD-04885,CUST-0962,PROD-016,CHAN-2,2024-12-23,1,25.0,0.0,5.99,Completed,30.99
ORD-04886,CUST-0109,PROD-027,CHAN-3,2024-12-23,1,54.0,0.25,4.99,Completed,45.49
ORD-04887,CUST-0083,PROD-020,CHAN-1,2024-12-23,1,25.0,0.0,4.99,Completed,29.99
ORD-04888,CUST-0019,PROD-100,CHAN-1,2024-12-23,1,38.95,0.15,8.99,Completed,42.1
ORD-04889,CUST-0014,PROD-144,CHAN-2,2024-12-23,2,17.95,0.0,11.99,Returned,47.89
ORD-04890,CUST-0990,PROD-076,CHAN-3,2024-12-23,1,7.99,0.4,8.99,Completed,13.78
ORD-04891,CUST-0712,PROD-012,CHAN-2,2024-12-23,3,63.0,0.0,0.0,Completed,189.0
ORD-04892,CUST-1514,PROD-004,CHAN-1,2024-12-23,1,47.99,0.0,8.99,Completed,56.98
ORD-04893,CUST-0013,PROD-003,CHAN-1,2024-12-23,5,70.99,0.0,0.0,Completed,354.95
ORD-04894,CUST-0450,PROD-058,CHAN-2,2024-12-23,1,86.0,0.0,0.0,Completed,86.0
ORD-04895,CUST-1776,PROD-052,CHAN-1,2024-12-23,1,124.0,0.0,0.0,Completed,124.0
ORD-04896,CUST-1962,PROD-024,CHAN-2,2024-12-23,1,39.0,0.35,4.99,Completed,30.34
ORD-04897,CUST-0017,PROD-115,CHAN-1,2024-12-23,1,166.95,0.2,0.0,Completed,133.56
ORD-04898,CUST-0170,PROD-140,CHAN-1,2024-12-23,2,12.0,0.0,8.99,Completed,32.99
ORD-04899,CUST-0125,PROD-108,CHAN-5,2024-12-23,1,114.95,0.0,0.0,Completed,114.95
ORD-04900,CUST-0015,PROD-005,CHAN-2,2024-12-23,1,30.99,0.0,8.99,Completed,39.98
ORD-04901,CUST-0065,PROD-008,CHAN-1,2024-12-23,1,38.99,0.0,8.99,Completed,47.98
ORD-04902,CUST-1321,PROD-111,CHAN-1,2024-12-23,1,27.99,0.05,8.99,Completed,35.58
ORD-04903,CUST-0616,PROD-084,CHAN-2,2024-12-23,1,17.0,0.0,11.99,Completed,28.99
ORD-04904,CUST-0590,PROD-074,CHAN-1,2024-12-23,1,45.95,0.0,11.99,Completed,57.94
ORD-04905,CUST-0071,PROD-046,CHAN-1,2024-12-23,1,36.99,0.0,8.99,Completed,45.98
ORD-04906,CUST-0191,PROD-105,CHAN-1,2024-12-23,1,71.0,0.0,5.99,Completed,76.99
ORD-04907,CUST-0464,PROD-023,CHAN-1,2024-12-23,2,58.95,0.05,0.0,Completed,112.0
ORD-04908,CUST-0078,PROD-114,CHAN-3,2024-12-23,1,21.0,0.0,8.99,Completed,29.99
ORD-04909,CUST-1004,PROD-057,CHAN-2,2024-12-23,4,32.0,0.05,0.0,Completed,121.6
ORD-04910,CUST-0079,PROD-005,CHAN-1,2024-12-24,1,30.99,0.0,4.99,Returned,35.98
ORD-04911,CUST-0030,PROD-124,CHAN-1,2024-12-24,2,180.95,0.0,0.0,Refunded,361.9
ORD-04912,CUST-0059,PROD-016,CHAN-1,2024-12-24,1,25.0,0.1,4.99,Completed,27.49
ORD-04913,CUST-0307,PROD-134,CHAN-1,2024-12-24,1,3.99,0.0,11.99,Completed,15.98
ORD-04914,CUST-0218,PROD-001,CHAN-2,2024-12-24,1,50.95,0.0,4.99,Completed,55.94
ORD-04915,CUST-1435,PROD-085,CHAN-1,2024-12-24,1,23.95,0.0,11.99,Completed,35.94
ORD-04916,CUST-0011,PROD-074,CHAN-3,2024-12-24,2,45.95,0.15,0.0,Completed,78.12
ORD-04917,CUST-0080,PROD-012,CHAN-2,2024-12-24,4,63.0,0.3,0.0,Completed,176.4
ORD-04918,CUST-1601,PROD-021,CHAN-2,2024-12-24,3,39.0,0.25,0.0,Completed,87.75
ORD-04919,CUST-0066,PROD-103,CHAN-1,2024-12-24,1,111.0,0.15,0.0,Completed,94.35
ORD-04920,CUST-0036,PROD-039,CHAN-3,2024-12-24,1,83.0,0.0,0.0,Completed,83.0
ORD-04921,CUST-0013,PROD-011,CHAN-2,2024-12-24,1,18.95,0.3,8.99,Completed,22.25
ORD-04922,CUST-0467,PROD-002,CHAN-2,2024-12-24,3,28.99,0.15,11.99,Completed,85.91
ORD-04923,CUST-0341,PROD-077,CHAN-4,2024-12-24,1,42.99,0.0,4.99,Completed,47.98
ORD-04924,CUST-0701,PROD-078,CHAN-1,2024-12-24,1,9.99,0.2,5.99,Completed,13.98
ORD-04925,CUST-1262,PROD-015,CHAN-3,2024-12-24,1,65.0,0.25,11.99,Completed,60.74
ORD-04926,CUST-0212,PROD-058,CHAN-1,2024-12-24,2,86.0,0.0,0.0,Cancelled,0.0
ORD-04927,CUST-0295,PROD-122,CHAN-2,2024-12-24,1,178.99,0.4,0.0,Completed,107.39
ORD-04928,CUST-1988,PROD-005,CHAN-2,2024-12-24,1,30.99,0.0,5.99,Completed,36.98
ORD-04929,CUST-1249,PROD-054,CHAN-4,2024-12-24,2,109.0,0.0,0.0,Completed,218.0
ORD-04930,CUST-0006,PROD-004,CHAN-2,2024-12-24,1,47.99,0.0,8.99,Completed,56.98
ORD-04931,CUST-0025,PROD-004,CHAN-2,2024-12-24,1,47.99,0.0,4.99,Completed,52.98
ORD-04932,CUST-1392,PROD-097,CHAN-2,2024-12-24,1,6.0,0.0,8.99,Completed,14.99
ORD-04933,CUST-0003,PROD-046,CHAN-5,2024-12-24,1,36.99,0.0,8.99,Completed,45.98
ORD-04934,CUST-0127,PROD-004,CHAN-2,2024-12-24,1,47.99,0.1,4.99,Completed,48.18
ORD-04935,CUST-0009,PROD-034,CHAN-2,2024-12-25,1,65.99,0.05,5.99,Completed,68.68
ORD-04936,CUST-0701,PROD-100,CHAN-2,2024-12-25,1,38.95,0.0,8.99,Completed,47.94
ORD-04937,CUST-1308,PROD-122,CHAN-1,2024-12-25,1,178.99,0.0,0.0,Completed,178.99
ORD-04938,CUST-1167,PROD-009,CHAN-4,2024-12-25,1,60.99,0.2,8.99,Completed,57.78
ORD-04939,CUST-1605,PROD-052,CHAN-2,2024-12-25,1,124.0,0.0,0.0,Completed,124.0
ORD-04940,CUST-1956,PROD-010,CHAN-1,2024-12-25,1,32.99,0.0,8.99,Completed,41.98
ORD-04941,CUST-1696,PROD-032,CHAN-2,2024-12-25,1,89.95,0.3,8.99,Completed,71.95
ORD-04942,CUST-1396,PROD-066,CHAN-2,2024-12-25,2,71.95,0.0,0.0,Completed,143.9
ORD-04943,CUST-0931,PROD-007,CHAN-1,2024-12-25,1,49.0,0.4,4.99,Completed,34.39
ORD-04944,CUST-0156,PROD-038,CHAN-2,2024-12-25,3,83.99,0.0,0.0,Completed,251.97
ORD-04945,CUST-0115,PROD-087,CHAN-2,2024-12-25,1,34.99,0.0,4.99,Completed,39.98
ORD-04946,CUST-0552,PROD-141,CHAN-1,2024-12-25,1,15.0,0.0,11.99,Completed,26.99
ORD-04947,CUST-0003,PROD-017,CHAN-2,2024-12-25,2,28.99,0.2,11.99,Completed,58.37
ORD-04948,CUST-0865,PROD-033,CHAN-4,2024-12-25,1,63.99,0.0,5.99,Completed,69.98
ORD-04949,CUST-0941,PROD-035,CHAN-3,2024-12-25,2,102.99,0.0,0.0,Completed,205.98
ORD-04950,CUST-1514,PROD-009,CHAN-2,2024-12-25,2,60.99,0.0,0.0,Completed,121.98
ORD-04951,CUST-0903,PROD-039,CHAN-1,2024-12-25,1,83.0,0.0,0.0,Completed,83.0
ORD-04952,CUST-0109,PROD-109,CHAN-3,2024-12-25,1,68.99,0.0,0.0,Cancelled,0.0
ORD-04953,CUST-1742,PROD-007,CHAN-1,2024-12-25,1,49.0,0.0,11.99,Completed,60.99
ORD-04954,CUST-1336,PROD-084,CHAN-1,2024-12-25,1,17.0,0.0,8.99,Completed,25.99
ORD-04955,CUST-0030,PROD-023,CHAN-1,2024-12-25,1,58.95,0.3,4.99,Completed,46.26
ORD-04956,CUST-1403,PROD-069,CHAN-1,2024-12-25,1,71.0,0.35,8.99,Completed,55.14
ORD-04957,CUST-0001,PROD-019,CHAN-2,2024-12-25,1,35.95,0.0,5.99,Completed,41.94
ORD-04958,CUST-0774,PROD-027,CHAN-1,2024-12-25,3,54.0,0.0,0.0,Completed,162.0
ORD-04959,CUST-0067,PROD-025,CHAN-1,2024-12-26,1,57.99,0.0,5.99,Completed,63.98
ORD-04960,CUST-0043,PROD-015,CHAN-3,2024-12-26,2,65.0,0.0,0.0,Completed,130.0
ORD-04961,CUST-0719,PROD-032,CHAN-2,2024-12-26,1,89.95,0.2,8.99,Completed,80.95
ORD-04962,CUST-0005,PROD-018,CHAN-2,2024-12-26,1,83.95,0.05,0.0,Returned,79.75
ORD-04963,CUST-0007,PROD-012,CHAN-1,2024-12-26,1,63.0,0.05,11.99,Completed,71.84
ORD-04964,CUST-0012,PROD-009,CHAN-1,2024-12-26,1,60.99,0.2,4.99,Completed,53.78
ORD-04965,CUST-0112,PROD-002,CHAN-2,2024-12-26,1,28.99,0.0,11.99,Completed,40.98
ORD-04966,CUST-0112,PROD-004,CHAN-1,2024-12-26,1,47.99,0.15,4.99,Completed,45.78
ORD-04967,CUST-1922,PROD-104,CHAN-1,2024-12-26,1,72.99,0.0,5.99,Completed,78.98
ORD-04968,CUST-0063,PROD-003,CHAN-2,2024-12-26,1,70.99,0.0,4.99,Completed,75.98
ORD-04969,CUST-0239,PROD-060,CHAN-2,2024-12-26,4,51.99,0.0,0.0,Completed,207.96
ORD-04970,CUST-1049,PROD-090,CHAN-1,2024-12-26,1,21.0,0.0,11.99,Completed,32.99
ORD-04971,CUST-0877,PROD-150,CHAN-1,2024-12-26,4,7.0,0.0,11.99,Completed,39.99
ORD-04972,CUST-0017,PROD-015,CHAN-1,2024-12-26,1,65.0,0.0,5.99,Completed,70.99
ORD-04973,CUST-1090,PROD-019,CHAN-4,2024-12-26,1,35.95,0.0,11.99,Refunded,47.94
ORD-04974,CUST-0269,PROD-093,CHAN-1,2024-12-26,2,25.99,0.0,5.99,Completed,57.97
ORD-04975,CUST-0056,PROD-013,CHAN-2,2024-12-26,3,41.95,0.15,0.0,Completed,106.97
ORD-04976,CUST-0470,PROD-063,CHAN-2,2024-12-26,1,96.99,0.0,0.0,Completed,96.99
ORD-04977,CUST-1203,PROD-027,CHAN-1,2024-12-26,1,54.0,0.0,5.99,Completed,59.99
ORD-04978,CUST-0057,PROD-010,CHAN-1,2024-12-27,1,32.99,0.0,11.99,Completed,44.98
ORD-04979,CUST-0683,PROD-051,CHAN-2,2024-12-27,1,105.95,0.0,0.0,Completed,105.95
ORD-04980,CUST-0994,PROD-004,CHAN-2,2024-12-27,1,47.99,0.0,4.99,Completed,52.98
ORD-04981,CUST-0371,PROD-017,CHAN-2,2024-12-27,2,28.99,0.15,5.99,Completed,55.27
ORD-04982,CUST-0903,PROD-006,CHAN-1,2024-12-27,3,58.0,0.0,0.0,Completed,174.0
ORD-04983,CUST-0230,PROD-133,CHAN-1,2024-12-27,3,18.99,0.0,5.99,Completed,62.96
ORD-04984,CUST-1626,PROD-065,CHAN-1,2024-12-27,1,30.0,0.0,5.99,Completed,35.99
ORD-04985,CUST-1558,PROD-117,CHAN-1,2024-12-27,1,27.99,0.0,4.99,Completed,32.98
ORD-04986,CUST-1236,PROD-050,CHAN-3,2024-12-27,2,40.0,0.0,0.0,Completed,80.0
ORD-04987,CUST-1541,PROD-004,CHAN-1,2024-12-27,1,47.99,0.0,4.99,Completed,52.98
ORD-04988,CUST-1671,PROD-035,CHAN-1,2024-12-28,1,102.99,0.0,0.0,Completed,102.99
ORD-04989,CUST-0134,PROD-098,CHAN-2,2024-12-28,1,30.99,0.3,8.99,Completed,30.68
ORD-04990,CUST-0001,PROD-124,CHAN-1,2024-12-28,1,180.95,0.3,0.0,Completed,126.66
ORD-04991,CUST-0004,PROD-002,CHAN-1,2024-12-28,1,28.99,0.0,11.99,Completed,40.98
ORD-04992,CUST-0585,PROD-001,CHAN-1,2024-12-28,2,50.95,0.0,0.0,Completed,101.9
ORD-04993,CUST-0009,PROD-009,CHAN-1,2024-12-28,2,60.99,0.0,0.0,Completed,121.98
ORD-04994,CUST-0062,PROD-150,CHAN-1,2024-12-28,1,7.0,0.0,8.99,Completed,15.99
ORD-04995,CUST-0013,PROD-069,CHAN-1,2024-12-28,1,71.0,0.0,5.99,Completed,76.99
ORD-04996,CUST-0046,PROD-024,CHAN-3,2024-12-28,2,39.0,0.0,0.0,Completed,78.0
ORD-04997,CUST-0021,PROD-056,CHAN-2,2024-12-28,1,131.0,0.4,0.0,Completed,78.6
ORD-04998,CUST-0270,PROD-012,CHAN-2,2024-12-28,2,63.0,0.0,0.0,Returned,126.0
ORD-04999,CUST-0022,PROD-004,CHAN-1,2024-12-28,3,47.99,0.0,0.0,Completed,143.97
ORD-05000,CUST-0920,PROD-001,CHAN-1,2024-12-28,1,50.95,0.1,5.99,Completed,51.85
ORD-05001,CUST-0607,PROD-033,CHAN-4,2024-12-28,1,63.99,0.0,0.0,Cancelled,0.0
ORD-05002,CUST-0490,PROD-073,CHAN-3,2024-12-28,1,24.95,0.2,8.99,Completed,28.95
ORD-05003,CUST-0736,PROD-015,CHAN-1,2024-12-28,2,65.0,0.0,0.0,Completed,130.0
ORD-05004,CUST-1742,PROD-077,CHAN-1,2024-12-28,2,42.99,0.15,4.99,Completed,78.07
ORD-05005,CUST-0001,PROD-003,CHAN-2,2024-12-28,1,70.99,0.4,8.99,Returned,51.58
ORD-05006,CUST-1749,PROD-030,CHAN-1,2024-12-28,1,62.99,0.0,4.99,Completed,67.98
ORD-05007,CUST-0986,PROD-035,CHAN-1,2024-12-28,2,102.99,0.0,0.0,Completed,205.98
ORD-05008,CUST-0107,PROD-006,CHAN-2,2024-12-28,1,58.0,0.0,5.99,Completed,63.99
ORD-05009,CUST-1850,PROD-060,CHAN-5,2024-12-28,1,51.99,0.0,4.99,Completed,56.98
ORD-05010,CUST-1849,PROD-005,CHAN-1,2024-12-28,1,30.99,0.0,4.99,Completed,35.98
ORD-05011,CUST-0268,PROD-002,CHAN-2,2024-12-29,1,28.99,0.0,5.99,Completed,34.98
ORD-05012,CUST-0120,PROD-061,CHAN-1,2024-12-29,2,67.0,0.4,0.0,Completed,80.4
ORD-05013,CUST-0477,PROD-126,CHAN-1,2024-12-29,4,6.99,0.0,5.99,Returned,33.95
ORD-05014,CUST-0464,PROD-142,CHAN-1,2024-12-29,2,5.0,0.3,5.99,Completed,12.99
ORD-05015,CUST-1163,PROD-002,CHAN-2,2024-12-29,2,28.99,0.0,5.99,Completed,63.97
ORD-05016,CUST-0434,PROD-002,CHAN-2,2024-12-29,1,28.99,0.0,4.99,Completed,33.98
ORD-05017,CUST-1166,PROD-001,CHAN-1,2024-12-29,1,50.95,0.0,4.99,Completed,55.94
ORD-05018,CUST-0595,PROD-143,CHAN-1,2024-12-29,1,19.0,0.0,8.99,Refunded,27.99
ORD-05019,CUST-0151,PROD-105,CHAN-2,2024-12-29,1,71.0,0.0,11.99,Completed,82.99
ORD-05020,CUST-0434,PROD-012,CHAN-1,2024-12-29,1,63.0,0.0,4.99,Completed,67.99
ORD-05021,CUST-1116,PROD-128,CHAN-2,2024-12-29,1,5.95,0.1,4.99,Completed,10.35
ORD-05022,CUST-0330,PROD-004,CHAN-2,2024-12-29,1,47.99,0.0,4.99,Returned,52.98
ORD-05023,CUST-1518,PROD-008,CHAN-2,2024-12-29,1,38.99,0.0,4.99,Completed,43.98
ORD-05024,CUST-0069,PROD-067,CHAN-4,2024-12-29,3,95.99,0.0,0.0,Completed,287.97
ORD-05025,CUST-0831,PROD-001,CHAN-3,2024-12-29,1,50.95,0.0,5.99,Completed,56.94
ORD-05026,CUST-0099,PROD-007,CHAN-1,2024-12-29,1,49.0,0.0,5.99,Refunded,54.99
ORD-05027,CUST-0941,PROD-010,CHAN-1,2024-12-29,1,32.99,0.0,8.99,Completed,41.98
ORD-05028,CUST-0295,PROD-006,CHAN-1,2024-12-29,1,58.0,0.0,8.99,Completed,66.99
ORD-05029,CUST-0714,PROD-002,CHAN-2,2024-12-29,1,28.99,0.0,5.99,Completed,34.98
ORD-05030,CUST-0034,PROD-024,CHAN-1,2024-12-29,1,39.0,0.2,4.99,Completed,36.19
ORD-05031,CUST-0132,PROD-018,CHAN-2,2024-12-29,1,83.95,0.05,0.0,Completed,79.75
ORD-05032,CUST-1336,PROD-100,CHAN-2,2024-12-30,1,38.95,0.0,8.99,Completed,47.94
ORD-05033,CUST-1186,PROD-007,CHAN-1,2024-12-30,1,49.0,0.0,11.99,Completed,60.99
ORD-05034,CUST-1690,PROD-016,CHAN-4,2024-12-30,1,25.0,0.0,4.99,Completed,29.99
ORD-05035,CUST-1541,PROD-123,CHAN-4,2024-12-30,1,141.0,0.0,0.0,Completed,141.0
ORD-05036,CUST-1359,PROD-136,CHAN-1,2024-12-30,1,4.0,0.35,8.99,Completed,11.59
ORD-05037,CUST-0830,PROD-015,CHAN-2,2024-12-30,1,65.0,0.25,8.99,Completed,57.74
ORD-05038,CUST-0363,PROD-004,CHAN-1,2024-12-30,1,47.99,0.35,11.99,Returned,43.18
ORD-05039,CUST-1249,PROD-007,CHAN-3,2024-12-30,2,49.0,0.0,0.0,Completed,98.0
ORD-05040,CUST-0321,PROD-010,CHAN-1,2024-12-30,1,32.99,0.2,11.99,Returned,38.38
ORD-05041,CUST-0001,PROD-043,CHAN-4,2024-12-30,1,45.99,0.35,5.99,Completed,35.88
ORD-05042,CUST-0459,PROD-139,CHAN-3,2024-12-30,2,6.99,0.15,11.99,Completed,23.87
ORD-05043,CUST-1182,PROD-016,CHAN-3,2024-12-30,3,25.0,0.0,0.0,Completed,75.0
ORD-05044,CUST-0316,PROD-020,CHAN-1,2024-12-30,1,25.0,0.15,8.99,Completed,30.24
ORD-05045,CUST-0041,PROD-058,CHAN-2,2024-12-30,1,86.0,0.0,0.0,Completed,86.0
ORD-05046,CUST-0008,PROD-095,CHAN-1,2024-12-30,1,18.95,0.0,8.99,Completed,27.94
ORD-05047,CUST-0570,PROD-025,CHAN-1,2024-12-30,1,57.99,0.0,8.99,Completed,66.98
ORD-05048,CUST-1001,PROD-057,CHAN-1,2024-12-30,1,32.0,0.05,11.99,Completed,42.39
ORD-05049,CUST-0591,PROD-118,CHAN-2,2024-12-30,2,150.99,0.0,0.0,Completed,301.98
ORD-05050,CUST-0360,PROD-077,CHAN-3,2024-12-30,2,42.99,0.35,5.99,Completed,61.88
ORD-05051,CUST-1552,PROD-029,CHAN-4,2024-12-30,1,79.0,0.0,0.0,Completed,79.0
ORD-05052,CUST-1377,PROD-001,CHAN-2,2024-12-30,2,50.95,0.0,0.0,Completed,101.9
ORD-05053,CUST-0027,PROD-066,CHAN-3,2024-12-30,1,71.95,0.0,11.99,Completed,83.94
ORD-05054,CUST-0190,PROD-049,CHAN-2,2024-12-30,1,19.95,0.3,5.99,Refunded,19.95
ORD-05055,CUST-0009,PROD-003,CHAN-1,2024-12-30,1,70.99,0.0,8.99,Returned,79.98
ORD-05056,CUST-0902,PROD-050,CHAN-2,2024-12-30,1,40.0,0.0,5.99,Completed,45.99
ORD-05057,CUST-0299,PROD-017,CHAN-3,2024-12-30,2,28.99,0.0,8.99,Completed,66.97
ORD-05058,CUST-1373,PROD-001,CHAN-2,2024-12-30,1,50.95,0.25,5.99,Completed,44.2
ORD-05059,CUST-1195,PROD-039,CHAN-2,2024-12-30,1,83.0,0.0,0.0,Completed,83.0
ORD-05060,CUST-0685,PROD-013,CHAN-1,2024-12-30,1,41.95,0.3,11.99,Completed,41.35
ORD-05061,CUST-1779,PROD-019,CHAN-3,2024-12-30,3,35.95,0.0,0.0,Completed,107.85
ORD-05062,CUST-1710,PROD-116,CHAN-3,2024-12-31,1,103.99,0.0,0.0,Completed,103.99
ORD-05063,CUST-0020,PROD-061,CHAN-2,2024-12-31,1,67.0,0.0,8.99,Completed,75.99
ORD-05064,CUST-0710,PROD-048,CHAN-3,2024-12-31,1,121.95,0.0,0.0,Completed,121.95
ORD-05065,CUST-0460,PROD-030,CHAN-2,2024-12-31,3,62.99,0.0,0.0,Completed,188.97
ORD-05066,CUST-0017,PROD-031,CHAN-2,2024-12-31,1,100.0,0.0,0.0,Completed,100.0
ORD-05067,CUST-0080,PROD-014,CHAN-1,2024-12-31,1,19.0,0.0,8.99,Completed,27.99
ORD-05068,CUST-1384,PROD-039,CHAN-1,2024-12-31,1,83.0,0.0,0.0,Returned,83.0
ORD-05069,CUST-0010,PROD-123,CHAN-1,2024-12-31,4,141.0,0.0,0.0,Completed,564.0
ORD-05070,CUST-0130,PROD-105,CHAN-1,2024-12-31,1,71.0,0.0,11.99,Completed,82.99
ORD-05071,CUST-0002,PROD-055,CHAN-1,2024-12-31,1,110.99,0.0,0.0,Refunded,110.99
ORD-05072,CUST-1170,PROD-011,CHAN-1,2024-12-31,2,18.95,0.0,4.99,Completed,42.89
ORD-05073,CUST-0311,PROD-103,CHAN-1,2024-12-31,1,111.0,0.0,0.0,Completed,111.0
ORD-05074,CUST-0024,PROD-126,CHAN-3,2024-12-31,4,6.99,0.3,4.99,Completed,24.56
ORD-05075,CUST-0187,PROD-100,CHAN-1,2024-12-31,1,38.95,0.0,8.99,Completed,47.94
ORD-05076,CUST-1214,PROD-006,CHAN-1,2024-12-31,1,58.0,0.0,8.99,Returned,66.99
ORD-05077,CUST-1058,PROD-022,CHAN-1,2024-12-31,5,21.0,0.0,0.0,Completed,105.0
ORD-05078,CUST-0166,PROD-011,CHAN-2,2025-01-01,2,18.95,0.0,5.99,Completed,43.89
ORD-05079,CUST-0005,PROD-058,CHAN-1,2025-01-01,1,86.0,0.0,0.0,Completed,86.0
ORD-05080,CUST-0063,PROD-016,CHAN-2,2025-01-01,3,25.0,0.0,0.0,Completed,75.0
ORD-05081,CUST-0804,PROD-132,CHAN-2,2025-01-01,1,8.0,0.2,4.99,Completed,11.39
ORD-05082,CUST-0069,PROD-123,CHAN-2,2025-01-01,4,141.0,0.0,0.0,Completed,564.0
ORD-05083,CUST-0021,PROD-015,CHAN-1,2025-01-01,1,65.0,0.0,4.99,Completed,69.99
ORD-05084,CUST-0061,PROD-030,CHAN-2,2025-01-01,1,62.99,0.0,8.99,Completed,71.98
ORD-05085,CUST-0006,PROD-075,CHAN-2,2025-01-01,1,118.99,0.0,0.0,Completed,118.99
ORD-05086,CUST-0255,PROD-119,CHAN-2,2025-01-01,3,123.0,0.0,0.0,Completed,369.0
ORD-05087,CUST-0341,PROD-014,CHAN-1,2025-01-01,1,19.0,0.0,5.99,Completed,24.99
ORD-05088,CUST-0375,PROD-071,CHAN-1,2025-01-01,1,54.99,0.0,8.99,Completed,63.98
ORD-05089,CUST-1024,PROD-069,CHAN-2,2025-01-02,5,71.0,0.0,0.0,Refunded,355.0
ORD-05090,CUST-0190,PROD-003,CHAN-3,2025-01-02,1,70.99,0.0,11.99,Returned,82.98
ORD-05091,CUST-0812,PROD-007,CHAN-1,2025-01-02,1,49.0,0.4,5.99,Completed,35.39
ORD-05092,CUST-0159,PROD-003,CHAN-1,2025-01-02,2,70.99,0.0,0.0,Completed,141.98
ORD-05093,CUST-0994,PROD-100,CHAN-3,2025-01-02,1,38.95,0.1,11.99,Completed,47.05
ORD-05094,CUST-1366,PROD-042,CHAN-2,2025-01-02,2,17.0,0.0,5.99,Returned,39.99
ORD-05095,CUST-0042,PROD-093,CHAN-1,2025-01-02,1,25.99,0.3,11.99,Completed,30.18
ORD-05096,CUST-0012,PROD-006,CHAN-3,2025-01-02,5,58.0,0.0,0.0,Completed,290.0
ORD-05097,CUST-0139,PROD-014,CHAN-1,2025-01-03,2,19.0,0.3,8.99,Completed,35.59
ORD-05098,CUST-0040,PROD-128,CHAN-2,2025-01-03,2,5.95,0.4,8.99,Completed,16.13
ORD-05099,CUST-0420,PROD-071,CHAN-2,2025-01-03,2,54.99,0.0,0.0,Completed,109.98
ORD-05100,CUST-1237,PROD-052,CHAN-2,2025-01-03,3,124.0,0.0,0.0,Completed,372.0
ORD-05101,CUST-1645,PROD-066,CHAN-1,2025-01-04,1,71.95,0.0,5.99,Completed,77.94
ORD-05102,CUST-1326,PROD-002,CHAN-1,2025-01-04,1,28.99,0.0,4.99,Completed,33.98
ORD-05103,CUST-0517,PROD-050,CHAN-1,2025-01-04,1,40.0,0.0,8.99,Completed,48.99
ORD-05104,CUST-0976,PROD-131,CHAN-1,2025-01-04,1,7.95,0.0,5.99,Completed,13.94
ORD-05105,CUST-0617,PROD-097,CHAN-2,2025-01-04,2,6.0,0.0,5.99,Completed,17.99
ORD-05106,CUST-1451,PROD-009,CHAN-1,2025-01-04,1,60.99,0.0,8.99,Completed,69.98
ORD-05107,CUST-1184,PROD-051,CHAN-4,2025-01-04,2,105.95,0.05,0.0,Completed,201.31
ORD-05108,CUST-0775,PROD-002,CHAN-1,2025-01-04,2,28.99,0.0,4.99,Completed,62.97
ORD-05109,CUST-0035,PROD-001,CHAN-4,2025-01-05,2,50.95,0.0,0.0,Completed,101.9
ORD-05110,CUST-0044,PROD-091,CHAN-1,2025-01-05,1,13.0,0.0,0.0,Cancelled,0.0
ORD-05111,CUST-0571,PROD-087,CHAN-1,2025-01-05,1,34.99,0.0,8.99,Completed,43.98
ORD-05112,CUST-0042,PROD-150,CHAN-2,2025-01-05,1,7.0,0.0,4.99,Completed,11.99
ORD-05113,CUST-0006,PROD-054,CHAN-2,2025-01-05,2,109.0,0.0,0.0,Completed,218.0
ORD-05114,CUST-0083,PROD-145,CHAN-1,2025-01-05,1,10.95,0.0,5.99,Completed,16.94
ORD-05115,CUST-0131,PROD-041,CHAN-4,2025-01-05,2,27.95,0.4,5.99,Completed,39.53
ORD-05116,CUST-0467,PROD-006,CHAN-1,2025-01-05,1,58.0,0.25,5.99,Completed,49.49
ORD-05117,CUST-0859,PROD-084,CHAN-1,2025-01-05,1,17.0,0.0,4.99,Completed,21.99
ORD-05118,CUST-0167,PROD-126,CHAN-2,2025-01-05,1,6.99,0.35,4.99,Completed,9.53
ORD-05119,CUST-0110,PROD-004,CHAN-2,2025-01-05,2,47.99,0.05,0.0,Completed,91.18
ORD-05120,CUST-1836,PROD-038,CHAN-1,2025-01-05,1,83.99,0.3,8.99,Completed,67.78
ORD-05121,CUST-0950,PROD-002,CHAN-3,2025-01-05,2,28.99,0.0,11.99,Completed,69.97
ORD-05122,CUST-0280,PROD-048,CHAN-2,2025-01-05,1,121.95,0.0,0.0,Completed,121.95
ORD-05123,CUST-0001,PROD-004,CHAN-1,2025-01-06,2,47.99,0.4,5.99,Completed,63.58
ORD-05124,CUST-0234,PROD-045,CHAN-2,2025-01-06,1,51.0,0.0,8.99,Completed,59.99
ORD-05125,CUST-0924,PROD-030,CHAN-1,2025-01-06,1,62.99,0.0,5.99,Completed,68.98
ORD-05126,CUST-1817,PROD-089,CHAN-1,2025-01-06,3,5.99,0.15,11.99,Completed,27.26
ORD-05127,CUST-1013,PROD-005,CHAN-1,2025-01-06,1,30.99,0.0,0.0,Cancelled,0.0
ORD-05128,CUST-0572,PROD-057,CHAN-1,2025-01-06,1,32.0,0.0,11.99,Completed,43.99
ORD-05129,CUST-0041,PROD-001,CHAN-2,2025-01-06,1,50.95,0.0,5.99,Completed,56.94
ORD-05130,CUST-0399,PROD-135,CHAN-1,2025-01-06,1,13.99,0.2,11.99,Returned,23.18
ORD-05131,CUST-0006,PROD-033,CHAN-2,2025-01-06,1,63.99,0.0,4.99,Completed,68.98
ORD-05132,CUST-0315,PROD-020,CHAN-1,2025-01-07,1,25.0,0.05,11.99,Completed,35.74
ORD-05133,CUST-0543,PROD-006,CHAN-2,2025-01-07,1,58.0,0.4,4.99,Completed,39.79
ORD-05134,CUST-0071,PROD-038,CHAN-4,2025-01-07,1,83.99,0.0,0.0,Completed,83.99
ORD-05135,CUST-0036,PROD-031,CHAN-2,2025-01-07,1,100.0,0.05,0.0,Completed,95.0
ORD-05136,CUST-1652,PROD-062,CHAN-3,2025-01-07,1,77.99,0.0,0.0,Completed,77.99
ORD-05137,CUST-1210,PROD-023,CHAN-1,2025-01-07,3,58.95,0.2,0.0,Completed,141.48
ORD-05138,CUST-0008,PROD-133,CHAN-2,2025-01-07,5,18.99,0.0,0.0,Returned,94.95
ORD-05139,CUST-0393,PROD-086,CHAN-1,2025-01-07,1,7.0,0.0,4.99,Completed,11.99
ORD-05140,CUST-0887,PROD-092,CHAN-1,2025-01-07,1,8.0,0.0,11.99,Refunded,19.99
ORD-05141,CUST-0207,PROD-003,CHAN-1,2025-01-07,2,70.99,0.0,0.0,Completed,141.98
ORD-05142,CUST-0091,PROD-029,CHAN-4,2025-01-07,1,79.0,0.35,11.99,Completed,63.34
ORD-05143,CUST-0498,PROD-083,CHAN-2,2025-01-08,2,25.99,0.0,8.99,Completed,60.97
ORD-05144,CUST-0852,PROD-002,CHAN-2,2025-01-08,2,28.99,0.2,5.99,Completed,52.37
ORD-05145,CUST-0008,PROD-001,CHAN-3,2025-01-08,2,50.95,0.05,0.0,Refunded,96.81
ORD-05146,CUST-0198,PROD-133,CHAN-2,2025-01-08,4,18.99,0.0,0.0,Completed,75.96
ORD-05147,CUST-1642,PROD-036,CHAN-2,2025-01-08,1,102.99,0.0,0.0,Completed,102.99
ORD-05148,CUST-1143,PROD-093,CHAN-1,2025-01-08,1,25.99,0.0,5.99,Completed,31.98
ORD-05149,CUST-0069,PROD-100,CHAN-3,2025-01-08,1,38.95,0.0,5.99,Completed,44.94
ORD-05150,CUST-0475,PROD-102,CHAN-1,2025-01-08,1,137.0,0.0,0.0,Completed,137.0
ORD-05151,CUST-0295,PROD-125,CHAN-2,2025-01-08,1,162.99,0.0,0.0,Completed,162.99
ORD-05152,CUST-0004,PROD-061,CHAN-3,2025-01-08,1,67.0,0.0,8.99,Completed,75.99
ORD-05153,CUST-0214,PROD-004,CHAN-4,2025-01-08,1,47.99,0.0,11.99,Completed,59.98
ORD-05154,CUST-0047,PROD-100,CHAN-5,2025-01-09,1,38.95,0.0,11.99,Completed,50.94
ORD-05155,CUST-0574,PROD-017,CHAN-1,2025-01-09,1,28.99,0.1,4.99,Completed,31.08
ORD-05156,CUST-0482,PROD-005,CHAN-3,2025-01-09,1,30.99,0.0,11.99,Completed,42.98
ORD-05157,CUST-0361,PROD-040,CHAN-2,2025-01-09,1,106.95,0.0,0.0,Cancelled,0.0
ORD-05158,CUST-1391,PROD-031,CHAN-2,2025-01-09,1,100.0,0.0,0.0,Completed,100.0
ORD-05159,CUST-0012,PROD-058,CHAN-2,2025-01-09,2,86.0,0.0,0.0,Completed,172.0
ORD-05160,CUST-1423,PROD-005,CHAN-1,2025-01-09,1,30.99,0.0,0.0,Cancelled,0.0
ORD-05161,CUST-1929,PROD-001,CHAN-2,2025-01-09,1,50.95,0.0,5.99,Completed,56.94
ORD-05162,CUST-0628,PROD-009,CHAN-1,2025-01-09,1,60.99,0.0,4.99,Completed,65.98
ORD-05163,CUST-0008,PROD-002,CHAN-1,2025-01-09,1,28.99,0.35,5.99,Completed,24.83
ORD-05164,CUST-0182,PROD-015,CHAN-1,2025-01-10,1,65.0,0.0,8.99,Completed,73.99
ORD-05165,CUST-0198,PROD-008,CHAN-2,2025-01-10,1,38.99,0.25,11.99,Completed,41.23
ORD-05166,CUST-1734,PROD-003,CHAN-4,2025-01-10,2,70.99,0.1,0.0,Completed,127.78
ORD-05167,CUST-0718,PROD-125,CHAN-1,2025-01-10,1,162.99,0.0,0.0,Completed,162.99
ORD-05168,CUST-0061,PROD-011,CHAN-1,2025-01-11,1,18.95,0.0,8.99,Completed,27.94
ORD-05169,CUST-0002,PROD-023,CHAN-1,2025-01-11,1,58.95,0.0,8.99,Completed,67.94
ORD-05170,CUST-1922,PROD-041,CHAN-1,2025-01-11,1,27.95,0.1,11.99,Completed,37.15
ORD-05171,CUST-1046,PROD-002,CHAN-4,2025-01-11,1,28.99,0.3,11.99,Completed,32.28
ORD-05172,CUST-0102,PROD-143,CHAN-4,2025-01-11,1,19.0,0.0,5.99,Completed,24.99
ORD-05173,CUST-0001,PROD-084,CHAN-1,2025-01-12,1,17.0,0.0,0.0,Cancelled,0.0
ORD-05174,CUST-0022,PROD-042,CHAN-2,2025-01-12,1,17.0,0.15,4.99,Completed,19.44
ORD-05175,CUST-1688,PROD-007,CHAN-1,2025-01-12,1,49.0,0.0,11.99,Completed,60.99
ORD-05176,CUST-1291,PROD-136,CHAN-2,2025-01-12,1,4.0,0.0,4.99,Completed,8.99
ORD-05177,CUST-1882,PROD-127,CHAN-1,2025-01-12,1,7.95,0.2,5.99,Completed,12.35
ORD-05178,CUST-0423,PROD-030,CHAN-5,2025-01-12,1,62.99,0.0,11.99,Completed,74.98
ORD-05179,CUST-0580,PROD-008,CHAN-2,2025-01-12,2,38.99,0.0,0.0,Returned,77.98
ORD-05180,CUST-0058,PROD-024,CHAN-4,2025-01-12,2,39.0,0.4,5.99,Returned,52.79
ORD-05181,CUST-0458,PROD-009,CHAN-1,2025-01-12,2,60.99,0.0,0.0,Completed,121.98
ORD-05182,CUST-1177,PROD-011,CHAN-2,2025-01-13,1,18.95,0.15,5.99,Completed,22.1
ORD-05183,CUST-0001,PROD-046,CHAN-1,2025-01-13,1,36.99,0.0,4.99,Completed,41.98
ORD-05184,CUST-0863,PROD-038,CHAN-2,2025-01-13,1,83.99,0.4,11.99,Completed,62.38
ORD-05185,CUST-0863,PROD-016,CHAN-1,2025-01-13,1,25.0,0.0,5.99,Completed,30.99
ORD-05186,CUST-0036,PROD-099,CHAN-2,2025-01-13,1,17.95,0.0,8.99,Completed,26.94
ORD-05187,CUST-0575,PROD-134,CHAN-1,2025-01-13,1,3.99,0.0,11.99,Completed,15.98
ORD-05188,CUST-1269,PROD-003,CHAN-1,2025-01-14,1,70.99,0.3,5.99,Completed,55.68
ORD-05189,CUST-0271,PROD-049,CHAN-2,2025-01-14,3,19.95,0.15,4.99,Completed,55.86
ORD-05190,CUST-0990,PROD-146,CHAN-2,2025-01-14,1,8.99,0.0,4.99,Completed,13.98
ORD-05191,CUST-1770,PROD-001,CHAN-2,2025-01-14,1,50.95,0.0,11.99,Completed,62.94
ORD-05192,CUST-0965,PROD-132,CHAN-1,2025-01-14,1,8.0,0.0,11.99,Completed,19.99
ORD-05193,CUST-0047,PROD-037,CHAN-1,2025-01-14,1,60.95,0.0,0.0,Cancelled,0.0
ORD-05194,CUST-0150,PROD-017,CHAN-2,2025-01-14,1,28.99,0.0,11.99,Completed,40.98
ORD-05195,CUST-0017,PROD-075,CHAN-3,2025-01-15,1,118.99,0.35,0.0,Returned,77.34
ORD-05196,CUST-0029,PROD-087,CHAN-1,2025-01-15,1,34.99,0.4,11.99,Completed,32.98
ORD-05197,CUST-0561,PROD-010,CHAN-1,2025-01-15,4,32.99,0.0,0.0,Completed,131.96
ORD-05198,CUST-0086,PROD-122,CHAN-1,2025-01-15,2,178.99,0.3,0.0,Completed,250.59
ORD-05199,CUST-0326,PROD-002,CHAN-2,2025-01-15,2,28.99,0.0,8.99,Completed,66.97
ORD-05200,CUST-0023,PROD-079,CHAN-1,2025-01-15,2,37.99,0.35,5.99,Completed,55.38
ORD-05201,CUST-0814,PROD-001,CHAN-1,2025-01-15,1,50.95,0.0,11.99,Completed,62.94
ORD-05202,CUST-1663,PROD-019,CHAN-2,2025-01-16,1,35.95,0.0,11.99,Completed,47.94
ORD-05203,CUST-0806,PROD-055,CHAN-2,2025-01-16,3,110.99,0.0,0.0,Returned,332.97
ORD-05204,CUST-0019,PROD-012,CHAN-5,2025-01-16,1,63.0,0.0,11.99,Completed,74.99
ORD-05205,CUST-0835,PROD-079,CHAN-2,2025-01-16,1,37.99,0.0,8.99,Completed,46.98
ORD-05206,CUST-0042,PROD-067,CHAN-1,2025-01-16,1,95.99,0.0,0.0,Completed,95.99
ORD-05207,CUST-0311,PROD-024,CHAN-1,2025-01-16,3,39.0,0.3,0.0,Completed,81.9
ORD-05208,CUST-0336,PROD-048,CHAN-4,2025-01-16,1,121.95,0.0,0.0,Completed,121.95
ORD-05209,CUST-1781,PROD-003,CHAN-3,2025-01-16,1,70.99,0.15,5.99,Completed,66.33
ORD-05210,CUST-1139,PROD-110,CHAN-1,2025-01-16,1,35.95,0.25,5.99,Completed,32.95
ORD-05211,CUST-0851,PROD-003,CHAN-2,2025-01-17,1,70.99,0.0,8.99,Completed,79.98
ORD-05212,CUST-1573,PROD-013,CHAN-2,2025-01-17,1,41.95,0.0,8.99,Completed,50.94
ORD-05213,CUST-0071,PROD-026,CHAN-2,2025-01-17,1,36.95,0.25,11.99,Completed,39.7
ORD-05214,CUST-1457,PROD-001,CHAN-2,2025-01-17,1,50.95,0.3,8.99,Completed,44.66
ORD-05215,CUST-0364,PROD-008,CHAN-2,2025-01-17,1,38.99,0.0,5.99,Completed,44.98
ORD-05216,CUST-0024,PROD-010,CHAN-1,2025-01-17,1,32.99,0.1,8.99,Completed,38.68
ORD-05217,CUST-0001,PROD-009,CHAN-2,2025-01-17,1,60.99,0.0,5.99,Completed,66.98
ORD-05218,CUST-0126,PROD-004,CHAN-2,2025-01-17,1,47.99,0.25,8.99,Completed,44.98
ORD-05219,CUST-0706,PROD-082,CHAN-2,2025-01-18,1,22.0,0.25,11.99,Completed,28.49
ORD-05220,CUST-0337,PROD-011,CHAN-4,2025-01-18,2,18.95,0.0,5.99,Completed,43.89
ORD-05221,CUST-0312,PROD-140,CHAN-2,2025-01-18,1,12.0,0.3,11.99,Refunded,20.39
ORD-05222,CUST-0008,PROD-045,CHAN-3,2025-01-18,2,51.0,0.0,0.0,Completed,102.0
ORD-05223,CUST-0527,PROD-024,CHAN-2,2025-01-18,2,39.0,0.25,4.99,Completed,63.49
ORD-05224,CUST-0198,PROD-035,CHAN-2,2025-01-18,2,102.99,0.05,0.0,Completed,195.68
ORD-05225,CUST-1068,PROD-001,CHAN-1,2025-01-18,2,50.95,0.0,0.0,Completed,101.9
ORD-05226,CUST-1229,PROD-024,CHAN-2,2025-01-18,3,39.0,0.15,0.0,Completed,99.45
ORD-05227,CUST-1560,PROD-092,CHAN-1,2025-01-18,2,8.0,0.0,4.99,Completed,20.99
ORD-05228,CUST-0009,PROD-120,CHAN-1,2025-01-18,1,158.0,0.3,0.0,Completed,110.6
ORD-05229,CUST-0540,PROD-090,CHAN-2,2025-01-18,1,21.0,0.0,11.99,Completed,32.99
ORD-05230,CUST-0790,PROD-023,CHAN-1,2025-01-18,5,58.95,0.0,0.0,Completed,294.75
ORD-05231,CUST-0495,PROD-076,CHAN-2,2025-01-19,2,7.99,0.0,5.99,Completed,21.97
ORD-05232,CUST-0934,PROD-065,CHAN-5,2025-01-19,1,30.0,0.25,11.99,Completed,34.49
ORD-05233,CUST-0791,PROD-095,CHAN-1,2025-01-19,1,18.95,0.0,5.99,Completed,24.94
ORD-05234,CUST-1839,PROD-001,CHAN-1,2025-01-19,1,50.95,0.05,4.99,Completed,53.39
ORD-05235,CUST-0001,PROD-121,CHAN-1,2025-01-19,1,156.99,0.0,0.0,Completed,156.99
ORD-05236,CUST-1177,PROD-013,CHAN-2,2025-01-20,2,41.95,0.1,0.0,Completed,75.51
ORD-05237,CUST-1073,PROD-091,CHAN-1,2025-01-20,1,13.0,0.0,8.99,Completed,21.99
ORD-05238,CUST-0096,PROD-001,CHAN-2,2025-01-20,1,50.95,0.0,11.99,Completed,62.94
ORD-05239,CUST-0426,PROD-015,CHAN-2,2025-01-20,1,65.0,0.0,11.99,Refunded,76.99
ORD-05240,CUST-0034,PROD-063,CHAN-2,2025-01-20,2,96.99,0.0,0.0,Completed,193.98
ORD-05241,CUST-1397,PROD-074,CHAN-2,2025-01-20,1,45.95,0.0,5.99,Completed,51.94
ORD-05242,CUST-0011,PROD-099,CHAN-1,2025-01-20,1,17.95,0.3,8.99,Refunded,21.55
ORD-05243,CUST-0018,PROD-007,CHAN-2,2025-01-20,1,49.0,0.0,11.99,Completed,60.99
ORD-05244,CUST-0246,PROD-005,CHAN-2,2025-01-20,2,30.99,0.2,8.99,Completed,58.57
ORD-05245,CUST-0144,PROD-092,CHAN-1,2025-01-20,1,8.0,0.15,5.99,Completed,12.79
ORD-05246,CUST-0863,PROD-141,CHAN-1,2025-01-21,1,15.0,0.15,4.99,Completed,17.74
ORD-05247,CUST-0067,PROD-004,CHAN-1,2025-01-21,1,47.99,0.4,8.99,Completed,37.78
ORD-05248,CUST-0201,PROD-122,CHAN-1,2025-01-21,4,178.99,0.0,0.0,Returned,715.96
ORD-05249,CUST-1138,PROD-116,CHAN-4,2025-01-21,2,103.99,0.2,0.0,Completed,166.38
ORD-05250,CUST-1060,PROD-030,CHAN-2,2025-01-21,3,62.99,0.0,0.0,Completed,188.97
ORD-05251,CUST-0160,PROD-001,CHAN-2,2025-01-21,1,50.95,0.0,11.99,Returned,62.94
ORD-05252,CUST-1156,PROD-002,CHAN-2,2025-01-21,1,28.99,0.0,0.0,Cancelled,0.0
ORD-05253,CUST-1522,PROD-003,CHAN-3,2025-01-21,1,70.99,0.0,8.99,Completed,79.98
ORD-05254,CUST-0001,PROD-010,CHAN-1,2025-01-21,1,32.99,0.0,8.99,Refunded,41.98
ORD-05255,CUST-0015,PROD-030,CHAN-1,2025-01-22,2,62.99,0.0,0.0,Completed,125.98
ORD-05256,CUST-0003,PROD-020,CHAN-2,2025-01-22,3,25.0,0.0,0.0,Completed,75.0
ORD-05257,CUST-1368,PROD-120,CHAN-1,2025-01-22,2,158.0,0.0,0.0,Completed,316.0
ORD-05258,CUST-1029,PROD-122,CHAN-1,2025-01-23,3,178.99,0.0,0.0,Completed,536.97
ORD-05259,CUST-0187,PROD-060,CHAN-1,2025-01-23,1,51.99,0.0,5.99,Completed,57.98
ORD-05260,CUST-0406,PROD-020,CHAN-2,2025-01-23,1,25.0,0.3,4.99,Completed,22.49
ORD-05261,CUST-0744,PROD-010,CHAN-4,2025-01-23,1,32.99,0.0,8.99,Completed,41.98
ORD-05262,CUST-0035,PROD-084,CHAN-1,2025-01-23,1,17.0,0.25,11.99,Completed,24.74
ORD-05263,CUST-0371,PROD-046,CHAN-1,2025-01-23,1,36.99,0.3,5.99,Completed,31.88
ORD-05264,CUST-1722,PROD-014,CHAN-1,2025-01-24,5,19.0,0.15,0.0,Completed,80.75
ORD-05265,CUST-0093,PROD-069,CHAN-1,2025-01-24,1,71.0,0.15,4.99,Completed,65.34
ORD-05266,CUST-0169,PROD-139,CHAN-1,2025-01-24,1,6.99,0.0,4.99,Completed,11.98
ORD-05267,CUST-1717,PROD-147,CHAN-1,2025-01-24,2,5.95,0.0,0.0,Cancelled,0.0
ORD-05268,CUST-0164,PROD-053,CHAN-1,2025-01-24,1,88.95,0.4,11.99,Completed,65.36
ORD-05269,CUST-0022,PROD-050,CHAN-2,2025-01-24,1,40.0,0.0,11.99,Completed,51.99
ORD-05270,CUST-0397,PROD-142,CHAN-2,2025-01-24,1,5.0,0.0,4.99,Completed,9.99
ORD-05271,CUST-1580,PROD-050,CHAN-1,2025-01-24,1,40.0,0.0,11.99,Completed,51.99
ORD-05272,CUST-0029,PROD-088,CHAN-4,2025-01-25,1,29.99,0.3,5.99,Completed,26.98
ORD-05273,CUST-0227,PROD-028,CHAN-1,2025-01-25,2,109.0,0.25,0.0,Completed,163.5
ORD-05274,CUST-0557,PROD-002,CHAN-3,2025-01-25,1,28.99,0.1,5.99,Completed,32.08
ORD-05275,CUST-1890,PROD-023,CHAN-2,2025-01-25,1,58.95,0.0,8.99,Completed,67.94
ORD-05276,CUST-0128,PROD-096,CHAN-2,2025-01-25,3,22.99,0.2,8.99,Completed,64.17
ORD-05277,CUST-0463,PROD-129,CHAN-5,2025-01-25,1,8.99,0.0,5.99,Completed,14.98
ORD-05278,CUST-0442,PROD-104,CHAN-1,2025-01-25,2,72.99,0.0,0.0,Completed,145.98
ORD-05279,CUST-0499,PROD-079,CHAN-1,2025-01-25,2,37.99,0.0,0.0,Completed,75.98
ORD-05280,CUST-0099,PROD-097,CHAN-2,2025-01-26,1,6.0,0.0,4.99,Completed,10.99
ORD-05281,CUST-1756,PROD-088,CHAN-5,2025-01-26,1,29.99,0.0,5.99,Completed,35.98
ORD-05282,CUST-0634,PROD-056,CHAN-2,2025-01-26,1,131.0,0.05,0.0,Completed,124.45
ORD-05283,CUST-0085,PROD-124,CHAN-1,2025-01-26,4,180.95,0.35,0.0,Completed,470.47
ORD-05284,CUST-0042,PROD-150,CHAN-2,2025-01-26,2,7.0,0.4,4.99,Completed,13.39
ORD-05285,CUST-0181,PROD-123,CHAN-2,2025-01-26,1,141.0,0.0,0.0,Returned,141.0
ORD-05286,CUST-0008,PROD-060,CHAN-3,2025-01-26,1,51.99,0.0,8.99,Completed,60.98
ORD-05287,CUST-0888,PROD-001,CHAN-4,2025-01-26,4,50.95,0.0,0.0,Completed,203.8
ORD-05288,CUST-0136,PROD-003,CHAN-2,2025-01-26,1,70.99,0.0,5.99,Completed,76.98
ORD-05289,CUST-0295,PROD-013,CHAN-2,2025-01-26,1,41.95,0.3,5.99,Completed,35.35
ORD-05290,CUST-0003,PROD-001,CHAN-2,2025-01-26,1,50.95,0.0,5.99,Completed,56.94
ORD-05291,CUST-0051,PROD-063,CHAN-3,2025-01-26,1,96.99,0.0,0.0,Completed,96.99
ORD-05292,CUST-1222,PROD-066,CHAN-1,2025-01-26,1,71.95,0.0,4.99,Completed,76.94
ORD-05293,CUST-0336,PROD-080,CHAN-1,2025-01-26,4,20.95,0.05,0.0,Completed,79.61
ORD-05294,CUST-0729,PROD-022,CHAN-1,2025-01-26,1,21.0,0.0,8.99,Completed,29.99
ORD-05295,CUST-0303,PROD-037,CHAN-2,2025-01-27,2,60.95,0.0,0.0,Completed,121.9
ORD-05296,CUST-0037,PROD-053,CHAN-1,2025-01-27,1,88.95,0.15,0.0,Returned,75.61
ORD-05297,CUST-0974,PROD-025,CHAN-3,2025-01-27,4,57.99,0.0,0.0,Returned,231.96
ORD-05298,CUST-0533,PROD-005,CHAN-1,2025-01-27,1,30.99,0.0,4.99,Completed,35.98
ORD-05299,CUST-0523,PROD-101,CHAN-2,2025-01-27,2,66.0,0.1,0.0,Completed,118.8
ORD-05300,CUST-1100,PROD-108,CHAN-1,2025-01-27,2,114.95,0.4,0.0,Completed,137.94
ORD-05301,CUST-0647,PROD-014,CHAN-5,2025-01-27,3,19.0,0.3,11.99,Completed,51.89
ORD-05302,CUST-0461,PROD-106,CHAN-1,2025-01-27,1,103.0,0.0,0.0,Completed,103.0
ORD-05303,CUST-0030,PROD-041,CHAN-2,2025-01-27,1,27.95,0.0,4.99,Returned,32.94
ORD-05304,CUST-0697,PROD-004,CHAN-1,2025-01-27,1,47.99,0.4,8.99,Completed,37.78
ORD-05305,CUST-0196,PROD-017,CHAN-1,2025-01-27,1,28.99,0.0,5.99,Completed,34.98
ORD-05306,CUST-0023,PROD-026,CHAN-4,2025-01-27,1,36.95,0.0,8.99,Completed,45.94
ORD-05307,CUST-0729,PROD-005,CHAN-1,2025-01-27,1,30.99,0.3,4.99,Returned,26.68
ORD-05308,CUST-1679,PROD-029,CHAN-2,2025-01-27,1,79.0,0.15,11.99,Completed,79.14
ORD-05309,CUST-0017,PROD-133,CHAN-1,2025-01-28,1,18.99,0.0,5.99,Completed,24.98
ORD-05310,CUST-0092,PROD-018,CHAN-1,2025-01-28,1,83.95,0.0,0.0,Completed,83.95
ORD-05311,CUST-0130,PROD-059,CHAN-1,2025-01-28,4,58.99,0.0,0.0,Completed,235.96
ORD-05312,CUST-0026,PROD-065,CHAN-2,2025-01-28,1,30.0,0.35,5.99,Completed,25.49
ORD-05313,CUST-0011,PROD-005,CHAN-1,2025-01-28,1,30.99,0.25,11.99,Completed,35.23
ORD-05314,CUST-0700,PROD-028,CHAN-2,2025-01-28,1,109.0,0.2,0.0,Completed,87.2
ORD-05315,CUST-1340,PROD-006,CHAN-1,2025-01-28,1,58.0,0.2,5.99,Completed,52.39
ORD-05316,CUST-0016,PROD-066,CHAN-2,2025-01-28,1,71.95,0.05,8.99,Completed,77.34
ORD-05317,CUST-0417,PROD-136,CHAN-2,2025-01-28,1,4.0,0.0,0.0,Cancelled,0.0
ORD-05318,CUST-0058,PROD-003,CHAN-2,2025-01-29,1,70.99,0.0,0.0,Cancelled,0.0
ORD-05319,CUST-0364,PROD-008,CHAN-3,2025-01-29,5,38.99,0.0,0.0,Completed,194.95
ORD-05320,CUST-0109,PROD-106,CHAN-3,2025-01-29,5,103.0,0.0,0.0,Completed,515.0
ORD-05321,CUST-0126,PROD-086,CHAN-1,2025-01-29,1,7.0,0.3,5.99,Refunded,10.89
ORD-05322,CUST-0787,PROD-082,CHAN-1,2025-01-29,2,22.0,0.0,8.99,Returned,52.99
ORD-05323,CUST-0209,PROD-009,CHAN-2,2025-01-29,2,60.99,0.0,0.0,Completed,121.98
ORD-05324,CUST-1828,PROD-084,CHAN-1,2025-01-29,1,17.0,0.0,5.99,Completed,22.99
ORD-05325,CUST-0006,PROD-003,CHAN-1,2025-01-30,1,70.99,0.0,8.99,Completed,79.98
ORD-05326,CUST-0011,PROD-117,CHAN-2,2025-01-30,2,27.99,0.4,11.99,Completed,45.58
ORD-05327,CUST-0153,PROD-026,CHAN-1,2025-01-30,1,36.95,0.0,5.99,Completed,42.94
ORD-05328,CUST-0540,PROD-037,CHAN-3,2025-01-30,3,60.95,0.0,0.0,Cancelled,0.0
ORD-05329,CUST-0275,PROD-010,CHAN-4,2025-01-30,2,32.99,0.35,8.99,Completed,51.88
ORD-05330,CUST-0611,PROD-083,CHAN-1,2025-01-30,1,25.99,0.15,4.99,Completed,27.08
ORD-05331,CUST-0020,PROD-005,CHAN-1,2025-01-31,1,30.99,0.0,5.99,Completed,36.98
ORD-05332,CUST-1312,PROD-050,CHAN-1,2025-01-31,1,40.0,0.1,8.99,Completed,44.99
ORD-05333,CUST-0497,PROD-004,CHAN-2,2025-01-31,2,47.99,0.0,0.0,Completed,95.98
ORD-05334,CUST-0401,PROD-005,CHAN-2,2025-01-31,1,30.99,0.15,8.99,Completed,35.33
ORD-05335,CUST-0046,PROD-034,CHAN-4,2025-02-01,1,65.99,0.0,11.99,Completed,77.98
ORD-05336,CUST-1532,PROD-002,CHAN-1,2025-02-01,1,28.99,0.15,11.99,Completed,36.63
ORD-05337,CUST-0032,PROD-017,CHAN-1,2025-02-01,1,28.99,0.0,8.99,Refunded,37.98
ORD-05338,CUST-0078,PROD-081,CHAN-2,2025-02-02,3,38.95,0.0,0.0,Completed,116.85
ORD-05339,CUST-0846,PROD-072,CHAN-2,2025-02-02,2,35.95,0.0,8.99,Completed,80.89
ORD-05340,CUST-0089,PROD-015,CHAN-2,2025-02-02,1,65.0,0.0,4.99,Completed,69.99
ORD-05341,CUST-1562,PROD-043,CHAN-1,2025-02-02,2,45.99,0.0,0.0,Completed,91.98
ORD-05342,CUST-0101,PROD-139,CHAN-5,2025-02-02,1,6.99,0.1,5.99,Completed,12.28
ORD-05343,CUST-0011,PROD-012,CHAN-2,2025-02-02,2,63.0,0.0,0.0,Completed,126.0
ORD-05344,CUST-0030,PROD-003,CHAN-1,2025-02-02,1,70.99,0.2,5.99,Completed,62.78
ORD-05345,CUST-1440,PROD-001,CHAN-1,2025-02-03,1,50.95,0.0,5.99,Completed,56.94
ORD-05346,CUST-1198,PROD-098,CHAN-2,2025-02-03,1,30.99,0.15,4.99,Completed,31.33
ORD-05347,CUST-0181,PROD-146,CHAN-5,2025-02-03,1,8.99,0.1,8.99,Completed,17.08
ORD-05348,CUST-0800,PROD-136,CHAN-1,2025-02-03,1,4.0,0.0,11.99,Completed,15.99
ORD-05349,CUST-0686,PROD-138,CHAN-2,2025-02-04,2,3.99,0.0,8.99,Completed,16.97
ORD-05350,CUST-0211,PROD-003,CHAN-1,2025-02-04,4,70.99,0.1,0.0,Completed,255.56
ORD-05351,CUST-0312,PROD-001,CHAN-4,2025-02-04,1,50.95,0.05,11.99,Completed,60.39
ORD-05352,CUST-1239,PROD-046,CHAN-1,2025-02-04,1,36.99,0.15,4.99,Completed,36.43
ORD-05353,CUST-1987,PROD-001,CHAN-3,2025-02-04,1,50.95,0.0,11.99,Completed,62.94
ORD-05354,CUST-0177,PROD-022,CHAN-3,2025-02-04,1,21.0,0.0,5.99,Completed,26.99
ORD-05355,CUST-0243,PROD-100,CHAN-1,2025-02-05,1,38.95,0.0,11.99,Completed,50.94
ORD-05356,CUST-0001,PROD-071,CHAN-2,2025-02-05,2,54.99,0.35,8.99,Completed,80.48
ORD-05357,CUST-0321,PROD-009,CHAN-3,2025-02-05,1,60.99,0.35,5.99,Completed,45.63
ORD-05358,CUST-1673,PROD-011,CHAN-1,2025-02-05,1,18.95,0.0,4.99,Completed,23.94
ORD-05359,CUST-0003,PROD-001,CHAN-2,2025-02-05,1,50.95,0.0,11.99,Completed,62.94
ORD-05360,CUST-0001,PROD-015,CHAN-2,2025-02-05,1,65.0,0.0,0.0,Cancelled,0.0
ORD-05361,CUST-0016,PROD-051,CHAN-2,2025-02-06,1,105.95,0.0,0.0,Completed,105.95
ORD-05362,CUST-0177,PROD-004,CHAN-2,2025-02-06,2,47.99,0.25,5.99,Completed,77.97
ORD-05363,CUST-0274,PROD-007,CHAN-1,2025-02-06,3,49.0,0.4,0.0,Completed,88.2
ORD-05364,CUST-0905,PROD-016,CHAN-1,2025-02-07,2,25.0,0.0,4.99,Completed,54.99
ORD-05365,CUST-0028,PROD-043,CHAN-2,2025-02-07,1,45.99,0.0,11.99,Completed,57.98
ORD-05366,CUST-0002,PROD-010,CHAN-4,2025-02-07,1,32.99,0.0,8.99,Completed,41.98
ORD-05367,CUST-1158,PROD-047,CHAN-4,2025-02-07,3,82.0,0.0,0.0,Completed,246.0
ORD-05368,CUST-0296,PROD-017,CHAN-2,2025-02-07,1,28.99,0.0,5.99,Completed,34.98
ORD-05369,CUST-0320,PROD-101,CHAN-1,2025-02-08,1,66.0,0.0,4.99,Completed,70.99
ORD-05370,CUST-0734,PROD-011,CHAN-1,2025-02-08,4,18.95,0.0,0.0,Completed,75.8
ORD-05371,CUST-0577,PROD-135,CHAN-2,2025-02-08,2,13.99,0.0,5.99,Completed,33.97
ORD-05372,CUST-0499,PROD-005,CHAN-2,2025-02-08,1,30.99,0.3,5.99,Completed,27.68
ORD-05373,CUST-1993,PROD-012,CHAN-1,2025-02-08,1,63.0,0.0,5.99,Completed,68.99
ORD-05374,CUST-0341,PROD-001,CHAN-1,2025-02-08,2,50.95,0.0,0.0,Cancelled,0.0
ORD-05375,CUST-0297,PROD-005,CHAN-2,2025-02-08,1,30.99,0.0,8.99,Completed,39.98
ORD-05376,CUST-0046,PROD-138,CHAN-1,2025-02-08,1,3.99,0.2,4.99,Completed,8.18
ORD-05377,CUST-1845,PROD-095,CHAN-1,2025-02-08,1,18.95,0.0,5.99,Completed,24.94
ORD-05378,CUST-1344,PROD-021,CHAN-2,2025-02-08,1,39.0,0.0,5.99,Completed,44.99
ORD-05379,CUST-0186,PROD-061,CHAN-2,2025-02-09,1,67.0,0.0,4.99,Completed,71.99
ORD-05380,CUST-1154,PROD-003,CHAN-2,2025-02-09,1,70.99,0.0,11.99,Completed,82.98
ORD-05381,CUST-0789,PROD-026,CHAN-2,2025-02-09,1,36.95,0.0,5.99,Completed,42.94
ORD-05382,CUST-0645,PROD-102,CHAN-3,2025-02-09,1,137.0,0.2,0.0,Completed,109.6
ORD-05383,CUST-0101,PROD-006,CHAN-1,2025-02-09,1,58.0,0.0,11.99,Completed,69.99
ORD-05384,CUST-0035,PROD-136,CHAN-3,2025-02-10,1,4.0,0.0,5.99,Completed,9.99
ORD-05385,CUST-0436,PROD-093,CHAN-1,2025-02-10,1,25.99,0.0,4.99,Completed,30.98
ORD-05386,CUST-0191,PROD-008,CHAN-2,2025-02-10,5,38.99,0.0,0.0,Completed,194.95
ORD-05387,CUST-0147,PROD-046,CHAN-1,2025-02-11,2,36.99,0.0,11.99,Completed,85.97
ORD-05388,CUST-1354,PROD-007,CHAN-3,2025-02-11,1,49.0,0.0,5.99,Completed,54.99
ORD-05389,CUST-0008,PROD-064,CHAN-1,2025-02-11,1,43.0,0.1,4.99,Completed,43.69
ORD-05390,CUST-0643,PROD-002,CHAN-1,2025-02-11,1,28.99,0.15,5.99,Completed,30.63
ORD-05391,CUST-0069,PROD-001,CHAN-1,2025-02-11,2,50.95,0.0,0.0,Completed,101.9
ORD-05392,CUST-1559,PROD-005,CHAN-1,2025-02-11,1,30.99,0.0,5.99,Completed,36.98
ORD-05393,CUST-1764,PROD-015,CHAN-3,2025-02-11,1,65.0,0.1,11.99,Completed,70.49
ORD-05394,CUST-1775,PROD-004,CHAN-5,2025-02-11,1,47.99,0.0,4.99,Completed,52.98
ORD-05395,CUST-1757,PROD-032,CHAN-2,2025-02-11,2,89.95,0.0,0.0,Completed,179.9
ORD-05396,CUST-0841,PROD-058,CHAN-1,2025-02-12,2,86.0,0.05,0.0,Completed,163.4
ORD-05397,CUST-1734,PROD-001,CHAN-2,2025-02-12,2,50.95,0.0,0.0,Completed,101.9
ORD-05398,CUST-0644,PROD-096,CHAN-3,2025-02-12,2,22.99,0.1,8.99,Completed,50.37
ORD-05399,CUST-0824,PROD-140,CHAN-3,2025-02-13,2,12.0,0.15,11.99,Completed,32.39
ORD-05400,CUST-0007,PROD-010,CHAN-2,2025-02-13,2,32.99,0.0,4.99,Completed,70.97
ORD-05401,CUST-0094,PROD-003,CHAN-1,2025-02-13,2,70.99,0.0,0.0,Completed,141.98
ORD-05402,CUST-1408,PROD-125,CHAN-1,2025-02-13,1,162.99,0.0,0.0,Completed,162.99
ORD-05403,CUST-0192,PROD-022,CHAN-2,2025-02-13,1,21.0,0.0,5.99,Completed,26.99
ORD-05404,CUST-0001,PROD-030,CHAN-1,2025-02-13,1,62.99,0.4,5.99,Completed,43.78
ORD-05405,CUST-0277,PROD-008,CHAN-2,2025-02-13,1,38.99,0.15,11.99,Completed,45.13
ORD-05406,CUST-0525,PROD-148,CHAN-2,2025-02-14,1,15.0,0.0,11.99,Completed,26.99
ORD-05407,CUST-1595,PROD-022,CHAN-1,2025-02-14,1,21.0,0.0,8.99,Completed,29.99
ORD-05408,CUST-0187,PROD-062,CHAN-1,2025-02-14,2,77.99,0.3,0.0,Completed,109.19
ORD-05409,CUST-0006,PROD-122,CHAN-4,2025-02-14,5,178.99,0.15,0.0,Completed,760.71
ORD-05410,CUST-1136,PROD-005,CHAN-2,2025-02-14,1,30.99,0.25,11.99,Completed,35.23
ORD-05411,CUST-1494,PROD-017,CHAN-1,2025-02-14,3,28.99,0.4,8.99,Completed,61.17
ORD-05412,CUST-0001,PROD-007,CHAN-1,2025-02-14,2,49.0,0.0,0.0,Completed,98.0
ORD-05413,CUST-0630,PROD-067,CHAN-3,2025-02-14,1,95.99,0.0,0.0,Completed,95.99
ORD-05414,CUST-0361,PROD-079,CHAN-2,2025-02-14,1,37.99,0.35,11.99,Completed,36.68
ORD-05415,CUST-0001,PROD-002,CHAN-1,2025-02-14,1,28.99,0.0,4.99,Refunded,33.98
ORD-05416,CUST-0012,PROD-028,CHAN-1,2025-02-15,2,109.0,0.0,0.0,Completed,218.0
ORD-05417,CUST-1383,PROD-024,CHAN-2,2025-02-15,3,39.0,0.05,0.0,Completed,111.15
ORD-05418,CUST-0385,PROD-149,CHAN-1,2025-02-15,2,11.99,0.0,8.99,Completed,32.97
ORD-05419,CUST-0318,PROD-001,CHAN-5,2025-02-15,4,50.95,0.0,0.0,Completed,203.8
ORD-05420,CUST-0166,PROD-137,CHAN-1,2025-02-15,1,15.0,0.0,8.99,Completed,23.99
ORD-05421,CUST-0033,PROD-011,CHAN-2,2025-02-15,1,18.95,0.2,8.99,Completed,24.15
ORD-05422,CUST-0001,PROD-027,CHAN-1,2025-02-16,1,54.0,0.0,8.99,Returned,62.99
ORD-05423,CUST-0034,PROD-106,CHAN-1,2025-02-16,1,103.0,0.0,0.0,Completed,103.0
ORD-05424,CUST-0090,PROD-062,CHAN-1,2025-02-16,1,77.99,0.1,11.99,Completed,82.18
ORD-05425,CUST-0119,PROD-117,CHAN-1,2025-02-16,2,27.99,0.0,4.99,Completed,60.97
ORD-05426,CUST-0025,PROD-003,CHAN-1,2025-02-16,1,70.99,0.15,11.99,Completed,72.33
ORD-05427,CUST-0359,PROD-147,CHAN-1,2025-02-16,1,5.95,0.15,4.99,Completed,10.05
ORD-05428,CUST-0169,PROD-019,CHAN-1,2025-02-16,2,35.95,0.0,5.99,Completed,77.89
ORD-05429,CUST-0001,PROD-090,CHAN-1,2025-02-16,1,21.0,0.0,4.99,Completed,25.99
ORD-05430,CUST-0208,PROD-016,CHAN-1,2025-02-16,1,25.0,0.05,4.99,Completed,28.74
ORD-05431,CUST-0090,PROD-101,CHAN-1,2025-02-16,2,66.0,0.25,0.0,Completed,99.0
ORD-05432,CUST-0084,PROD-117,CHAN-1,2025-02-16,1,27.99,0.2,4.99,Returned,27.38
ORD-05433,CUST-1925,PROD-006,CHAN-2,2025-02-16,1,58.0,0.0,5.99,Completed,63.99
ORD-05434,CUST-0155,PROD-136,CHAN-3,2025-02-17,2,4.0,0.0,8.99,Completed,16.99
ORD-05435,CUST-1864,PROD-032,CHAN-1,2025-02-17,2,89.95,0.0,0.0,Completed,179.9
ORD-05436,CUST-0163,PROD-007,CHAN-2,2025-02-17,3,49.0,0.4,0.0,Completed,88.2
ORD-05437,CUST-0026,PROD-108,CHAN-1,2025-02-17,1,114.95,0.0,0.0,Completed,114.95
ORD-05438,CUST-1287,PROD-141,CHAN-1,2025-02-17,1,15.0,0.0,11.99,Returned,26.99
ORD-05439,CUST-0173,PROD-099,CHAN-1,2025-02-17,1,17.95,0.15,11.99,Completed,27.25
ORD-05440,CUST-0790,PROD-026,CHAN-1,2025-02-18,2,36.95,0.0,0.0,Cancelled,0.0
ORD-05441,CUST-1586,PROD-135,CHAN-1,2025-02-18,3,13.99,0.3,11.99,Completed,41.37
ORD-05442,CUST-0885,PROD-005,CHAN-2,2025-02-18,1,30.99,0.0,8.99,Completed,39.98
ORD-05443,CUST-0798,PROD-081,CHAN-2,2025-02-18,1,38.95,0.3,11.99,Completed,39.26
ORD-05444,CUST-0582,PROD-007,CHAN-4,2025-02-18,1,49.0,0.0,5.99,Completed,54.99
ORD-05445,CUST-0008,PROD-007,CHAN-2,2025-02-19,1,49.0,0.0,8.99,Completed,57.99
ORD-05446,CUST-0883,PROD-013,CHAN-2,2025-02-19,1,41.95,0.0,11.99,Completed,53.94
ORD-05447,CUST-0400,PROD-138,CHAN-2,2025-02-19,1,3.99,0.0,4.99,Completed,8.98
ORD-05448,CUST-1940,PROD-005,CHAN-2,2025-02-19,1,30.99,0.05,4.99,Completed,34.43
ORD-05449,CUST-0087,PROD-006,CHAN-1,2025-02-19,2,58.0,0.0,0.0,Completed,116.0
ORD-05450,CUST-1389,PROD-033,CHAN-1,2025-02-19,2,63.99,0.0,0.0,Completed,127.98
ORD-05451,CUST-0302,PROD-030,CHAN-1,2025-02-19,1,62.99,0.25,8.99,Completed,56.23
ORD-05452,CUST-0368,PROD-055,CHAN-2,2025-02-19,2,110.99,0.05,0.0,Completed,210.88
ORD-05453,CUST-0105,PROD-050,CHAN-1,2025-02-20,2,40.0,0.3,11.99,Completed,67.99
ORD-05454,CUST-0009,PROD-007,CHAN-3,2025-02-20,1,49.0,0.0,8.99,Completed,57.99
ORD-05455,CUST-0576,PROD-141,CHAN-2,2025-02-20,1,15.0,0.0,11.99,Completed,26.99
ORD-05456,CUST-0107,PROD-101,CHAN-1,2025-02-20,2,66.0,0.0,0.0,Completed,132.0
ORD-05457,CUST-1020,PROD-038,CHAN-2,2025-02-20,1,83.99,0.0,0.0,Completed,83.99
ORD-05458,CUST-0350,PROD-071,CHAN-1,2025-02-20,1,54.99,0.0,11.99,Completed,66.98
ORD-05459,CUST-0642,PROD-064,CHAN-2,2025-02-21,2,43.0,0.0,0.0,Completed,86.0
ORD-05460,CUST-0294,PROD-116,CHAN-2,2025-02-21,1,103.99,0.15,0.0,Completed,88.39
ORD-05461,CUST-0179,PROD-067,CHAN-3,2025-02-21,1,95.99,0.2,0.0,Completed,76.79
ORD-05462,CUST-0348,PROD-004,CHAN-1,2025-02-21,1,47.99,0.0,8.99,Completed,56.98
ORD-05463,CUST-0006,PROD-066,CHAN-4,2025-02-21,4,71.95,0.4,0.0,Completed,172.68
ORD-05464,CUST-0043,PROD-084,CHAN-4,2025-02-21,1,17.0,0.0,8.99,Completed,25.99
ORD-05465,CUST-0201,PROD-127,CHAN-1,2025-02-22,3,7.95,0.0,8.99,Completed,32.84
ORD-05466,CUST-0370,PROD-003,CHAN-1,2025-02-22,1,70.99,0.35,8.99,Completed,55.13
ORD-05467,CUST-0079,PROD-044,CHAN-2,2025-02-22,1,66.0,0.0,5.99,Completed,71.99
ORD-05468,CUST-0007,PROD-096,CHAN-2,2025-02-22,2,22.99,0.4,4.99,Completed,32.58
ORD-05469,CUST-1193,PROD-017,CHAN-1,2025-02-22,3,28.99,0.3,5.99,Completed,66.87
ORD-05470,CUST-0963,PROD-003,CHAN-2,2025-02-22,1,70.99,0.0,0.0,Cancelled,0.0
ORD-05471,CUST-0002,PROD-042,CHAN-1,2025-02-22,4,17.0,0.15,5.99,Completed,63.79
ORD-05472,CUST-1480,PROD-063,CHAN-1,2025-02-22,1,96.99,0.0,0.0,Completed,96.99
ORD-05473,CUST-0154,PROD-035,CHAN-1,2025-02-23,1,102.99,0.0,0.0,Completed,102.99
ORD-05474,CUST-0228,PROD-135,CHAN-4,2025-02-23,1,13.99,0.0,5.99,Completed,19.98
ORD-05475,CUST-0622,PROD-004,CHAN-1,2025-02-23,3,47.99,0.0,0.0,Completed,143.97
ORD-05476,CUST-0771,PROD-007,CHAN-2,2025-02-23,3,49.0,0.0,0.0,Completed,147.0
ORD-05477,CUST-0128,PROD-007,CHAN-4,2025-02-23,1,49.0,0.0,5.99,Completed,54.99
ORD-05478,CUST-0204,PROD-012,CHAN-3,2025-02-23,2,63.0,0.0,0.0,Completed,126.0
ORD-05479,CUST-0188,PROD-001,CHAN-1,2025-02-23,1,50.95,0.3,5.99,Completed,41.66
ORD-05480,CUST-0018,PROD-024,CHAN-1,2025-02-23,3,39.0,0.0,0.0,Completed,117.0
ORD-05481,CUST-0003,PROD-025,CHAN-1,2025-02-23,1,57.99,0.0,5.99,Completed,63.98
ORD-05482,CUST-0006,PROD-045,CHAN-2,2025-02-23,3,51.0,0.35,0.0,Completed,99.45
ORD-05483,CUST-0769,PROD-003,CHAN-1,2025-02-24,2,70.99,0.0,0.0,Returned,141.98
ORD-05484,CUST-0042,PROD-031,CHAN-5,2025-02-24,2,100.0,0.0,0.0,Completed,200.0
ORD-05485,CUST-1280,PROD-111,CHAN-2,2025-02-24,2,27.99,0.05,4.99,Completed,58.17
ORD-05486,CUST-0141,PROD-150,CHAN-1,2025-02-24,1,7.0,0.0,8.99,Completed,15.99
ORD-05487,CUST-0079,PROD-003,CHAN-2,2025-02-24,1,70.99,0.4,5.99,Completed,48.58
ORD-05488,CUST-0480,PROD-047,CHAN-2,2025-02-24,1,82.0,0.0,0.0,Completed,82.0
ORD-05489,CUST-0234,PROD-099,CHAN-1,2025-02-24,1,17.95,0.4,8.99,Completed,19.76
ORD-05490,CUST-0313,PROD-111,CHAN-2,2025-02-25,1,27.99,0.0,11.99,Completed,39.98
ORD-05491,CUST-1356,PROD-104,CHAN-2,2025-02-25,1,72.99,0.0,11.99,Completed,84.98
ORD-05492,CUST-0952,PROD-035,CHAN-2,2025-02-25,2,102.99,0.2,0.0,Refunded,164.78
ORD-05493,CUST-1465,PROD-032,CHAN-3,2025-02-25,1,89.95,0.05,0.0,Completed,85.45
ORD-05494,CUST-0009,PROD-046,CHAN-2,2025-02-25,1,36.99,0.0,11.99,Completed,48.98
ORD-05495,CUST-0279,PROD-003,CHAN-2,2025-02-25,2,70.99,0.0,0.0,Returned,141.98
ORD-05496,CUST-0888,PROD-023,CHAN-5,2025-02-25,1,58.95,0.15,11.99,Returned,62.1
ORD-05497,CUST-1157,PROD-067,CHAN-5,2025-02-25,2,95.99,0.0,0.0,Completed,191.98
ORD-05498,CUST-0356,PROD-022,CHAN-2,2025-02-26,1,21.0,0.0,4.99,Completed,25.99
ORD-05499,CUST-0585,PROD-019,CHAN-1,2025-02-26,1,35.95,0.0,0.0,Cancelled,0.0
ORD-05500,CUST-1250,PROD-087,CHAN-1,2025-02-26,1,34.99,0.0,11.99,Completed,46.98
ORD-05501,CUST-0002,PROD-001,CHAN-1,2025-02-26,2,50.95,0.0,0.0,Completed,101.9
ORD-05502,CUST-1529,PROD-024,CHAN-2,2025-02-26,2,39.0,0.25,11.99,Completed,70.49
ORD-05503,CUST-1757,PROD-125,CHAN-1,2025-02-26,1,162.99,0.0,0.0,Completed,162.99
ORD-05504,CUST-0003,PROD-057,CHAN-2,2025-02-26,1,32.0,0.0,11.99,Completed,43.99
ORD-05505,CUST-1309,PROD-032,CHAN-5,2025-02-26,1,89.95,0.0,0.0,Completed,89.95
ORD-05506,CUST-0011,PROD-015,CHAN-1,2025-02-26,2,65.0,0.0,0.0,Completed,130.0
ORD-05507,CUST-0003,PROD-084,CHAN-1,2025-02-27,1,17.0,0.0,11.99,Completed,28.99
ORD-05508,CUST-1258,PROD-136,CHAN-1,2025-02-27,4,4.0,0.35,11.99,Completed,22.39
ORD-05509,CUST-0579,PROD-027,CHAN-3,2025-02-27,1,54.0,0.0,11.99,Completed,65.99
ORD-05510,CUST-0069,PROD-065,CHAN-1,2025-02-27,1,30.0,0.0,11.99,Completed,41.99
ORD-05511,CUST-0005,PROD-093,CHAN-2,2025-02-27,1,25.99,0.25,5.99,Completed,25.48
ORD-05512,CUST-1490,PROD-026,CHAN-2,2025-02-27,3,36.95,0.0,0.0,Completed,110.85
ORD-05513,CUST-1256,PROD-040,CHAN-2,2025-02-27,1,106.95,0.0,0.0,Completed,106.95
ORD-05514,CUST-0629,PROD-012,CHAN-1,2025-02-27,1,63.0,0.0,11.99,Completed,74.99
ORD-05515,CUST-0002,PROD-052,CHAN-3,2025-02-27,1,124.0,0.0,0.0,Completed,124.0
ORD-05516,CUST-0034,PROD-033,CHAN-2,2025-02-27,1,63.99,0.0,4.99,Completed,68.98
ORD-05517,CUST-0004,PROD-041,CHAN-3,2025-02-27,1,27.95,0.3,11.99,Returned,31.55
ORD-05518,CUST-0132,PROD-066,CHAN-1,2025-02-27,1,71.95,0.2,8.99,Completed,66.55
ORD-05519,CUST-0385,PROD-136,CHAN-1,2025-02-28,1,4.0,0.0,11.99,Completed,15.99
ORD-05520,CUST-0184,PROD-121,CHAN-1,2025-02-28,1,156.99,0.25,0.0,Completed,117.74
ORD-05521,CUST-1278,PROD-147,CHAN-2,2025-02-28,1,5.95,0.25,8.99,Completed,13.45
ORD-05522,CUST-0198,PROD-020,CHAN-2,2025-02-28,2,25.0,0.0,11.99,Completed,61.99
ORD-05523,CUST-1173,PROD-027,CHAN-2,2025-02-28,3,54.0,0.0,0.0,Completed,162.0
ORD-05524,CUST-1602,PROD-074,CHAN-2,2025-02-28,1,45.95,0.0,11.99,Completed,57.94
ORD-05525,CUST-0030,PROD-004,CHAN-2,2025-02-28,1,47.99,0.0,8.99,Completed,56.98
ORD-05526,CUST-0467,PROD-063,CHAN-2,2025-03-01,1,96.99,0.1,0.0,Completed,87.29
ORD-05527,CUST-0004,PROD-003,CHAN-1,2025-03-01,4,70.99,0.15,0.0,Completed,241.37
ORD-05528,CUST-0127,PROD-014,CHAN-1,2025-03-01,1,19.0,0.0,11.99,Completed,30.99
ORD-05529,CUST-0642,PROD-006,CHAN-4,2025-03-01,2,58.0,0.0,0.0,Completed,116.0
ORD-05530,CUST-0049,PROD-036,CHAN-2,2025-03-01,1,102.99,0.0,0.0,Completed,102.99
ORD-05531,CUST-1166,PROD-003,CHAN-1,2025-03-01,1,70.99,0.0,8.99,Completed,79.98
ORD-05532,CUST-0274,PROD-111,CHAN-1,2025-03-01,1,27.99,0.4,4.99,Returned,21.78
ORD-05533,CUST-0557,PROD-006,CHAN-1,2025-03-02,1,58.0,0.0,8.99,Completed,66.99
ORD-05534,CUST-0044,PROD-021,CHAN-1,2025-03-02,1,39.0,0.3,4.99,Completed,32.29
ORD-05535,CUST-0433,PROD-001,CHAN-4,2025-03-02,1,50.95,0.0,5.99,Completed,56.94
ORD-05536,CUST-0759,PROD-098,CHAN-1,2025-03-02,2,30.99,0.0,5.99,Completed,67.97
ORD-05537,CUST-1223,PROD-010,CHAN-5,2025-03-02,1,32.99,0.0,4.99,Completed,37.98
ORD-05538,CUST-0043,PROD-091,CHAN-1,2025-03-02,1,13.0,0.05,5.99,Completed,18.34
ORD-05539,CUST-1316,PROD-138,CHAN-2,2025-03-02,4,3.99,0.35,4.99,Completed,15.36
ORD-05540,CUST-0198,PROD-009,CHAN-2,2025-03-02,1,60.99,0.0,11.99,Completed,72.98
ORD-05541,CUST-0258,PROD-049,CHAN-1,2025-03-02,1,19.95,0.3,4.99,Completed,18.95
ORD-05542,CUST-1755,PROD-038,CHAN-1,2025-03-02,2,83.99,0.15,0.0,Completed,142.78
ORD-05543,CUST-0121,PROD-100,CHAN-1,2025-03-03,1,38.95,0.0,4.99,Completed,43.94
ORD-05544,CUST-0008,PROD-002,CHAN-2,2025-03-03,1,28.99,0.35,11.99,Completed,30.83
ORD-05545,CUST-1383,PROD-041,CHAN-1,2025-03-03,2,27.95,0.3,4.99,Completed,44.12
ORD-05546,CUST-0572,PROD-096,CHAN-2,2025-03-03,1,22.99,0.0,4.99,Completed,27.98
ORD-05547,CUST-0690,PROD-024,CHAN-2,2025-03-03,3,39.0,0.0,0.0,Completed,117.0
ORD-05548,CUST-0142,PROD-056,CHAN-1,2025-03-03,1,131.0,0.0,0.0,Completed,131.0
ORD-05549,CUST-0252,PROD-054,CHAN-1,2025-03-03,1,109.0,0.35,4.99,Completed,75.84
ORD-05550,CUST-1177,PROD-001,CHAN-1,2025-03-03,2,50.95,0.2,0.0,Completed,81.52
ORD-05551,CUST-1601,PROD-027,CHAN-3,2025-03-03,1,54.0,0.2,5.99,Completed,49.19
ORD-05552,CUST-0045,PROD-107,CHAN-4,2025-03-03,1,53.0,0.0,8.99,Refunded,61.99
ORD-05553,CUST-0004,PROD-003,CHAN-1,2025-03-03,2,70.99,0.0,0.0,Completed,141.98
ORD-05554,CUST-0340,PROD-032,CHAN-2,2025-03-03,2,89.95,0.35,0.0,Completed,116.94
ORD-05555,CUST-0008,PROD-072,CHAN-4,2025-03-03,1,35.95,0.3,4.99,Completed,30.16
ORD-05556,CUST-1244,PROD-073,CHAN-1,2025-03-03,1,24.95,0.0,4.99,Completed,29.94
ORD-05557,CUST-0530,PROD-039,CHAN-2,2025-03-03,1,83.0,0.15,8.99,Completed,79.54
ORD-05558,CUST-0703,PROD-012,CHAN-1,2025-03-03,1,63.0,0.0,11.99,Completed,74.99
ORD-05559,CUST-0694,PROD-003,CHAN-1,2025-03-03,1,70.99,0.4,5.99,Completed,48.58
ORD-05560,CUST-0010,PROD-008,CHAN-2,2025-03-04,2,38.99,0.0,0.0,Completed,77.98
ORD-05561,CUST-0663,PROD-035,CHAN-1,2025-03-04,3,102.99,0.3,0.0,Completed,216.28
ORD-05562,CUST-0025,PROD-067,CHAN-4,2025-03-04,1,95.99,0.0,0.0,Completed,95.99
ORD-05563,CUST-0044,PROD-017,CHAN-1,2025-03-04,1,28.99,0.2,4.99,Completed,28.18
ORD-05564,CUST-0546,PROD-079,CHAN-1,2025-03-04,2,37.99,0.0,0.0,Completed,75.98
ORD-05565,CUST-0891,PROD-005,CHAN-1,2025-03-05,1,30.99,0.0,11.99,Completed,42.98
ORD-05566,CUST-0316,PROD-004,CHAN-1,2025-03-05,2,47.99,0.0,0.0,Completed,95.98
ORD-05567,CUST-0021,PROD-006,CHAN-3,2025-03-05,1,58.0,0.0,4.99,Completed,62.99
ORD-05568,CUST-0527,PROD-035,CHAN-2,2025-03-05,1,102.99,0.0,0.0,Completed,102.99
ORD-05569,CUST-1832,PROD-009,CHAN-1,2025-03-05,1,60.99,0.4,5.99,Completed,42.58
ORD-05570,CUST-0658,PROD-046,CHAN-1,2025-03-05,1,36.99,0.0,4.99,Completed,41.98
ORD-05571,CUST-0028,PROD-018,CHAN-4,2025-03-05,1,83.95,0.35,4.99,Completed,59.56
ORD-05572,CUST-0001,PROD-011,CHAN-1,2025-03-05,2,18.95,0.0,5.99,Completed,43.89
ORD-05573,CUST-0275,PROD-149,CHAN-2,2025-03-05,1,11.99,0.05,5.99,Completed,17.38
ORD-05574,CUST-1118,PROD-074,CHAN-1,2025-03-05,1,45.95,0.0,11.99,Returned,57.94
ORD-05575,CUST-0424,PROD-031,CHAN-1,2025-03-05,1,100.0,0.2,0.0,Completed,80.0
ORD-05576,CUST-0078,PROD-001,CHAN-4,2025-03-05,1,50.95,0.0,11.99,Returned,62.94
ORD-05577,CUST-0743,PROD-049,CHAN-2,2025-03-06,4,19.95,0.0,0.0,Cancelled,0.0
ORD-05578,CUST-0168,PROD-076,CHAN-1,2025-03-06,2,7.99,0.4,8.99,Completed,18.58
ORD-05579,CUST-1326,PROD-122,CHAN-1,2025-03-06,1,178.99,0.25,0.0,Completed,134.24
ORD-05580,CUST-0016,PROD-032,CHAN-2,2025-03-06,1,89.95,0.3,4.99,Completed,67.95
ORD-05581,CUST-0843,PROD-013,CHAN-3,2025-03-06,1,41.95,0.0,4.99,Completed,46.94
ORD-05582,CUST-0149,PROD-058,CHAN-2,2025-03-06,1,86.0,0.0,0.0,Cancelled,0.0
ORD-05583,CUST-1278,PROD-054,CHAN-3,2025-03-06,2,109.0,0.35,0.0,Completed,141.7
ORD-05584,CUST-0405,PROD-124,CHAN-3,2025-03-07,3,180.95,0.1,0.0,Completed,488.56
ORD-05585,CUST-1296,PROD-101,CHAN-2,2025-03-07,1,66.0,0.25,11.99,Completed,61.49
ORD-05586,CUST-1556,PROD-078,CHAN-1,2025-03-07,1,9.99,0.0,5.99,Completed,15.98
ORD-05587,CUST-0733,PROD-035,CHAN-1,2025-03-07,1,102.99,0.0,0.0,Completed,102.99
ORD-05588,CUST-0913,PROD-018,CHAN-2,2025-03-07,2,83.95,0.0,0.0,Completed,167.9
ORD-05589,CUST-0931,PROD-006,CHAN-1,2025-03-08,1,58.0,0.4,11.99,Completed,46.79
ORD-05590,CUST-0900,PROD-005,CHAN-1,2025-03-08,2,30.99,0.0,4.99,Returned,66.97
ORD-05591,CUST-1714,PROD-032,CHAN-1,2025-03-08,1,89.95,0.25,11.99,Completed,79.45
ORD-05592,CUST-0051,PROD-010,CHAN-2,2025-03-08,1,32.99,0.0,8.99,Completed,41.98
ORD-05593,CUST-0013,PROD-119,CHAN-2,2025-03-08,1,123.0,0.0,0.0,Completed,123.0
ORD-05594,CUST-1933,PROD-059,CHAN-4,2025-03-08,1,58.99,0.0,11.99,Completed,70.98
ORD-05595,CUST-0054,PROD-041,CHAN-2,2025-03-08,1,27.95,0.0,11.99,Returned,39.94
ORD-05596,CUST-0772,PROD-001,CHAN-2,2025-03-08,1,50.95,0.35,4.99,Completed,38.11
ORD-05597,CUST-0742,PROD-035,CHAN-5,2025-03-08,1,102.99,0.0,0.0,Completed,102.99
ORD-05598,CUST-1908,PROD-002,CHAN-2,2025-03-09,1,28.99,0.0,4.99,Completed,33.98
ORD-05599,CUST-1184,PROD-093,CHAN-3,2025-03-09,1,25.99,0.0,4.99,Completed,30.98
ORD-05600,CUST-1184,PROD-009,CHAN-1,2025-03-09,1,60.99,0.4,11.99,Returned,48.58
ORD-05601,CUST-0290,PROD-082,CHAN-1,2025-03-09,1,22.0,0.0,5.99,Completed,27.99
ORD-05602,CUST-0626,PROD-146,CHAN-2,2025-03-09,1,8.99,0.25,11.99,Completed,18.73
ORD-05603,CUST-0434,PROD-092,CHAN-5,2025-03-09,1,8.0,0.0,4.99,Completed,12.99
ORD-05604,CUST-0204,PROD-111,CHAN-4,2025-03-09,1,27.99,0.05,4.99,Completed,31.58
ORD-05605,CUST-0469,PROD-094,CHAN-2,2025-03-09,1,24.95,0.35,4.99,Completed,21.21
ORD-05606,CUST-0650,PROD-013,CHAN-1,2025-03-09,5,41.95,0.15,0.0,Completed,178.29
ORD-05607,CUST-0602,PROD-114,CHAN-3,2025-03-10,1,21.0,0.0,4.99,Completed,25.99
ORD-05608,CUST-1256,PROD-014,CHAN-2,2025-03-10,1,19.0,0.15,5.99,Completed,22.14
ORD-05609,CUST-0568,PROD-006,CHAN-1,2025-03-10,1,58.0,0.0,8.99,Completed,66.99
ORD-05610,CUST-0521,PROD-142,CHAN-4,2025-03-10,1,5.0,0.25,8.99,Completed,12.74
ORD-05611,CUST-0095,PROD-001,CHAN-1,2025-03-10,2,50.95,0.4,8.99,Completed,70.13
ORD-05612,CUST-1579,PROD-010,CHAN-1,2025-03-10,1,32.99,0.25,8.99,Returned,33.73
ORD-05613,CUST-0133,PROD-097,CHAN-2,2025-03-10,2,6.0,0.1,4.99,Completed,15.79
ORD-05614,CUST-0479,PROD-012,CHAN-1,2025-03-10,1,63.0,0.0,8.99,Completed,71.99
ORD-05615,CUST-1032,PROD-107,CHAN-2,2025-03-10,1,53.0,0.0,5.99,Completed,58.99
ORD-05616,CUST-0968,PROD-001,CHAN-1,2025-03-11,1,50.95,0.4,4.99,Completed,35.56
ORD-05617,CUST-0285,PROD-100,CHAN-2,2025-03-11,1,38.95,0.0,11.99,Completed,50.94
ORD-05618,CUST-0047,PROD-014,CHAN-1,2025-03-11,1,19.0,0.0,8.99,Completed,27.99
ORD-05619,CUST-0859,PROD-010,CHAN-3,2025-03-11,1,32.99,0.0,5.99,Completed,38.98
ORD-05620,CUST-0109,PROD-027,CHAN-2,2025-03-11,1,54.0,0.0,11.99,Completed,65.99
ORD-05621,CUST-0001,PROD-128,CHAN-1,2025-03-11,3,5.95,0.0,5.99,Completed,23.84
ORD-05622,CUST-0002,PROD-089,CHAN-2,2025-03-11,1,5.99,0.2,5.99,Completed,10.78
ORD-05623,CUST-0005,PROD-010,CHAN-2,2025-03-12,2,32.99,0.05,4.99,Completed,67.67
ORD-05624,CUST-0373,PROD-020,CHAN-1,2025-03-12,1,25.0,0.0,11.99,Completed,36.99
ORD-05625,CUST-0077,PROD-002,CHAN-2,2025-03-12,1,28.99,0.0,4.99,Completed,33.98
ORD-05626,CUST-0001,PROD-003,CHAN-2,2025-03-12,1,70.99,0.35,11.99,Completed,58.13
ORD-05627,CUST-1359,PROD-016,CHAN-1,2025-03-12,2,25.0,0.0,0.0,Cancelled,0.0
ORD-05628,CUST-0365,PROD-016,CHAN-1,2025-03-12,1,25.0,0.2,11.99,Completed,31.99
ORD-05629,CUST-0670,PROD-021,CHAN-2,2025-03-12,1,39.0,0.0,5.99,Completed,44.99
ORD-05630,CUST-0640,PROD-094,CHAN-2,2025-03-12,1,24.95,0.0,11.99,Completed,36.94
ORD-05631,CUST-0173,PROD-004,CHAN-2,2025-03-13,2,47.99,0.0,0.0,Cancelled,0.0
ORD-05632,CUST-0058,PROD-111,CHAN-2,2025-03-13,1,27.99,0.0,0.0,Cancelled,0.0
ORD-05633,CUST-0001,PROD-023,CHAN-2,2025-03-13,1,58.95,0.2,5.99,Completed,53.15
ORD-05634,CUST-0261,PROD-148,CHAN-2,2025-03-13,1,15.0,0.0,0.0,Cancelled,0.0
ORD-05635,CUST-0380,PROD-001,CHAN-4,2025-03-13,3,50.95,0.0,0.0,Completed,152.85
ORD-05636,CUST-0723,PROD-003,CHAN-1,2025-03-13,1,70.99,0.05,11.99,Completed,79.43
ORD-05637,CUST-0356,PROD-008,CHAN-2,2025-03-14,1,38.99,0.2,11.99,Completed,43.18
ORD-05638,CUST-0001,PROD-083,CHAN-1,2025-03-14,2,25.99,0.0,11.99,Completed,63.97
ORD-05639,CUST-0137,PROD-019,CHAN-1,2025-03-14,4,35.95,0.0,0.0,Completed,143.8
ORD-05640,CUST-0544,PROD-028,CHAN-1,2025-03-14,1,109.0,0.05,0.0,Completed,103.55
ORD-05641,CUST-0079,PROD-147,CHAN-4,2025-03-14,2,5.95,0.25,11.99,Completed,20.91
ORD-05642,CUST-1848,PROD-003,CHAN-1,2025-03-14,1,70.99,0.0,4.99,Completed,75.98
ORD-05643,CUST-0005,PROD-142,CHAN-1,2025-03-14,2,5.0,0.0,4.99,Completed,14.99
ORD-05644,CUST-0988,PROD-023,CHAN-1,2025-03-14,1,58.95,0.25,8.99,Completed,53.2
ORD-05645,CUST-0038,PROD-037,CHAN-2,2025-03-14,1,60.95,0.15,5.99,Completed,57.8
ORD-05646,CUST-1001,PROD-023,CHAN-1,2025-03-14,2,58.95,0.15,0.0,Refunded,100.22
ORD-05647,CUST-0117,PROD-014,CHAN-2,2025-03-14,3,19.0,0.35,4.99,Completed,42.04
ORD-05648,CUST-1575,PROD-004,CHAN-2,2025-03-14,1,47.99,0.25,4.99,Returned,40.98
ORD-05649,CUST-1797,PROD-009,CHAN-1,2025-03-15,2,60.99,0.0,0.0,Completed,121.98
ORD-05650,CUST-1832,PROD-073,CHAN-1,2025-03-15,1,24.95,0.0,8.99,Completed,33.94
ORD-05651,CUST-1162,PROD-050,CHAN-1,2025-03-15,1,40.0,0.0,11.99,Completed,51.99
ORD-05652,CUST-1352,PROD-042,CHAN-2,2025-03-15,1,17.0,0.0,4.99,Completed,21.99
ORD-05653,CUST-0379,PROD-144,CHAN-1,2025-03-15,1,17.95,0.3,8.99,Completed,21.55
ORD-05654,CUST-0026,PROD-004,CHAN-2,2025-03-15,2,47.99,0.0,0.0,Completed,95.98
ORD-05655,CUST-0684,PROD-005,CHAN-1,2025-03-15,3,30.99,0.4,8.99,Returned,64.77
ORD-05656,CUST-0083,PROD-100,CHAN-1,2025-03-16,3,38.95,0.15,0.0,Completed,99.32
ORD-05657,CUST-1573,PROD-001,CHAN-2,2025-03-16,1,50.95,0.3,8.99,Completed,44.66
ORD-05658,CUST-0042,PROD-033,CHAN-2,2025-03-16,1,63.99,0.1,4.99,Completed,62.58
ORD-05659,CUST-0463,PROD-006,CHAN-1,2025-03-16,1,58.0,0.1,5.99,Completed,58.19
ORD-05660,CUST-0353,PROD-071,CHAN-2,2025-03-16,2,54.99,0.0,0.0,Completed,109.98
ORD-05661,CUST-0261,PROD-001,CHAN-2,2025-03-16,1,50.95,0.0,8.99,Completed,59.94
ORD-05662,CUST-0360,PROD-071,CHAN-1,2025-03-16,1,54.99,0.0,11.99,Completed,66.98
ORD-05663,CUST-0674,PROD-011,CHAN-2,2025-03-16,1,18.95,0.0,11.99,Completed,30.94
ORD-05664,CUST-0287,PROD-054,CHAN-1,2025-03-16,4,109.0,0.0,0.0,Completed,436.0
ORD-05665,CUST-0821,PROD-028,CHAN-1,2025-03-16,1,109.0,0.0,0.0,Completed,109.0
ORD-05666,CUST-0695,PROD-017,CHAN-1,2025-03-17,1,28.99,0.0,0.0,Cancelled,0.0
ORD-05667,CUST-0501,PROD-068,CHAN-2,2025-03-17,2,83.95,0.0,0.0,Completed,167.9
ORD-05668,CUST-0044,PROD-061,CHAN-1,2025-03-17,1,67.0,0.0,4.99,Completed,71.99
ORD-05669,CUST-0481,PROD-009,CHAN-1,2025-03-17,2,60.99,0.05,0.0,Returned,115.88
ORD-05670,CUST-0019,PROD-029,CHAN-4,2025-03-17,1,79.0,0.0,0.0,Completed,79.0
ORD-05671,CUST-0848,PROD-102,CHAN-1,2025-03-17,1,137.0,0.25,0.0,Completed,102.75
ORD-05672,CUST-0956,PROD-085,CHAN-1,2025-03-17,1,23.95,0.0,5.99,Completed,29.94
ORD-05673,CUST-0182,PROD-103,CHAN-1,2025-03-17,3,111.0,0.0,0.0,Completed,333.0
ORD-05674,CUST-1982,PROD-091,CHAN-2,2025-03-17,1,13.0,0.0,8.99,Completed,21.99
ORD-05675,CUST-0005,PROD-050,CHAN-1,2025-03-17,1,40.0,0.25,11.99,Completed,41.99
ORD-05676,CUST-0738,PROD-033,CHAN-2,2025-03-17,1,63.99,0.0,4.99,Returned,68.98
ORD-05677,CUST-0020,PROD-033,CHAN-4,2025-03-17,2,63.99,0.35,0.0,Completed,83.19
ORD-05678,CUST-0038,PROD-024,CHAN-4,2025-03-17,1,39.0,0.0,5.99,Completed,44.99
ORD-05679,CUST-0062,PROD-012,CHAN-2,2025-03-18,1,63.0,0.1,5.99,Completed,62.69
ORD-05680,CUST-0006,PROD-059,CHAN-1,2025-03-18,1,58.99,0.0,5.99,Completed,64.98
ORD-05681,CUST-0335,PROD-037,CHAN-1,2025-03-18,1,60.95,0.0,0.0,Cancelled,0.0
ORD-05682,CUST-0222,PROD-027,CHAN-2,2025-03-18,1,54.0,0.2,4.99,Completed,48.19
ORD-05683,CUST-0001,PROD-004,CHAN-1,2025-03-18,1,47.99,0.35,5.99,Completed,37.18
ORD-05684,CUST-0466,PROD-086,CHAN-2,2025-03-18,2,7.0,0.0,11.99,Completed,25.99
ORD-05685,CUST-0159,PROD-019,CHAN-3,2025-03-18,1,35.95,0.0,0.0,Cancelled,0.0
ORD-05686,CUST-0263,PROD-007,CHAN-4,2025-03-18,1,49.0,0.0,4.99,Completed,53.99
ORD-05687,CUST-0041,PROD-072,CHAN-1,2025-03-19,3,35.95,0.0,0.0,Cancelled,0.0
ORD-05688,CUST-0149,PROD-066,CHAN-1,2025-03-19,2,71.95,0.0,0.0,Completed,143.9
ORD-05689,CUST-1493,PROD-093,CHAN-3,2025-03-19,1,25.99,0.0,5.99,Completed,31.98
ORD-05690,CUST-1618,PROD-059,CHAN-3,2025-03-19,1,58.99,0.4,5.99,Completed,41.38
ORD-05691,CUST-0037,PROD-056,CHAN-1,2025-03-19,1,131.0,0.0,0.0,Completed,131.0
ORD-05692,CUST-0195,PROD-005,CHAN-5,2025-03-19,3,30.99,0.0,0.0,Completed,92.97
ORD-05693,CUST-1478,PROD-093,CHAN-2,2025-03-20,1,25.99,0.0,4.99,Completed,30.98
ORD-05694,CUST-0010,PROD-122,CHAN-3,2025-03-20,2,178.99,0.0,0.0,Completed,357.98
ORD-05695,CUST-1633,PROD-046,CHAN-1,2025-03-20,4,36.99,0.1,0.0,Returned,133.16
ORD-05696,CUST-0267,PROD-062,CHAN-1,2025-03-20,1,77.99,0.0,0.0,Completed,77.99
ORD-05697,CUST-0833,PROD-059,CHAN-2,2025-03-20,1,58.99,0.0,11.99,Completed,70.98
ORD-05698,CUST-0621,PROD-124,CHAN-1,2025-03-20,1,180.95,0.25,0.0,Completed,135.71
ORD-05699,CUST-0013,PROD-128,CHAN-2,2025-03-20,3,5.95,0.1,4.99,Completed,21.05
ORD-05700,CUST-0479,PROD-033,CHAN-2,2025-03-21,1,63.99,0.4,4.99,Completed,43.38
ORD-05701,CUST-0164,PROD-033,CHAN-1,2025-03-21,1,63.99,0.0,4.99,Completed,68.98
ORD-05702,CUST-0006,PROD-008,CHAN-1,2025-03-21,2,38.99,0.0,0.0,Completed,77.98
ORD-05703,CUST-0030,PROD-019,CHAN-1,2025-03-21,1,35.95,0.0,8.99,Completed,44.94
ORD-05704,CUST-0542,PROD-112,CHAN-3,2025-03-21,1,115.0,0.25,0.0,Completed,86.25
ORD-05705,CUST-0016,PROD-005,CHAN-4,2025-03-21,1,30.99,0.25,4.99,Completed,28.23
ORD-05706,CUST-0003,PROD-004,CHAN-2,2025-03-21,1,47.99,0.2,8.99,Returned,47.38
ORD-05707,CUST-1114,PROD-050,CHAN-2,2025-03-21,1,40.0,0.3,11.99,Returned,39.99
ORD-05708,CUST-0063,PROD-052,CHAN-2,2025-03-21,1,124.0,0.0,0.0,Completed,124.0
ORD-05709,CUST-0331,PROD-106,CHAN-1,2025-03-22,1,103.0,0.0,0.0,Completed,103.0
ORD-05710,CUST-0131,PROD-074,CHAN-1,2025-03-22,1,45.95,0.0,11.99,Completed,57.94
ORD-05711,CUST-0009,PROD-002,CHAN-2,2025-03-22,1,28.99,0.0,4.99,Completed,33.98
ORD-05712,CUST-1485,PROD-041,CHAN-2,2025-03-22,2,27.95,0.05,5.99,Completed,59.09
ORD-05713,CUST-0109,PROD-001,CHAN-1,2025-03-22,1,50.95,0.0,4.99,Completed,55.94
ORD-05714,CUST-0120,PROD-134,CHAN-3,2025-03-22,3,3.99,0.15,5.99,Completed,16.16
ORD-05715,CUST-1993,PROD-029,CHAN-1,2025-03-23,1,79.0,0.0,0.0,Completed,79.0
ORD-05716,CUST-1424,PROD-033,CHAN-2,2025-03-23,1,63.99,0.0,5.99,Completed,69.98
ORD-05717,CUST-0208,PROD-024,CHAN-1,2025-03-23,2,39.0,0.0,0.0,Cancelled,0.0
ORD-05718,CUST-0004,PROD-142,CHAN-1,2025-03-23,3,5.0,0.1,11.99,Completed,25.49
ORD-05719,CUST-0409,PROD-074,CHAN-1,2025-03-23,1,45.95,0.15,11.99,Completed,51.05
ORD-05720,CUST-1428,PROD-005,CHAN-1,2025-03-23,1,30.99,0.0,5.99,Completed,36.98
ORD-05721,CUST-0023,PROD-003,CHAN-2,2025-03-23,1,70.99,0.2,8.99,Returned,65.78
ORD-05722,CUST-0681,PROD-111,CHAN-2,2025-03-23,1,27.99,0.25,4.99,Completed,25.98
ORD-05723,CUST-0460,PROD-024,CHAN-1,2025-03-23,1,39.0,0.15,8.99,Completed,42.14
ORD-05724,CUST-1643,PROD-082,CHAN-1,2025-03-24,1,22.0,0.35,4.99,Completed,19.29
ORD-05725,CUST-0105,PROD-144,CHAN-5,2025-03-24,1,17.95,0.0,8.99,Refunded,26.94
ORD-05726,CUST-0134,PROD-054,CHAN-2,2025-03-24,1,109.0,0.35,4.99,Completed,75.84
ORD-05727,CUST-0663,PROD-018,CHAN-2,2025-03-24,1,83.95,0.15,5.99,Completed,77.35
ORD-05728,CUST-0774,PROD-067,CHAN-2,2025-03-24,2,95.99,0.0,0.0,Cancelled,0.0
ORD-05729,CUST-0263,PROD-004,CHAN-1,2025-03-24,1,47.99,0.2,5.99,Completed,44.38
ORD-05730,CUST-0004,PROD-076,CHAN-1,2025-03-25,1,7.99,0.15,5.99,Returned,12.78
ORD-05731,CUST-1175,PROD-070,CHAN-2,2025-03-25,1,91.99,0.35,4.99,Completed,64.78
ORD-05732,CUST-0020,PROD-032,CHAN-3,2025-03-25,1,89.95,0.0,0.0,Cancelled,0.0
ORD-05733,CUST-0449,PROD-139,CHAN-2,2025-03-25,1,6.99,0.0,11.99,Completed,18.98
ORD-05734,CUST-0822,PROD-102,CHAN-2,2025-03-25,2,137.0,0.25,0.0,Completed,205.5
ORD-05735,CUST-0348,PROD-103,CHAN-4,2025-03-25,1,111.0,0.0,0.0,Completed,111.0
ORD-05736,CUST-0528,PROD-056,CHAN-2,2025-03-26,2,131.0,0.15,0.0,Completed,222.7
ORD-05737,CUST-0002,PROD-080,CHAN-2,2025-03-26,2,20.95,0.0,11.99,Returned,53.89
ORD-05738,CUST-0814,PROD-001,CHAN-1,2025-03-26,2,50.95,0.0,0.0,Completed,101.9
ORD-05739,CUST-1665,PROD-010,CHAN-2,2025-03-26,2,32.99,0.0,4.99,Completed,70.97
ORD-05740,CUST-0935,PROD-058,CHAN-1,2025-03-26,2,86.0,0.0,0.0,Cancelled,0.0
ORD-05741,CUST-1006,PROD-078,CHAN-2,2025-03-26,1,9.99,0.0,5.99,Completed,15.98
ORD-05742,CUST-1967,PROD-089,CHAN-2,2025-03-26,3,5.99,0.15,8.99,Completed,24.26
ORD-05743,CUST-1544,PROD-099,CHAN-2,2025-03-26,1,17.95,0.0,11.99,Completed,29.94
ORD-05744,CUST-0114,PROD-011,CHAN-2,2025-03-26,1,18.95,0.0,5.99,Refunded,24.94
ORD-05745,CUST-0057,PROD-128,CHAN-2,2025-03-27,1,5.95,0.0,5.99,Completed,11.94
ORD-05746,CUST-0228,PROD-002,CHAN-3,2025-03-27,1,28.99,0.0,5.99,Completed,34.98
ORD-05747,CUST-0617,PROD-056,CHAN-2,2025-03-27,1,131.0,0.0,0.0,Completed,131.0
ORD-05748,CUST-0029,PROD-013,CHAN-2,2025-03-27,2,41.95,0.0,0.0,Completed,83.9
ORD-05749,CUST-0223,PROD-008,CHAN-1,2025-03-27,1,38.99,0.0,8.99,Returned,47.98
ORD-05750,CUST-0212,PROD-004,CHAN-2,2025-03-27,1,47.99,0.0,5.99,Completed,53.98
ORD-05751,CUST-0338,PROD-016,CHAN-4,2025-03-27,1,25.0,0.1,11.99,Completed,34.49
ORD-05752,CUST-0208,PROD-138,CHAN-1,2025-03-27,1,3.99,0.0,11.99,Completed,15.98
ORD-05753,CUST-0104,PROD-003,CHAN-2,2025-03-27,3,70.99,0.0,0.0,Completed,212.97
ORD-05754,CUST-0251,PROD-059,CHAN-2,2025-03-27,1,58.99,0.4,4.99,Completed,40.38
ORD-05755,CUST-0551,PROD-012,CHAN-1,2025-03-27,1,63.0,0.0,5.99,Returned,68.99
ORD-05756,CUST-1351,PROD-020,CHAN-2,2025-03-27,1,25.0,0.1,8.99,Completed,31.49
ORD-05757,CUST-0061,PROD-063,CHAN-2,2025-03-27,1,96.99,0.0,0.0,Completed,96.99
ORD-05758,CUST-0119,PROD-124,CHAN-1,2025-03-27,2,180.95,0.2,0.0,Completed,289.52
ORD-05759,CUST-0745,PROD-071,CHAN-4,2025-03-27,2,54.99,0.2,0.0,Refunded,87.98
ORD-05760,CUST-0092,PROD-020,CHAN-1,2025-03-27,1,25.0,0.35,11.99,Completed,28.24
ORD-05761,CUST-1569,PROD-002,CHAN-2,2025-03-27,2,28.99,0.0,5.99,Completed,63.97
ORD-05762,CUST-1268,PROD-046,CHAN-2,2025-03-28,1,36.99,0.0,11.99,Completed,48.98
ORD-05763,CUST-0913,PROD-019,CHAN-4,2025-03-28,1,35.95,0.0,8.99,Completed,44.94
ORD-05764,CUST-0103,PROD-038,CHAN-2,2025-03-28,2,83.99,0.0,0.0,Cancelled,0.0
ORD-05765,CUST-0040,PROD-005,CHAN-1,2025-03-28,1,30.99,0.0,8.99,Completed,39.98
ORD-05766,CUST-0392,PROD-029,CHAN-2,2025-03-28,1,79.0,0.0,0.0,Completed,79.0
ORD-05767,CUST-1724,PROD-012,CHAN-2,2025-03-29,1,63.0,0.4,5.99,Completed,43.79
ORD-05768,CUST-0079,PROD-027,CHAN-1,2025-03-29,1,54.0,0.15,11.99,Completed,57.89
ORD-05769,CUST-0287,PROD-024,CHAN-1,2025-03-29,1,39.0,0.0,11.99,Completed,50.99
ORD-05770,CUST-0210,PROD-004,CHAN-1,2025-03-29,1,47.99,0.25,5.99,Completed,41.98
ORD-05771,CUST-0792,PROD-133,CHAN-1,2025-03-30,1,18.99,0.0,8.99,Completed,27.98
ORD-05772,CUST-0003,PROD-043,CHAN-2,2025-03-30,1,45.99,0.0,4.99,Completed,50.98
ORD-05773,CUST-1093,PROD-071,CHAN-5,2025-03-30,1,54.99,0.0,4.99,Completed,59.98
ORD-05774,CUST-0004,PROD-013,CHAN-1,2025-03-30,3,41.95,0.1,0.0,Completed,113.27
ORD-05775,CUST-0094,PROD-046,CHAN-1,2025-03-30,1,36.99,0.15,8.99,Completed,40.43
ORD-05776,CUST-0020,PROD-017,CHAN-2,2025-03-30,4,28.99,0.0,0.0,Completed,115.96
ORD-05777,CUST-0428,PROD-043,CHAN-1,2025-03-30,2,45.99,0.0,0.0,Completed,91.98
ORD-05778,CUST-0003,PROD-123,CHAN-2,2025-03-30,1,141.0,0.0,0.0,Completed,141.0
ORD-05779,CUST-0250,PROD-149,CHAN-1,2025-03-30,1,11.99,0.0,8.99,Completed,20.98
ORD-05780,CUST-0012,PROD-054,CHAN-1,2025-03-31,2,109.0,0.0,0.0,Completed,218.0
ORD-05781,CUST-1595,PROD-130,CHAN-1,2025-03-31,1,5.95,0.0,5.99,Completed,11.94
ORD-05782,CUST-0009,PROD-049,CHAN-3,2025-03-31,1,19.95,0.35,4.99,Completed,17.96
ORD-05783,CUST-1385,PROD-096,CHAN-1,2025-03-31,1,22.99,0.05,5.99,Returned,27.83
ORD-05784,CUST-0001,PROD-025,CHAN-1,2025-03-31,3,57.99,0.0,0.0,Completed,173.97
ORD-05785,CUST-0190,PROD-064,CHAN-2,2025-03-31,2,43.0,0.0,0.0,Completed,86.0
ORD-05786,CUST-0882,PROD-014,CHAN-2,2025-03-31,1,19.0,0.0,0.0,Cancelled,0.0
ORD-05787,CUST-0511,PROD-001,CHAN-1,2025-04-01,3,50.95,0.25,0.0,Completed,114.64
ORD-05788,CUST-0084,PROD-030,CHAN-1,2025-04-01,1,62.99,0.0,4.99,Completed,67.98
ORD-05789,CUST-0040,PROD-046,CHAN-4,2025-04-01,1,36.99,0.0,11.99,Completed,48.98
ORD-05790,CUST-0109,PROD-048,CHAN-1,2025-04-01,3,121.95,0.0,0.0,Completed,365.85
ORD-05791,CUST-0160,PROD-037,CHAN-2,2025-04-01,2,60.95,0.0,0.0,Completed,121.9
ORD-05792,CUST-0440,PROD-010,CHAN-1,2025-04-01,3,32.99,0.0,0.0,Completed,98.97
ORD-05793,CUST-1106,PROD-001,CHAN-3,2025-04-01,1,50.95,0.0,11.99,Completed,62.94
ORD-05794,CUST-0355,PROD-001,CHAN-2,2025-04-01,1,50.95,0.3,4.99,Completed,40.66
ORD-05795,CUST-0857,PROD-001,CHAN-2,2025-04-01,1,50.95,0.25,11.99,Returned,50.2
ORD-05796,CUST-0052,PROD-012,CHAN-1,2025-04-02,1,63.0,0.3,4.99,Completed,49.09
ORD-05797,CUST-0080,PROD-148,CHAN-2,2025-04-02,1,15.0,0.4,8.99,Completed,17.99
ORD-05798,CUST-0045,PROD-026,CHAN-1,2025-04-02,2,36.95,0.0,0.0,Cancelled,0.0
ORD-05799,CUST-0116,PROD-085,CHAN-1,2025-04-02,4,23.95,0.0,0.0,Completed,95.8
ORD-05800,CUST-0026,PROD-001,CHAN-2,2025-04-02,3,50.95,0.0,0.0,Completed,152.85
ORD-05801,CUST-0629,PROD-002,CHAN-2,2025-04-02,3,28.99,0.0,0.0,Cancelled,0.0
ORD-05802,CUST-0001,PROD-006,CHAN-3,2025-04-02,2,58.0,0.4,4.99,Completed,74.59
ORD-05803,CUST-0794,PROD-148,CHAN-1,2025-04-02,1,15.0,0.0,11.99,Completed,26.99
ORD-05804,CUST-0730,PROD-074,CHAN-2,2025-04-02,3,45.95,0.1,0.0,Completed,124.07
ORD-05805,CUST-0144,PROD-001,CHAN-1,2025-04-02,1,50.95,0.0,5.99,Completed,56.94
ORD-05806,CUST-0042,PROD-098,CHAN-1,2025-04-02,1,30.99,0.35,8.99,Completed,29.13
ORD-05807,CUST-0336,PROD-079,CHAN-1,2025-04-02,2,37.99,0.0,0.0,Completed,75.98
ORD-05808,CUST-0231,PROD-006,CHAN-1,2025-04-02,2,58.0,0.0,0.0,Completed,116.0
ORD-05809,CUST-0168,PROD-125,CHAN-2,2025-04-02,1,162.99,0.35,0.0,Completed,105.94
ORD-05810,CUST-0132,PROD-004,CHAN-2,2025-04-02,1,47.99,0.05,5.99,Completed,51.58
ORD-05811,CUST-1101,PROD-008,CHAN-1,2025-04-03,1,38.99,0.0,8.99,Completed,47.98
ORD-05812,CUST-0088,PROD-029,CHAN-4,2025-04-03,1,79.0,0.0,0.0,Completed,79.0
ORD-05813,CUST-1039,PROD-017,CHAN-1,2025-04-03,1,28.99,0.15,8.99,Completed,33.63
ORD-05814,CUST-0063,PROD-051,CHAN-1,2025-04-03,2,105.95,0.15,0.0,Completed,180.12
ORD-05815,CUST-1939,PROD-019,CHAN-2,2025-04-03,1,35.95,0.0,5.99,Completed,41.94
ORD-05816,CUST-0034,PROD-126,CHAN-1,2025-04-03,2,6.99,0.0,11.99,Completed,25.97
ORD-05817,CUST-0130,PROD-022,CHAN-2,2025-04-03,2,21.0,0.0,11.99,Completed,53.99
ORD-05818,CUST-0017,PROD-002,CHAN-1,2025-04-03,1,28.99,0.0,8.99,Completed,37.98
ORD-05819,CUST-0738,PROD-086,CHAN-3,2025-04-03,2,7.0,0.4,4.99,Completed,13.39
ORD-05820,CUST-1582,PROD-084,CHAN-4,2025-04-03,1,17.0,0.0,8.99,Returned,25.99
ORD-05821,CUST-0323,PROD-149,CHAN-2,2025-04-03,2,11.99,0.0,4.99,Completed,28.97
ORD-05822,CUST-0002,PROD-114,CHAN-2,2025-04-03,1,21.0,0.0,8.99,Completed,29.99
ORD-05823,CUST-0001,PROD-012,CHAN-4,2025-04-04,1,63.0,0.0,5.99,Completed,68.99
ORD-05824,CUST-1596,PROD-031,CHAN-4,2025-04-04,1,100.0,0.1,0.0,Completed,90.0
ORD-05825,CUST-0038,PROD-005,CHAN-5,2025-04-04,1,30.99,0.15,11.99,Returned,38.33
ORD-05826,CUST-0022,PROD-001,CHAN-1,2025-04-04,2,50.95,0.0,0.0,Cancelled,0.0
ORD-05827,CUST-0382,PROD-060,CHAN-4,2025-04-04,1,51.99,0.05,8.99,Completed,58.38
ORD-05828,CUST-1246,PROD-017,CHAN-5,2025-04-04,1,28.99,0.2,4.99,Completed,28.18
ORD-05829,CUST-0847,PROD-065,CHAN-1,2025-04-05,1,30.0,0.15,8.99,Completed,34.49
ORD-05830,CUST-0101,PROD-003,CHAN-2,2025-04-05,5,70.99,0.1,0.0,Completed,319.45
ORD-05831,CUST-0431,PROD-045,CHAN-1,2025-04-05,1,51.0,0.1,11.99,Completed,57.89
ORD-05832,CUST-0345,PROD-146,CHAN-3,2025-04-05,1,8.99,0.0,4.99,Completed,13.98
ORD-05833,CUST-0399,PROD-046,CHAN-2,2025-04-05,1,36.99,0.15,4.99,Returned,36.43
ORD-05834,CUST-1064,PROD-001,CHAN-4,2025-04-05,1,50.95,0.4,8.99,Returned,39.56
ORD-05835,CUST-0285,PROD-127,CHAN-2,2025-04-05,1,7.95,0.0,11.99,Completed,19.94
ORD-05836,CUST-0049,PROD-051,CHAN-1,2025-04-05,1,105.95,0.0,0.0,Completed,105.95
ORD-05837,CUST-0114,PROD-099,CHAN-1,2025-04-05,1,17.95,0.3,5.99,Completed,18.55
ORD-05838,CUST-0192,PROD-052,CHAN-1,2025-04-05,1,124.0,0.05,0.0,Completed,117.8
ORD-05839,CUST-0700,PROD-002,CHAN-3,2025-04-06,2,28.99,0.0,8.99,Completed,66.97
ORD-05840,CUST-0004,PROD-055,CHAN-2,2025-04-06,1,110.99,0.0,0.0,Completed,110.99
ORD-05841,CUST-0126,PROD-141,CHAN-2,2025-04-06,3,15.0,0.35,4.99,Completed,34.24
ORD-05842,CUST-0704,PROD-001,CHAN-1,2025-04-06,2,50.95,0.3,8.99,Completed,80.32
ORD-05843,CUST-0421,PROD-004,CHAN-2,2025-04-07,2,47.99,0.0,0.0,Completed,95.98
ORD-05844,CUST-0937,PROD-011,CHAN-1,2025-04-07,4,18.95,0.0,0.0,Completed,75.8
ORD-05845,CUST-1451,PROD-017,CHAN-3,2025-04-07,1,28.99,0.0,11.99,Completed,40.98
ORD-05846,CUST-0035,PROD-007,CHAN-1,2025-04-07,2,49.0,0.2,0.0,Completed,78.4
ORD-05847,CUST-0471,PROD-012,CHAN-3,2025-04-07,2,63.0,0.0,0.0,Completed,126.0
ORD-05848,CUST-0009,PROD-062,CHAN-2,2025-04-07,2,77.99,0.3,0.0,Completed,109.19
ORD-05849,CUST-0842,PROD-006,CHAN-1,2025-04-07,2,58.0,0.0,0.0,Completed,116.0
ORD-05850,CUST-1500,PROD-013,CHAN-1,2025-04-07,2,41.95,0.4,5.99,Completed,56.33
ORD-05851,CUST-0159,PROD-018,CHAN-1,2025-04-07,1,83.95,0.0,0.0,Completed,83.95
ORD-05852,CUST-0160,PROD-048,CHAN-1,2025-04-07,4,121.95,0.0,0.0,Completed,487.8
ORD-05853,CUST-1677,PROD-131,CHAN-3,2025-04-08,1,7.95,0.0,8.99,Completed,16.94
ORD-05854,CUST-0045,PROD-001,CHAN-1,2025-04-08,1,50.95,0.0,11.99,Completed,62.94
ORD-05855,CUST-0329,PROD-148,CHAN-1,2025-04-08,1,15.0,0.1,11.99,Completed,25.49
ORD-05856,CUST-0759,PROD-007,CHAN-4,2025-04-08,1,49.0,0.0,4.99,Completed,53.99
ORD-05857,CUST-0075,PROD-131,CHAN-2,2025-04-08,1,7.95,0.0,8.99,Completed,16.94
ORD-05858,CUST-0473,PROD-084,CHAN-1,2025-04-08,2,17.0,0.4,5.99,Completed,26.39
ORD-05859,CUST-1790,PROD-049,CHAN-2,2025-04-08,2,19.95,0.0,5.99,Completed,45.89
ORD-05860,CUST-0157,PROD-148,CHAN-2,2025-04-08,1,15.0,0.2,4.99,Completed,16.99
ORD-05861,CUST-0709,PROD-041,CHAN-1,2025-04-08,2,27.95,0.0,8.99,Completed,64.89
ORD-05862,CUST-0441,PROD-095,CHAN-1,2025-04-08,1,18.95,0.0,8.99,Completed,27.94
ORD-05863,CUST-0983,PROD-147,CHAN-3,2025-04-08,2,5.95,0.0,11.99,Completed,23.89
ORD-05864,CUST-0058,PROD-105,CHAN-1,2025-04-08,1,71.0,0.0,8.99,Completed,79.99
ORD-05865,CUST-0011,PROD-110,CHAN-1,2025-04-08,1,35.95,0.0,11.99,Completed,47.94
ORD-05866,CUST-0057,PROD-050,CHAN-3,2025-04-08,1,40.0,0.0,5.99,Refunded,45.99
ORD-05867,CUST-0405,PROD-006,CHAN-1,2025-04-08,1,58.0,0.0,4.99,Completed,62.99
ORD-05868,CUST-0196,PROD-053,CHAN-1,2025-04-08,2,88.95,0.0,0.0,Returned,177.9
ORD-05869,CUST-1901,PROD-004,CHAN-1,2025-04-08,2,47.99,0.0,0.0,Returned,95.98
ORD-05870,CUST-0032,PROD-020,CHAN-1,2025-04-08,3,25.0,0.0,0.0,Completed,75.0
ORD-05871,CUST-0659,PROD-001,CHAN-1,2025-04-08,1,50.95,0.0,5.99,Completed,56.94
ORD-05872,CUST-0105,PROD-036,CHAN-3,2025-04-08,1,102.99,0.35,11.99,Completed,78.93
ORD-05873,CUST-0158,PROD-018,CHAN-1,2025-04-09,3,83.95,0.15,0.0,Completed,214.07
ORD-05874,CUST-0017,PROD-014,CHAN-1,2025-04-09,1,19.0,0.0,11.99,Completed,30.99
ORD-05875,CUST-1656,PROD-003,CHAN-1,2025-04-09,1,70.99,0.0,4.99,Completed,75.98
ORD-05876,CUST-0997,PROD-062,CHAN-2,2025-04-09,1,77.99,0.0,0.0,Completed,77.99
ORD-05877,CUST-1542,PROD-026,CHAN-2,2025-04-09,1,36.95,0.0,5.99,Completed,42.94
ORD-05878,CUST-0358,PROD-007,CHAN-1,2025-04-09,1,49.0,0.0,8.99,Completed,57.99
ORD-05879,CUST-0224,PROD-056,CHAN-1,2025-04-09,1,131.0,0.3,0.0,Completed,91.7
ORD-05880,CUST-1475,PROD-019,CHAN-1,2025-04-09,2,35.95,0.0,5.99,Completed,77.89
ORD-05881,CUST-0750,PROD-003,CHAN-1,2025-04-09,1,70.99,0.0,4.99,Completed,75.98
ORD-05882,CUST-0461,PROD-058,CHAN-2,2025-04-09,2,86.0,0.4,0.0,Completed,103.2
ORD-05883,CUST-0107,PROD-075,CHAN-5,2025-04-09,1,118.99,0.05,0.0,Returned,113.04
ORD-05884,CUST-1068,PROD-011,CHAN-1,2025-04-09,3,18.95,0.0,8.99,Completed,65.84
ORD-05885,CUST-0002,PROD-009,CHAN-2,2025-04-09,1,60.99,0.4,11.99,Completed,48.58
ORD-05886,CUST-0585,PROD-007,CHAN-1,2025-04-10,1,49.0,0.25,5.99,Completed,42.74
ORD-05887,CUST-0365,PROD-048,CHAN-2,2025-04-10,1,121.95,0.05,0.0,Completed,115.85
ORD-05888,CUST-0057,PROD-087,CHAN-1,2025-04-10,1,34.99,0.0,8.99,Completed,43.98
ORD-05889,CUST-0893,PROD-013,CHAN-2,2025-04-10,1,41.95,0.2,11.99,Completed,45.55
ORD-05890,CUST-0335,PROD-019,CHAN-5,2025-04-10,1,35.95,0.2,5.99,Completed,34.75
ORD-05891,CUST-0579,PROD-118,CHAN-2,2025-04-10,1,150.99,0.15,0.0,Completed,128.34
ORD-05892,CUST-0451,PROD-038,CHAN-3,2025-04-10,1,83.99,0.1,0.0,Completed,75.59
ORD-05893,CUST-1441,PROD-052,CHAN-3,2025-04-10,1,124.0,0.0,0.0,Completed,124.0
ORD-05894,CUST-1373,PROD-004,CHAN-2,2025-04-10,1,47.99,0.0,4.99,Completed,52.98
ORD-05895,CUST-0719,PROD-059,CHAN-1,2025-04-10,1,58.99,0.15,4.99,Completed,55.13
ORD-05896,CUST-0076,PROD-048,CHAN-2,2025-04-11,1,121.95,0.3,0.0,Returned,85.36
ORD-05897,CUST-0350,PROD-057,CHAN-1,2025-04-11,3,32.0,0.0,0.0,Cancelled,0.0
ORD-05898,CUST-0358,PROD-007,CHAN-1,2025-04-11,1,49.0,0.1,11.99,Completed,56.09
ORD-05899,CUST-0157,PROD-007,CHAN-1,2025-04-11,1,49.0,0.0,0.0,Cancelled,0.0
ORD-05900,CUST-0513,PROD-005,CHAN-2,2025-04-11,3,30.99,0.35,4.99,Completed,65.42
ORD-05901,CUST-1886,PROD-118,CHAN-3,2025-04-11,1,150.99,0.0,0.0,Completed,150.99
ORD-05902,CUST-0021,PROD-031,CHAN-2,2025-04-11,2,100.0,0.0,0.0,Completed,200.0
ORD-05903,CUST-0050,PROD-035,CHAN-2,2025-04-11,1,102.99,0.35,4.99,Completed,71.93
ORD-05904,CUST-0253,PROD-009,CHAN-5,2025-04-11,1,60.99,0.0,4.99,Completed,65.98
ORD-05905,CUST-0380,PROD-009,CHAN-2,2025-04-11,1,60.99,0.0,4.99,Completed,65.98
ORD-05906,CUST-0037,PROD-013,CHAN-1,2025-04-11,1,41.95,0.05,8.99,Completed,48.84
ORD-05907,CUST-0170,PROD-121,CHAN-1,2025-04-12,1,156.99,0.0,0.0,Completed,156.99
ORD-05908,CUST-1445,PROD-004,CHAN-1,2025-04-12,1,47.99,0.15,11.99,Completed,52.78
ORD-05909,CUST-1190,PROD-096,CHAN-1,2025-04-12,1,22.99,0.25,11.99,Completed,29.23
ORD-05910,CUST-0335,PROD-123,CHAN-1,2025-04-12,2,141.0,0.0,0.0,Completed,282.0
ORD-05911,CUST-0026,PROD-024,CHAN-1,2025-04-12,2,39.0,0.0,0.0,Completed,78.0
ORD-05912,CUST-0712,PROD-045,CHAN-2,2025-04-12,1,51.0,0.0,11.99,Completed,62.99
ORD-05913,CUST-1017,PROD-010,CHAN-1,2025-04-12,1,32.99,0.0,4.99,Completed,37.98
ORD-05914,CUST-0220,PROD-074,CHAN-2,2025-04-12,2,45.95,0.0,0.0,Cancelled,0.0
ORD-05915,CUST-0098,PROD-066,CHAN-1,2025-04-12,3,71.95,0.0,0.0,Completed,215.85
ORD-05916,CUST-0126,PROD-055,CHAN-2,2025-04-12,3,110.99,0.15,0.0,Completed,283.02
ORD-05917,CUST-0231,PROD-021,CHAN-1,2025-04-13,1,39.0,0.0,8.99,Returned,47.99
ORD-05918,CUST-0647,PROD-131,CHAN-1,2025-04-13,1,7.95,0.0,5.99,Completed,13.94
ORD-05919,CUST-1497,PROD-003,CHAN-2,2025-04-13,2,70.99,0.0,0.0,Completed,141.98
ORD-05920,CUST-1509,PROD-040,CHAN-1,2025-04-13,1,106.95,0.0,0.0,Completed,106.95
ORD-05921,CUST-0487,PROD-004,CHAN-1,2025-04-13,2,47.99,0.1,0.0,Completed,86.38
ORD-05922,CUST-0930,PROD-106,CHAN-1,2025-04-13,1,103.0,0.05,0.0,Completed,97.85
ORD-05923,CUST-1226,PROD-078,CHAN-3,2025-04-13,4,9.99,0.0,11.99,Returned,51.95
ORD-05924,CUST-1353,PROD-041,CHAN-1,2025-04-13,1,27.95,0.0,11.99,Completed,39.94
ORD-05925,CUST-0608,PROD-018,CHAN-2,2025-04-13,1,83.95,0.0,0.0,Completed,83.95
ORD-05926,CUST-1027,PROD-001,CHAN-2,2025-04-13,2,50.95,0.0,0.0,Completed,101.9
ORD-05927,CUST-0007,PROD-041,CHAN-1,2025-04-13,2,27.95,0.0,8.99,Completed,64.89
ORD-05928,CUST-1223,PROD-131,CHAN-3,2025-04-13,2,7.95,0.0,8.99,Completed,24.89
ORD-05929,CUST-0030,PROD-015,CHAN-2,2025-04-14,1,65.0,0.0,0.0,Cancelled,0.0
ORD-05930,CUST-1037,PROD-009,CHAN-1,2025-04-14,1,60.99,0.0,11.99,Completed,72.98
ORD-05931,CUST-0022,PROD-072,CHAN-2,2025-04-14,2,35.95,0.0,11.99,Completed,83.89
ORD-05932,CUST-0004,PROD-140,CHAN-1,2025-04-14,1,12.0,0.0,4.99,Completed,16.99
ORD-05933,CUST-0715,PROD-001,CHAN-1,2025-04-14,1,50.95,0.0,4.99,Completed,55.94
ORD-05934,CUST-0476,PROD-120,CHAN-2,2025-04-14,1,158.0,0.0,0.0,Completed,158.0
ORD-05935,CUST-0129,PROD-001,CHAN-1,2025-04-14,2,50.95,0.15,0.0,Completed,86.62
ORD-05936,CUST-0009,PROD-150,CHAN-1,2025-04-14,1,7.0,0.0,8.99,Completed,15.99
ORD-05937,CUST-1737,PROD-021,CHAN-2,2025-04-14,1,39.0,0.05,8.99,Completed,46.04
ORD-05938,CUST-0095,PROD-008,CHAN-3,2025-04-14,1,38.99,0.0,4.99,Completed,43.98
ORD-05939,CUST-0080,PROD-150,CHAN-1,2025-04-14,1,7.0,0.15,8.99,Returned,14.94
ORD-05940,CUST-1947,PROD-022,CHAN-1,2025-04-14,2,21.0,0.15,4.99,Completed,40.69
ORD-05941,CUST-0100,PROD-010,CHAN-1,2025-04-14,2,32.99,0.1,4.99,Completed,64.37
ORD-05942,CUST-0003,PROD-022,CHAN-1,2025-04-14,1,21.0,0.0,8.99,Completed,29.99
ORD-05943,CUST-0647,PROD-014,CHAN-2,2025-04-14,1,19.0,0.0,4.99,Completed,23.99
ORD-05944,CUST-0043,PROD-012,CHAN-1,2025-04-14,1,63.0,0.0,8.99,Completed,71.99
ORD-05945,CUST-0561,PROD-068,CHAN-1,2025-04-15,1,83.95,0.0,0.0,Completed,83.95
ORD-05946,CUST-1905,PROD-002,CHAN-2,2025-04-15,2,28.99,0.35,8.99,Completed,46.68
ORD-05947,CUST-0003,PROD-091,CHAN-5,2025-04-15,1,13.0,0.2,5.99,Completed,16.39
ORD-05948,CUST-1184,PROD-023,CHAN-1,2025-04-15,1,58.95,0.2,11.99,Returned,59.15
ORD-05949,CUST-0005,PROD-041,CHAN-1,2025-04-15,2,27.95,0.0,0.0,Cancelled,0.0
ORD-05950,CUST-0304,PROD-033,CHAN-1,2025-04-15,1,63.99,0.0,8.99,Completed,72.98
ORD-05951,CUST-0029,PROD-081,CHAN-1,2025-04-15,1,38.95,0.0,5.99,Completed,44.94
ORD-05952,CUST-0077,PROD-065,CHAN-2,2025-04-16,1,30.0,0.0,8.99,Completed,38.99
ORD-05953,CUST-0697,PROD-027,CHAN-3,2025-04-16,2,54.0,0.05,0.0,Completed,102.6
ORD-05954,CUST-0395,PROD-115,CHAN-3,2025-04-16,1,166.95,0.35,0.0,Completed,108.52
ORD-05955,CUST-0005,PROD-048,CHAN-1,2025-04-16,1,121.95,0.0,0.0,Completed,121.95
ORD-05956,CUST-0629,PROD-062,CHAN-2,2025-04-16,1,77.99,0.05,4.99,Completed,79.08
ORD-05957,CUST-0011,PROD-007,CHAN-2,2025-04-16,1,49.0,0.0,11.99,Completed,60.99
ORD-05958,CUST-0970,PROD-004,CHAN-1,2025-04-16,1,47.99,0.0,8.99,Completed,56.98
ORD-05959,CUST-0324,PROD-012,CHAN-1,2025-04-16,1,63.0,0.1,4.99,Completed,61.69
ORD-05960,CUST-0002,PROD-003,CHAN-2,2025-04-16,2,70.99,0.0,0.0,Completed,141.98
ORD-05961,CUST-0065,PROD-001,CHAN-2,2025-04-17,2,50.95,0.0,0.0,Completed,101.9
ORD-05962,CUST-0017,PROD-024,CHAN-1,2025-04-17,1,39.0,0.0,8.99,Completed,47.99
ORD-05963,CUST-0632,PROD-141,CHAN-2,2025-04-17,4,15.0,0.0,5.99,Completed,65.99
ORD-05964,CUST-0226,PROD-121,CHAN-1,2025-04-17,1,156.99,0.0,0.0,Completed,156.99
ORD-05965,CUST-0780,PROD-022,CHAN-1,2025-04-17,1,21.0,0.3,5.99,Completed,20.69
ORD-05966,CUST-0118,PROD-050,CHAN-1,2025-04-17,2,40.0,0.35,8.99,Completed,60.99
ORD-05967,CUST-0101,PROD-043,CHAN-1,2025-04-17,2,45.99,0.35,8.99,Completed,68.78
ORD-05968,CUST-0563,PROD-007,CHAN-1,2025-04-17,1,49.0,0.0,5.99,Completed,54.99
ORD-05969,CUST-0466,PROD-046,CHAN-1,2025-04-17,1,36.99,0.0,11.99,Completed,48.98
ORD-05970,CUST-1459,PROD-001,CHAN-1,2025-04-17,1,50.95,0.0,0.0,Cancelled,0.0
ORD-05971,CUST-0487,PROD-001,CHAN-1,2025-04-17,1,50.95,0.0,5.99,Completed,56.94
ORD-05972,CUST-0450,PROD-063,CHAN-1,2025-04-17,1,96.99,0.0,0.0,Returned,96.99
ORD-05973,CUST-0115,PROD-101,CHAN-1,2025-04-18,1,66.0,0.15,8.99,Completed,65.09
ORD-05974,CUST-1039,PROD-103,CHAN-2,2025-04-18,1,111.0,0.1,0.0,Completed,99.9
ORD-05975,CUST-1187,PROD-082,CHAN-2,2025-04-18,1,22.0,0.0,8.99,Completed,30.99
ORD-05976,CUST-0003,PROD-072,CHAN-4,2025-04-18,2,35.95,0.25,5.99,Completed,59.92
ORD-05977,CUST-1220,PROD-045,CHAN-1,2025-04-18,1,51.0,0.1,8.99,Completed,54.89
ORD-05978,CUST-0808,PROD-068,CHAN-4,2025-04-18,1,83.95,0.0,0.0,Completed,83.95
ORD-05979,CUST-0002,PROD-124,CHAN-1,2025-04-18,1,180.95,0.0,0.0,Completed,180.95
ORD-05980,CUST-1390,PROD-016,CHAN-3,2025-04-19,1,25.0,0.0,5.99,Returned,30.99
ORD-05981,CUST-1080,PROD-002,CHAN-2,2025-04-19,1,28.99,0.0,5.99,Completed,34.98
ORD-05982,CUST-0309,PROD-071,CHAN-4,2025-04-19,2,54.99,0.0,0.0,Completed,109.98
ORD-05983,CUST-1799,PROD-031,CHAN-2,2025-04-19,1,100.0,0.1,0.0,Completed,90.0
ORD-05984,CUST-1924,PROD-002,CHAN-1,2025-04-19,1,28.99,0.25,8.99,Completed,30.73
ORD-05985,CUST-0169,PROD-126,CHAN-1,2025-04-19,3,6.99,0.0,4.99,Completed,25.96
ORD-05986,CUST-0212,PROD-109,CHAN-2,2025-04-19,1,68.99,0.0,4.99,Completed,73.98
ORD-05987,CUST-0246,PROD-028,CHAN-1,2025-04-19,1,109.0,0.0,0.0,Completed,109.0
ORD-05988,CUST-0031,PROD-018,CHAN-2,2025-04-19,1,83.95,0.0,0.0,Completed,83.95
ORD-05989,CUST-0809,PROD-147,CHAN-1,2025-04-19,1,5.95,0.0,5.99,Completed,11.94
ORD-05990,CUST-0024,PROD-024,CHAN-2,2025-04-20,1,39.0,0.0,5.99,Returned,44.99
ORD-05991,CUST-0029,PROD-023,CHAN-3,2025-04-20,1,58.95,0.0,11.99,Completed,70.94
ORD-05992,CUST-1780,PROD-123,CHAN-1,2025-04-20,1,141.0,0.0,0.0,Completed,141.0
ORD-05993,CUST-0183,PROD-041,CHAN-2,2025-04-20,1,27.95,0.3,11.99,Completed,31.55
ORD-05994,CUST-0014,PROD-001,CHAN-3,2025-04-20,3,50.95,0.0,0.0,Completed,152.85
ORD-05995,CUST-0012,PROD-009,CHAN-1,2025-04-20,2,60.99,0.3,0.0,Completed,85.39
ORD-05996,CUST-1786,PROD-012,CHAN-1,2025-04-20,1,63.0,0.0,8.99,Completed,71.99
ORD-05997,CUST-0327,PROD-070,CHAN-2,2025-04-21,3,91.99,0.0,0.0,Completed,275.97
ORD-05998,CUST-0009,PROD-095,CHAN-1,2025-04-21,1,18.95,0.0,8.99,Returned,27.94
ORD-05999,CUST-0799,PROD-130,CHAN-2,2025-04-21,2,5.95,0.0,11.99,Completed,23.89
ORD-06000,CUST-0930,PROD-017,CHAN-2,2025-04-21,2,28.99,0.0,4.99,Completed,62.97
ORD-06001,CUST-0381,PROD-044,CHAN-2,2025-04-21,2,66.0,0.4,0.0,Completed,79.2
ORD-06002,CUST-0121,PROD-096,CHAN-3,2025-04-21,1,22.99,0.0,5.99,Completed,28.98
ORD-06003,CUST-0823,PROD-007,CHAN-1,2025-04-21,1,49.0,0.0,8.99,Refunded,57.99
ORD-06004,CUST-1546,PROD-001,CHAN-3,2025-04-21,1,50.95,0.35,5.99,Completed,39.11
ORD-06005,CUST-1338,PROD-106,CHAN-3,2025-04-21,2,103.0,0.0,0.0,Cancelled,0.0
ORD-06006,CUST-1265,PROD-006,CHAN-1,2025-04-21,1,58.0,0.15,8.99,Completed,58.29
ORD-06007,CUST-0903,PROD-005,CHAN-1,2025-04-22,2,30.99,0.0,11.99,Completed,73.97
ORD-06008,CUST-0790,PROD-115,CHAN-1,2025-04-22,1,166.95,0.0,0.0,Completed,166.95
ORD-06009,CUST-0080,PROD-001,CHAN-1,2025-04-22,1,50.95,0.35,5.99,Completed,39.11
ORD-06010,CUST-0008,PROD-049,CHAN-1,2025-04-22,1,19.95,0.15,4.99,Completed,21.95
ORD-06011,CUST-0785,PROD-080,CHAN-3,2025-04-22,1,20.95,0.0,5.99,Completed,26.94
ORD-06012,CUST-1836,PROD-125,CHAN-2,2025-04-22,1,162.99,0.25,0.0,Completed,122.24
ORD-06013,CUST-0001,PROD-076,CHAN-2,2025-04-22,3,7.99,0.05,4.99,Completed,27.76
ORD-06014,CUST-0504,PROD-148,CHAN-3,2025-04-22,3,15.0,0.0,11.99,Completed,56.99
ORD-06015,CUST-0113,PROD-005,CHAN-2,2025-04-22,2,30.99,0.0,4.99,Completed,66.97
ORD-06016,CUST-0041,PROD-087,CHAN-2,2025-04-22,1,34.99,0.0,8.99,Returned,43.98
ORD-06017,CUST-0326,PROD-130,CHAN-2,2025-04-22,2,5.95,0.0,4.99,Completed,16.89
ORD-06018,CUST-0002,PROD-079,CHAN-4,2025-04-23,1,37.99,0.0,5.99,Completed,43.98
ORD-06019,CUST-0121,PROD-063,CHAN-4,2025-04-23,1,96.99,0.0,0.0,Completed,96.99
ORD-06020,CUST-0188,PROD-005,CHAN-2,2025-04-23,1,30.99,0.2,4.99,Completed,29.78
ORD-06021,CUST-1714,PROD-027,CHAN-2,2025-04-23,2,54.0,0.0,0.0,Completed,108.0
ORD-06022,CUST-0108,PROD-068,CHAN-2,2025-04-23,1,83.95,0.2,5.99,Completed,73.15
ORD-06023,CUST-0024,PROD-039,CHAN-1,2025-04-23,1,83.0,0.4,4.99,Completed,54.79
ORD-06024,CUST-1860,PROD-039,CHAN-3,2025-04-23,1,83.0,0.0,0.0,Completed,83.0
ORD-06025,CUST-1691,PROD-094,CHAN-3,2025-04-23,1,24.95,0.05,11.99,Completed,35.69
ORD-06026,CUST-0300,PROD-053,CHAN-2,2025-04-23,2,88.95,0.0,0.0,Completed,177.9
ORD-06027,CUST-0006,PROD-123,CHAN-4,2025-04-24,1,141.0,0.0,0.0,Completed,141.0
ORD-06028,CUST-0031,PROD-100,CHAN-2,2025-04-24,2,38.95,0.0,0.0,Completed,77.9
ORD-06029,CUST-1156,PROD-003,CHAN-2,2025-04-24,1,70.99,0.0,11.99,Completed,82.98
ORD-06030,CUST-1723,PROD-015,CHAN-1,2025-04-24,2,65.0,0.35,0.0,Completed,84.5
ORD-06031,CUST-0019,PROD-071,CHAN-1,2025-04-24,1,54.99,0.0,5.99,Completed,60.98
ORD-06032,CUST-0554,PROD-027,CHAN-5,2025-04-24,1,54.0,0.0,0.0,Cancelled,0.0
ORD-06033,CUST-0174,PROD-029,CHAN-2,2025-04-24,1,79.0,0.0,0.0,Completed,79.0
ORD-06034,CUST-0009,PROD-135,CHAN-1,2025-04-24,1,13.99,0.25,11.99,Completed,22.48
ORD-06035,CUST-0243,PROD-009,CHAN-1,2025-04-24,1,60.99,0.0,5.99,Completed,66.98
ORD-06036,CUST-0024,PROD-008,CHAN-1,2025-04-24,1,38.99,0.0,5.99,Completed,44.98
ORD-06037,CUST-0584,PROD-001,CHAN-4,2025-04-24,2,50.95,0.0,0.0,Completed,101.9
ORD-06038,CUST-1812,PROD-021,CHAN-2,2025-04-25,1,39.0,0.25,8.99,Completed,38.24
ORD-06039,CUST-1164,PROD-006,CHAN-1,2025-04-25,1,58.0,0.0,8.99,Completed,66.99
ORD-06040,CUST-0504,PROD-047,CHAN-1,2025-04-25,1,82.0,0.1,11.99,Completed,85.79
ORD-06041,CUST-1612,PROD-114,CHAN-2,2025-04-25,1,21.0,0.0,8.99,Completed,29.99
ORD-06042,CUST-0011,PROD-008,CHAN-1,2025-04-25,1,38.99,0.15,11.99,Completed,45.13
ORD-06043,CUST-0868,PROD-033,CHAN-1,2025-04-25,1,63.99,0.0,8.99,Completed,72.98
ORD-06044,CUST-0023,PROD-084,CHAN-1,2025-04-25,1,17.0,0.0,4.99,Completed,21.99
ORD-06045,CUST-0754,PROD-010,CHAN-1,2025-04-25,1,32.99,0.0,8.99,Completed,41.98
ORD-06046,CUST-0003,PROD-052,CHAN-2,2025-04-25,1,124.0,0.05,0.0,Completed,117.8
ORD-06047,CUST-0304,PROD-129,CHAN-2,2025-04-25,5,8.99,0.0,4.99,Completed,49.94
ORD-06048,CUST-0021,PROD-075,CHAN-2,2025-04-25,2,118.99,0.0,0.0,Completed,237.98
ORD-06049,CUST-0008,PROD-013,CHAN-1,2025-04-26,3,41.95,0.0,0.0,Cancelled,0.0
ORD-06050,CUST-0216,PROD-124,CHAN-1,2025-04-26,1,180.95,0.4,0.0,Completed,108.57
ORD-06051,CUST-0089,PROD-054,CHAN-3,2025-04-26,1,109.0,0.0,0.0,Completed,109.0
ORD-06052,CUST-1575,PROD-011,CHAN-2,2025-04-26,2,18.95,0.0,4.99,Completed,42.89
ORD-06053,CUST-0074,PROD-001,CHAN-1,2025-04-26,1,50.95,0.2,11.99,Completed,52.75
ORD-06054,CUST-1511,PROD-137,CHAN-2,2025-04-27,2,15.0,0.0,4.99,Completed,34.99
ORD-06055,CUST-0055,PROD-002,CHAN-3,2025-04-27,1,28.99,0.25,8.99,Completed,30.73
ORD-06056,CUST-0721,PROD-091,CHAN-1,2025-04-27,1,13.0,0.2,11.99,Completed,22.39
ORD-06057,CUST-1083,PROD-032,CHAN-3,2025-04-27,1,89.95,0.0,0.0,Completed,89.95
ORD-06058,CUST-0043,PROD-006,CHAN-2,2025-04-27,1,58.0,0.3,8.99,Completed,49.59
ORD-06059,CUST-0189,PROD-037,CHAN-2,2025-04-27,1,60.95,0.0,5.99,Completed,66.94
ORD-06060,CUST-0160,PROD-014,CHAN-1,2025-04-27,1,19.0,0.0,11.99,Completed,30.99
ORD-06061,CUST-0026,PROD-024,CHAN-1,2025-04-27,1,39.0,0.4,5.99,Completed,29.39
ORD-06062,CUST-1992,PROD-002,CHAN-2,2025-04-27,1,28.99,0.0,8.99,Completed,37.98
ORD-06063,CUST-1251,PROD-125,CHAN-1,2025-04-27,2,162.99,0.05,0.0,Completed,309.68
ORD-06064,CUST-0060,PROD-005,CHAN-1,2025-04-27,1,30.99,0.3,8.99,Completed,30.68
ORD-06065,CUST-0181,PROD-022,CHAN-1,2025-04-27,2,21.0,0.0,5.99,Completed,47.99
ORD-06066,CUST-0057,PROD-001,CHAN-2,2025-04-27,1,50.95,0.0,5.99,Completed,56.94
ORD-06067,CUST-0004,PROD-004,CHAN-2,2025-04-27,1,47.99,0.0,4.99,Completed,52.98
ORD-06068,CUST-1409,PROD-006,CHAN-1,2025-04-27,1,58.0,0.2,11.99,Completed,58.39
ORD-06069,CUST-1927,PROD-060,CHAN-1,2025-04-27,1,51.99,0.35,4.99,Completed,38.78
ORD-06070,CUST-0299,PROD-008,CHAN-2,2025-04-27,1,38.99,0.0,11.99,Returned,50.98
ORD-06071,CUST-0068,PROD-002,CHAN-2,2025-04-27,1,28.99,0.4,8.99,Completed,26.38
ORD-06072,CUST-1262,PROD-012,CHAN-2,2025-04-27,1,63.0,0.0,11.99,Completed,74.99
ORD-06073,CUST-0086,PROD-065,CHAN-3,2025-04-27,1,30.0,0.4,8.99,Completed,26.99
ORD-06074,CUST-1096,PROD-069,CHAN-1,2025-04-28,2,71.0,0.35,0.0,Completed,92.3
ORD-06075,CUST-0338,PROD-063,CHAN-2,2025-04-28,1,96.99,0.35,5.99,Completed,69.03
ORD-06076,CUST-1285,PROD-015,CHAN-1,2025-04-28,2,65.0,0.0,0.0,Refunded,130.0
ORD-06077,CUST-1195,PROD-022,CHAN-1,2025-04-28,1,21.0,0.0,8.99,Completed,29.99
ORD-06078,CUST-0006,PROD-028,CHAN-1,2025-04-28,1,109.0,0.0,0.0,Completed,109.0
ORD-06079,CUST-0002,PROD-059,CHAN-2,2025-04-28,1,58.99,0.0,4.99,Completed,63.98
ORD-06080,CUST-0027,PROD-003,CHAN-1,2025-04-28,1,70.99,0.4,5.99,Returned,48.58
ORD-06081,CUST-0617,PROD-001,CHAN-2,2025-04-28,2,50.95,0.25,0.0,Completed,76.43
ORD-06082,CUST-0240,PROD-019,CHAN-3,2025-04-28,2,35.95,0.0,0.0,Cancelled,0.0
ORD-06083,CUST-1912,PROD-022,CHAN-4,2025-04-28,1,21.0,0.0,8.99,Completed,29.99
ORD-06084,CUST-0197,PROD-033,CHAN-1,2025-04-28,1,63.99,0.0,4.99,Completed,68.98
ORD-06085,CUST-0025,PROD-112,CHAN-2,2025-04-28,3,115.0,0.2,0.0,Returned,276.0
ORD-06086,CUST-0001,PROD-060,CHAN-1,2025-04-28,1,51.99,0.0,5.99,Completed,57.98
ORD-06087,CUST-0907,PROD-009,CHAN-1,2025-04-29,2,60.99,0.0,0.0,Completed,121.98
ORD-06088,CUST-0359,PROD-010,CHAN-2,2025-04-29,1,32.99,0.0,4.99,Completed,37.98
ORD-06089,CUST-0748,PROD-001,CHAN-2,2025-04-29,1,50.95,0.0,4.99,Completed,55.94
ORD-06090,CUST-0913,PROD-118,CHAN-1,2025-04-29,1,150.99,0.15,0.0,Completed,128.34
ORD-06091,CUST-0009,PROD-018,CHAN-1,2025-04-29,2,83.95,0.0,0.0,Completed,167.9
ORD-06092,CUST-1126,PROD-027,CHAN-1,2025-04-29,1,54.0,0.0,8.99,Completed,62.99
ORD-06093,CUST-1299,PROD-115,CHAN-1,2025-04-29,1,166.95,0.0,0.0,Completed,166.95
ORD-06094,CUST-0064,PROD-009,CHAN-1,2025-04-29,1,60.99,0.0,11.99,Completed,72.98
ORD-06095,CUST-0020,PROD-001,CHAN-1,2025-04-29,1,50.95,0.0,8.99,Completed,59.94
ORD-06096,CUST-0687,PROD-008,CHAN-3,2025-04-30,1,38.99,0.0,4.99,Completed,43.98
ORD-06097,CUST-0116,PROD-009,CHAN-1,2025-04-30,1,60.99,0.0,11.99,Completed,72.98
ORD-06098,CUST-0088,PROD-111,CHAN-2,2025-04-30,2,27.99,0.0,5.99,Completed,61.97
ORD-06099,CUST-0010,PROD-032,CHAN-1,2025-04-30,2,89.95,0.0,0.0,Completed,179.9
ORD-06100,CUST-1844,PROD-099,CHAN-1,2025-04-30,1,17.95,0.0,11.99,Completed,29.94
ORD-06101,CUST-0002,PROD-001,CHAN-1,2025-04-30,1,50.95,0.3,8.99,Completed,44.66
ORD-06102,CUST-0094,PROD-025,CHAN-1,2025-04-30,2,57.99,0.0,0.0,Completed,115.98
ORD-06103,CUST-0017,PROD-005,CHAN-2,2025-04-30,1,30.99,0.0,5.99,Completed,36.98
ORD-06104,CUST-0021,PROD-109,CHAN-1,2025-04-30,1,68.99,0.0,4.99,Completed,73.98
ORD-06105,CUST-0208,PROD-017,CHAN-2,2025-04-30,1,28.99,0.0,11.99,Completed,40.98
ORD-06106,CUST-0065,PROD-123,CHAN-1,2025-04-30,1,141.0,0.0,0.0,Completed,141.0
ORD-06107,CUST-0130,PROD-029,CHAN-1,2025-04-30,2,79.0,0.0,0.0,Completed,158.0
ORD-06108,CUST-0886,PROD-001,CHAN-1,2025-04-30,3,50.95,0.35,0.0,Completed,99.35
ORD-06109,CUST-1458,PROD-039,CHAN-2,2025-05-01,2,83.0,0.0,0.0,Completed,166.0
ORD-06110,CUST-0017,PROD-064,CHAN-2,2025-05-01,2,43.0,0.0,0.0,Completed,86.0
ORD-06111,CUST-0002,PROD-053,CHAN-2,2025-05-01,2,88.95,0.0,0.0,Completed,177.9
ORD-06112,CUST-0708,PROD-116,CHAN-3,2025-05-01,1,103.99,0.0,0.0,Completed,103.99
ORD-06113,CUST-0016,PROD-060,CHAN-3,2025-05-01,1,51.99,0.0,5.99,Completed,57.98
ORD-06114,CUST-0428,PROD-004,CHAN-1,2025-05-01,1,47.99,0.0,4.99,Completed,52.98
ORD-06115,CUST-0721,PROD-054,CHAN-3,2025-05-01,1,109.0,0.0,0.0,Completed,109.0
ORD-06116,CUST-0010,PROD-112,CHAN-2,2025-05-02,1,115.0,0.1,0.0,Completed,103.5
ORD-06117,CUST-0889,PROD-120,CHAN-2,2025-05-02,2,158.0,0.0,0.0,Returned,316.0
ORD-06118,CUST-0079,PROD-014,CHAN-3,2025-05-02,1,19.0,0.0,5.99,Completed,24.99
ORD-06119,CUST-0051,PROD-042,CHAN-2,2025-05-02,1,17.0,0.1,11.99,Returned,27.29
ORD-06120,CUST-0649,PROD-001,CHAN-1,2025-05-02,1,50.95,0.0,11.99,Returned,62.94
ORD-06121,CUST-0019,PROD-009,CHAN-3,2025-05-02,1,60.99,0.25,5.99,Completed,51.73
ORD-06122,CUST-0321,PROD-008,CHAN-1,2025-05-02,1,38.99,0.05,5.99,Completed,43.03
ORD-06123,CUST-0021,PROD-036,CHAN-1,2025-05-02,1,102.99,0.0,0.0,Returned,102.99
ORD-06124,CUST-0010,PROD-003,CHAN-4,2025-05-02,4,70.99,0.0,0.0,Completed,283.96
ORD-06125,CUST-0216,PROD-093,CHAN-2,2025-05-03,1,25.99,0.2,8.99,Completed,29.78
ORD-06126,CUST-0089,PROD-016,CHAN-2,2025-05-03,1,25.0,0.0,4.99,Completed,29.99
ORD-06127,CUST-1615,PROD-093,CHAN-3,2025-05-03,2,25.99,0.0,11.99,Completed,63.97
ORD-06128,CUST-1105,PROD-018,CHAN-1,2025-05-03,1,83.95,0.0,0.0,Completed,83.95
ORD-06129,CUST-0743,PROD-024,CHAN-3,2025-05-03,4,39.0,0.3,0.0,Completed,109.2
ORD-06130,CUST-0451,PROD-032,CHAN-3,2025-05-03,1,89.95,0.0,0.0,Cancelled,0.0
ORD-06131,CUST-0014,PROD-107,CHAN-2,2025-05-04,1,53.0,0.15,8.99,Returned,54.04
ORD-06132,CUST-1458,PROD-020,CHAN-2,2025-05-04,1,25.0,0.0,8.99,Completed,33.99
ORD-06133,CUST-0030,PROD-014,CHAN-4,2025-05-04,1,19.0,0.05,5.99,Completed,24.04
ORD-06134,CUST-0027,PROD-035,CHAN-1,2025-05-04,2,102.99,0.0,0.0,Completed,205.98
ORD-06135,CUST-0009,PROD-057,CHAN-1,2025-05-04,2,32.0,0.1,11.99,Completed,69.59
ORD-06136,CUST-0494,PROD-024,CHAN-5,2025-05-04,1,39.0,0.0,4.99,Completed,43.99
ORD-06137,CUST-0468,PROD-147,CHAN-2,2025-05-04,2,5.95,0.0,8.99,Completed,20.89
ORD-06138,CUST-0002,PROD-001,CHAN-1,2025-05-04,5,50.95,0.0,0.0,Completed,254.75
ORD-06139,CUST-1892,PROD-018,CHAN-1,2025-05-04,1,83.95,0.0,0.0,Completed,83.95
ORD-06140,CUST-0114,PROD-022,CHAN-2,2025-05-04,2,21.0,0.0,4.99,Completed,46.99
ORD-06141,CUST-0917,PROD-063,CHAN-2,2025-05-04,2,96.99,0.0,0.0,Completed,193.98
ORD-06142,CUST-0285,PROD-018,CHAN-1,2025-05-04,1,83.95,0.0,0.0,Completed,83.95
ORD-06143,CUST-1789,PROD-051,CHAN-4,2025-05-04,1,105.95,0.0,0.0,Returned,105.95
ORD-06144,CUST-1081,PROD-109,CHAN-2,2025-05-04,3,68.99,0.0,0.0,Completed,206.97
ORD-06145,CUST-0494,PROD-010,CHAN-1,2025-05-04,1,32.99,0.4,4.99,Completed,24.78
ORD-06146,CUST-1536,PROD-002,CHAN-2,2025-05-04,2,28.99,0.15,11.99,Completed,61.27
ORD-06147,CUST-0012,PROD-004,CHAN-1,2025-05-04,1,47.99,0.0,0.0,Cancelled,0.0
ORD-06148,CUST-0035,PROD-008,CHAN-1,2025-05-04,1,38.99,0.0,4.99,Completed,43.98
ORD-06149,CUST-0739,PROD-074,CHAN-2,2025-05-05,3,45.95,0.0,0.0,Completed,137.85
ORD-06150,CUST-1421,PROD-138,CHAN-1,2025-05-05,2,3.99,0.15,11.99,Returned,18.77
ORD-06151,CUST-0970,PROD-019,CHAN-1,2025-05-05,1,35.95,0.35,5.99,Completed,29.36
ORD-06152,CUST-0016,PROD-015,CHAN-2,2025-05-05,1,65.0,0.0,8.99,Returned,73.99
ORD-06153,CUST-1628,PROD-053,CHAN-2,2025-05-05,1,88.95,0.05,0.0,Returned,84.5
ORD-06154,CUST-0737,PROD-030,CHAN-3,2025-05-05,1,62.99,0.15,8.99,Completed,62.53
ORD-06155,CUST-0273,PROD-029,CHAN-3,2025-05-05,3,79.0,0.4,0.0,Completed,142.2
ORD-06156,CUST-0113,PROD-035,CHAN-2,2025-05-05,2,102.99,0.35,0.0,Completed,133.89
ORD-06157,CUST-0313,PROD-003,CHAN-1,2025-05-05,1,70.99,0.0,4.99,Completed,75.98
ORD-06158,CUST-0205,PROD-007,CHAN-1,2025-05-05,1,49.0,0.0,11.99,Completed,60.99
ORD-06159,CUST-1962,PROD-127,CHAN-2,2025-05-05,2,7.95,0.4,11.99,Completed,21.53
ORD-06160,CUST-0063,PROD-058,CHAN-1,2025-05-05,2,86.0,0.05,0.0,Completed,163.4
ORD-06161,CUST-1842,PROD-111,CHAN-2,2025-05-05,2,27.99,0.0,5.99,Completed,61.97
ORD-06162,CUST-1713,PROD-009,CHAN-2,2025-05-05,1,60.99,0.0,5.99,Completed,66.98
ORD-06163,CUST-1406,PROD-003,CHAN-1,2025-05-06,2,70.99,0.0,0.0,Completed,141.98
ORD-06164,CUST-0027,PROD-005,CHAN-2,2025-05-06,2,30.99,0.0,8.99,Completed,70.97
ORD-06165,CUST-0070,PROD-106,CHAN-3,2025-05-06,1,103.0,0.35,5.99,Completed,72.94
ORD-06166,CUST-0628,PROD-001,CHAN-1,2025-05-06,1,50.95,0.4,4.99,Completed,35.56
ORD-06167,CUST-0020,PROD-024,CHAN-1,2025-05-06,2,39.0,0.25,5.99,Completed,64.49
ORD-06168,CUST-0512,PROD-125,CHAN-1,2025-05-06,1,162.99,0.0,0.0,Completed,162.99
ORD-06169,CUST-0383,PROD-001,CHAN-2,2025-05-06,1,50.95,0.0,4.99,Completed,55.94
ORD-06170,CUST-0304,PROD-021,CHAN-1,2025-05-06,1,39.0,0.0,5.99,Completed,44.99
ORD-06171,CUST-0001,PROD-002,CHAN-2,2025-05-06,1,28.99,0.0,0.0,Cancelled,0.0
ORD-06172,CUST-1025,PROD-013,CHAN-1,2025-05-06,1,41.95,0.0,8.99,Completed,50.94
ORD-06173,CUST-0139,PROD-001,CHAN-1,2025-05-06,1,50.95,0.0,4.99,Completed,55.94
ORD-06174,CUST-0099,PROD-096,CHAN-3,2025-05-06,1,22.99,0.0,0.0,Cancelled,0.0
ORD-06175,CUST-0013,PROD-060,CHAN-3,2025-05-06,4,51.99,0.0,0.0,Completed,207.96
ORD-06176,CUST-0001,PROD-027,CHAN-2,2025-05-06,2,54.0,0.0,0.0,Completed,108.0
ORD-06177,CUST-0004,PROD-069,CHAN-1,2025-05-06,1,71.0,0.0,8.99,Completed,79.99
ORD-06178,CUST-0305,PROD-005,CHAN-2,2025-05-07,2,30.99,0.0,11.99,Completed,73.97
ORD-06179,CUST-1262,PROD-023,CHAN-1,2025-05-07,1,58.95,0.0,11.99,Refunded,70.94
ORD-06180,CUST-0273,PROD-072,CHAN-1,2025-05-07,1,35.95,0.0,8.99,Completed,44.94
ORD-06181,CUST-0365,PROD-006,CHAN-2,2025-05-07,1,58.0,0.0,11.99,Completed,69.99
ORD-06182,CUST-1130,PROD-071,CHAN-1,2025-05-07,1,54.99,0.15,4.99,Completed,51.73
ORD-06183,CUST-0780,PROD-003,CHAN-2,2025-05-07,1,70.99,0.0,11.99,Completed,82.98
ORD-06184,CUST-0328,PROD-133,CHAN-2,2025-05-07,1,18.99,0.3,8.99,Completed,22.28
ORD-06185,CUST-0001,PROD-004,CHAN-2,2025-05-07,1,47.99,0.0,5.99,Completed,53.98
ORD-06186,CUST-0146,PROD-128,CHAN-1,2025-05-07,1,5.95,0.0,5.99,Completed,11.94
ORD-06187,CUST-0450,PROD-042,CHAN-2,2025-05-07,1,17.0,0.0,11.99,Completed,28.99
ORD-06188,CUST-1547,PROD-031,CHAN-2,2025-05-07,1,100.0,0.0,0.0,Completed,100.0
ORD-06189,CUST-0005,PROD-091,CHAN-2,2025-05-07,1,13.0,0.1,5.99,Completed,17.69
ORD-06190,CUST-1001,PROD-114,CHAN-1,2025-05-08,2,21.0,0.4,5.99,Completed,31.19
ORD-06191,CUST-0065,PROD-065,CHAN-1,2025-05-08,1,30.0,0.25,5.99,Completed,28.49
ORD-06192,CUST-0008,PROD-017,CHAN-1,2025-05-08,1,28.99,0.0,5.99,Completed,34.98
ORD-06193,CUST-0104,PROD-081,CHAN-1,2025-05-08,1,38.95,0.0,0.0,Cancelled,0.0
ORD-06194,CUST-0193,PROD-023,CHAN-1,2025-05-08,5,58.95,0.0,0.0,Completed,294.75
ORD-06195,CUST-0081,PROD-078,CHAN-1,2025-05-08,2,9.99,0.0,11.99,Returned,31.97
ORD-06196,CUST-0170,PROD-122,CHAN-1,2025-05-08,1,178.99,0.0,0.0,Completed,178.99
ORD-06197,CUST-0352,PROD-042,CHAN-1,2025-05-08,1,17.0,0.0,5.99,Completed,22.99
ORD-06198,CUST-1041,PROD-001,CHAN-2,2025-05-08,1,50.95,0.0,5.99,Completed,56.94
ORD-06199,CUST-0741,PROD-001,CHAN-2,2025-05-08,1,50.95,0.0,11.99,Completed,62.94
ORD-06200,CUST-0068,PROD-038,CHAN-4,2025-05-09,1,83.99,0.0,0.0,Returned,83.99
ORD-06201,CUST-0025,PROD-067,CHAN-1,2025-05-09,1,95.99,0.0,0.0,Completed,95.99
ORD-06202,CUST-1987,PROD-146,CHAN-1,2025-05-09,1,8.99,0.35,4.99,Completed,10.83
ORD-06203,CUST-1528,PROD-003,CHAN-2,2025-05-09,1,70.99,0.15,4.99,Completed,65.33
ORD-06204,CUST-0088,PROD-149,CHAN-2,2025-05-09,1,11.99,0.0,8.99,Completed,20.98
ORD-06205,CUST-1210,PROD-037,CHAN-3,2025-05-09,1,60.95,0.0,4.99,Completed,65.94
ORD-06206,CUST-0046,PROD-011,CHAN-2,2025-05-09,1,18.95,0.0,5.99,Completed,24.94
ORD-06207,CUST-0019,PROD-149,CHAN-4,2025-05-09,1,11.99,0.0,5.99,Completed,17.98
ORD-06208,CUST-1470,PROD-131,CHAN-2,2025-05-09,1,7.95,0.0,0.0,Cancelled,0.0
ORD-06209,CUST-1428,PROD-049,CHAN-1,2025-05-10,1,19.95,0.25,4.99,Refunded,19.95
ORD-06210,CUST-0242,PROD-131,CHAN-2,2025-05-10,2,7.95,0.0,11.99,Completed,27.89
ORD-06211,CUST-0953,PROD-016,CHAN-2,2025-05-10,1,25.0,0.1,8.99,Completed,31.49
ORD-06212,CUST-0194,PROD-097,CHAN-2,2025-05-10,2,6.0,0.0,4.99,Completed,16.99
ORD-06213,CUST-0062,PROD-084,CHAN-1,2025-05-10,1,17.0,0.0,4.99,Completed,21.99
ORD-06214,CUST-0225,PROD-047,CHAN-1,2025-05-10,1,82.0,0.2,11.99,Completed,77.59
ORD-06215,CUST-0681,PROD-047,CHAN-2,2025-05-10,1,82.0,0.0,0.0,Completed,82.0
ORD-06216,CUST-1713,PROD-131,CHAN-1,2025-05-10,1,7.95,0.0,4.99,Completed,12.94
ORD-06217,CUST-0422,PROD-003,CHAN-1,2025-05-10,1,70.99,0.0,8.99,Returned,79.98
ORD-06218,CUST-0046,PROD-061,CHAN-1,2025-05-10,1,67.0,0.0,5.99,Completed,72.99
ORD-06219,CUST-1452,PROD-114,CHAN-3,2025-05-11,1,21.0,0.0,5.99,Completed,26.99
ORD-06220,CUST-0004,PROD-003,CHAN-1,2025-05-11,1,70.99,0.15,4.99,Completed,65.33
ORD-06221,CUST-1393,PROD-146,CHAN-3,2025-05-11,2,8.99,0.2,4.99,Completed,19.37
ORD-06222,CUST-0492,PROD-089,CHAN-4,2025-05-11,1,5.99,0.0,11.99,Completed,17.98
ORD-06223,CUST-0021,PROD-006,CHAN-2,2025-05-11,1,58.0,0.0,4.99,Completed,62.99
ORD-06224,CUST-1554,PROD-056,CHAN-2,2025-05-11,1,131.0,0.35,0.0,Completed,85.15
ORD-06225,CUST-0321,PROD-029,CHAN-2,2025-05-11,1,79.0,0.0,0.0,Completed,79.0
ORD-06226,CUST-1877,PROD-067,CHAN-2,2025-05-11,3,95.99,0.0,0.0,Completed,287.97
ORD-06227,CUST-1975,PROD-008,CHAN-3,2025-05-11,1,38.99,0.0,4.99,Completed,43.98
ORD-06228,CUST-0257,PROD-003,CHAN-2,2025-05-11,1,70.99,0.0,11.99,Completed,82.98
ORD-06229,CUST-0583,PROD-069,CHAN-2,2025-05-11,1,71.0,0.0,4.99,Completed,75.99
ORD-06230,CUST-1241,PROD-046,CHAN-2,2025-05-12,4,36.99,0.0,0.0,Completed,147.96
ORD-06231,CUST-0080,PROD-042,CHAN-2,2025-05-12,1,17.0,0.35,11.99,Completed,23.04
ORD-06232,CUST-0136,PROD-096,CHAN-1,2025-05-12,1,22.99,0.0,8.99,Completed,31.98
ORD-06233,CUST-0588,PROD-068,CHAN-2,2025-05-12,2,83.95,0.25,0.0,Completed,125.93
ORD-06234,CUST-0176,PROD-075,CHAN-2,2025-05-12,1,118.99,0.2,0.0,Completed,95.19
ORD-06235,CUST-1834,PROD-112,CHAN-1,2025-05-12,1,115.0,0.25,0.0,Completed,86.25
ORD-06236,CUST-0826,PROD-029,CHAN-3,2025-05-12,1,79.0,0.2,4.99,Completed,68.19
ORD-06237,CUST-0658,PROD-009,CHAN-1,2025-05-12,1,60.99,0.0,8.99,Completed,69.98
ORD-06238,CUST-0875,PROD-058,CHAN-1,2025-05-12,1,86.0,0.05,0.0,Completed,81.7
ORD-06239,CUST-0281,PROD-081,CHAN-2,2025-05-12,1,38.95,0.0,5.99,Completed,44.94
ORD-06240,CUST-0012,PROD-014,CHAN-1,2025-05-12,2,19.0,0.0,8.99,Completed,46.99
ORD-06241,CUST-0029,PROD-033,CHAN-2,2025-05-13,4,63.99,0.0,0.0,Completed,255.96
ORD-06242,CUST-1996,PROD-136,CHAN-2,2025-05-13,2,4.0,0.0,5.99,Completed,13.99
ORD-06243,CUST-0958,PROD-111,CHAN-4,2025-05-13,1,27.99,0.3,4.99,Completed,24.58
ORD-06244,CUST-0204,PROD-033,CHAN-2,2025-05-13,2,63.99,0.0,0.0,Completed,127.98
ORD-06245,CUST-1379,PROD-032,CHAN-1,2025-05-13,4,89.95,0.0,0.0,Returned,359.8
ORD-06246,CUST-0050,PROD-009,CHAN-2,2025-05-13,1,60.99,0.0,8.99,Completed,69.98
ORD-06247,CUST-0183,PROD-014,CHAN-1,2025-05-13,1,19.0,0.4,8.99,Completed,20.39
ORD-06248,CUST-0155,PROD-033,CHAN-1,2025-05-13,2,63.99,0.25,0.0,Completed,95.98
ORD-06249,CUST-0102,PROD-019,CHAN-1,2025-05-13,1,35.95,0.35,5.99,Completed,29.36
ORD-06250,CUST-0266,PROD-043,CHAN-4,2025-05-13,3,45.99,0.1,0.0,Completed,124.17
ORD-06251,CUST-0538,PROD-001,CHAN-2,2025-05-13,1,50.95,0.0,11.99,Completed,62.94
ORD-06252,CUST-0804,PROD-024,CHAN-3,2025-05-13,3,39.0,0.1,0.0,Completed,105.3
ORD-06253,CUST-0204,PROD-033,CHAN-2,2025-05-14,1,63.99,0.0,8.99,Completed,72.98
ORD-06254,CUST-1633,PROD-029,CHAN-1,2025-05-14,2,79.0,0.0,0.0,Completed,158.0
ORD-06255,CUST-0044,PROD-005,CHAN-2,2025-05-14,1,30.99,0.3,4.99,Completed,26.68
ORD-06256,CUST-0451,PROD-065,CHAN-1,2025-05-14,1,30.0,0.0,8.99,Completed,38.99
ORD-06257,CUST-0139,PROD-142,CHAN-1,2025-05-14,1,5.0,0.0,8.99,Returned,13.99
ORD-06258,CUST-1703,PROD-145,CHAN-3,2025-05-14,1,10.95,0.1,4.99,Completed,14.85
ORD-06259,CUST-0435,PROD-025,CHAN-3,2025-05-14,1,57.99,0.0,8.99,Completed,66.98
ORD-06260,CUST-0035,PROD-037,CHAN-1,2025-05-14,1,60.95,0.0,11.99,Completed,72.94
ORD-06261,CUST-1178,PROD-074,CHAN-1,2025-05-14,2,45.95,0.1,0.0,Completed,82.71
ORD-06262,CUST-0016,PROD-012,CHAN-2,2025-05-14,1,63.0,0.0,0.0,Cancelled,0.0
ORD-06263,CUST-0008,PROD-025,CHAN-4,2025-05-14,3,57.99,0.2,0.0,Returned,139.18
ORD-06264,CUST-0270,PROD-005,CHAN-1,2025-05-14,1,30.99,0.0,8.99,Completed,39.98
ORD-06265,CUST-0040,PROD-002,CHAN-2,2025-05-14,1,28.99,0.25,4.99,Completed,26.73
ORD-06266,CUST-0085,PROD-091,CHAN-2,2025-05-14,1,13.0,0.15,5.99,Completed,17.04
ORD-06267,CUST-0008,PROD-127,CHAN-2,2025-05-15,1,7.95,0.0,5.99,Completed,13.94
ORD-06268,CUST-0540,PROD-026,CHAN-2,2025-05-15,1,36.95,0.0,5.99,Completed,42.94
ORD-06269,CUST-0300,PROD-081,CHAN-2,2025-05-15,1,38.95,0.0,4.99,Completed,43.94
ORD-06270,CUST-0004,PROD-016,CHAN-1,2025-05-15,1,25.0,0.0,11.99,Completed,36.99
ORD-06271,CUST-0640,PROD-007,CHAN-2,2025-05-15,2,49.0,0.05,0.0,Completed,93.1
ORD-06272,CUST-0013,PROD-064,CHAN-4,2025-05-15,1,43.0,0.0,4.99,Completed,47.99
ORD-06273,CUST-1549,PROD-055,CHAN-2,2025-05-15,1,110.99,0.3,0.0,Completed,77.69
ORD-06274,CUST-0922,PROD-035,CHAN-2,2025-05-15,2,102.99,0.0,0.0,Completed,205.98
ORD-06275,CUST-0364,PROD-012,CHAN-1,2025-05-15,1,63.0,0.0,5.99,Completed,68.99
ORD-06276,CUST-1364,PROD-004,CHAN-1,2025-05-16,1,47.99,0.0,8.99,Completed,56.98
ORD-06277,CUST-1357,PROD-035,CHAN-5,2025-05-16,2,102.99,0.05,0.0,Completed,195.68
ORD-06278,CUST-1297,PROD-003,CHAN-1,2025-05-16,1,70.99,0.0,11.99,Completed,82.98
ORD-06279,CUST-0267,PROD-077,CHAN-1,2025-05-16,1,42.99,0.0,4.99,Completed,47.98
ORD-06280,CUST-0550,PROD-010,CHAN-2,2025-05-16,1,32.99,0.0,11.99,Completed,44.98
ORD-06281,CUST-0718,PROD-044,CHAN-2,2025-05-16,1,66.0,0.0,11.99,Completed,77.99
ORD-06282,CUST-0077,PROD-096,CHAN-2,2025-05-16,1,22.99,0.15,4.99,Completed,24.53
ORD-06283,CUST-0582,PROD-003,CHAN-3,2025-05-16,2,70.99,0.0,0.0,Completed,141.98
ORD-06284,CUST-0496,PROD-127,CHAN-1,2025-05-17,1,7.95,0.0,8.99,Completed,16.94
ORD-06285,CUST-1807,PROD-016,CHAN-1,2025-05-17,2,25.0,0.2,5.99,Completed,45.99
ORD-06286,CUST-0001,PROD-114,CHAN-1,2025-05-17,1,21.0,0.0,4.99,Completed,25.99
ORD-06287,CUST-0159,PROD-008,CHAN-3,2025-05-17,2,38.99,0.3,4.99,Completed,59.58
ORD-06288,CUST-0124,PROD-014,CHAN-2,2025-05-17,2,19.0,0.0,5.99,Completed,43.99
ORD-06289,CUST-0820,PROD-061,CHAN-1,2025-05-17,2,67.0,0.0,0.0,Cancelled,0.0
ORD-06290,CUST-0926,PROD-041,CHAN-2,2025-05-17,1,27.95,0.0,5.99,Completed,33.94
ORD-06291,CUST-1207,PROD-082,CHAN-3,2025-05-17,1,22.0,0.4,4.99,Completed,18.19
ORD-06292,CUST-0574,PROD-109,CHAN-1,2025-05-17,1,68.99,0.0,8.99,Completed,77.98
ORD-06293,CUST-0564,PROD-126,CHAN-1,2025-05-17,1,6.99,0.05,5.99,Completed,12.63
ORD-06294,CUST-0051,PROD-018,CHAN-1,2025-05-17,1,83.95,0.0,0.0,Completed,83.95
ORD-06295,CUST-1444,PROD-061,CHAN-1,2025-05-18,2,67.0,0.0,0.0,Completed,134.0
ORD-06296,CUST-0592,PROD-009,CHAN-1,2025-05-18,2,60.99,0.0,0.0,Completed,121.98
ORD-06297,CUST-0892,PROD-050,CHAN-1,2025-05-18,2,40.0,0.0,0.0,Completed,80.0
ORD-06298,CUST-0097,PROD-089,CHAN-2,2025-05-18,1,5.99,0.0,11.99,Completed,17.98
ORD-06299,CUST-0041,PROD-004,CHAN-1,2025-05-18,1,47.99,0.0,11.99,Completed,59.98
ORD-06300,CUST-0556,PROD-054,CHAN-2,2025-05-18,1,109.0,0.35,5.99,Completed,76.84
ORD-06301,CUST-1156,PROD-125,CHAN-1,2025-05-18,1,162.99,0.0,0.0,Completed,162.99
ORD-06302,CUST-0006,PROD-004,CHAN-2,2025-05-18,1,47.99,0.0,8.99,Completed,56.98
ORD-06303,CUST-0955,PROD-028,CHAN-1,2025-05-18,2,109.0,0.35,0.0,Completed,141.7
ORD-06304,CUST-0006,PROD-007,CHAN-1,2025-05-18,5,49.0,0.0,0.0,Cancelled,0.0
ORD-06305,CUST-0204,PROD-038,CHAN-2,2025-05-18,1,83.99,0.0,0.0,Completed,83.99
ORD-06306,CUST-1259,PROD-036,CHAN-5,2025-05-19,2,102.99,0.0,0.0,Cancelled,0.0
ORD-06307,CUST-0186,PROD-023,CHAN-4,2025-05-19,1,58.95,0.0,11.99,Completed,70.94
ORD-06308,CUST-0566,PROD-086,CHAN-2,2025-05-19,1,7.0,0.0,4.99,Completed,11.99
ORD-06309,CUST-0106,PROD-047,CHAN-1,2025-05-19,1,82.0,0.35,5.99,Completed,59.29
ORD-06310,CUST-0947,PROD-006,CHAN-1,2025-05-19,2,58.0,0.05,0.0,Completed,110.2
ORD-06311,CUST-0556,PROD-006,CHAN-3,2025-05-19,1,58.0,0.0,4.99,Completed,62.99
ORD-06312,CUST-0118,PROD-023,CHAN-1,2025-05-19,2,58.95,0.0,0.0,Completed,117.9
ORD-06313,CUST-0338,PROD-047,CHAN-3,2025-05-19,1,82.0,0.0,0.0,Completed,82.0
ORD-06314,CUST-0005,PROD-006,CHAN-1,2025-05-19,1,58.0,0.2,4.99,Completed,51.39
ORD-06315,CUST-0596,PROD-008,CHAN-1,2025-05-19,1,38.99,0.0,4.99,Completed,43.98
ORD-06316,CUST-1759,PROD-072,CHAN-2,2025-05-19,1,35.95,0.05,5.99,Returned,40.14
ORD-06317,CUST-0224,PROD-003,CHAN-5,2025-05-20,2,70.99,0.25,0.0,Completed,106.48
ORD-06318,CUST-0566,PROD-052,CHAN-2,2025-05-20,1,124.0,0.0,0.0,Completed,124.0
ORD-06319,CUST-0047,PROD-046,CHAN-1,2025-05-20,1,36.99,0.0,8.99,Completed,45.98
ORD-06320,CUST-0434,PROD-127,CHAN-4,2025-05-20,1,7.95,0.0,8.99,Completed,16.94
ORD-06321,CUST-0010,PROD-051,CHAN-3,2025-05-20,3,105.95,0.15,0.0,Completed,270.17
ORD-06322,CUST-1337,PROD-069,CHAN-1,2025-05-20,1,71.0,0.35,4.99,Completed,51.14
ORD-06323,CUST-0003,PROD-056,CHAN-1,2025-05-20,2,131.0,0.0,0.0,Completed,262.0
ORD-06324,CUST-0810,PROD-002,CHAN-4,2025-05-20,1,28.99,0.0,11.99,Completed,40.98
ORD-06325,CUST-1527,PROD-122,CHAN-1,2025-05-20,1,178.99,0.0,0.0,Completed,178.99
ORD-06326,CUST-0016,PROD-090,CHAN-2,2025-05-21,3,21.0,0.15,4.99,Completed,58.54
ORD-06327,CUST-0039,PROD-071,CHAN-5,2025-05-21,1,54.99,0.0,8.99,Completed,63.98
ORD-06328,CUST-0005,PROD-052,CHAN-1,2025-05-21,1,124.0,0.0,0.0,Completed,124.0
ORD-06329,CUST-0119,PROD-012,CHAN-2,2025-05-21,1,63.0,0.05,4.99,Completed,64.84
ORD-06330,CUST-0873,PROD-001,CHAN-1,2025-05-21,1,50.95,0.0,8.99,Refunded,59.94
ORD-06331,CUST-0044,PROD-022,CHAN-2,2025-05-21,4,21.0,0.0,0.0,Completed,84.0
ORD-06332,CUST-0137,PROD-002,CHAN-1,2025-05-21,2,28.99,0.0,8.99,Completed,66.97
ORD-06333,CUST-0771,PROD-093,CHAN-1,2025-05-21,1,25.99,0.0,11.99,Completed,37.98
ORD-06334,CUST-0011,PROD-110,CHAN-1,2025-05-21,1,35.95,0.3,5.99,Completed,31.16
ORD-06335,CUST-0350,PROD-045,CHAN-1,2025-05-21,1,51.0,0.0,4.99,Returned,55.99
ORD-06336,CUST-0003,PROD-148,CHAN-1,2025-05-21,1,15.0,0.0,4.99,Completed,19.99
ORD-06337,CUST-0110,PROD-103,CHAN-1,2025-05-21,1,111.0,0.0,0.0,Completed,111.0
ORD-06338,CUST-0001,PROD-002,CHAN-2,2025-05-21,1,28.99,0.0,5.99,Completed,34.98
ORD-06339,CUST-0756,PROD-092,CHAN-3,2025-05-21,1,8.0,0.0,0.0,Cancelled,0.0
ORD-06340,CUST-0255,PROD-135,CHAN-2,2025-05-21,1,13.99,0.0,5.99,Completed,19.98
ORD-06341,CUST-0327,PROD-128,CHAN-1,2025-05-21,2,5.95,0.0,0.0,Cancelled,0.0
ORD-06342,CUST-0316,PROD-003,CHAN-1,2025-05-21,1,70.99,0.1,8.99,Completed,72.88
ORD-06343,CUST-0034,PROD-120,CHAN-2,2025-05-21,2,158.0,0.3,0.0,Completed,221.2
ORD-06344,CUST-0566,PROD-024,CHAN-1,2025-05-21,3,39.0,0.0,0.0,Completed,117.0
ORD-06345,CUST-0348,PROD-036,CHAN-5,2025-05-22,1,102.99,0.1,0.0,Completed,92.69
ORD-06346,CUST-1310,PROD-111,CHAN-1,2025-05-22,1,27.99,0.0,8.99,Completed,36.98
ORD-06347,CUST-1872,PROD-028,CHAN-1,2025-05-22,1,109.0,0.4,4.99,Completed,70.39
ORD-06348,CUST-0561,PROD-090,CHAN-4,2025-05-22,3,21.0,0.25,4.99,Completed,52.24
ORD-06349,CUST-1694,PROD-001,CHAN-2,2025-05-22,1,50.95,0.0,8.99,Completed,59.94
ORD-06350,CUST-0031,PROD-096,CHAN-1,2025-05-22,3,22.99,0.35,8.99,Completed,53.82
ORD-06351,CUST-0002,PROD-096,CHAN-1,2025-05-22,1,22.99,0.0,4.99,Completed,27.98
ORD-06352,CUST-0287,PROD-025,CHAN-2,2025-05-22,3,57.99,0.4,0.0,Completed,104.38
ORD-06353,CUST-0656,PROD-014,CHAN-1,2025-05-22,1,19.0,0.4,4.99,Completed,16.39
ORD-06354,CUST-0249,PROD-054,CHAN-1,2025-05-22,2,109.0,0.0,0.0,Completed,218.0
ORD-06355,CUST-0009,PROD-048,CHAN-2,2025-05-22,1,121.95,0.0,0.0,Completed,121.95
ORD-06356,CUST-1198,PROD-057,CHAN-2,2025-05-23,1,32.0,0.0,11.99,Completed,43.99
ORD-06357,CUST-1551,PROD-072,CHAN-1,2025-05-23,1,35.95,0.0,11.99,Completed,47.94
ORD-06358,CUST-0005,PROD-006,CHAN-5,2025-05-23,1,58.0,0.0,11.99,Completed,69.99
ORD-06359,CUST-1501,PROD-006,CHAN-1,2025-05-23,4,58.0,0.0,0.0,Completed,232.0
ORD-06360,CUST-0008,PROD-053,CHAN-4,2025-05-23,3,88.95,0.4,0.0,Completed,160.11
ORD-06361,CUST-1277,PROD-110,CHAN-2,2025-05-23,1,35.95,0.0,11.99,Completed,47.94
ORD-06362,CUST-0866,PROD-144,CHAN-2,2025-05-23,1,17.95,0.0,8.99,Completed,26.94
ORD-06363,CUST-0459,PROD-071,CHAN-1,2025-05-23,2,54.99,0.0,0.0,Completed,109.98
ORD-06364,CUST-0489,PROD-056,CHAN-1,2025-05-23,1,131.0,0.0,0.0,Completed,131.0
ORD-06365,CUST-0571,PROD-052,CHAN-1,2025-05-23,1,124.0,0.0,0.0,Completed,124.0
ORD-06366,CUST-0130,PROD-037,CHAN-5,2025-05-24,2,60.95,0.25,0.0,Returned,91.43
ORD-06367,CUST-1301,PROD-039,CHAN-2,2025-05-24,1,83.0,0.1,5.99,Completed,80.69
ORD-06368,CUST-0836,PROD-028,CHAN-2,2025-05-24,1,109.0,0.0,0.0,Completed,109.0
ORD-06369,CUST-0010,PROD-006,CHAN-3,2025-05-24,1,58.0,0.2,5.99,Completed,52.39
ORD-06370,CUST-0068,PROD-130,CHAN-2,2025-05-24,1,5.95,0.0,11.99,Completed,17.94
ORD-06371,CUST-0018,PROD-013,CHAN-2,2025-05-24,2,41.95,0.0,0.0,Completed,83.9
ORD-06372,CUST-0074,PROD-114,CHAN-1,2025-05-24,1,21.0,0.0,11.99,Completed,32.99
ORD-06373,CUST-1845,PROD-004,CHAN-3,2025-05-24,2,47.99,0.15,0.0,Returned,81.58
ORD-06374,CUST-0005,PROD-036,CHAN-2,2025-05-24,3,102.99,0.0,0.0,Completed,308.97
ORD-06375,CUST-0209,PROD-031,CHAN-1,2025-05-25,1,100.0,0.0,0.0,Refunded,100.0
ORD-06376,CUST-0041,PROD-002,CHAN-5,2025-05-25,1,28.99,0.0,5.99,Completed,34.98
ORD-06377,CUST-0017,PROD-073,CHAN-3,2025-05-25,1,24.95,0.0,5.99,Completed,30.94
ORD-06378,CUST-0010,PROD-003,CHAN-1,2025-05-25,1,70.99,0.0,5.99,Completed,76.98
ORD-06379,CUST-0491,PROD-066,CHAN-2,2025-05-25,2,71.95,0.0,0.0,Completed,143.9
ORD-06380,CUST-0406,PROD-127,CHAN-2,2025-05-25,2,7.95,0.0,0.0,Cancelled,0.0
ORD-06381,CUST-0193,PROD-029,CHAN-3,2025-05-25,1,79.0,0.05,0.0,Completed,75.05
ORD-06382,CUST-0442,PROD-079,CHAN-2,2025-05-25,1,37.99,0.0,5.99,Completed,43.98
ORD-06383,CUST-0245,PROD-012,CHAN-4,2025-05-25,1,63.0,0.25,8.99,Completed,56.24
ORD-06384,CUST-1097,PROD-001,CHAN-1,2025-05-25,1,50.95,0.0,11.99,Completed,62.94
ORD-06385,CUST-0693,PROD-017,CHAN-1,2025-05-25,1,28.99,0.0,5.99,Completed,34.98
ORD-06386,CUST-0065,PROD-006,CHAN-1,2025-05-26,2,58.0,0.4,8.99,Completed,78.59
ORD-06387,CUST-0198,PROD-026,CHAN-4,2025-05-26,1,36.95,0.0,8.99,Completed,45.94
ORD-06388,CUST-1635,PROD-015,CHAN-1,2025-05-26,1,65.0,0.0,5.99,Completed,70.99
ORD-06389,CUST-0405,PROD-051,CHAN-1,2025-05-26,2,105.95,0.4,0.0,Completed,127.14
ORD-06390,CUST-0317,PROD-001,CHAN-2,2025-05-26,2,50.95,0.0,0.0,Completed,101.9
ORD-06391,CUST-0060,PROD-001,CHAN-3,2025-05-26,4,50.95,0.2,0.0,Completed,163.04
ORD-06392,CUST-0006,PROD-132,CHAN-1,2025-05-26,3,8.0,0.35,8.99,Completed,24.59
ORD-06393,CUST-0633,PROD-119,CHAN-2,2025-05-26,1,123.0,0.15,0.0,Completed,104.55
ORD-06394,CUST-0004,PROD-042,CHAN-1,2025-05-26,1,17.0,0.0,5.99,Completed,22.99
ORD-06395,CUST-1765,PROD-015,CHAN-2,2025-05-26,1,65.0,0.0,11.99,Completed,76.99
ORD-06396,CUST-0586,PROD-007,CHAN-1,2025-05-26,2,49.0,0.1,0.0,Completed,88.2
ORD-06397,CUST-1143,PROD-093,CHAN-2,2025-05-27,1,25.99,0.0,4.99,Completed,30.98
ORD-06398,CUST-0860,PROD-024,CHAN-1,2025-05-27,1,39.0,0.0,8.99,Completed,47.99
ORD-06399,CUST-0022,PROD-024,CHAN-1,2025-05-27,1,39.0,0.4,4.99,Completed,28.39
ORD-06400,CUST-0143,PROD-075,CHAN-2,2025-05-27,3,118.99,0.0,0.0,Returned,356.97
ORD-06401,CUST-0008,PROD-071,CHAN-2,2025-05-27,3,54.99,0.0,0.0,Completed,164.97
ORD-06402,CUST-0153,PROD-016,CHAN-1,2025-05-27,1,25.0,0.25,5.99,Completed,24.74
ORD-06403,CUST-0326,PROD-105,CHAN-1,2025-05-27,1,71.0,0.05,11.99,Completed,79.44
ORD-06404,CUST-0073,PROD-003,CHAN-4,2025-05-27,2,70.99,0.05,0.0,Completed,134.88
ORD-06405,CUST-0098,PROD-011,CHAN-4,2025-05-27,1,18.95,0.0,4.99,Completed,23.94
ORD-06406,CUST-0518,PROD-126,CHAN-2,2025-05-28,1,6.99,0.0,11.99,Returned,18.98
ORD-06407,CUST-0044,PROD-128,CHAN-1,2025-05-28,1,5.95,0.0,5.99,Completed,11.94
ORD-06408,CUST-1064,PROD-105,CHAN-2,2025-05-28,1,71.0,0.0,8.99,Completed,79.99
ORD-06409,CUST-0516,PROD-012,CHAN-1,2025-05-28,2,63.0,0.35,0.0,Completed,81.9
ORD-06410,CUST-0021,PROD-001,CHAN-1,2025-05-28,1,50.95,0.05,5.99,Completed,54.39
ORD-06411,CUST-0788,PROD-091,CHAN-2,2025-05-28,1,13.0,0.3,11.99,Completed,21.09
ORD-06412,CUST-0678,PROD-013,CHAN-1,2025-05-28,1,41.95,0.0,11.99,Completed,53.94
ORD-06413,CUST-0004,PROD-015,CHAN-1,2025-05-28,1,65.0,0.4,8.99,Completed,47.99
ORD-06414,CUST-0301,PROD-077,CHAN-2,2025-05-28,3,42.99,0.0,0.0,Completed,128.97
ORD-06415,CUST-0162,PROD-042,CHAN-1,2025-05-28,1,17.0,0.2,11.99,Completed,25.59
ORD-06416,CUST-1362,PROD-018,CHAN-1,2025-05-28,1,83.95,0.0,0.0,Completed,83.95
ORD-06417,CUST-0006,PROD-043,CHAN-1,2025-05-28,1,45.99,0.0,4.99,Completed,50.98
ORD-06418,CUST-1069,PROD-066,CHAN-1,2025-05-28,1,71.95,0.0,0.0,Cancelled,0.0
ORD-06419,CUST-0984,PROD-083,CHAN-1,2025-05-28,1,25.99,0.0,8.99,Completed,34.98
ORD-06420,CUST-0131,PROD-007,CHAN-1,2025-05-29,1,49.0,0.25,5.99,Completed,42.74
ORD-06421,CUST-1131,PROD-045,CHAN-1,2025-05-29,1,51.0,0.0,11.99,Completed,62.99
ORD-06422,CUST-0895,PROD-020,CHAN-2,2025-05-29,1,25.0,0.2,8.99,Completed,28.99
ORD-06423,CUST-0510,PROD-020,CHAN-1,2025-05-29,1,25.0,0.1,5.99,Completed,28.49
ORD-06424,CUST-0592,PROD-049,CHAN-1,2025-05-29,1,19.95,0.0,4.99,Completed,24.94
ORD-06425,CUST-0565,PROD-116,CHAN-2,2025-05-29,4,103.99,0.0,0.0,Completed,415.96
ORD-06426,CUST-0017,PROD-009,CHAN-2,2025-05-29,1,60.99,0.3,5.99,Completed,48.68
ORD-06427,CUST-0002,PROD-025,CHAN-1,2025-05-29,1,57.99,0.1,5.99,Returned,58.18
ORD-06428,CUST-1758,PROD-010,CHAN-1,2025-05-30,1,32.99,0.0,5.99,Completed,38.98
ORD-06429,CUST-1124,PROD-076,CHAN-1,2025-05-30,1,7.99,0.25,11.99,Completed,17.98
ORD-06430,CUST-0919,PROD-013,CHAN-5,2025-05-30,1,41.95,0.0,5.99,Completed,47.94
ORD-06431,CUST-0033,PROD-110,CHAN-1,2025-05-30,1,35.95,0.0,11.99,Refunded,47.94
ORD-06432,CUST-0113,PROD-088,CHAN-1,2025-05-30,1,29.99,0.0,5.99,Completed,35.98
ORD-06433,CUST-0002,PROD-102,CHAN-1,2025-05-30,1,137.0,0.4,0.0,Completed,82.2
ORD-06434,CUST-0473,PROD-074,CHAN-3,2025-05-30,1,45.95,0.0,11.99,Completed,57.94
ORD-06435,CUST-1146,PROD-033,CHAN-1,2025-05-30,2,63.99,0.0,0.0,Completed,127.98
ORD-06436,CUST-0408,PROD-055,CHAN-4,2025-05-30,1,110.99,0.35,4.99,Completed,77.13
ORD-06437,CUST-0001,PROD-114,CHAN-1,2025-05-30,1,21.0,0.2,8.99,Completed,25.79
ORD-06438,CUST-0038,PROD-015,CHAN-2,2025-05-30,1,65.0,0.0,8.99,Completed,73.99
ORD-06439,CUST-0580,PROD-101,CHAN-1,2025-05-30,1,66.0,0.0,8.99,Completed,74.99
ORD-06440,CUST-1021,PROD-077,CHAN-2,2025-05-30,1,42.99,0.0,8.99,Completed,51.98
ORD-06441,CUST-0193,PROD-029,CHAN-1,2025-05-30,1,79.0,0.0,0.0,Completed,79.0
ORD-06442,CUST-0014,PROD-141,CHAN-2,2025-05-31,1,15.0,0.0,11.99,Completed,26.99
ORD-06443,CUST-0003,PROD-076,CHAN-2,2025-05-31,4,7.99,0.0,5.99,Completed,37.95
ORD-06444,CUST-0062,PROD-002,CHAN-4,2025-05-31,1,28.99,0.0,11.99,Completed,40.98
ORD-06445,CUST-0837,PROD-002,CHAN-2,2025-05-31,1,28.99,0.0,4.99,Completed,33.98
ORD-06446,CUST-0760,PROD-043,CHAN-4,2025-05-31,1,45.99,0.0,5.99,Completed,51.98
ORD-06447,CUST-0086,PROD-002,CHAN-3,2025-05-31,1,28.99,0.0,0.0,Cancelled,0.0
ORD-06448,CUST-0384,PROD-004,CHAN-2,2025-05-31,1,47.99,0.0,8.99,Completed,56.98
ORD-06449,CUST-0103,PROD-089,CHAN-1,2025-05-31,1,5.99,0.0,11.99,Completed,17.98
ORD-06450,CUST-1187,PROD-123,CHAN-2,2025-05-31,1,141.0,0.35,0.0,Completed,91.65
ORD-06451,CUST-0518,PROD-005,CHAN-1,2025-05-31,1,30.99,0.0,8.99,Completed,39.98
ORD-06452,CUST-1298,PROD-002,CHAN-1,2025-06-01,1,28.99,0.0,5.99,Completed,34.98
ORD-06453,CUST-0044,PROD-056,CHAN-1,2025-06-01,1,131.0,0.0,0.0,Cancelled,0.0
ORD-06454,CUST-0404,PROD-111,CHAN-2,2025-06-01,2,27.99,0.4,8.99,Completed,42.58
ORD-06455,CUST-0069,PROD-118,CHAN-1,2025-06-01,2,150.99,0.0,0.0,Completed,301.98
ORD-06456,CUST-0278,PROD-012,CHAN-1,2025-06-01,1,63.0,0.0,8.99,Completed,71.99
ORD-06457,CUST-0006,PROD-130,CHAN-1,2025-06-01,1,5.95,0.0,11.99,Completed,17.94
ORD-06458,CUST-0051,PROD-001,CHAN-2,2025-06-01,1,50.95,0.1,5.99,Completed,51.85
ORD-06459,CUST-1136,PROD-001,CHAN-4,2025-06-01,1,50.95,0.25,8.99,Returned,47.2
ORD-06460,CUST-1567,PROD-003,CHAN-2,2025-06-01,1,70.99,0.0,11.99,Completed,82.98
ORD-06461,CUST-0140,PROD-002,CHAN-2,2025-06-01,1,28.99,0.2,5.99,Completed,29.18
ORD-06462,CUST-0325,PROD-055,CHAN-2,2025-06-01,5,110.99,0.0,0.0,Completed,554.95
ORD-06463,CUST-0065,PROD-017,CHAN-1,2025-06-02,2,28.99,0.2,8.99,Completed,55.37
ORD-06464,CUST-1654,PROD-143,CHAN-4,2025-06-02,2,19.0,0.0,4.99,Completed,42.99
ORD-06465,CUST-1952,PROD-023,CHAN-4,2025-06-02,2,58.95,0.2,0.0,Completed,94.32
ORD-06466,CUST-0025,PROD-001,CHAN-1,2025-06-02,2,50.95,0.25,0.0,Completed,76.43
ORD-06467,CUST-0591,PROD-009,CHAN-2,2025-06-02,1,60.99,0.35,4.99,Completed,44.63
ORD-06468,CUST-1182,PROD-094,CHAN-5,2025-06-02,1,24.95,0.0,8.99,Completed,33.94
ORD-06469,CUST-1537,PROD-019,CHAN-1,2025-06-02,1,35.95,0.0,0.0,Cancelled,0.0
ORD-06470,CUST-0579,PROD-149,CHAN-2,2025-06-02,3,11.99,0.0,8.99,Returned,44.96
ORD-06471,CUST-0062,PROD-025,CHAN-2,2025-06-02,1,57.99,0.05,11.99,Completed,67.08
ORD-06472,CUST-1878,PROD-079,CHAN-2,2025-06-02,2,37.99,0.0,0.0,Completed,75.98
ORD-06473,CUST-0272,PROD-001,CHAN-2,2025-06-02,1,50.95,0.0,11.99,Completed,62.94
ORD-06474,CUST-1901,PROD-001,CHAN-2,2025-06-02,1,50.95,0.15,8.99,Completed,52.3
ORD-06475,CUST-0019,PROD-056,CHAN-1,2025-06-02,2,131.0,0.0,0.0,Completed,262.0
ORD-06476,CUST-0347,PROD-009,CHAN-2,2025-06-02,1,60.99,0.0,8.99,Completed,69.98
ORD-06477,CUST-1346,PROD-001,CHAN-1,2025-06-02,1,50.95,0.2,8.99,Completed,49.75
ORD-06478,CUST-1861,PROD-110,CHAN-1,2025-06-02,1,35.95,0.0,11.99,Completed,47.94
ORD-06479,CUST-0577,PROD-101,CHAN-1,2025-06-02,1,66.0,0.0,4.99,Completed,70.99
ORD-06480,CUST-0012,PROD-005,CHAN-2,2025-06-02,1,30.99,0.0,5.99,Completed,36.98
ORD-06481,CUST-0037,PROD-010,CHAN-1,2025-06-03,1,32.99,0.0,8.99,Completed,41.98
ORD-06482,CUST-0323,PROD-129,CHAN-1,2025-06-03,1,8.99,0.0,4.99,Completed,13.98
ORD-06483,CUST-1237,PROD-016,CHAN-1,2025-06-03,1,25.0,0.0,4.99,Completed,29.99
ORD-06484,CUST-0621,PROD-046,CHAN-1,2025-06-03,2,36.99,0.0,8.99,Completed,82.97
ORD-06485,CUST-0881,PROD-013,CHAN-2,2025-06-03,1,41.95,0.0,4.99,Completed,46.94
ORD-06486,CUST-0703,PROD-004,CHAN-2,2025-06-03,1,47.99,0.0,8.99,Completed,56.98
ORD-06487,CUST-0457,PROD-006,CHAN-2,2025-06-03,1,58.0,0.0,5.99,Returned,63.99
ORD-06488,CUST-0024,PROD-007,CHAN-1,2025-06-03,2,49.0,0.05,0.0,Completed,93.1
ORD-06489,CUST-1899,PROD-091,CHAN-3,2025-06-03,1,13.0,0.0,5.99,Completed,18.99
ORD-06490,CUST-0012,PROD-047,CHAN-5,2025-06-04,1,82.0,0.4,11.99,Completed,61.19
ORD-06491,CUST-0156,PROD-005,CHAN-1,2025-06-04,1,30.99,0.0,11.99,Completed,42.98
ORD-06492,CUST-0814,PROD-001,CHAN-3,2025-06-04,3,50.95,0.0,0.0,Completed,152.85
ORD-06493,CUST-1458,PROD-125,CHAN-1,2025-06-04,4,162.99,0.0,0.0,Completed,651.96
ORD-06494,CUST-0148,PROD-113,CHAN-1,2025-06-04,1,97.0,0.0,0.0,Completed,97.0
ORD-06495,CUST-0003,PROD-001,CHAN-4,2025-06-04,2,50.95,0.0,0.0,Completed,101.9
ORD-06496,CUST-0375,PROD-042,CHAN-2,2025-06-04,1,17.0,0.0,0.0,Cancelled,0.0
ORD-06497,CUST-0967,PROD-036,CHAN-2,2025-06-05,4,102.99,0.0,0.0,Completed,411.96
ORD-06498,CUST-0278,PROD-027,CHAN-4,2025-06-05,3,54.0,0.0,0.0,Completed,162.0
ORD-06499,CUST-1960,PROD-046,CHAN-1,2025-06-05,1,36.99,0.0,11.99,Completed,48.98
ORD-06500,CUST-0002,PROD-079,CHAN-1,2025-06-05,1,37.99,0.0,8.99,Completed,46.98
ORD-06501,CUST-1583,PROD-136,CHAN-1,2025-06-05,1,4.0,0.0,5.99,Completed,9.99
ORD-06502,CUST-1243,PROD-044,CHAN-3,2025-06-05,2,66.0,0.0,0.0,Cancelled,0.0
ORD-06503,CUST-0237,PROD-021,CHAN-2,2025-06-05,1,39.0,0.0,11.99,Completed,50.99
ORD-06504,CUST-0149,PROD-090,CHAN-4,2025-06-05,1,21.0,0.0,5.99,Completed,26.99
ORD-06505,CUST-1817,PROD-058,CHAN-3,2025-06-05,1,86.0,0.0,0.0,Completed,86.0
ORD-06506,CUST-0060,PROD-017,CHAN-1,2025-06-05,1,28.99,0.0,4.99,Returned,33.98
ORD-06507,CUST-1369,PROD-027,CHAN-4,2025-06-05,1,54.0,0.0,4.99,Completed,58.99
ORD-06508,CUST-0017,PROD-045,CHAN-5,2025-06-06,1,51.0,0.2,4.99,Completed,45.79
ORD-06509,CUST-0001,PROD-131,CHAN-1,2025-06-06,1,7.95,0.0,4.99,Completed,12.94
ORD-06510,CUST-0348,PROD-017,CHAN-1,2025-06-06,3,28.99,0.0,0.0,Completed,86.97
ORD-06511,CUST-1561,PROD-040,CHAN-1,2025-06-06,1,106.95,0.35,8.99,Completed,78.51
ORD-06512,CUST-0021,PROD-041,CHAN-1,2025-06-06,1,27.95,0.0,11.99,Completed,39.94
ORD-06513,CUST-0254,PROD-083,CHAN-3,2025-06-06,1,25.99,0.0,4.99,Refunded,30.98
ORD-06514,CUST-0843,PROD-021,CHAN-2,2025-06-06,2,39.0,0.0,0.0,Completed,78.0
ORD-06515,CUST-0856,PROD-028,CHAN-2,2025-06-06,3,109.0,0.0,0.0,Completed,327.0
ORD-06516,CUST-0591,PROD-062,CHAN-2,2025-06-07,1,77.99,0.0,0.0,Completed,77.99
ORD-06517,CUST-0362,PROD-138,CHAN-1,2025-06-07,1,3.99,0.0,4.99,Completed,8.98
ORD-06518,CUST-0519,PROD-009,CHAN-2,2025-06-07,1,60.99,0.0,5.99,Completed,66.98
ORD-06519,CUST-0473,PROD-055,CHAN-1,2025-06-07,1,110.99,0.0,0.0,Completed,110.99
ORD-06520,CUST-0057,PROD-018,CHAN-2,2025-06-07,1,83.95,0.0,0.0,Completed,83.95
ORD-06521,CUST-1039,PROD-075,CHAN-1,2025-06-07,1,118.99,0.0,0.0,Completed,118.99
ORD-06522,CUST-0001,PROD-054,CHAN-1,2025-06-07,1,109.0,0.4,4.99,Completed,70.39
ORD-06523,CUST-0141,PROD-139,CHAN-2,2025-06-07,2,6.99,0.0,11.99,Completed,25.97
ORD-06524,CUST-0018,PROD-002,CHAN-1,2025-06-07,3,28.99,0.0,0.0,Completed,86.97
ORD-06525,CUST-0091,PROD-033,CHAN-1,2025-06-07,2,63.99,0.4,0.0,Completed,76.79
ORD-06526,CUST-0099,PROD-044,CHAN-5,2025-06-07,1,66.0,0.2,4.99,Completed,57.79
ORD-06527,CUST-0415,PROD-039,CHAN-3,2025-06-07,1,83.0,0.0,0.0,Completed,83.0
ORD-06528,CUST-0026,PROD-085,CHAN-1,2025-06-07,3,23.95,0.0,4.99,Completed,76.84
ORD-06529,CUST-0622,PROD-048,CHAN-1,2025-06-08,2,121.95,0.0,0.0,Completed,243.9
ORD-06530,CUST-0733,PROD-062,CHAN-1,2025-06-08,3,77.99,0.1,0.0,Completed,210.57
ORD-06531,CUST-0108,PROD-005,CHAN-5,2025-06-08,2,30.99,0.0,8.99,Completed,70.97
ORD-06532,CUST-0201,PROD-131,CHAN-1,2025-06-08,1,7.95,0.0,11.99,Completed,19.94
ORD-06533,CUST-0723,PROD-006,CHAN-4,2025-06-08,2,58.0,0.0,0.0,Completed,116.0
ORD-06534,CUST-0096,PROD-118,CHAN-1,2025-06-08,1,150.99,0.4,0.0,Completed,90.59
ORD-06535,CUST-1672,PROD-110,CHAN-1,2025-06-08,1,35.95,0.0,5.99,Completed,41.94
ORD-06536,CUST-0040,PROD-040,CHAN-2,2025-06-08,1,106.95,0.0,0.0,Completed,106.95
ORD-06537,CUST-0200,PROD-103,CHAN-1,2025-06-08,1,111.0,0.35,4.99,Completed,77.14
ORD-06538,CUST-1767,PROD-012,CHAN-2,2025-06-08,1,63.0,0.0,4.99,Completed,67.99
ORD-06539,CUST-0212,PROD-037,CHAN-2,2025-06-08,1,60.95,0.1,4.99,Completed,59.85
ORD-06540,CUST-0047,PROD-041,CHAN-2,2025-06-08,1,27.95,0.0,11.99,Completed,39.94
ORD-06541,CUST-1937,PROD-112,CHAN-3,2025-06-09,1,115.0,0.0,0.0,Completed,115.0
ORD-06542,CUST-0022,PROD-049,CHAN-3,2025-06-09,1,19.95,0.0,4.99,Completed,24.94
ORD-06543,CUST-0316,PROD-025,CHAN-1,2025-06-09,1,57.99,0.0,11.99,Completed,69.98
ORD-06544,CUST-1913,PROD-078,CHAN-1,2025-06-09,1,9.99,0.0,4.99,Completed,14.98
ORD-06545,CUST-0058,PROD-056,CHAN-3,2025-06-09,1,131.0,0.0,0.0,Completed,131.0
ORD-06546,CUST-0874,PROD-032,CHAN-2,2025-06-09,1,89.95,0.0,0.0,Completed,89.95
ORD-06547,CUST-1147,PROD-065,CHAN-5,2025-06-09,2,30.0,0.0,11.99,Completed,71.99
ORD-06548,CUST-1019,PROD-107,CHAN-1,2025-06-09,1,53.0,0.0,5.99,Completed,58.99
ORD-06549,CUST-0441,PROD-033,CHAN-3,2025-06-09,1,63.99,0.0,11.99,Completed,75.98
ORD-06550,CUST-0040,PROD-116,CHAN-1,2025-06-09,1,103.99,0.0,0.0,Completed,103.99
ORD-06551,CUST-0134,PROD-084,CHAN-2,2025-06-09,3,17.0,0.3,4.99,Completed,40.69
ORD-06552,CUST-0048,PROD-114,CHAN-1,2025-06-09,1,21.0,0.35,5.99,Completed,19.64
ORD-06553,CUST-0320,PROD-002,CHAN-1,2025-06-09,1,28.99,0.0,0.0,Cancelled,0.0
ORD-06554,CUST-0022,PROD-111,CHAN-1,2025-06-09,4,27.99,0.0,0.0,Completed,111.96
ORD-06555,CUST-1506,PROD-007,CHAN-2,2025-06-09,1,49.0,0.15,5.99,Returned,47.64
ORD-06556,CUST-1171,PROD-118,CHAN-2,2025-06-09,1,150.99,0.05,0.0,Completed,143.44
ORD-06557,CUST-0293,PROD-117,CHAN-2,2025-06-09,2,27.99,0.0,11.99,Completed,67.97
ORD-06558,CUST-0700,PROD-001,CHAN-4,2025-06-10,3,50.95,0.15,0.0,Completed,129.92
ORD-06559,CUST-0014,PROD-003,CHAN-2,2025-06-10,2,70.99,0.0,0.0,Completed,141.98
ORD-06560,CUST-0164,PROD-004,CHAN-2,2025-06-10,1,47.99,0.0,5.99,Completed,53.98
ORD-06561,CUST-0134,PROD-062,CHAN-3,2025-06-10,1,77.99,0.0,0.0,Completed,77.99
ORD-06562,CUST-0738,PROD-065,CHAN-2,2025-06-10,1,30.0,0.3,5.99,Completed,26.99
ORD-06563,CUST-0160,PROD-017,CHAN-4,2025-06-10,2,28.99,0.1,8.99,Completed,61.17
ORD-06564,CUST-0472,PROD-125,CHAN-3,2025-06-10,3,162.99,0.0,0.0,Completed,488.97
ORD-06565,CUST-0045,PROD-077,CHAN-2,2025-06-10,2,42.99,0.0,0.0,Returned,85.98
ORD-06566,CUST-0067,PROD-072,CHAN-1,2025-06-10,2,35.95,0.0,8.99,Completed,80.89
ORD-06567,CUST-1084,PROD-008,CHAN-1,2025-06-10,2,38.99,0.4,4.99,Completed,51.78
ORD-06568,CUST-0413,PROD-047,CHAN-2,2025-06-10,2,82.0,0.0,0.0,Completed,164.0
ORD-06569,CUST-0054,PROD-047,CHAN-3,2025-06-11,2,82.0,0.0,0.0,Completed,164.0
ORD-06570,CUST-0083,PROD-003,CHAN-1,2025-06-11,3,70.99,0.0,0.0,Completed,212.97
ORD-06571,CUST-0265,PROD-027,CHAN-1,2025-06-11,1,54.0,0.0,11.99,Completed,65.99
ORD-06572,CUST-0686,PROD-052,CHAN-2,2025-06-11,1,124.0,0.0,0.0,Completed,124.0
ORD-06573,CUST-0134,PROD-099,CHAN-1,2025-06-11,2,17.95,0.25,8.99,Completed,35.91
ORD-06574,CUST-0013,PROD-006,CHAN-2,2025-06-11,3,58.0,0.0,0.0,Completed,174.0
ORD-06575,CUST-0114,PROD-065,CHAN-2,2025-06-11,1,30.0,0.0,0.0,Cancelled,0.0
ORD-06576,CUST-0059,PROD-130,CHAN-1,2025-06-11,1,5.95,0.0,5.99,Completed,11.94
ORD-06577,CUST-1816,PROD-004,CHAN-1,2025-06-12,1,47.99,0.0,11.99,Completed,59.98
ORD-06578,CUST-0045,PROD-004,CHAN-2,2025-06-12,2,47.99,0.0,0.0,Returned,95.98
ORD-06579,CUST-0707,PROD-128,CHAN-1,2025-06-12,1,5.95,0.15,8.99,Completed,14.05
ORD-06580,CUST-0128,PROD-010,CHAN-1,2025-06-12,1,32.99,0.0,5.99,Completed,38.98
ORD-06581,CUST-1231,PROD-137,CHAN-1,2025-06-12,2,15.0,0.0,11.99,Completed,41.99
ORD-06582,CUST-1193,PROD-024,CHAN-1,2025-06-12,5,39.0,0.0,0.0,Completed,195.0
ORD-06583,CUST-0651,PROD-145,CHAN-2,2025-06-12,1,10.95,0.0,5.99,Completed,16.94
ORD-06584,CUST-0058,PROD-145,CHAN-1,2025-06-12,1,10.95,0.35,5.99,Completed,13.11
ORD-06585,CUST-0344,PROD-023,CHAN-1,2025-06-12,1,58.95,0.1,8.99,Completed,62.05
ORD-06586,CUST-0146,PROD-025,CHAN-1,2025-06-12,1,57.99,0.0,8.99,Completed,66.98
ORD-06587,CUST-0013,PROD-009,CHAN-2,2025-06-12,1,60.99,0.0,5.99,Completed,66.98
ORD-06588,CUST-0023,PROD-050,CHAN-1,2025-06-12,1,40.0,0.35,8.99,Completed,34.99
ORD-06589,CUST-0566,PROD-082,CHAN-2,2025-06-12,1,22.0,0.25,5.99,Completed,22.49
ORD-06590,CUST-0253,PROD-093,CHAN-1,2025-06-12,1,25.99,0.0,4.99,Completed,30.98
ORD-06591,CUST-0675,PROD-026,CHAN-2,2025-06-12,1,36.95,0.0,8.99,Completed,45.94
ORD-06592,CUST-0111,PROD-121,CHAN-1,2025-06-12,1,156.99,0.0,0.0,Completed,156.99
ORD-06593,CUST-0010,PROD-007,CHAN-1,2025-06-13,1,49.0,0.15,4.99,Completed,46.64
ORD-06594,CUST-1941,PROD-114,CHAN-2,2025-06-13,2,21.0,0.0,8.99,Returned,50.99
ORD-06595,CUST-0504,PROD-022,CHAN-1,2025-06-13,1,21.0,0.4,8.99,Completed,21.59
ORD-06596,CUST-0033,PROD-027,CHAN-3,2025-06-13,1,54.0,0.0,4.99,Completed,58.99
ORD-06597,CUST-0014,PROD-009,CHAN-2,2025-06-13,1,60.99,0.0,0.0,Cancelled,0.0
ORD-06598,CUST-0328,PROD-015,CHAN-2,2025-06-13,1,65.0,0.15,4.99,Returned,60.24
ORD-06599,CUST-1895,PROD-037,CHAN-2,2025-06-13,2,60.95,0.1,0.0,Completed,109.71
ORD-06600,CUST-0308,PROD-010,CHAN-2,2025-06-13,1,32.99,0.0,4.99,Completed,37.98
ORD-06601,CUST-0261,PROD-002,CHAN-1,2025-06-13,1,28.99,0.0,8.99,Completed,37.98
ORD-06602,CUST-0020,PROD-123,CHAN-1,2025-06-13,1,141.0,0.0,0.0,Completed,141.0
ORD-06603,CUST-0809,PROD-099,CHAN-2,2025-06-13,1,17.95,0.0,8.99,Completed,26.94
ORD-06604,CUST-0072,PROD-027,CHAN-1,2025-06-14,1,54.0,0.4,11.99,Completed,44.39
ORD-06605,CUST-0015,PROD-125,CHAN-1,2025-06-14,1,162.99,0.0,0.0,Returned,162.99
ORD-06606,CUST-1896,PROD-065,CHAN-1,2025-06-14,1,30.0,0.0,5.99,Completed,35.99
ORD-06607,CUST-1812,PROD-001,CHAN-2,2025-06-14,2,50.95,0.2,0.0,Completed,81.52
ORD-06608,CUST-0001,PROD-079,CHAN-5,2025-06-14,1,37.99,0.0,4.99,Completed,42.98
ORD-06609,CUST-0201,PROD-115,CHAN-2,2025-06-14,2,166.95,0.0,0.0,Completed,333.9
ORD-06610,CUST-0490,PROD-001,CHAN-1,2025-06-14,1,50.95,0.05,11.99,Completed,60.39
ORD-06611,CUST-0010,PROD-001,CHAN-1,2025-06-14,1,50.95,0.2,11.99,Completed,52.75
ORD-06612,CUST-1317,PROD-084,CHAN-2,2025-06-14,1,17.0,0.0,11.99,Completed,28.99
ORD-06613,CUST-0063,PROD-035,CHAN-2,2025-06-14,2,102.99,0.0,0.0,Completed,205.98
ORD-06614,CUST-0006,PROD-075,CHAN-2,2025-06-14,1,118.99,0.3,0.0,Completed,83.29
ORD-06615,CUST-0042,PROD-044,CHAN-2,2025-06-14,1,66.0,0.0,8.99,Completed,74.99
ORD-06616,CUST-0262,PROD-003,CHAN-1,2025-06-15,1,70.99,0.0,4.99,Completed,75.98
ORD-06617,CUST-0056,PROD-012,CHAN-1,2025-06-15,1,63.0,0.0,5.99,Completed,68.99
ORD-06618,CUST-0881,PROD-100,CHAN-1,2025-06-15,1,38.95,0.0,5.99,Completed,44.94
ORD-06619,CUST-1269,PROD-059,CHAN-1,2025-06-15,2,58.99,0.0,0.0,Completed,117.98
ORD-06620,CUST-0128,PROD-052,CHAN-5,2025-06-15,1,124.0,0.0,0.0,Completed,124.0
ORD-06621,CUST-1648,PROD-017,CHAN-2,2025-06-15,1,28.99,0.0,11.99,Completed,40.98
ORD-06622,CUST-1040,PROD-002,CHAN-2,2025-06-15,2,28.99,0.0,11.99,Completed,69.97
ORD-06623,CUST-0279,PROD-003,CHAN-1,2025-06-15,1,70.99,0.0,4.99,Completed,75.98
ORD-06624,CUST-1487,PROD-028,CHAN-2,2025-06-15,1,109.0,0.0,0.0,Completed,109.0
ORD-06625,CUST-0198,PROD-018,CHAN-2,2025-06-15,4,83.95,0.25,0.0,Completed,251.85
ORD-06626,CUST-1150,PROD-007,CHAN-2,2025-06-15,1,49.0,0.0,8.99,Completed,57.99
ORD-06627,CUST-0058,PROD-006,CHAN-1,2025-06-15,1,58.0,0.0,5.99,Completed,63.99
ORD-06628,CUST-0322,PROD-131,CHAN-1,2025-06-15,1,7.95,0.0,4.99,Completed,12.94
ORD-06629,CUST-0115,PROD-010,CHAN-5,2025-06-16,1,32.99,0.0,8.99,Completed,41.98
ORD-06630,CUST-1696,PROD-024,CHAN-1,2025-06-16,1,39.0,0.35,4.99,Completed,30.34
ORD-06631,CUST-1316,PROD-001,CHAN-4,2025-06-16,1,50.95,0.0,11.99,Completed,62.94
ORD-06632,CUST-0058,PROD-057,CHAN-1,2025-06-16,1,32.0,0.0,4.99,Completed,36.99
ORD-06633,CUST-1205,PROD-028,CHAN-2,2025-06-16,1,109.0,0.0,0.0,Completed,109.0
ORD-06634,CUST-0004,PROD-022,CHAN-2,2025-06-17,2,21.0,0.0,11.99,Completed,53.99
ORD-06635,CUST-0325,PROD-092,CHAN-1,2025-06-17,1,8.0,0.0,8.99,Completed,16.99
ORD-06636,CUST-0022,PROD-089,CHAN-2,2025-06-17,1,5.99,0.15,11.99,Completed,17.08
ORD-06637,CUST-0002,PROD-070,CHAN-3,2025-06-17,2,91.99,0.0,0.0,Completed,183.98
ORD-06638,CUST-0037,PROD-051,CHAN-2,2025-06-17,1,105.95,0.0,0.0,Completed,105.95
ORD-06639,CUST-0371,PROD-016,CHAN-1,2025-06-17,4,25.0,0.2,0.0,Refunded,80.0
ORD-06640,CUST-1564,PROD-031,CHAN-1,2025-06-17,2,100.0,0.0,0.0,Completed,200.0
ORD-06641,CUST-0063,PROD-006,CHAN-1,2025-06-17,1,58.0,0.0,4.99,Completed,62.99
ORD-06642,CUST-0009,PROD-049,CHAN-1,2025-06-17,2,19.95,0.0,8.99,Completed,48.89
ORD-06643,CUST-1602,PROD-080,CHAN-2,2025-06-17,1,20.95,0.0,5.99,Returned,26.94
ORD-06644,CUST-0908,PROD-130,CHAN-1,2025-06-17,1,5.95,0.0,8.99,Completed,14.94
ORD-06645,CUST-0103,PROD-020,CHAN-1,2025-06-17,3,25.0,0.0,0.0,Completed,75.0
ORD-06646,CUST-0064,PROD-037,CHAN-4,2025-06-18,1,60.95,0.0,11.99,Completed,72.94
ORD-06647,CUST-1350,PROD-002,CHAN-4,2025-06-18,1,28.99,0.0,5.99,Returned,34.98
ORD-06648,CUST-1894,PROD-006,CHAN-1,2025-06-18,1,58.0,0.2,5.99,Completed,52.39
ORD-06649,CUST-0225,PROD-011,CHAN-4,2025-06-18,1,18.95,0.0,8.99,Completed,27.94
ORD-06650,CUST-0645,PROD-004,CHAN-3,2025-06-18,1,47.99,0.0,4.99,Completed,52.98
ORD-06651,CUST-1892,PROD-028,CHAN-1,2025-06-18,1,109.0,0.0,0.0,Completed,109.0
ORD-06652,CUST-0885,PROD-065,CHAN-2,2025-06-18,1,30.0,0.3,4.99,Completed,25.99
ORD-06653,CUST-0474,PROD-130,CHAN-1,2025-06-18,1,5.95,0.0,11.99,Completed,17.94
ORD-06654,CUST-0822,PROD-016,CHAN-2,2025-06-19,1,25.0,0.0,8.99,Completed,33.99
ORD-06655,CUST-1926,PROD-118,CHAN-2,2025-06-19,1,150.99,0.05,0.0,Completed,143.44
ORD-06656,CUST-0066,PROD-117,CHAN-2,2025-06-19,2,27.99,0.0,8.99,Refunded,64.97
ORD-06657,CUST-0247,PROD-003,CHAN-1,2025-06-19,1,70.99,0.0,11.99,Completed,82.98
ORD-06658,CUST-1035,PROD-073,CHAN-1,2025-06-19,1,24.95,0.0,4.99,Completed,29.94
ORD-06659,CUST-1394,PROD-073,CHAN-2,2025-06-19,1,24.95,0.0,4.99,Completed,29.94
ORD-06660,CUST-1450,PROD-028,CHAN-3,2025-06-19,2,109.0,0.0,0.0,Completed,218.0
ORD-06661,CUST-1161,PROD-147,CHAN-2,2025-06-19,1,5.95,0.0,4.99,Completed,10.94
ORD-06662,CUST-0038,PROD-001,CHAN-1,2025-06-19,1,50.95,0.0,8.99,Completed,59.94
ORD-06663,CUST-0326,PROD-001,CHAN-2,2025-06-19,2,50.95,0.2,0.0,Returned,81.52
ORD-06664,CUST-0923,PROD-134,CHAN-1,2025-06-19,1,3.99,0.0,5.99,Completed,9.98
ORD-06665,CUST-0105,PROD-037,CHAN-2,2025-06-19,1,60.95,0.0,4.99,Completed,65.94
ORD-06666,CUST-0051,PROD-074,CHAN-2,2025-06-19,1,45.95,0.0,11.99,Completed,57.94
ORD-06667,CUST-0072,PROD-026,CHAN-1,2025-06-20,3,36.95,0.0,0.0,Completed,110.85
ORD-06668,CUST-1371,PROD-002,CHAN-1,2025-06-20,1,28.99,0.0,11.99,Completed,40.98
ORD-06669,CUST-0050,PROD-131,CHAN-2,2025-06-20,1,7.95,0.4,4.99,Completed,9.76
ORD-06670,CUST-0001,PROD-096,CHAN-1,2025-06-20,1,22.99,0.0,4.99,Completed,27.98
ORD-06671,CUST-0082,PROD-005,CHAN-2,2025-06-20,1,30.99,0.0,5.99,Completed,36.98
ORD-06672,CUST-0052,PROD-004,CHAN-2,2025-06-20,2,47.99,0.0,0.0,Completed,95.98
ORD-06673,CUST-0080,PROD-081,CHAN-1,2025-06-20,1,38.95,0.0,5.99,Completed,44.94
ORD-06674,CUST-0911,PROD-065,CHAN-1,2025-06-21,1,30.0,0.35,4.99,Completed,24.49
ORD-06675,CUST-0003,PROD-105,CHAN-1,2025-06-21,1,71.0,0.15,11.99,Completed,72.34
ORD-06676,CUST-0053,PROD-031,CHAN-2,2025-06-21,1,100.0,0.0,0.0,Completed,100.0
ORD-06677,CUST-0400,PROD-003,CHAN-2,2025-06-21,1,70.99,0.05,8.99,Completed,76.43
ORD-06678,CUST-0041,PROD-022,CHAN-2,2025-06-21,2,21.0,0.25,4.99,Completed,36.49
ORD-06679,CUST-0202,PROD-004,CHAN-1,2025-06-21,1,47.99,0.0,4.99,Completed,52.98
ORD-06680,CUST-1374,PROD-141,CHAN-2,2025-06-21,1,15.0,0.0,4.99,Completed,19.99
ORD-06681,CUST-0754,PROD-018,CHAN-2,2025-06-21,1,83.95,0.15,4.99,Completed,76.35
ORD-06682,CUST-0069,PROD-002,CHAN-1,2025-06-21,1,28.99,0.0,11.99,Completed,40.98
ORD-06683,CUST-1060,PROD-098,CHAN-5,2025-06-21,1,30.99,0.15,5.99,Completed,32.33
ORD-06684,CUST-0312,PROD-041,CHAN-3,2025-06-21,1,27.95,0.05,4.99,Completed,31.54
ORD-06685,CUST-0005,PROD-016,CHAN-5,2025-06-21,2,25.0,0.15,5.99,Completed,48.49
ORD-06686,CUST-0179,PROD-115,CHAN-1,2025-06-21,1,166.95,0.35,0.0,Completed,108.52
ORD-06687,CUST-0854,PROD-009,CHAN-1,2025-06-21,2,60.99,0.05,0.0,Completed,115.88
ORD-06688,CUST-0553,PROD-147,CHAN-1,2025-06-21,1,5.95,0.2,8.99,Completed,13.75
ORD-06689,CUST-0100,PROD-116,CHAN-1,2025-06-22,1,103.99,0.1,0.0,Completed,93.59
ORD-06690,CUST-0018,PROD-090,CHAN-1,2025-06-22,1,21.0,0.0,8.99,Completed,29.99
ORD-06691,CUST-0227,PROD-024,CHAN-1,2025-06-22,1,39.0,0.0,4.99,Completed,43.99
ORD-06692,CUST-1492,PROD-002,CHAN-1,2025-06-22,1,28.99,0.25,8.99,Completed,30.73
ORD-06693,CUST-1757,PROD-002,CHAN-3,2025-06-22,2,28.99,0.0,8.99,Completed,66.97
ORD-06694,CUST-0160,PROD-015,CHAN-2,2025-06-22,2,65.0,0.15,0.0,Completed,110.5
ORD-06695,CUST-1029,PROD-103,CHAN-1,2025-06-22,1,111.0,0.25,0.0,Completed,83.25
ORD-06696,CUST-0016,PROD-040,CHAN-2,2025-06-22,1,106.95,0.0,0.0,Cancelled,0.0
ORD-06697,CUST-0006,PROD-007,CHAN-1,2025-06-22,2,49.0,0.35,11.99,Completed,75.69
ORD-06698,CUST-0378,PROD-084,CHAN-1,2025-06-22,1,17.0,0.05,8.99,Completed,25.14
ORD-06699,CUST-0054,PROD-016,CHAN-2,2025-06-22,2,25.0,0.0,11.99,Completed,61.99
ORD-06700,CUST-0216,PROD-041,CHAN-1,2025-06-22,1,27.95,0.0,5.99,Completed,33.94
ORD-06701,CUST-0007,PROD-073,CHAN-2,2025-06-23,1,24.95,0.0,8.99,Completed,33.94
ORD-06702,CUST-0500,PROD-045,CHAN-1,2025-06-23,1,51.0,0.0,5.99,Completed,56.99
ORD-06703,CUST-0985,PROD-014,CHAN-2,2025-06-23,1,19.0,0.0,4.99,Completed,23.99
ORD-06704,CUST-0950,PROD-125,CHAN-1,2025-06-23,1,162.99,0.35,0.0,Completed,105.94
ORD-06705,CUST-0183,PROD-011,CHAN-1,2025-06-23,1,18.95,0.0,8.99,Completed,27.94
ORD-06706,CUST-0003,PROD-008,CHAN-2,2025-06-23,1,38.99,0.4,11.99,Completed,35.38
ORD-06707,CUST-0005,PROD-065,CHAN-4,2025-06-23,1,30.0,0.0,5.99,Completed,35.99
ORD-06708,CUST-0203,PROD-080,CHAN-2,2025-06-23,1,20.95,0.0,11.99,Completed,32.94
ORD-06709,CUST-0023,PROD-092,CHAN-4,2025-06-23,2,8.0,0.4,8.99,Completed,18.59
ORD-06710,CUST-1808,PROD-055,CHAN-4,2025-06-23,1,110.99,0.0,0.0,Completed,110.99
ORD-06711,CUST-1547,PROD-006,CHAN-3,2025-06-23,1,58.0,0.4,8.99,Completed,43.79
ORD-06712,CUST-0002,PROD-041,CHAN-1,2025-06-23,1,27.95,0.0,8.99,Completed,36.94
ORD-06713,CUST-1896,PROD-067,CHAN-4,2025-06-23,5,95.99,0.35,0.0,Completed,311.97
ORD-06714,CUST-0175,PROD-011,CHAN-1,2025-06-23,1,18.95,0.0,8.99,Completed,27.94
ORD-06715,CUST-0530,PROD-034,CHAN-1,2025-06-24,1,65.99,0.2,11.99,Completed,64.78
ORD-06716,CUST-0236,PROD-002,CHAN-3,2025-06-24,1,28.99,0.0,8.99,Completed,37.98
ORD-06717,CUST-0163,PROD-003,CHAN-2,2025-06-24,1,70.99,0.0,5.99,Completed,76.98
ORD-06718,CUST-0011,PROD-043,CHAN-4,2025-06-24,3,45.99,0.0,0.0,Completed,137.97
ORD-06719,CUST-0059,PROD-078,CHAN-1,2025-06-24,1,9.99,0.0,5.99,Returned,15.98
ORD-06720,CUST-0322,PROD-010,CHAN-2,2025-06-24,3,32.99,0.0,0.0,Completed,98.97
ORD-06721,CUST-0001,PROD-010,CHAN-1,2025-06-24,1,32.99,0.25,11.99,Completed,36.73
ORD-06722,CUST-1580,PROD-119,CHAN-2,2025-06-24,1,123.0,0.0,0.0,Completed,123.0
ORD-06723,CUST-1041,PROD-008,CHAN-4,2025-06-24,1,38.99,0.0,4.99,Completed,43.98
ORD-06724,CUST-0452,PROD-003,CHAN-1,2025-06-24,1,70.99,0.15,8.99,Returned,69.33
ORD-06725,CUST-0743,PROD-092,CHAN-2,2025-06-24,1,8.0,0.0,5.99,Completed,13.99
ORD-06726,CUST-1459,PROD-098,CHAN-1,2025-06-24,2,30.99,0.0,4.99,Completed,66.97
ORD-06727,CUST-1856,PROD-061,CHAN-1,2025-06-24,1,67.0,0.0,5.99,Completed,72.99
ORD-06728,CUST-0126,PROD-068,CHAN-2,2025-06-24,3,83.95,0.0,0.0,Completed,251.85
ORD-06729,CUST-0558,PROD-009,CHAN-2,2025-06-24,1,60.99,0.0,5.99,Completed,66.98
ORD-06730,CUST-0073,PROD-024,CHAN-1,2025-06-25,4,39.0,0.0,0.0,Cancelled,0.0
ORD-06731,CUST-0379,PROD-089,CHAN-1,2025-06-25,2,5.99,0.0,11.99,Completed,23.97
ORD-06732,CUST-0446,PROD-028,CHAN-5,2025-06-25,1,109.0,0.15,0.0,Completed,92.65
ORD-06733,CUST-0656,PROD-001,CHAN-1,2025-06-25,2,50.95,0.0,0.0,Completed,101.9
ORD-06734,CUST-0957,PROD-044,CHAN-4,2025-06-25,1,66.0,0.35,11.99,Completed,54.89
ORD-06735,CUST-0445,PROD-023,CHAN-2,2025-06-25,1,58.95,0.0,4.99,Completed,63.94
ORD-06736,CUST-0168,PROD-140,CHAN-1,2025-06-25,1,12.0,0.25,5.99,Returned,14.99
ORD-06737,CUST-0003,PROD-017,CHAN-1,2025-06-25,1,28.99,0.0,8.99,Completed,37.98
ORD-06738,CUST-0411,PROD-051,CHAN-2,2025-06-25,4,105.95,0.25,0.0,Completed,317.85
ORD-06739,CUST-0561,PROD-003,CHAN-1,2025-06-25,2,70.99,0.0,0.0,Completed,141.98
ORD-06740,CUST-0637,PROD-006,CHAN-1,2025-06-25,2,58.0,0.0,0.0,Completed,116.0
ORD-06741,CUST-0444,PROD-052,CHAN-1,2025-06-25,1,124.0,0.0,0.0,Completed,124.0
ORD-06742,CUST-0997,PROD-117,CHAN-2,2025-06-25,1,27.99,0.0,11.99,Completed,39.98
ORD-06743,CUST-0698,PROD-036,CHAN-1,2025-06-25,2,102.99,0.35,0.0,Completed,133.89
ORD-06744,CUST-0380,PROD-053,CHAN-5,2025-06-25,4,88.95,0.0,0.0,Completed,355.8
ORD-06745,CUST-0487,PROD-001,CHAN-1,2025-06-25,3,50.95,0.0,0.0,Completed,152.85
ORD-06746,CUST-0083,PROD-150,CHAN-1,2025-06-25,1,7.0,0.0,0.0,Cancelled,0.0
ORD-06747,CUST-0349,PROD-011,CHAN-4,2025-06-25,1,18.95,0.0,8.99,Completed,27.94
ORD-06748,CUST-0049,PROD-023,CHAN-2,2025-06-25,1,58.95,0.0,4.99,Completed,63.94
ORD-06749,CUST-1417,PROD-006,CHAN-1,2025-06-25,1,58.0,0.0,11.99,Completed,69.99
ORD-06750,CUST-0010,PROD-015,CHAN-5,2025-06-26,1,65.0,0.0,4.99,Completed,69.99
ORD-06751,CUST-0041,PROD-013,CHAN-2,2025-06-26,2,41.95,0.0,0.0,Completed,83.9
ORD-06752,CUST-0934,PROD-001,CHAN-2,2025-06-26,1,50.95,0.0,5.99,Returned,56.94
ORD-06753,CUST-0353,PROD-023,CHAN-2,2025-06-26,1,58.95,0.1,4.99,Completed,58.05
ORD-06754,CUST-0049,PROD-016,CHAN-1,2025-06-26,1,25.0,0.0,5.99,Completed,30.99
ORD-06755,CUST-0534,PROD-117,CHAN-2,2025-06-26,1,27.99,0.0,4.99,Completed,32.98
ORD-06756,CUST-1089,PROD-084,CHAN-1,2025-06-26,1,17.0,0.0,5.99,Completed,22.99
ORD-06757,CUST-0863,PROD-011,CHAN-1,2025-06-26,1,18.95,0.05,4.99,Completed,22.99
ORD-06758,CUST-1935,PROD-002,CHAN-1,2025-06-26,1,28.99,0.25,5.99,Completed,27.73
ORD-06759,CUST-1357,PROD-020,CHAN-2,2025-06-27,1,25.0,0.0,11.99,Completed,36.99
ORD-06760,CUST-0608,PROD-107,CHAN-1,2025-06-27,3,53.0,0.25,0.0,Completed,119.25
ORD-06761,CUST-1211,PROD-132,CHAN-2,2025-06-27,2,8.0,0.05,8.99,Completed,24.19
ORD-06762,CUST-0037,PROD-017,CHAN-1,2025-06-27,1,28.99,0.1,11.99,Completed,38.08
ORD-06763,CUST-0862,PROD-004,CHAN-1,2025-06-28,2,47.99,0.1,0.0,Completed,86.38
ORD-06764,CUST-1528,PROD-087,CHAN-3,2025-06-28,1,34.99,0.0,4.99,Completed,39.98
ORD-06765,CUST-1453,PROD-038,CHAN-5,2025-06-28,1,83.99,0.25,4.99,Completed,67.98
ORD-06766,CUST-1135,PROD-062,CHAN-2,2025-06-28,2,77.99,0.25,0.0,Completed,116.98
ORD-06767,CUST-1254,PROD-111,CHAN-1,2025-06-28,1,27.99,0.0,4.99,Completed,32.98
ORD-06768,CUST-0001,PROD-004,CHAN-1,2025-06-28,2,47.99,0.0,0.0,Completed,95.98
ORD-06769,CUST-0285,PROD-086,CHAN-2,2025-06-28,1,7.0,0.0,4.99,Completed,11.99
ORD-06770,CUST-0011,PROD-090,CHAN-2,2025-06-28,1,21.0,0.0,4.99,Completed,25.99
ORD-06771,CUST-0114,PROD-009,CHAN-3,2025-06-28,2,60.99,0.05,0.0,Completed,115.88
ORD-06772,CUST-0537,PROD-010,CHAN-1,2025-06-28,1,32.99,0.2,8.99,Completed,35.38
ORD-06773,CUST-0003,PROD-007,CHAN-1,2025-06-28,1,49.0,0.0,8.99,Completed,57.99
ORD-06774,CUST-0140,PROD-031,CHAN-2,2025-06-28,1,100.0,0.15,0.0,Completed,85.0
ORD-06775,CUST-0632,PROD-012,CHAN-3,2025-06-29,3,63.0,0.2,0.0,Completed,151.2
ORD-06776,CUST-0103,PROD-001,CHAN-3,2025-06-29,3,50.95,0.4,0.0,Completed,91.71
ORD-06777,CUST-0003,PROD-001,CHAN-3,2025-06-29,1,50.95,0.0,11.99,Completed,62.94
ORD-06778,CUST-1574,PROD-009,CHAN-3,2025-06-29,1,60.99,0.0,4.99,Completed,65.98
ORD-06779,CUST-0066,PROD-142,CHAN-1,2025-06-29,1,5.0,0.0,4.99,Completed,9.99
ORD-06780,CUST-1322,PROD-004,CHAN-1,2025-06-29,1,47.99,0.0,4.99,Completed,52.98
ORD-06781,CUST-0600,PROD-076,CHAN-3,2025-06-29,1,7.99,0.0,11.99,Completed,19.98
ORD-06782,CUST-0177,PROD-021,CHAN-3,2025-06-29,2,39.0,0.0,0.0,Completed,78.0
ORD-06783,CUST-1532,PROD-140,CHAN-1,2025-06-29,1,12.0,0.25,4.99,Completed,13.99
ORD-06784,CUST-0591,PROD-006,CHAN-1,2025-06-29,2,58.0,0.4,4.99,Completed,74.59
ORD-06785,CUST-0385,PROD-049,CHAN-2,2025-06-29,2,19.95,0.0,4.99,Returned,44.89
ORD-06786,CUST-0018,PROD-057,CHAN-2,2025-06-29,2,32.0,0.4,8.99,Completed,47.39
ORD-06787,CUST-0356,PROD-133,CHAN-1,2025-06-29,4,18.99,0.0,0.0,Completed,75.96
ORD-06788,CUST-1398,PROD-051,CHAN-1,2025-06-29,1,105.95,0.2,0.0,Completed,84.76
ORD-06789,CUST-1004,PROD-051,CHAN-1,2025-06-29,1,105.95,0.0,0.0,Completed,105.95
ORD-06790,CUST-0874,PROD-001,CHAN-1,2025-06-30,1,50.95,0.0,8.99,Completed,59.94
ORD-06791,CUST-0050,PROD-028,CHAN-3,2025-06-30,1,109.0,0.1,0.0,Completed,98.1
ORD-06792,CUST-0001,PROD-036,CHAN-5,2025-06-30,1,102.99,0.0,0.0,Completed,102.99
ORD-06793,CUST-1799,PROD-003,CHAN-1,2025-06-30,2,70.99,0.0,0.0,Completed,141.98
ORD-06794,CUST-0325,PROD-088,CHAN-3,2025-06-30,1,29.99,0.0,4.99,Completed,34.98
ORD-06795,CUST-0724,PROD-056,CHAN-3,2025-06-30,1,131.0,0.0,0.0,Completed,131.0
ORD-06796,CUST-0003,PROD-050,CHAN-4,2025-06-30,1,40.0,0.0,5.99,Completed,45.99
ORD-06797,CUST-0054,PROD-017,CHAN-2,2025-06-30,1,28.99,0.3,8.99,Completed,29.28
ORD-06798,CUST-0054,PROD-063,CHAN-1,2025-06-30,1,96.99,0.2,0.0,Completed,77.59
ORD-06799,CUST-0193,PROD-020,CHAN-1,2025-06-30,1,25.0,0.3,4.99,Completed,22.49
ORD-06800,CUST-0143,PROD-095,CHAN-1,2025-06-30,1,18.95,0.0,5.99,Completed,24.94
ORD-06801,CUST-0023,PROD-002,CHAN-3,2025-06-30,1,28.99,0.0,8.99,Completed,37.98
ORD-06802,CUST-0133,PROD-115,CHAN-2,2025-06-30,2,166.95,0.3,0.0,Completed,233.73
ORD-06803,CUST-0722,PROD-003,CHAN-4,2025-06-30,3,70.99,0.0,0.0,Completed,212.97
ORD-06804,CUST-0052,PROD-097,CHAN-1,2025-06-30,1,6.0,0.0,4.99,Completed,10.99
ORD-06805,CUST-0024,PROD-044,CHAN-1,2025-06-30,1,66.0,0.0,11.99,Returned,77.99
ORD-06806,CUST-0056,PROD-032,CHAN-2,2025-06-30,2,89.95,0.4,0.0,Completed,107.94
ORD-06807,CUST-0024,PROD-120,CHAN-1,2025-07-01,2,158.0,0.0,0.0,Completed,316.0
ORD-06808,CUST-0344,PROD-111,CHAN-2,2025-07-01,1,27.99,0.0,8.99,Completed,36.98
ORD-06809,CUST-0101,PROD-141,CHAN-3,2025-07-01,1,15.0,0.0,5.99,Completed,20.99
ORD-06810,CUST-0024,PROD-091,CHAN-5,2025-07-01,1,13.0,0.1,8.99,Completed,20.69
ORD-06811,CUST-1579,PROD-004,CHAN-4,2025-07-01,2,47.99,0.35,5.99,Completed,68.38
ORD-06812,CUST-0129,PROD-016,CHAN-2,2025-07-01,1,25.0,0.0,8.99,Completed,33.99
ORD-06813,CUST-1594,PROD-088,CHAN-2,2025-07-01,3,29.99,0.0,0.0,Completed,89.97
ORD-06814,CUST-0500,PROD-108,CHAN-3,2025-07-01,3,114.95,0.0,0.0,Completed,344.85
ORD-06815,CUST-0005,PROD-051,CHAN-2,2025-07-01,1,105.95,0.35,5.99,Refunded,74.86
ORD-06816,CUST-0261,PROD-105,CHAN-1,2025-07-01,1,71.0,0.0,0.0,Cancelled,0.0
ORD-06817,CUST-0036,PROD-011,CHAN-2,2025-07-01,1,18.95,0.0,4.99,Completed,23.94
ORD-06818,CUST-0031,PROD-042,CHAN-1,2025-07-02,1,17.0,0.0,4.99,Completed,21.99
ORD-06819,CUST-1349,PROD-107,CHAN-1,2025-07-02,1,53.0,0.0,8.99,Completed,61.99
ORD-06820,CUST-1677,PROD-001,CHAN-2,2025-07-02,1,50.95,0.35,11.99,Completed,45.11
ORD-06821,CUST-1057,PROD-136,CHAN-1,2025-07-02,1,4.0,0.4,4.99,Refunded,7.39
ORD-06822,CUST-0693,PROD-141,CHAN-3,2025-07-02,1,15.0,0.35,11.99,Completed,21.74
ORD-06823,CUST-1321,PROD-002,CHAN-1,2025-07-02,1,28.99,0.25,4.99,Completed,26.73
ORD-06824,CUST-0028,PROD-060,CHAN-3,2025-07-02,1,51.99,0.0,4.99,Completed,56.98
ORD-06825,CUST-0673,PROD-003,CHAN-2,2025-07-02,1,70.99,0.1,4.99,Returned,68.88
ORD-06826,CUST-0640,PROD-017,CHAN-2,2025-07-02,1,28.99,0.0,5.99,Completed,34.98
ORD-06827,CUST-0429,PROD-005,CHAN-1,2025-07-02,1,30.99,0.15,5.99,Completed,32.33
ORD-06828,CUST-0884,PROD-075,CHAN-4,2025-07-02,1,118.99,0.05,0.0,Completed,113.04
ORD-06829,CUST-0102,PROD-092,CHAN-2,2025-07-02,1,8.0,0.0,5.99,Completed,13.99
ORD-06830,CUST-0919,PROD-004,CHAN-1,2025-07-02,2,47.99,0.0,0.0,Completed,95.98
ORD-06831,CUST-0995,PROD-094,CHAN-1,2025-07-02,2,24.95,0.0,0.0,Cancelled,0.0
ORD-06832,CUST-0841,PROD-104,CHAN-2,2025-07-02,1,72.99,0.25,11.99,Completed,66.73
ORD-06833,CUST-0011,PROD-076,CHAN-2,2025-07-02,1,7.99,0.3,4.99,Completed,10.58
ORD-06834,CUST-0882,PROD-046,CHAN-2,2025-07-03,1,36.99,0.0,8.99,Completed,45.98
ORD-06835,CUST-0012,PROD-009,CHAN-2,2025-07-03,1,60.99,0.0,8.99,Completed,69.98
ORD-06836,CUST-0001,PROD-150,CHAN-1,2025-07-03,1,7.0,0.0,11.99,Completed,18.99
ORD-06837,CUST-1631,PROD-054,CHAN-2,2025-07-03,4,109.0,0.15,0.0,Completed,370.6
ORD-06838,CUST-1336,PROD-047,CHAN-1,2025-07-03,1,82.0,0.35,8.99,Completed,62.29
ORD-06839,CUST-1261,PROD-109,CHAN-3,2025-07-03,1,68.99,0.0,8.99,Completed,77.98
ORD-06840,CUST-0286,PROD-016,CHAN-1,2025-07-03,2,25.0,0.0,4.99,Completed,54.99
ORD-06841,CUST-0076,PROD-018,CHAN-3,2025-07-03,1,83.95,0.0,0.0,Completed,83.95
ORD-06842,CUST-1634,PROD-001,CHAN-4,2025-07-03,1,50.95,0.0,0.0,Cancelled,0.0
ORD-06843,CUST-0009,PROD-068,CHAN-3,2025-07-03,1,83.95,0.25,8.99,Completed,71.95
ORD-06844,CUST-0748,PROD-144,CHAN-1,2025-07-03,2,17.95,0.3,5.99,Refunded,31.12
ORD-06845,CUST-0088,PROD-028,CHAN-1,2025-07-03,1,109.0,0.0,0.0,Completed,109.0
ORD-06846,CUST-0001,PROD-015,CHAN-1,2025-07-03,1,65.0,0.0,8.99,Refunded,73.99
ORD-06847,CUST-0605,PROD-051,CHAN-1,2025-07-03,3,105.95,0.0,0.0,Completed,317.85
ORD-06848,CUST-0175,PROD-009,CHAN-2,2025-07-03,2,60.99,0.15,0.0,Completed,103.68
ORD-06849,CUST-0001,PROD-013,CHAN-3,2025-07-03,1,41.95,0.2,4.99,Completed,38.55
ORD-06850,CUST-0194,PROD-130,CHAN-1,2025-07-03,1,5.95,0.0,11.99,Completed,17.94
ORD-06851,CUST-0125,PROD-002,CHAN-1,2025-07-04,1,28.99,0.0,4.99,Completed,33.98
ORD-06852,CUST-0002,PROD-053,CHAN-4,2025-07-04,2,88.95,0.1,0.0,Completed,160.11
ORD-06853,CUST-0128,PROD-005,CHAN-2,2025-07-04,1,30.99,0.4,8.99,Completed,27.58
ORD-06854,CUST-1852,PROD-147,CHAN-1,2025-07-04,1,5.95,0.0,11.99,Completed,17.94
ORD-06855,CUST-1555,PROD-094,CHAN-2,2025-07-04,1,24.95,0.3,8.99,Completed,26.45
ORD-06856,CUST-0245,PROD-122,CHAN-1,2025-07-04,2,178.99,0.0,0.0,Refunded,357.98
ORD-06857,CUST-0001,PROD-127,CHAN-2,2025-07-04,1,7.95,0.0,8.99,Completed,16.94
ORD-06858,CUST-0001,PROD-047,CHAN-1,2025-07-04,1,82.0,0.25,5.99,Completed,67.49
ORD-06859,CUST-0078,PROD-003,CHAN-2,2025-07-04,1,70.99,0.0,11.99,Completed,82.98
ORD-06860,CUST-0251,PROD-032,CHAN-2,2025-07-04,1,89.95,0.0,0.0,Completed,89.95
ORD-06861,CUST-0015,PROD-008,CHAN-1,2025-07-04,1,38.99,0.0,8.99,Completed,47.98
ORD-06862,CUST-0372,PROD-029,CHAN-2,2025-07-05,1,79.0,0.0,0.0,Completed,79.0
ORD-06863,CUST-0448,PROD-002,CHAN-2,2025-07-05,1,28.99,0.0,11.99,Completed,40.98
ORD-06864,CUST-1109,PROD-117,CHAN-2,2025-07-05,2,27.99,0.3,11.99,Completed,51.18
ORD-06865,CUST-0129,PROD-019,CHAN-4,2025-07-05,3,35.95,0.0,0.0,Completed,107.85
ORD-06866,CUST-0410,PROD-022,CHAN-3,2025-07-05,1,21.0,0.0,4.99,Completed,25.99
ORD-06867,CUST-0021,PROD-061,CHAN-1,2025-07-05,1,67.0,0.4,11.99,Completed,52.19
ORD-06868,CUST-1129,PROD-015,CHAN-4,2025-07-05,3,65.0,0.1,0.0,Completed,175.5
ORD-06869,CUST-1159,PROD-147,CHAN-2,2025-07-05,1,5.95,0.0,4.99,Completed,10.94
ORD-06870,CUST-1238,PROD-037,CHAN-1,2025-07-06,1,60.95,0.0,8.99,Completed,69.94
ORD-06871,CUST-0656,PROD-084,CHAN-2,2025-07-06,2,17.0,0.0,5.99,Completed,39.99
ORD-06872,CUST-0701,PROD-035,CHAN-1,2025-07-06,2,102.99,0.0,0.0,Completed,205.98
ORD-06873,CUST-0002,PROD-148,CHAN-3,2025-07-06,1,15.0,0.4,5.99,Completed,14.99
ORD-06874,CUST-1826,PROD-056,CHAN-1,2025-07-06,1,131.0,0.0,0.0,Cancelled,0.0
ORD-06875,CUST-0076,PROD-022,CHAN-2,2025-07-06,2,21.0,0.15,5.99,Completed,41.69
ORD-06876,CUST-0328,PROD-035,CHAN-1,2025-07-06,1,102.99,0.0,0.0,Completed,102.99
ORD-06877,CUST-0059,PROD-012,CHAN-2,2025-07-06,1,63.0,0.05,4.99,Returned,64.84
ORD-06878,CUST-0003,PROD-019,CHAN-2,2025-07-06,2,35.95,0.0,5.99,Completed,77.89
ORD-06879,CUST-1802,PROD-083,CHAN-1,2025-07-06,1,25.99,0.0,8.99,Completed,34.98
ORD-06880,CUST-0015,PROD-059,CHAN-2,2025-07-06,1,58.99,0.0,4.99,Completed,63.98
ORD-06881,CUST-0053,PROD-017,CHAN-1,2025-07-06,2,28.99,0.4,8.99,Completed,43.78
ORD-06882,CUST-0026,PROD-056,CHAN-1,2025-07-06,1,131.0,0.0,0.0,Cancelled,0.0
ORD-06883,CUST-0004,PROD-006,CHAN-1,2025-07-06,1,58.0,0.0,0.0,Cancelled,0.0
ORD-06884,CUST-0127,PROD-102,CHAN-1,2025-07-06,1,137.0,0.3,0.0,Completed,95.9
ORD-06885,CUST-0524,PROD-071,CHAN-1,2025-07-06,1,54.99,0.2,5.99,Completed,49.98
ORD-06886,CUST-1015,PROD-020,CHAN-2,2025-07-06,1,25.0,0.0,8.99,Completed,33.99
ORD-06887,CUST-0001,PROD-145,CHAN-1,2025-07-06,1,10.95,0.15,5.99,Completed,15.3
ORD-06888,CUST-1860,PROD-079,CHAN-2,2025-07-06,1,37.99,0.15,11.99,Returned,44.28
ORD-06889,CUST-0802,PROD-087,CHAN-1,2025-07-06,1,34.99,0.15,11.99,Completed,41.73
ORD-06890,CUST-0088,PROD-002,CHAN-1,2025-07-06,1,28.99,0.0,4.99,Completed,33.98
ORD-06891,CUST-0028,PROD-016,CHAN-2,2025-07-06,1,25.0,0.25,5.99,Completed,24.74
ORD-06892,CUST-1371,PROD-094,CHAN-4,2025-07-06,1,24.95,0.0,4.99,Returned,29.94
ORD-06893,CUST-0769,PROD-111,CHAN-3,2025-07-06,2,27.99,0.0,5.99,Completed,61.97
ORD-06894,CUST-0323,PROD-013,CHAN-3,2025-07-07,2,41.95,0.0,0.0,Returned,83.9
ORD-06895,CUST-1245,PROD-005,CHAN-1,2025-07-07,1,30.99,0.35,11.99,Completed,32.13
ORD-06896,CUST-1247,PROD-119,CHAN-1,2025-07-07,1,123.0,0.0,0.0,Completed,123.0
ORD-06897,CUST-0006,PROD-026,CHAN-2,2025-07-07,2,36.95,0.2,5.99,Completed,65.11
ORD-06898,CUST-1471,PROD-019,CHAN-2,2025-07-07,1,35.95,0.0,5.99,Completed,41.94
ORD-06899,CUST-0114,PROD-146,CHAN-3,2025-07-07,1,8.99,0.15,4.99,Completed,12.63
ORD-06900,CUST-0336,PROD-010,CHAN-2,2025-07-07,1,32.99,0.0,0.0,Cancelled,0.0
ORD-06901,CUST-0007,PROD-113,CHAN-2,2025-07-07,4,97.0,0.35,0.0,Returned,252.2
ORD-06902,CUST-0001,PROD-103,CHAN-2,2025-07-07,1,111.0,0.0,0.0,Completed,111.0
ORD-06903,CUST-0119,PROD-117,CHAN-2,2025-07-07,1,27.99,0.2,5.99,Completed,28.38
ORD-06904,CUST-1532,PROD-003,CHAN-2,2025-07-07,1,70.99,0.4,4.99,Completed,47.58
ORD-06905,CUST-0536,PROD-012,CHAN-2,2025-07-07,2,63.0,0.05,0.0,Completed,119.7
ORD-06906,CUST-0483,PROD-070,CHAN-1,2025-07-07,2,91.99,0.0,0.0,Completed,183.98
ORD-06907,CUST-0247,PROD-147,CHAN-1,2025-07-07,1,5.95,0.15,5.99,Completed,11.05
ORD-06908,CUST-0029,PROD-047,CHAN-1,2025-07-07,2,82.0,0.0,0.0,Completed,164.0
ORD-06909,CUST-1427,PROD-008,CHAN-1,2025-07-07,2,38.99,0.4,4.99,Completed,51.78
ORD-06910,CUST-0143,PROD-029,CHAN-1,2025-07-08,1,79.0,0.0,0.0,Completed,79.0
ORD-06911,CUST-0050,PROD-066,CHAN-2,2025-07-08,2,71.95,0.4,0.0,Completed,86.34
ORD-06912,CUST-0101,PROD-039,CHAN-1,2025-07-08,3,83.0,0.0,0.0,Completed,249.0
ORD-06913,CUST-0360,PROD-006,CHAN-1,2025-07-08,1,58.0,0.25,8.99,Completed,52.49
ORD-06914,CUST-0002,PROD-042,CHAN-1,2025-07-08,4,17.0,0.0,5.99,Completed,73.99
ORD-06915,CUST-0026,PROD-094,CHAN-1,2025-07-08,1,24.95,0.35,11.99,Completed,28.21
ORD-06916,CUST-1841,PROD-096,CHAN-2,2025-07-08,1,22.99,0.0,4.99,Completed,27.98
ORD-06917,CUST-1954,PROD-053,CHAN-1,2025-07-08,1,88.95,0.0,0.0,Completed,88.95
ORD-06918,CUST-0680,PROD-065,CHAN-2,2025-07-08,1,30.0,0.0,0.0,Cancelled,0.0
ORD-06919,CUST-1717,PROD-046,CHAN-2,2025-07-08,1,36.99,0.0,8.99,Completed,45.98
ORD-06920,CUST-1797,PROD-048,CHAN-2,2025-07-08,3,121.95,0.0,0.0,Returned,365.85
ORD-06921,CUST-1643,PROD-009,CHAN-4,2025-07-08,2,60.99,0.0,0.0,Completed,121.98
ORD-06922,CUST-0001,PROD-010,CHAN-1,2025-07-08,1,32.99,0.4,11.99,Returned,31.78
ORD-06923,CUST-0777,PROD-008,CHAN-3,2025-07-08,2,38.99,0.0,0.0,Completed,77.98
ORD-06924,CUST-0599,PROD-127,CHAN-3,2025-07-08,1,7.95,0.15,11.99,Completed,18.75
ORD-06925,CUST-1096,PROD-136,CHAN-1,2025-07-09,4,4.0,0.0,4.99,Completed,20.99
ORD-06926,CUST-0001,PROD-041,CHAN-2,2025-07-09,2,27.95,0.0,5.99,Completed,61.89
ORD-06927,CUST-0878,PROD-043,CHAN-2,2025-07-09,1,45.99,0.0,8.99,Completed,54.98
ORD-06928,CUST-0314,PROD-053,CHAN-3,2025-07-09,1,88.95,0.1,0.0,Completed,80.06
ORD-06929,CUST-0363,PROD-001,CHAN-2,2025-07-09,1,50.95,0.0,5.99,Completed,56.94
ORD-06930,CUST-0293,PROD-008,CHAN-1,2025-07-09,1,38.99,0.1,11.99,Refunded,47.08
ORD-06931,CUST-0214,PROD-028,CHAN-1,2025-07-09,3,109.0,0.0,0.0,Refunded,327.0
ORD-06932,CUST-0001,PROD-119,CHAN-2,2025-07-10,1,123.0,0.4,11.99,Completed,85.79
ORD-06933,CUST-0279,PROD-147,CHAN-2,2025-07-10,1,5.95,0.15,5.99,Completed,11.05
ORD-06934,CUST-0258,PROD-034,CHAN-3,2025-07-10,3,65.99,0.3,0.0,Completed,138.58
ORD-06935,CUST-0006,PROD-016,CHAN-1,2025-07-10,5,25.0,0.15,0.0,Completed,106.25
ORD-06936,CUST-0430,PROD-116,CHAN-1,2025-07-10,2,103.99,0.0,0.0,Completed,207.98
ORD-06937,CUST-0082,PROD-125,CHAN-2,2025-07-10,2,162.99,0.0,0.0,Completed,325.98
ORD-06938,CUST-0063,PROD-072,CHAN-1,2025-07-11,1,35.95,0.4,4.99,Completed,26.56
ORD-06939,CUST-0199,PROD-046,CHAN-1,2025-07-11,1,36.99,0.0,8.99,Completed,45.98
ORD-06940,CUST-0268,PROD-019,CHAN-1,2025-07-11,1,35.95,0.2,11.99,Completed,40.75
ORD-06941,CUST-0017,PROD-007,CHAN-3,2025-07-11,1,49.0,0.0,5.99,Completed,54.99
ORD-06942,CUST-0678,PROD-027,CHAN-4,2025-07-11,1,54.0,0.0,5.99,Completed,59.99
ORD-06943,CUST-1215,PROD-037,CHAN-1,2025-07-11,1,60.95,0.0,4.99,Completed,65.94
ORD-06944,CUST-0193,PROD-016,CHAN-1,2025-07-11,3,25.0,0.3,11.99,Returned,64.49
ORD-06945,CUST-0143,PROD-027,CHAN-2,2025-07-11,2,54.0,0.4,8.99,Completed,73.79
ORD-06946,CUST-0007,PROD-074,CHAN-2,2025-07-11,1,45.95,0.0,5.99,Completed,51.94
ORD-06947,CUST-0068,PROD-001,CHAN-1,2025-07-12,1,50.95,0.0,8.99,Completed,59.94
ORD-06948,CUST-0164,PROD-051,CHAN-2,2025-07-12,1,105.95,0.0,0.0,Completed,105.95
ORD-06949,CUST-0712,PROD-112,CHAN-3,2025-07-12,2,115.0,0.15,0.0,Returned,195.5
ORD-06950,CUST-0020,PROD-011,CHAN-2,2025-07-12,1,18.95,0.25,4.99,Completed,19.2
ORD-06951,CUST-0015,PROD-014,CHAN-5,2025-07-12,1,19.0,0.0,5.99,Completed,24.99
ORD-06952,CUST-0207,PROD-001,CHAN-2,2025-07-12,1,50.95,0.0,5.99,Completed,56.94
ORD-06953,CUST-0009,PROD-141,CHAN-2,2025-07-12,2,15.0,0.0,5.99,Refunded,35.99
ORD-06954,CUST-1782,PROD-026,CHAN-2,2025-07-12,1,36.95,0.0,5.99,Completed,42.94
ORD-06955,CUST-0765,PROD-001,CHAN-1,2025-07-12,1,50.95,0.0,8.99,Completed,59.94
ORD-06956,CUST-0001,PROD-033,CHAN-2,2025-07-13,1,63.99,0.2,11.99,Completed,63.18
ORD-06957,CUST-0009,PROD-007,CHAN-2,2025-07-13,1,49.0,0.0,11.99,Completed,60.99
ORD-06958,CUST-0001,PROD-044,CHAN-2,2025-07-13,1,66.0,0.0,11.99,Completed,77.99
ORD-06959,CUST-0200,PROD-018,CHAN-4,2025-07-13,1,83.95,0.4,8.99,Completed,59.36
ORD-06960,CUST-0105,PROD-121,CHAN-1,2025-07-13,1,156.99,0.25,0.0,Completed,117.74
ORD-06961,CUST-0002,PROD-146,CHAN-3,2025-07-13,1,8.99,0.0,8.99,Completed,17.98
ORD-06962,CUST-0004,PROD-002,CHAN-2,2025-07-13,1,28.99,0.35,5.99,Completed,24.83
ORD-06963,CUST-0569,PROD-054,CHAN-3,2025-07-13,1,109.0,0.0,0.0,Completed,109.0
ORD-06964,CUST-0469,PROD-090,CHAN-2,2025-07-13,2,21.0,0.0,11.99,Completed,53.99
ORD-06965,CUST-0015,PROD-081,CHAN-4,2025-07-13,1,38.95,0.0,8.99,Completed,47.94
ORD-06966,CUST-0148,PROD-002,CHAN-2,2025-07-14,1,28.99,0.05,11.99,Completed,39.53
ORD-06967,CUST-0002,PROD-085,CHAN-3,2025-07-14,3,23.95,0.0,11.99,Completed,83.84
ORD-06968,CUST-0404,PROD-032,CHAN-3,2025-07-14,1,89.95,0.2,8.99,Completed,80.95
ORD-06969,CUST-0650,PROD-057,CHAN-1,2025-07-14,1,32.0,0.0,5.99,Completed,37.99
ORD-06970,CUST-0001,PROD-029,CHAN-2,2025-07-14,2,79.0,0.0,0.0,Completed,158.0
ORD-06971,CUST-0201,PROD-014,CHAN-2,2025-07-14,1,19.0,0.1,8.99,Completed,26.09
ORD-06972,CUST-0008,PROD-003,CHAN-1,2025-07-14,1,70.99,0.0,8.99,Completed,79.98
ORD-06973,CUST-0045,PROD-093,CHAN-1,2025-07-14,1,25.99,0.2,8.99,Completed,29.78
ORD-06974,CUST-1738,PROD-058,CHAN-1,2025-07-14,1,86.0,0.0,0.0,Returned,86.0
ORD-06975,CUST-0544,PROD-044,CHAN-1,2025-07-14,1,66.0,0.0,4.99,Completed,70.99
ORD-06976,CUST-1641,PROD-049,CHAN-1,2025-07-14,1,19.95,0.4,11.99,Completed,23.96
ORD-06977,CUST-0016,PROD-026,CHAN-4,2025-07-14,1,36.95,0.1,8.99,Returned,42.25
ORD-06978,CUST-1952,PROD-008,CHAN-1,2025-07-14,1,38.99,0.05,5.99,Completed,43.03
ORD-06979,CUST-0483,PROD-036,CHAN-2,2025-07-14,1,102.99,0.0,0.0,Completed,102.99
ORD-06980,CUST-0182,PROD-081,CHAN-1,2025-07-14,1,38.95,0.15,5.99,Completed,39.1
ORD-06981,CUST-0011,PROD-030,CHAN-2,2025-07-14,1,62.99,0.0,5.99,Completed,68.98
ORD-06982,CUST-1673,PROD-118,CHAN-1,2025-07-14,1,150.99,0.0,0.0,Completed,150.99
ORD-06983,CUST-1064,PROD-116,CHAN-1,2025-07-14,3,103.99,0.1,0.0,Completed,280.77
ORD-06984,CUST-1571,PROD-034,CHAN-2,2025-07-15,1,65.99,0.0,11.99,Completed,77.98
ORD-06985,CUST-0440,PROD-017,CHAN-1,2025-07-15,2,28.99,0.0,11.99,Completed,69.97
ORD-06986,CUST-0001,PROD-051,CHAN-3,2025-07-15,1,105.95,0.0,0.0,Completed,105.95
ORD-06987,CUST-0117,PROD-052,CHAN-1,2025-07-15,2,124.0,0.0,0.0,Returned,248.0
ORD-06988,CUST-0148,PROD-051,CHAN-1,2025-07-15,1,105.95,0.0,0.0,Completed,105.95
ORD-06989,CUST-0027,PROD-001,CHAN-2,2025-07-15,1,50.95,0.1,5.99,Completed,51.85
ORD-06990,CUST-0003,PROD-003,CHAN-2,2025-07-15,2,70.99,0.0,0.0,Cancelled,0.0
ORD-06991,CUST-0582,PROD-003,CHAN-3,2025-07-15,3,70.99,0.0,0.0,Completed,212.97
ORD-06992,CUST-0111,PROD-057,CHAN-2,2025-07-15,3,32.0,0.0,0.0,Completed,96.0
ORD-06993,CUST-0338,PROD-138,CHAN-1,2025-07-15,1,3.99,0.25,5.99,Completed,8.98
ORD-06994,CUST-1034,PROD-092,CHAN-2,2025-07-15,2,8.0,0.2,5.99,Completed,18.79
ORD-06995,CUST-0780,PROD-061,CHAN-2,2025-07-15,1,67.0,0.0,0.0,Cancelled,0.0
ORD-06996,CUST-0191,PROD-058,CHAN-1,2025-07-15,1,86.0,0.0,0.0,Completed,86.0
ORD-06997,CUST-0010,PROD-128,CHAN-1,2025-07-15,1,5.95,0.0,11.99,Completed,17.94
ORD-06998,CUST-0241,PROD-012,CHAN-1,2025-07-16,1,63.0,0.0,4.99,Completed,67.99
ORD-06999,CUST-0015,PROD-096,CHAN-2,2025-07-16,1,22.99,0.0,8.99,Returned,31.98
ORD-07000,CUST-0683,PROD-056,CHAN-2,2025-07-16,1,131.0,0.25,0.0,Completed,98.25
ORD-07001,CUST-0071,PROD-066,CHAN-1,2025-07-16,1,71.95,0.0,0.0,Cancelled,0.0
ORD-07002,CUST-0194,PROD-087,CHAN-2,2025-07-16,1,34.99,0.0,11.99,Completed,46.98
ORD-07003,CUST-1221,PROD-116,CHAN-1,2025-07-16,1,103.99,0.0,0.0,Completed,103.99
ORD-07004,CUST-0545,PROD-002,CHAN-2,2025-07-16,2,28.99,0.0,5.99,Completed,63.97
ORD-07005,CUST-0181,PROD-006,CHAN-1,2025-07-16,1,58.0,0.0,4.99,Completed,62.99
ORD-07006,CUST-0071,PROD-033,CHAN-1,2025-07-16,1,63.99,0.0,8.99,Completed,72.98
ORD-07007,CUST-0337,PROD-033,CHAN-2,2025-07-16,1,63.99,0.0,4.99,Completed,68.98
ORD-07008,CUST-0042,PROD-099,CHAN-2,2025-07-16,2,17.95,0.0,8.99,Completed,44.89
ORD-07009,CUST-0013,PROD-009,CHAN-2,2025-07-16,2,60.99,0.0,0.0,Completed,121.98
ORD-07010,CUST-1472,PROD-104,CHAN-1,2025-07-16,2,72.99,0.0,0.0,Completed,145.98
ORD-07011,CUST-1503,PROD-002,CHAN-1,2025-07-17,1,28.99,0.0,4.99,Completed,33.98
ORD-07012,CUST-0051,PROD-041,CHAN-3,2025-07-17,2,27.95,0.05,8.99,Completed,62.09
ORD-07013,CUST-1693,PROD-036,CHAN-1,2025-07-17,1,102.99,0.25,0.0,Completed,77.24
ORD-07014,CUST-0204,PROD-001,CHAN-2,2025-07-17,1,50.95,0.3,11.99,Completed,47.66
ORD-07015,CUST-0003,PROD-001,CHAN-4,2025-07-17,1,50.95,0.0,4.99,Completed,55.94
ORD-07016,CUST-0244,PROD-136,CHAN-2,2025-07-17,1,4.0,0.0,5.99,Completed,9.99
ORD-07017,CUST-0416,PROD-003,CHAN-1,2025-07-17,2,70.99,0.0,0.0,Completed,141.98
ORD-07018,CUST-0084,PROD-069,CHAN-2,2025-07-17,1,71.0,0.0,11.99,Completed,82.99
ORD-07019,CUST-0353,PROD-002,CHAN-1,2025-07-17,1,28.99,0.05,5.99,Completed,33.53
ORD-07020,CUST-0048,PROD-065,CHAN-1,2025-07-17,1,30.0,0.0,4.99,Completed,34.99
ORD-07021,CUST-0817,PROD-029,CHAN-3,2025-07-17,1,79.0,0.0,0.0,Completed,79.0
ORD-07022,CUST-1785,PROD-014,CHAN-4,2025-07-17,1,19.0,0.1,11.99,Completed,29.09
ORD-07023,CUST-0912,PROD-122,CHAN-2,2025-07-17,2,178.99,0.0,0.0,Completed,357.98
ORD-07024,CUST-0397,PROD-054,CHAN-1,2025-07-18,1,109.0,0.05,0.0,Completed,103.55
ORD-07025,CUST-0419,PROD-144,CHAN-2,2025-07-18,2,17.95,0.0,4.99,Completed,40.89
ORD-07026,CUST-0619,PROD-020,CHAN-1,2025-07-18,1,25.0,0.0,5.99,Completed,30.99
ORD-07027,CUST-0001,PROD-068,CHAN-3,2025-07-18,1,83.95,0.1,0.0,Completed,75.56
ORD-07028,CUST-0008,PROD-018,CHAN-1,2025-07-18,1,83.95,0.0,0.0,Completed,83.95
ORD-07029,CUST-0068,PROD-019,CHAN-4,2025-07-18,1,35.95,0.0,11.99,Completed,47.94
ORD-07030,CUST-1048,PROD-059,CHAN-1,2025-07-18,2,58.99,0.0,0.0,Completed,117.98
ORD-07031,CUST-0506,PROD-001,CHAN-1,2025-07-18,2,50.95,0.0,0.0,Refunded,101.9
ORD-07032,CUST-0242,PROD-026,CHAN-1,2025-07-18,1,36.95,0.0,5.99,Completed,42.94
ORD-07033,CUST-1092,PROD-103,CHAN-2,2025-07-18,1,111.0,0.1,0.0,Completed,99.9
ORD-07034,CUST-1659,PROD-059,CHAN-2,2025-07-18,1,58.99,0.3,4.99,Completed,46.28
ORD-07035,CUST-0248,PROD-114,CHAN-1,2025-07-18,2,21.0,0.0,5.99,Completed,47.99
ORD-07036,CUST-0656,PROD-005,CHAN-2,2025-07-18,1,30.99,0.1,8.99,Completed,36.88
ORD-07037,CUST-0857,PROD-148,CHAN-4,2025-07-18,2,15.0,0.0,5.99,Completed,35.99
ORD-07038,CUST-0383,PROD-068,CHAN-2,2025-07-18,1,83.95,0.2,5.99,Completed,73.15
ORD-07039,CUST-0009,PROD-054,CHAN-1,2025-07-18,3,109.0,0.0,0.0,Completed,327.0
ORD-07040,CUST-0306,PROD-012,CHAN-1,2025-07-18,2,63.0,0.15,0.0,Completed,107.1
ORD-07041,CUST-1632,PROD-004,CHAN-2,2025-07-18,1,47.99,0.0,4.99,Completed,52.98
ORD-07042,CUST-0485,PROD-091,CHAN-1,2025-07-19,1,13.0,0.0,11.99,Completed,24.99
ORD-07043,CUST-0106,PROD-003,CHAN-1,2025-07-19,1,70.99,0.3,8.99,Completed,58.68
ORD-07044,CUST-0551,PROD-003,CHAN-2,2025-07-19,1,70.99,0.0,11.99,Returned,82.98
ORD-07045,CUST-1525,PROD-059,CHAN-5,2025-07-19,1,58.99,0.2,4.99,Completed,52.18
ORD-07046,CUST-0785,PROD-001,CHAN-2,2025-07-19,1,50.95,0.0,5.99,Completed,56.94
ORD-07047,CUST-0542,PROD-016,CHAN-1,2025-07-19,2,25.0,0.0,5.99,Completed,55.99
ORD-07048,CUST-1528,PROD-007,CHAN-4,2025-07-19,1,49.0,0.0,5.99,Completed,54.99
ORD-07049,CUST-0881,PROD-138,CHAN-1,2025-07-19,1,3.99,0.3,4.99,Completed,7.78
ORD-07050,CUST-0121,PROD-024,CHAN-2,2025-07-19,1,39.0,0.3,8.99,Completed,36.29
ORD-07051,CUST-1836,PROD-007,CHAN-2,2025-07-19,1,49.0,0.0,4.99,Completed,53.99
ORD-07052,CUST-1593,PROD-001,CHAN-5,2025-07-19,1,50.95,0.0,5.99,Completed,56.94
ORD-07053,CUST-0576,PROD-021,CHAN-3,2025-07-19,1,39.0,0.4,5.99,Completed,29.39
ORD-07054,CUST-0670,PROD-063,CHAN-1,2025-07-20,1,96.99,0.0,0.0,Completed,96.99
ORD-07055,CUST-1129,PROD-014,CHAN-3,2025-07-20,1,19.0,0.0,5.99,Completed,24.99
ORD-07056,CUST-0136,PROD-053,CHAN-2,2025-07-20,2,88.95,0.0,0.0,Completed,177.9
ORD-07057,CUST-1184,PROD-006,CHAN-4,2025-07-20,1,58.0,0.0,11.99,Refunded,69.99
ORD-07058,CUST-1336,PROD-009,CHAN-1,2025-07-20,1,60.99,0.0,4.99,Completed,65.98
ORD-07059,CUST-0110,PROD-146,CHAN-1,2025-07-20,1,8.99,0.0,8.99,Completed,17.98
ORD-07060,CUST-0003,PROD-009,CHAN-2,2025-07-20,1,60.99,0.4,11.99,Completed,48.58
ORD-07061,CUST-0133,PROD-003,CHAN-1,2025-07-20,1,70.99,0.0,0.0,Cancelled,0.0
ORD-07062,CUST-0913,PROD-091,CHAN-2,2025-07-20,4,13.0,0.0,5.99,Completed,57.99
ORD-07063,CUST-1438,PROD-038,CHAN-1,2025-07-20,3,83.99,0.0,0.0,Completed,251.97
ORD-07064,CUST-0542,PROD-015,CHAN-2,2025-07-20,5,65.0,0.2,0.0,Completed,260.0
ORD-07065,CUST-1291,PROD-014,CHAN-4,2025-07-20,4,19.0,0.2,4.99,Completed,65.79
ORD-07066,CUST-0050,PROD-120,CHAN-3,2025-07-20,1,158.0,0.0,0.0,Completed,158.0
ORD-07067,CUST-0688,PROD-016,CHAN-2,2025-07-20,3,25.0,0.0,0.0,Completed,75.0
ORD-07068,CUST-0321,PROD-027,CHAN-4,2025-07-20,4,54.0,0.0,0.0,Completed,216.0
ORD-07069,CUST-0004,PROD-128,CHAN-1,2025-07-20,1,5.95,0.0,11.99,Completed,17.94
ORD-07070,CUST-0969,PROD-090,CHAN-2,2025-07-20,1,21.0,0.0,11.99,Completed,32.99
ORD-07071,CUST-0015,PROD-132,CHAN-1,2025-07-21,1,8.0,0.0,11.99,Completed,19.99
ORD-07072,CUST-1236,PROD-062,CHAN-1,2025-07-21,1,77.99,0.0,0.0,Completed,77.99
ORD-07073,CUST-1437,PROD-147,CHAN-1,2025-07-21,1,5.95,0.0,4.99,Completed,10.94
ORD-07074,CUST-0066,PROD-104,CHAN-1,2025-07-21,2,72.99,0.0,0.0,Completed,145.98
ORD-07075,CUST-0392,PROD-044,CHAN-3,2025-07-21,1,66.0,0.0,5.99,Completed,71.99
ORD-07076,CUST-1276,PROD-021,CHAN-1,2025-07-21,1,39.0,0.05,8.99,Returned,46.04
ORD-07077,CUST-0320,PROD-035,CHAN-3,2025-07-21,1,102.99,0.0,0.0,Returned,102.99
ORD-07078,CUST-1456,PROD-040,CHAN-1,2025-07-21,1,106.95,0.0,0.0,Completed,106.95
ORD-07079,CUST-1370,PROD-002,CHAN-1,2025-07-21,1,28.99,0.0,8.99,Completed,37.98
ORD-07080,CUST-0213,PROD-043,CHAN-1,2025-07-21,1,45.99,0.0,5.99,Completed,51.98
ORD-07081,CUST-0177,PROD-090,CHAN-3,2025-07-21,1,21.0,0.1,4.99,Completed,23.89
ORD-07082,CUST-0281,PROD-009,CHAN-3,2025-07-21,1,60.99,0.0,0.0,Cancelled,0.0
ORD-07083,CUST-0138,PROD-126,CHAN-5,2025-07-21,2,6.99,0.0,11.99,Completed,25.97
ORD-07084,CUST-1991,PROD-113,CHAN-2,2025-07-21,1,97.0,0.0,0.0,Completed,97.0
ORD-07085,CUST-1757,PROD-115,CHAN-1,2025-07-21,1,166.95,0.1,0.0,Completed,150.25
ORD-07086,CUST-0005,PROD-136,CHAN-2,2025-07-21,1,4.0,0.0,4.99,Completed,8.99
ORD-07087,CUST-0086,PROD-145,CHAN-2,2025-07-21,1,10.95,0.1,11.99,Completed,21.84
ORD-07088,CUST-0323,PROD-003,CHAN-1,2025-07-21,1,70.99,0.0,0.0,Cancelled,0.0
ORD-07089,CUST-0343,PROD-021,CHAN-2,2025-07-21,1,39.0,0.0,5.99,Completed,44.99
ORD-07090,CUST-1713,PROD-015,CHAN-1,2025-07-21,1,65.0,0.0,5.99,Completed,70.99
ORD-07091,CUST-0008,PROD-007,CHAN-1,2025-07-21,2,49.0,0.0,0.0,Completed,98.0
ORD-07092,CUST-0073,PROD-030,CHAN-4,2025-07-21,1,62.99,0.0,5.99,Completed,68.98
ORD-07093,CUST-1081,PROD-005,CHAN-1,2025-07-22,1,30.99,0.2,8.99,Completed,33.78
ORD-07094,CUST-0051,PROD-122,CHAN-1,2025-07-22,1,178.99,0.15,0.0,Completed,152.14
ORD-07095,CUST-0526,PROD-002,CHAN-2,2025-07-22,1,28.99,0.0,11.99,Completed,40.98
ORD-07096,CUST-0842,PROD-102,CHAN-1,2025-07-22,1,137.0,0.2,0.0,Completed,109.6
ORD-07097,CUST-0066,PROD-008,CHAN-1,2025-07-22,4,38.99,0.0,0.0,Completed,155.96
ORD-07098,CUST-0235,PROD-001,CHAN-1,2025-07-22,1,50.95,0.0,11.99,Completed,62.94
ORD-07099,CUST-0001,PROD-022,CHAN-1,2025-07-22,1,21.0,0.0,5.99,Completed,26.99
ORD-07100,CUST-0687,PROD-123,CHAN-1,2025-07-22,2,141.0,0.2,0.0,Completed,225.6
ORD-07101,CUST-0002,PROD-090,CHAN-1,2025-07-22,2,21.0,0.0,11.99,Completed,53.99
ORD-07102,CUST-1429,PROD-092,CHAN-3,2025-07-22,1,8.0,0.0,11.99,Completed,19.99
ORD-07103,CUST-0068,PROD-062,CHAN-1,2025-07-22,1,77.99,0.15,8.99,Completed,75.28
ORD-07104,CUST-0286,PROD-064,CHAN-1,2025-07-22,1,43.0,0.15,11.99,Completed,48.54
ORD-07105,CUST-0643,PROD-005,CHAN-1,2025-07-22,4,30.99,0.05,0.0,Completed,117.76
ORD-07106,CUST-1437,PROD-026,CHAN-1,2025-07-22,1,36.95,0.0,0.0,Cancelled,0.0
ORD-07107,CUST-0002,PROD-015,CHAN-4,2025-07-22,3,65.0,0.0,0.0,Completed,195.0
ORD-07108,CUST-1147,PROD-020,CHAN-1,2025-07-23,1,25.0,0.35,4.99,Completed,21.24
ORD-07109,CUST-0628,PROD-028,CHAN-2,2025-07-23,2,109.0,0.0,0.0,Completed,218.0
ORD-07110,CUST-1040,PROD-039,CHAN-2,2025-07-23,1,83.0,0.2,5.99,Completed,72.39
ORD-07111,CUST-0717,PROD-010,CHAN-1,2025-07-23,1,32.99,0.2,4.99,Completed,31.38
ORD-07112,CUST-0033,PROD-148,CHAN-1,2025-07-23,3,15.0,0.0,5.99,Completed,50.99
ORD-07113,CUST-0023,PROD-008,CHAN-2,2025-07-24,1,38.99,0.35,5.99,Returned,31.33
ORD-07114,CUST-0621,PROD-028,CHAN-3,2025-07-24,1,109.0,0.0,0.0,Completed,109.0
ORD-07115,CUST-0457,PROD-017,CHAN-2,2025-07-24,1,28.99,0.05,4.99,Completed,32.53
ORD-07116,CUST-0181,PROD-013,CHAN-2,2025-07-24,3,41.95,0.05,0.0,Completed,119.56
ORD-07117,CUST-0015,PROD-096,CHAN-2,2025-07-24,1,22.99,0.0,5.99,Completed,28.98
ORD-07118,CUST-1801,PROD-055,CHAN-3,2025-07-25,1,110.99,0.0,0.0,Completed,110.99
ORD-07119,CUST-0059,PROD-072,CHAN-4,2025-07-25,2,35.95,0.25,4.99,Completed,58.92
ORD-07120,CUST-0035,PROD-017,CHAN-2,2025-07-25,1,28.99,0.0,5.99,Completed,34.98
ORD-07121,CUST-0034,PROD-010,CHAN-2,2025-07-25,2,32.99,0.0,4.99,Completed,70.97
ORD-07122,CUST-1250,PROD-131,CHAN-1,2025-07-25,2,7.95,0.0,5.99,Refunded,21.89
ORD-07123,CUST-0678,PROD-138,CHAN-1,2025-07-25,1,3.99,0.2,4.99,Completed,8.18
ORD-07124,CUST-0786,PROD-129,CHAN-3,2025-07-25,2,8.99,0.0,11.99,Completed,29.97
ORD-07125,CUST-0170,PROD-077,CHAN-3,2025-07-25,2,42.99,0.35,11.99,Completed,67.88
ORD-07126,CUST-0708,PROD-001,CHAN-2,2025-07-25,1,50.95,0.0,4.99,Refunded,55.94
ORD-07127,CUST-1800,PROD-055,CHAN-2,2025-07-25,5,110.99,0.0,0.0,Completed,554.95
ORD-07128,CUST-0008,PROD-013,CHAN-2,2025-07-26,1,41.95,0.35,4.99,Completed,32.26
ORD-07129,CUST-0129,PROD-119,CHAN-2,2025-07-26,1,123.0,0.0,0.0,Completed,123.0
ORD-07130,CUST-0099,PROD-002,CHAN-2,2025-07-26,1,28.99,0.4,8.99,Completed,26.38
ORD-07131,CUST-1323,PROD-050,CHAN-1,2025-07-26,1,40.0,0.0,8.99,Completed,48.99
ORD-07132,CUST-0554,PROD-018,CHAN-2,2025-07-26,3,83.95,0.1,0.0,Completed,226.67
ORD-07133,CUST-0133,PROD-018,CHAN-3,2025-07-26,1,83.95,0.0,0.0,Cancelled,0.0
ORD-07134,CUST-0006,PROD-007,CHAN-4,2025-07-26,3,49.0,0.0,0.0,Completed,147.0
ORD-07135,CUST-0047,PROD-046,CHAN-1,2025-07-26,1,36.99,0.4,8.99,Completed,31.18
ORD-07136,CUST-0031,PROD-001,CHAN-3,2025-07-26,1,50.95,0.1,8.99,Completed,54.85
ORD-07137,CUST-0010,PROD-104,CHAN-2,2025-07-26,1,72.99,0.0,5.99,Completed,78.98
ORD-07138,CUST-1558,PROD-037,CHAN-1,2025-07-26,1,60.95,0.0,8.99,Completed,69.94
ORD-07139,CUST-0105,PROD-003,CHAN-2,2025-07-26,1,70.99,0.0,4.99,Completed,75.98
ORD-07140,CUST-0239,PROD-007,CHAN-1,2025-07-26,1,49.0,0.0,11.99,Completed,60.99
ORD-07141,CUST-0133,PROD-019,CHAN-5,2025-07-26,2,35.95,0.4,11.99,Completed,55.13
ORD-07142,CUST-0346,PROD-051,CHAN-2,2025-07-27,1,105.95,0.0,0.0,Completed,105.95
ORD-07143,CUST-0006,PROD-063,CHAN-1,2025-07-27,1,96.99,0.0,0.0,Completed,96.99
ORD-07144,CUST-0090,PROD-004,CHAN-4,2025-07-27,1,47.99,0.0,5.99,Completed,53.98
ORD-07145,CUST-0018,PROD-059,CHAN-2,2025-07-27,1,58.99,0.0,0.0,Cancelled,0.0
ORD-07146,CUST-0228,PROD-034,CHAN-2,2025-07-27,1,65.99,0.0,11.99,Completed,77.98
ORD-07147,CUST-0180,PROD-138,CHAN-1,2025-07-27,1,3.99,0.0,5.99,Completed,9.98
ORD-07148,CUST-0033,PROD-001,CHAN-1,2025-07-27,1,50.95,0.0,5.99,Completed,56.94
ORD-07149,CUST-0021,PROD-021,CHAN-1,2025-07-27,2,39.0,0.0,0.0,Completed,78.0
ORD-07150,CUST-1085,PROD-027,CHAN-5,2025-07-27,1,54.0,0.0,4.99,Completed,58.99
ORD-07151,CUST-0907,PROD-007,CHAN-3,2025-07-27,3,49.0,0.0,0.0,Completed,147.0
ORD-07152,CUST-0052,PROD-071,CHAN-2,2025-07-27,1,54.99,0.0,11.99,Completed,66.98
ORD-07153,CUST-0283,PROD-003,CHAN-1,2025-07-27,1,70.99,0.15,4.99,Completed,65.33
ORD-07154,CUST-0432,PROD-059,CHAN-4,2025-07-27,1,58.99,0.0,5.99,Completed,64.98
ORD-07155,CUST-0066,PROD-002,CHAN-3,2025-07-27,1,28.99,0.0,4.99,Completed,33.98
ORD-07156,CUST-0887,PROD-001,CHAN-2,2025-07-28,1,50.95,0.4,11.99,Completed,42.56
ORD-07157,CUST-0002,PROD-090,CHAN-2,2025-07-28,1,21.0,0.0,11.99,Completed,32.99
ORD-07158,CUST-1122,PROD-031,CHAN-1,2025-07-28,3,100.0,0.2,0.0,Completed,240.0
ORD-07159,CUST-0063,PROD-103,CHAN-3,2025-07-28,1,111.0,0.0,0.0,Completed,111.0
ORD-07160,CUST-0282,PROD-001,CHAN-1,2025-07-28,2,50.95,0.05,0.0,Completed,96.81
ORD-07161,CUST-0053,PROD-004,CHAN-2,2025-07-28,1,47.99,0.0,8.99,Completed,56.98
ORD-07162,CUST-0705,PROD-086,CHAN-2,2025-07-28,2,7.0,0.0,11.99,Completed,25.99
ORD-07163,CUST-0046,PROD-049,CHAN-1,2025-07-28,4,19.95,0.0,0.0,Completed,79.8
ORD-07164,CUST-0234,PROD-138,CHAN-2,2025-07-28,2,3.99,0.15,8.99,Completed,15.77
ORD-07165,CUST-0309,PROD-030,CHAN-2,2025-07-28,1,62.99,0.0,4.99,Completed,67.98
ORD-07166,CUST-1527,PROD-094,CHAN-3,2025-07-28,1,24.95,0.0,4.99,Completed,29.94
ORD-07167,CUST-0005,PROD-070,CHAN-1,2025-07-29,2,91.99,0.35,0.0,Completed,119.59
ORD-07168,CUST-1030,PROD-005,CHAN-2,2025-07-29,1,30.99,0.0,8.99,Completed,39.98
ORD-07169,CUST-0448,PROD-040,CHAN-1,2025-07-29,1,106.95,0.15,0.0,Completed,90.91
ORD-07170,CUST-0988,PROD-001,CHAN-2,2025-07-29,1,50.95,0.0,5.99,Completed,56.94
ORD-07171,CUST-1675,PROD-150,CHAN-2,2025-07-29,1,7.0,0.0,11.99,Completed,18.99
ORD-07172,CUST-0284,PROD-008,CHAN-1,2025-07-29,1,38.99,0.0,4.99,Completed,43.98
ORD-07173,CUST-1121,PROD-012,CHAN-1,2025-07-29,1,63.0,0.0,5.99,Completed,68.99
ORD-07174,CUST-1543,PROD-005,CHAN-1,2025-07-29,3,30.99,0.1,0.0,Completed,83.67
ORD-07175,CUST-0002,PROD-065,CHAN-2,2025-07-29,1,30.0,0.05,4.99,Completed,33.49
ORD-07176,CUST-0273,PROD-109,CHAN-1,2025-07-29,1,68.99,0.0,4.99,Completed,73.98
ORD-07177,CUST-0344,PROD-026,CHAN-2,2025-07-29,3,36.95,0.05,0.0,Completed,105.31
ORD-07178,CUST-1585,PROD-010,CHAN-1,2025-07-29,1,32.99,0.0,8.99,Completed,41.98
ORD-07179,CUST-1635,PROD-025,CHAN-1,2025-07-29,2,57.99,0.2,0.0,Completed,92.78
ORD-07180,CUST-0345,PROD-004,CHAN-1,2025-07-29,1,47.99,0.0,5.99,Completed,53.98
ORD-07181,CUST-0830,PROD-063,CHAN-1,2025-07-29,1,96.99,0.0,0.0,Cancelled,0.0
ORD-07182,CUST-0875,PROD-116,CHAN-1,2025-07-29,1,103.99,0.0,0.0,Cancelled,0.0
ORD-07183,CUST-0620,PROD-046,CHAN-1,2025-07-29,1,36.99,0.0,0.0,Cancelled,0.0
ORD-07184,CUST-1866,PROD-060,CHAN-1,2025-07-29,2,51.99,0.25,0.0,Completed,77.98
ORD-07185,CUST-0041,PROD-027,CHAN-2,2025-07-30,1,54.0,0.0,11.99,Completed,65.99
ORD-07186,CUST-1603,PROD-014,CHAN-1,2025-07-30,3,19.0,0.0,11.99,Completed,68.99
ORD-07187,CUST-0043,PROD-023,CHAN-2,2025-07-30,4,58.95,0.0,0.0,Completed,235.8
ORD-07188,CUST-0385,PROD-031,CHAN-2,2025-07-30,4,100.0,0.0,0.0,Completed,400.0
ORD-07189,CUST-1168,PROD-006,CHAN-3,2025-07-30,2,58.0,0.0,0.0,Completed,116.0
ORD-07190,CUST-0746,PROD-065,CHAN-1,2025-07-30,1,30.0,0.0,4.99,Completed,34.99
ORD-07191,CUST-0887,PROD-004,CHAN-1,2025-07-30,1,47.99,0.0,8.99,Completed,56.98
ORD-07192,CUST-1258,PROD-069,CHAN-2,2025-07-30,2,71.0,0.0,0.0,Completed,142.0
ORD-07193,CUST-0823,PROD-125,CHAN-1,2025-07-30,1,162.99,0.0,0.0,Completed,162.99
ORD-07194,CUST-0793,PROD-008,CHAN-1,2025-07-30,1,38.99,0.0,8.99,Completed,47.98
ORD-07195,CUST-1080,PROD-037,CHAN-2,2025-07-30,1,60.95,0.0,11.99,Completed,72.94
ORD-07196,CUST-0049,PROD-128,CHAN-1,2025-07-30,1,5.95,0.0,8.99,Completed,14.94
ORD-07197,CUST-0019,PROD-029,CHAN-4,2025-07-31,5,79.0,0.0,0.0,Completed,395.0
ORD-07198,CUST-0144,PROD-005,CHAN-1,2025-07-31,1,30.99,0.0,8.99,Completed,39.98
ORD-07199,CUST-0622,PROD-038,CHAN-2,2025-07-31,2,83.99,0.0,0.0,Completed,167.98
ORD-07200,CUST-0060,PROD-092,CHAN-3,2025-07-31,1,8.0,0.0,11.99,Completed,19.99
ORD-07201,CUST-1635,PROD-092,CHAN-2,2025-07-31,3,8.0,0.0,5.99,Completed,29.99
ORD-07202,CUST-0517,PROD-041,CHAN-1,2025-07-31,2,27.95,0.0,5.99,Completed,61.89
ORD-07203,CUST-0013,PROD-034,CHAN-2,2025-07-31,1,65.99,0.0,5.99,Completed,71.98
ORD-07204,CUST-0641,PROD-039,CHAN-1,2025-07-31,2,83.0,0.0,0.0,Refunded,166.0
ORD-07205,CUST-0656,PROD-110,CHAN-1,2025-07-31,1,35.95,0.0,5.99,Completed,41.94
ORD-07206,CUST-0815,PROD-023,CHAN-3,2025-07-31,1,58.95,0.0,5.99,Completed,64.94
ORD-07207,CUST-0505,PROD-057,CHAN-2,2025-07-31,1,32.0,0.0,8.99,Completed,40.99
ORD-07208,CUST-0025,PROD-070,CHAN-1,2025-07-31,1,91.99,0.05,0.0,Completed,87.39
ORD-07209,CUST-0117,PROD-035,CHAN-2,2025-07-31,2,102.99,0.0,0.0,Completed,205.98
ORD-07210,CUST-0296,PROD-017,CHAN-2,2025-07-31,1,28.99,0.0,4.99,Completed,33.98
ORD-07211,CUST-0129,PROD-027,CHAN-2,2025-07-31,1,54.0,0.0,8.99,Completed,62.99
ORD-07212,CUST-0040,PROD-005,CHAN-1,2025-07-31,1,30.99,0.0,11.99,Completed,42.98
ORD-07213,CUST-0480,PROD-006,CHAN-1,2025-07-31,1,58.0,0.0,5.99,Refunded,63.99
ORD-07214,CUST-0587,PROD-108,CHAN-2,2025-08-01,1,114.95,0.0,0.0,Completed,114.95
ORD-07215,CUST-0687,PROD-001,CHAN-1,2025-08-01,1,50.95,0.0,11.99,Completed,62.94
ORD-07216,CUST-0009,PROD-012,CHAN-2,2025-08-01,1,63.0,0.0,4.99,Returned,67.99
ORD-07217,CUST-1670,PROD-109,CHAN-5,2025-08-01,1,68.99,0.0,8.99,Returned,77.98
ORD-07218,CUST-1299,PROD-097,CHAN-4,2025-08-01,1,6.0,0.05,5.99,Completed,11.69
ORD-07219,CUST-1057,PROD-002,CHAN-1,2025-08-01,1,28.99,0.0,5.99,Completed,34.98
ORD-07220,CUST-1574,PROD-002,CHAN-1,2025-08-02,3,28.99,0.4,5.99,Completed,58.17
ORD-07221,CUST-0010,PROD-113,CHAN-2,2025-08-03,1,97.0,0.0,0.0,Completed,97.0
ORD-07222,CUST-0001,PROD-043,CHAN-5,2025-08-03,2,45.99,0.0,0.0,Completed,91.98
ORD-07223,CUST-0099,PROD-024,CHAN-1,2025-08-03,2,39.0,0.0,0.0,Completed,78.0
ORD-07224,CUST-0124,PROD-005,CHAN-2,2025-08-03,1,30.99,0.0,11.99,Completed,42.98
ORD-07225,CUST-0006,PROD-093,CHAN-2,2025-08-03,1,25.99,0.0,8.99,Completed,34.98
ORD-07226,CUST-0698,PROD-039,CHAN-2,2025-08-03,2,83.0,0.0,0.0,Completed,166.0
ORD-07227,CUST-0547,PROD-065,CHAN-2,2025-08-03,1,30.0,0.0,4.99,Completed,34.99
ORD-07228,CUST-0026,PROD-018,CHAN-2,2025-08-03,1,83.95,0.0,0.0,Returned,83.95
ORD-07229,CUST-0191,PROD-086,CHAN-1,2025-08-03,1,7.0,0.3,4.99,Returned,9.89
ORD-07230,CUST-0306,PROD-023,CHAN-1,2025-08-04,1,58.95,0.0,4.99,Completed,63.94
ORD-07231,CUST-0118,PROD-024,CHAN-1,2025-08-04,1,39.0,0.15,4.99,Completed,38.14
ORD-07232,CUST-0252,PROD-095,CHAN-2,2025-08-04,1,18.95,0.1,5.99,Completed,23.05
ORD-07233,CUST-0076,PROD-002,CHAN-4,2025-08-04,2,28.99,0.0,5.99,Completed,63.97
ORD-07234,CUST-0007,PROD-050,CHAN-4,2025-08-04,2,40.0,0.0,0.0,Returned,80.0
ORD-07235,CUST-0310,PROD-010,CHAN-1,2025-08-04,2,32.99,0.0,8.99,Completed,74.97
ORD-07236,CUST-1031,PROD-042,CHAN-1,2025-08-04,3,17.0,0.0,4.99,Completed,55.99
ORD-07237,CUST-1272,PROD-005,CHAN-1,2025-08-04,1,30.99,0.3,4.99,Completed,26.68
ORD-07238,CUST-0080,PROD-014,CHAN-1,2025-08-04,3,19.0,0.0,11.99,Completed,68.99
ORD-07239,CUST-1215,PROD-003,CHAN-3,2025-08-04,1,70.99,0.0,8.99,Completed,79.98
ORD-07240,CUST-0111,PROD-114,CHAN-2,2025-08-04,2,21.0,0.0,11.99,Completed,53.99
ORD-07241,CUST-0275,PROD-038,CHAN-1,2025-08-04,1,83.99,0.0,0.0,Completed,83.99
ORD-07242,CUST-0448,PROD-135,CHAN-2,2025-08-05,1,13.99,0.0,8.99,Completed,22.98
ORD-07243,CUST-0001,PROD-108,CHAN-1,2025-08-05,1,114.95,0.0,0.0,Completed,114.95
ORD-07244,CUST-1103,PROD-134,CHAN-2,2025-08-05,1,3.99,0.0,8.99,Completed,12.98
ORD-07245,CUST-0174,PROD-086,CHAN-4,2025-08-05,5,7.0,0.0,8.99,Completed,43.99
ORD-07246,CUST-0342,PROD-101,CHAN-1,2025-08-05,1,66.0,0.0,4.99,Completed,70.99
ORD-07247,CUST-0153,PROD-143,CHAN-1,2025-08-05,1,19.0,0.0,4.99,Completed,23.99
ORD-07248,CUST-1648,PROD-016,CHAN-1,2025-08-05,2,25.0,0.1,11.99,Completed,56.99
ORD-07249,CUST-0912,PROD-034,CHAN-4,2025-08-05,1,65.99,0.0,8.99,Completed,74.98
ORD-07250,CUST-1568,PROD-085,CHAN-1,2025-08-05,2,23.95,0.2,11.99,Completed,50.31
ORD-07251,CUST-0015,PROD-004,CHAN-4,2025-08-05,1,47.99,0.0,5.99,Completed,53.98
ORD-07252,CUST-0001,PROD-024,CHAN-1,2025-08-05,2,39.0,0.0,0.0,Completed,78.0
ORD-07253,CUST-1611,PROD-036,CHAN-1,2025-08-05,1,102.99,0.0,0.0,Completed,102.99
ORD-07254,CUST-0047,PROD-015,CHAN-1,2025-08-06,1,65.0,0.1,5.99,Completed,64.49
ORD-07255,CUST-0543,PROD-130,CHAN-2,2025-08-06,2,5.95,0.0,11.99,Completed,23.89
ORD-07256,CUST-0097,PROD-118,CHAN-4,2025-08-06,3,150.99,0.0,0.0,Completed,452.97
ORD-07257,CUST-0002,PROD-055,CHAN-2,2025-08-06,1,110.99,0.0,0.0,Completed,110.99
ORD-07258,CUST-1960,PROD-014,CHAN-1,2025-08-06,1,19.0,0.0,4.99,Completed,23.99
ORD-07259,CUST-0109,PROD-128,CHAN-1,2025-08-06,1,5.95,0.0,8.99,Completed,14.94
ORD-07260,CUST-0577,PROD-002,CHAN-2,2025-08-06,2,28.99,0.0,11.99,Returned,69.97
ORD-07261,CUST-0282,PROD-137,CHAN-2,2025-08-06,1,15.0,0.05,11.99,Completed,26.24
ORD-07262,CUST-1619,PROD-067,CHAN-1,2025-08-06,1,95.99,0.0,0.0,Cancelled,0.0
ORD-07263,CUST-0858,PROD-140,CHAN-2,2025-08-06,1,12.0,0.3,4.99,Completed,13.39
ORD-07264,CUST-0356,PROD-079,CHAN-1,2025-08-06,2,37.99,0.0,0.0,Completed,75.98
ORD-07265,CUST-1447,PROD-044,CHAN-1,2025-08-06,1,66.0,0.3,5.99,Completed,52.19
ORD-07266,CUST-0016,PROD-039,CHAN-1,2025-08-07,1,83.0,0.35,11.99,Completed,65.94
ORD-07267,CUST-0105,PROD-103,CHAN-2,2025-08-07,5,111.0,0.0,0.0,Completed,555.0
ORD-07268,CUST-0064,PROD-002,CHAN-1,2025-08-07,1,28.99,0.0,5.99,Completed,34.98
ORD-07269,CUST-0028,PROD-054,CHAN-2,2025-08-07,1,109.0,0.05,0.0,Completed,103.55
ORD-07270,CUST-0238,PROD-043,CHAN-1,2025-08-07,2,45.99,0.1,0.0,Completed,82.78
ORD-07271,CUST-0023,PROD-011,CHAN-1,2025-08-07,1,18.95,0.0,4.99,Completed,23.94
ORD-07272,CUST-1415,PROD-013,CHAN-2,2025-08-07,1,41.95,0.0,5.99,Completed,47.94
ORD-07273,CUST-0601,PROD-129,CHAN-3,2025-08-07,1,8.99,0.0,5.99,Completed,14.98
ORD-07274,CUST-1274,PROD-032,CHAN-1,2025-08-08,1,89.95,0.0,0.0,Completed,89.95
ORD-07275,CUST-1744,PROD-003,CHAN-2,2025-08-08,1,70.99,0.15,11.99,Returned,72.33
ORD-07276,CUST-0162,PROD-114,CHAN-2,2025-08-08,1,21.0,0.0,11.99,Completed,32.99
ORD-07277,CUST-0336,PROD-093,CHAN-2,2025-08-08,1,25.99,0.0,4.99,Completed,30.98
ORD-07278,CUST-0240,PROD-128,CHAN-2,2025-08-08,2,5.95,0.05,8.99,Completed,20.3
ORD-07279,CUST-1050,PROD-003,CHAN-2,2025-08-08,1,70.99,0.1,5.99,Returned,69.88
ORD-07280,CUST-0017,PROD-008,CHAN-2,2025-08-08,1,38.99,0.3,5.99,Returned,33.28
ORD-07281,CUST-0101,PROD-014,CHAN-1,2025-08-08,1,19.0,0.05,5.99,Returned,24.04
ORD-07282,CUST-0981,PROD-001,CHAN-1,2025-08-09,2,50.95,0.0,0.0,Completed,101.9
ORD-07283,CUST-0502,PROD-077,CHAN-1,2025-08-09,2,42.99,0.0,0.0,Completed,85.98
ORD-07284,CUST-0291,PROD-056,CHAN-1,2025-08-09,1,131.0,0.15,0.0,Completed,111.35
ORD-07285,CUST-1006,PROD-009,CHAN-1,2025-08-09,1,60.99,0.4,5.99,Completed,42.58
ORD-07286,CUST-0408,PROD-056,CHAN-2,2025-08-09,1,131.0,0.0,0.0,Completed,131.0
ORD-07287,CUST-0313,PROD-128,CHAN-2,2025-08-09,1,5.95,0.4,5.99,Completed,9.56
ORD-07288,CUST-0069,PROD-114,CHAN-1,2025-08-09,1,21.0,0.0,11.99,Returned,32.99
ORD-07289,CUST-0166,PROD-055,CHAN-1,2025-08-09,2,110.99,0.0,0.0,Completed,221.98
ORD-07290,CUST-0001,PROD-026,CHAN-3,2025-08-09,1,36.95,0.0,11.99,Completed,48.94
ORD-07291,CUST-0003,PROD-038,CHAN-5,2025-08-10,1,83.99,0.0,0.0,Completed,83.99
ORD-07292,CUST-0005,PROD-053,CHAN-1,2025-08-10,1,88.95,0.0,0.0,Completed,88.95
ORD-07293,CUST-1216,PROD-008,CHAN-2,2025-08-10,1,38.99,0.0,4.99,Returned,43.98
ORD-07294,CUST-1530,PROD-142,CHAN-2,2025-08-10,1,5.0,0.0,11.99,Completed,16.99
ORD-07295,CUST-0914,PROD-017,CHAN-1,2025-08-10,4,28.99,0.0,0.0,Completed,115.96
ORD-07296,CUST-0224,PROD-001,CHAN-3,2025-08-10,1,50.95,0.0,11.99,Completed,62.94
ORD-07297,CUST-0025,PROD-001,CHAN-1,2025-08-10,3,50.95,0.0,0.0,Completed,152.85
ORD-07298,CUST-1662,PROD-016,CHAN-3,2025-08-10,1,25.0,0.0,4.99,Completed,29.99
ORD-07299,CUST-0648,PROD-018,CHAN-2,2025-08-10,1,83.95,0.25,8.99,Completed,71.95
ORD-07300,CUST-0004,PROD-005,CHAN-1,2025-08-10,4,30.99,0.0,0.0,Cancelled,0.0
ORD-07301,CUST-1821,PROD-103,CHAN-1,2025-08-10,1,111.0,0.0,0.0,Completed,111.0
ORD-07302,CUST-0233,PROD-024,CHAN-1,2025-08-10,1,39.0,0.0,5.99,Completed,44.99
ORD-07303,CUST-0005,PROD-096,CHAN-2,2025-08-11,1,22.99,0.0,4.99,Completed,27.98
ORD-07304,CUST-0629,PROD-010,CHAN-1,2025-08-11,1,32.99,0.0,8.99,Completed,41.98
ORD-07305,CUST-1090,PROD-008,CHAN-2,2025-08-11,1,38.99,0.0,5.99,Completed,44.98
ORD-07306,CUST-0081,PROD-010,CHAN-2,2025-08-11,1,32.99,0.0,11.99,Completed,44.98
ORD-07307,CUST-0837,PROD-009,CHAN-1,2025-08-11,1,60.99,0.0,0.0,Cancelled,0.0
ORD-07308,CUST-0012,PROD-011,CHAN-1,2025-08-11,2,18.95,0.0,5.99,Completed,43.89
ORD-07309,CUST-0577,PROD-007,CHAN-2,2025-08-11,2,49.0,0.0,0.0,Completed,98.0
ORD-07310,CUST-0172,PROD-011,CHAN-2,2025-08-11,1,18.95,0.1,5.99,Completed,23.05
ORD-07311,CUST-0006,PROD-067,CHAN-2,2025-08-11,2,95.99,0.0,0.0,Returned,191.98
ORD-07312,CUST-0032,PROD-012,CHAN-2,2025-08-11,1,63.0,0.2,5.99,Completed,56.39
ORD-07313,CUST-0169,PROD-083,CHAN-2,2025-08-11,2,25.99,0.3,4.99,Completed,41.38
ORD-07314,CUST-0020,PROD-080,CHAN-2,2025-08-11,1,20.95,0.05,4.99,Completed,24.89
ORD-07315,CUST-0051,PROD-001,CHAN-2,2025-08-11,1,50.95,0.05,4.99,Completed,53.39
ORD-07316,CUST-1934,PROD-113,CHAN-3,2025-08-11,1,97.0,0.0,0.0,Completed,97.0
ORD-07317,CUST-1127,PROD-012,CHAN-2,2025-08-11,1,63.0,0.0,0.0,Cancelled,0.0
ORD-07318,CUST-0026,PROD-002,CHAN-2,2025-08-11,1,28.99,0.0,5.99,Completed,34.98
ORD-07319,CUST-0827,PROD-127,CHAN-1,2025-08-11,1,7.95,0.35,4.99,Completed,10.16
ORD-07320,CUST-0891,PROD-014,CHAN-4,2025-08-11,2,19.0,0.0,5.99,Completed,43.99
ORD-07321,CUST-0010,PROD-001,CHAN-5,2025-08-12,3,50.95,0.1,0.0,Completed,137.57
ORD-07322,CUST-0211,PROD-001,CHAN-2,2025-08-12,1,50.95,0.0,5.99,Completed,56.94
ORD-07323,CUST-1678,PROD-094,CHAN-2,2025-08-12,1,24.95,0.0,11.99,Refunded,36.94
ORD-07324,CUST-0777,PROD-014,CHAN-1,2025-08-12,1,19.0,0.0,8.99,Refunded,27.99
ORD-07325,CUST-0305,PROD-087,CHAN-3,2025-08-13,1,34.99,0.0,5.99,Refunded,40.98
ORD-07326,CUST-0246,PROD-034,CHAN-1,2025-08-13,2,65.99,0.15,0.0,Completed,112.18
ORD-07327,CUST-0361,PROD-125,CHAN-2,2025-08-13,1,162.99,0.0,0.0,Completed,162.99
ORD-07328,CUST-0024,PROD-022,CHAN-1,2025-08-13,1,21.0,0.4,4.99,Completed,17.59
ORD-07329,CUST-0030,PROD-144,CHAN-1,2025-08-13,1,17.95,0.0,8.99,Completed,26.94
ORD-07330,CUST-0001,PROD-026,CHAN-1,2025-08-13,1,36.95,0.0,4.99,Completed,41.94
ORD-07331,CUST-0320,PROD-054,CHAN-2,2025-08-13,1,109.0,0.0,0.0,Completed,109.0
ORD-07332,CUST-1271,PROD-118,CHAN-2,2025-08-13,1,150.99,0.15,0.0,Completed,128.34
ORD-07333,CUST-1799,PROD-135,CHAN-2,2025-08-13,1,13.99,0.3,4.99,Completed,14.78
ORD-07334,CUST-0060,PROD-086,CHAN-3,2025-08-13,1,7.0,0.0,4.99,Completed,11.99
ORD-07335,CUST-0584,PROD-007,CHAN-1,2025-08-13,2,49.0,0.0,0.0,Completed,98.0
ORD-07336,CUST-0001,PROD-062,CHAN-2,2025-08-13,1,77.99,0.3,11.99,Completed,66.58
ORD-07337,CUST-0006,PROD-100,CHAN-1,2025-08-14,1,38.95,0.35,8.99,Completed,34.31
ORD-07338,CUST-0794,PROD-100,CHAN-3,2025-08-14,1,38.95,0.0,5.99,Completed,44.94
ORD-07339,CUST-0285,PROD-108,CHAN-2,2025-08-14,1,114.95,0.0,0.0,Returned,114.95
ORD-07340,CUST-0226,PROD-022,CHAN-2,2025-08-14,1,21.0,0.0,4.99,Completed,25.99
ORD-07341,CUST-0127,PROD-149,CHAN-1,2025-08-14,1,11.99,0.0,11.99,Completed,23.98
ORD-07342,CUST-0136,PROD-053,CHAN-4,2025-08-14,2,88.95,0.0,0.0,Completed,177.9
ORD-07343,CUST-1262,PROD-110,CHAN-4,2025-08-14,1,35.95,0.0,4.99,Completed,40.94
ORD-07344,CUST-0259,PROD-024,CHAN-1,2025-08-14,1,39.0,0.0,11.99,Completed,50.99
ORD-07345,CUST-0186,PROD-057,CHAN-1,2025-08-15,1,32.0,0.0,5.99,Completed,37.99
ORD-07346,CUST-0135,PROD-097,CHAN-2,2025-08-15,4,6.0,0.0,11.99,Completed,35.99
ORD-07347,CUST-1224,PROD-036,CHAN-1,2025-08-15,1,102.99,0.4,8.99,Completed,70.78
ORD-07348,CUST-0853,PROD-033,CHAN-1,2025-08-15,1,63.99,0.15,5.99,Completed,60.38
ORD-07349,CUST-0062,PROD-133,CHAN-2,2025-08-15,1,18.99,0.0,8.99,Completed,27.98
ORD-07350,CUST-0043,PROD-077,CHAN-2,2025-08-15,1,42.99,0.0,8.99,Completed,51.98
ORD-07351,CUST-0549,PROD-055,CHAN-1,2025-08-15,3,110.99,0.0,0.0,Returned,332.97
ORD-07352,CUST-0290,PROD-001,CHAN-1,2025-08-15,1,50.95,0.0,5.99,Completed,56.94
ORD-07353,CUST-0145,PROD-056,CHAN-1,2025-08-16,2,131.0,0.1,0.0,Completed,235.8
ORD-07354,CUST-0540,PROD-015,CHAN-1,2025-08-16,1,65.0,0.0,4.99,Completed,69.99
ORD-07355,CUST-0059,PROD-001,CHAN-1,2025-08-16,1,50.95,0.1,8.99,Completed,54.85
ORD-07356,CUST-0013,PROD-001,CHAN-3,2025-08-16,1,50.95,0.0,4.99,Completed,55.94
ORD-07357,CUST-0328,PROD-007,CHAN-1,2025-08-16,2,49.0,0.0,0.0,Completed,98.0
ORD-07358,CUST-0014,PROD-001,CHAN-2,2025-08-16,1,50.95,0.35,8.99,Completed,42.11
ORD-07359,CUST-0229,PROD-014,CHAN-1,2025-08-16,1,19.0,0.0,11.99,Completed,30.99
ORD-07360,CUST-1814,PROD-041,CHAN-2,2025-08-16,1,27.95,0.0,11.99,Completed,39.94
ORD-07361,CUST-1092,PROD-056,CHAN-2,2025-08-17,1,131.0,0.0,0.0,Completed,131.0
ORD-07362,CUST-0153,PROD-101,CHAN-3,2025-08-17,1,66.0,0.0,0.0,Cancelled,0.0
ORD-07363,CUST-0398,PROD-070,CHAN-1,2025-08-17,3,91.99,0.0,0.0,Completed,275.97
ORD-07364,CUST-0357,PROD-063,CHAN-1,2025-08-17,1,96.99,0.0,0.0,Completed,96.99
ORD-07365,CUST-0013,PROD-012,CHAN-2,2025-08-17,2,63.0,0.0,0.0,Completed,126.0
ORD-07366,CUST-0382,PROD-011,CHAN-1,2025-08-17,1,18.95,0.0,8.99,Completed,27.94
ORD-07367,CUST-0208,PROD-146,CHAN-2,2025-08-18,2,8.99,0.15,4.99,Completed,20.27
ORD-07368,CUST-0001,PROD-090,CHAN-1,2025-08-18,1,21.0,0.05,11.99,Completed,31.94
ORD-07369,CUST-0244,PROD-049,CHAN-1,2025-08-18,1,19.95,0.1,4.99,Completed,22.95
ORD-07370,CUST-0002,PROD-001,CHAN-2,2025-08-18,3,50.95,0.15,0.0,Completed,129.92
ORD-07371,CUST-1020,PROD-034,CHAN-1,2025-08-18,1,65.99,0.4,5.99,Completed,45.58
ORD-07372,CUST-0022,PROD-143,CHAN-1,2025-08-18,2,19.0,0.4,4.99,Completed,27.79
ORD-07373,CUST-0788,PROD-055,CHAN-4,2025-08-18,1,110.99,0.1,0.0,Completed,99.89
ORD-07374,CUST-0254,PROD-112,CHAN-2,2025-08-18,1,115.0,0.0,0.0,Completed,115.0
ORD-07375,CUST-0040,PROD-085,CHAN-1,2025-08-18,3,23.95,0.0,4.99,Completed,76.84
ORD-07376,CUST-0001,PROD-060,CHAN-2,2025-08-18,1,51.99,0.0,11.99,Completed,63.98
ORD-07377,CUST-0282,PROD-109,CHAN-2,2025-08-19,2,68.99,0.0,0.0,Completed,137.98
ORD-07378,CUST-0012,PROD-001,CHAN-1,2025-08-19,1,50.95,0.0,8.99,Completed,59.94
ORD-07379,CUST-0681,PROD-037,CHAN-2,2025-08-19,1,60.95,0.0,8.99,Completed,69.94
ORD-07380,CUST-0149,PROD-118,CHAN-4,2025-08-19,3,150.99,0.0,0.0,Completed,452.97
ORD-07381,CUST-1169,PROD-071,CHAN-4,2025-08-19,2,54.99,0.15,0.0,Completed,93.48
ORD-07382,CUST-1762,PROD-001,CHAN-4,2025-08-19,1,50.95,0.25,11.99,Completed,50.2
ORD-07383,CUST-0011,PROD-009,CHAN-3,2025-08-19,1,60.99,0.0,8.99,Completed,69.98
ORD-07384,CUST-1909,PROD-004,CHAN-1,2025-08-19,1,47.99,0.1,4.99,Completed,48.18
ORD-07385,CUST-0350,PROD-060,CHAN-2,2025-08-19,1,51.99,0.0,8.99,Completed,60.98
ORD-07386,CUST-0007,PROD-001,CHAN-3,2025-08-19,1,50.95,0.35,5.99,Completed,39.11
ORD-07387,CUST-0149,PROD-031,CHAN-3,2025-08-19,1,100.0,0.4,8.99,Completed,68.99
ORD-07388,CUST-0012,PROD-070,CHAN-4,2025-08-19,1,91.99,0.0,0.0,Completed,91.99
ORD-07389,CUST-0066,PROD-041,CHAN-5,2025-08-19,1,27.95,0.0,11.99,Completed,39.94
ORD-07390,CUST-0155,PROD-023,CHAN-4,2025-08-19,2,58.95,0.0,0.0,Completed,117.9
ORD-07391,CUST-0736,PROD-010,CHAN-2,2025-08-19,1,32.99,0.1,4.99,Completed,34.68
ORD-07392,CUST-0054,PROD-120,CHAN-1,2025-08-20,1,158.0,0.0,0.0,Completed,158.0
ORD-07393,CUST-1654,PROD-008,CHAN-2,2025-08-20,1,38.99,0.0,4.99,Completed,43.98
ORD-07394,CUST-1601,PROD-104,CHAN-2,2025-08-20,1,72.99,0.0,5.99,Completed,78.98
ORD-07395,CUST-0316,PROD-134,CHAN-1,2025-08-20,2,3.99,0.2,4.99,Completed,11.37
ORD-07396,CUST-0061,PROD-007,CHAN-1,2025-08-20,1,49.0,0.0,11.99,Completed,60.99
ORD-07397,CUST-1958,PROD-113,CHAN-2,2025-08-20,2,97.0,0.0,0.0,Returned,194.0
ORD-07398,CUST-0425,PROD-099,CHAN-3,2025-08-20,1,17.95,0.2,5.99,Completed,20.35
ORD-07399,CUST-0261,PROD-061,CHAN-5,2025-08-20,1,67.0,0.2,4.99,Completed,58.59
ORD-07400,CUST-1497,PROD-107,CHAN-2,2025-08-20,2,53.0,0.0,0.0,Completed,106.0
ORD-07401,CUST-0159,PROD-023,CHAN-2,2025-08-20,1,58.95,0.0,4.99,Completed,63.94
ORD-07402,CUST-0096,PROD-056,CHAN-1,2025-08-21,3,131.0,0.0,0.0,Completed,393.0
ORD-07403,CUST-1785,PROD-039,CHAN-2,2025-08-21,2,83.0,0.0,0.0,Completed,166.0
ORD-07404,CUST-0257,PROD-007,CHAN-2,2025-08-21,2,49.0,0.0,0.0,Completed,98.0
ORD-07405,CUST-0057,PROD-104,CHAN-2,2025-08-21,1,72.99,0.0,8.99,Completed,81.98
ORD-07406,CUST-0642,PROD-010,CHAN-1,2025-08-21,2,32.99,0.35,5.99,Completed,48.88
ORD-07407,CUST-1643,PROD-012,CHAN-4,2025-08-21,1,63.0,0.0,4.99,Completed,67.99
ORD-07408,CUST-0012,PROD-002,CHAN-1,2025-08-21,1,28.99,0.0,5.99,Completed,34.98
ORD-07409,CUST-1634,PROD-011,CHAN-1,2025-08-21,2,18.95,0.3,8.99,Completed,35.52
ORD-07410,CUST-0093,PROD-070,CHAN-1,2025-08-21,1,91.99,0.0,0.0,Completed,91.99
ORD-07411,CUST-0876,PROD-001,CHAN-1,2025-08-22,1,50.95,0.0,5.99,Completed,56.94
ORD-07412,CUST-0259,PROD-069,CHAN-2,2025-08-22,1,71.0,0.0,4.99,Completed,75.99
ORD-07413,CUST-0507,PROD-022,CHAN-4,2025-08-22,3,21.0,0.0,8.99,Completed,71.99
ORD-07414,CUST-0477,PROD-002,CHAN-2,2025-08-22,1,28.99,0.0,5.99,Completed,34.98
ORD-07415,CUST-0296,PROD-007,CHAN-2,2025-08-22,1,49.0,0.15,5.99,Completed,47.64
ORD-07416,CUST-1759,PROD-007,CHAN-2,2025-08-22,3,49.0,0.35,0.0,Completed,95.55
ORD-07417,CUST-0058,PROD-131,CHAN-1,2025-08-22,4,7.95,0.0,8.99,Completed,40.79
ORD-07418,CUST-1850,PROD-007,CHAN-3,2025-08-22,1,49.0,0.0,8.99,Completed,57.99
ORD-07419,CUST-0048,PROD-002,CHAN-1,2025-08-22,1,28.99,0.35,5.99,Completed,24.83
ORD-07420,CUST-0246,PROD-094,CHAN-1,2025-08-23,4,24.95,0.0,0.0,Cancelled,0.0
ORD-07421,CUST-0003,PROD-002,CHAN-2,2025-08-23,2,28.99,0.0,11.99,Completed,69.97
ORD-07422,CUST-1084,PROD-037,CHAN-1,2025-08-23,1,60.95,0.0,8.99,Completed,69.94
ORD-07423,CUST-0339,PROD-035,CHAN-1,2025-08-23,1,102.99,0.0,0.0,Completed,102.99
ORD-07424,CUST-0860,PROD-074,CHAN-1,2025-08-23,1,45.95,0.0,8.99,Completed,54.94
ORD-07425,CUST-0019,PROD-004,CHAN-2,2025-08-23,1,47.99,0.0,11.99,Returned,59.98
ORD-07426,CUST-0987,PROD-005,CHAN-4,2025-08-23,1,30.99,0.05,5.99,Completed,35.43
ORD-07427,CUST-1377,PROD-020,CHAN-1,2025-08-23,1,25.0,0.0,5.99,Completed,30.99
ORD-07428,CUST-0029,PROD-037,CHAN-4,2025-08-23,1,60.95,0.0,4.99,Completed,65.94
ORD-07429,CUST-0544,PROD-119,CHAN-2,2025-08-23,1,123.0,0.0,0.0,Returned,123.0
ORD-07430,CUST-1951,PROD-007,CHAN-2,2025-08-23,2,49.0,0.4,5.99,Completed,64.79
ORD-07431,CUST-0001,PROD-074,CHAN-1,2025-08-23,1,45.95,0.0,11.99,Completed,57.94
ORD-07432,CUST-0074,PROD-140,CHAN-3,2025-08-23,1,12.0,0.2,8.99,Completed,18.59
ORD-07433,CUST-0012,PROD-021,CHAN-2,2025-08-24,2,39.0,0.0,0.0,Completed,78.0
ORD-07434,CUST-1823,PROD-084,CHAN-2,2025-08-24,1,17.0,0.15,5.99,Completed,20.44
ORD-07435,CUST-0005,PROD-054,CHAN-2,2025-08-24,2,109.0,0.0,0.0,Completed,218.0
ORD-07436,CUST-0109,PROD-001,CHAN-1,2025-08-24,4,50.95,0.0,0.0,Completed,203.8
ORD-07437,CUST-1085,PROD-001,CHAN-3,2025-08-24,1,50.95,0.0,5.99,Completed,56.94
ORD-07438,CUST-0147,PROD-019,CHAN-2,2025-08-24,1,35.95,0.2,5.99,Completed,34.75
ORD-07439,CUST-0654,PROD-050,CHAN-1,2025-08-24,1,40.0,0.0,8.99,Completed,48.99
ORD-07440,CUST-1257,PROD-066,CHAN-1,2025-08-24,1,71.95,0.1,8.99,Completed,73.75
ORD-07441,CUST-0001,PROD-016,CHAN-1,2025-08-24,1,25.0,0.25,5.99,Completed,24.74
ORD-07442,CUST-1182,PROD-014,CHAN-3,2025-08-25,2,19.0,0.0,5.99,Completed,43.99
ORD-07443,CUST-0014,PROD-062,CHAN-1,2025-08-25,1,77.99,0.3,4.99,Completed,59.58
ORD-07444,CUST-0018,PROD-024,CHAN-2,2025-08-25,1,39.0,0.35,8.99,Completed,34.34
ORD-07445,CUST-0020,PROD-017,CHAN-2,2025-08-25,2,28.99,0.0,4.99,Completed,62.97
ORD-07446,CUST-0031,PROD-020,CHAN-2,2025-08-25,1,25.0,0.0,4.99,Completed,29.99
ORD-07447,CUST-0576,PROD-012,CHAN-2,2025-08-25,1,63.0,0.0,0.0,Cancelled,0.0
ORD-07448,CUST-0007,PROD-059,CHAN-2,2025-08-25,1,58.99,0.0,8.99,Completed,67.98
ORD-07449,CUST-0001,PROD-008,CHAN-1,2025-08-25,1,38.99,0.0,5.99,Returned,44.98
ORD-07450,CUST-0468,PROD-076,CHAN-3,2025-08-26,1,7.99,0.0,4.99,Completed,12.98
ORD-07451,CUST-0742,PROD-056,CHAN-5,2025-08-26,1,131.0,0.0,0.0,Completed,131.0
ORD-07452,CUST-0069,PROD-004,CHAN-2,2025-08-26,1,47.99,0.0,5.99,Completed,53.98
ORD-07453,CUST-0071,PROD-036,CHAN-4,2025-08-26,4,102.99,0.1,0.0,Returned,370.76
ORD-07454,CUST-0907,PROD-024,CHAN-3,2025-08-26,2,39.0,0.0,0.0,Completed,78.0
ORD-07455,CUST-1553,PROD-062,CHAN-1,2025-08-26,1,77.99,0.0,0.0,Completed,77.99
ORD-07456,CUST-1574,PROD-002,CHAN-1,2025-08-26,1,28.99,0.1,4.99,Completed,31.08
ORD-07457,CUST-0001,PROD-123,CHAN-1,2025-08-26,1,141.0,0.3,0.0,Returned,98.7
ORD-07458,CUST-1966,PROD-016,CHAN-3,2025-08-26,1,25.0,0.15,4.99,Completed,26.24
ORD-07459,CUST-0671,PROD-010,CHAN-2,2025-08-26,1,32.99,0.4,11.99,Returned,31.78
ORD-07460,CUST-1748,PROD-002,CHAN-1,2025-08-27,2,28.99,0.0,11.99,Completed,69.97
ORD-07461,CUST-0291,PROD-054,CHAN-2,2025-08-27,1,109.0,0.0,0.0,Returned,109.0
ORD-07462,CUST-0001,PROD-132,CHAN-1,2025-08-27,1,8.0,0.35,4.99,Completed,10.19
ORD-07463,CUST-0722,PROD-010,CHAN-2,2025-08-27,1,32.99,0.1,5.99,Completed,35.68
ORD-07464,CUST-1321,PROD-013,CHAN-1,2025-08-27,2,41.95,0.2,8.99,Completed,76.11
ORD-07465,CUST-0112,PROD-027,CHAN-2,2025-08-27,1,54.0,0.0,5.99,Completed,59.99
ORD-07466,CUST-0236,PROD-011,CHAN-2,2025-08-27,1,18.95,0.0,5.99,Completed,24.94
ORD-07467,CUST-1638,PROD-005,CHAN-3,2025-08-27,1,30.99,0.35,5.99,Returned,26.13
ORD-07468,CUST-0031,PROD-025,CHAN-1,2025-08-27,1,57.99,0.2,5.99,Completed,52.38
ORD-07469,CUST-0054,PROD-113,CHAN-1,2025-08-27,4,97.0,0.0,0.0,Completed,388.0
ORD-07470,CUST-0001,PROD-065,CHAN-3,2025-08-28,3,30.0,0.0,0.0,Completed,90.0
ORD-07471,CUST-0018,PROD-073,CHAN-1,2025-08-28,1,24.95,0.0,8.99,Completed,33.94
ORD-07472,CUST-0870,PROD-019,CHAN-1,2025-08-28,1,35.95,0.0,8.99,Completed,44.94
ORD-07473,CUST-0005,PROD-004,CHAN-3,2025-08-28,1,47.99,0.2,5.99,Completed,44.38
ORD-07474,CUST-0753,PROD-088,CHAN-2,2025-08-28,2,29.99,0.0,5.99,Completed,65.97
ORD-07475,CUST-0642,PROD-032,CHAN-1,2025-08-28,3,89.95,0.4,0.0,Refunded,161.91
ORD-07476,CUST-1853,PROD-064,CHAN-1,2025-08-28,1,43.0,0.05,8.99,Completed,49.84
ORD-07477,CUST-0317,PROD-086,CHAN-2,2025-08-28,1,7.0,0.0,8.99,Completed,15.99
ORD-07478,CUST-0717,PROD-001,CHAN-2,2025-08-28,1,50.95,0.0,11.99,Completed,62.94
ORD-07479,CUST-0653,PROD-003,CHAN-1,2025-08-28,1,70.99,0.0,5.99,Completed,76.98
ORD-07480,CUST-1554,PROD-055,CHAN-1,2025-08-28,2,110.99,0.0,0.0,Completed,221.98
ORD-07481,CUST-0577,PROD-058,CHAN-2,2025-08-28,1,86.0,0.0,0.0,Completed,86.0
ORD-07482,CUST-0064,PROD-003,CHAN-2,2025-08-28,1,70.99,0.1,11.99,Completed,75.88
ORD-07483,CUST-0247,PROD-020,CHAN-1,2025-08-28,3,25.0,0.4,4.99,Refunded,49.99
ORD-07484,CUST-1662,PROD-002,CHAN-3,2025-08-28,1,28.99,0.0,4.99,Completed,33.98
ORD-07485,CUST-1007,PROD-005,CHAN-1,2025-08-29,2,30.99,0.0,8.99,Completed,70.97
ORD-07486,CUST-1497,PROD-033,CHAN-3,2025-08-29,1,63.99,0.0,11.99,Completed,75.98
ORD-07487,CUST-0030,PROD-018,CHAN-1,2025-08-29,2,83.95,0.25,0.0,Completed,125.93
ORD-07488,CUST-1922,PROD-045,CHAN-2,2025-08-29,2,51.0,0.0,0.0,Completed,102.0
ORD-07489,CUST-0046,PROD-018,CHAN-1,2025-08-29,1,83.95,0.0,0.0,Completed,83.95
ORD-07490,CUST-1296,PROD-011,CHAN-2,2025-08-29,2,18.95,0.0,8.99,Completed,46.89
ORD-07491,CUST-0007,PROD-040,CHAN-1,2025-08-29,1,106.95,0.0,0.0,Completed,106.95
ORD-07492,CUST-0987,PROD-010,CHAN-3,2025-08-29,1,32.99,0.0,4.99,Completed,37.98
ORD-07493,CUST-0032,PROD-033,CHAN-3,2025-08-29,1,63.99,0.0,11.99,Completed,75.98
ORD-07494,CUST-0113,PROD-064,CHAN-1,2025-08-29,1,43.0,0.25,11.99,Completed,44.24
ORD-07495,CUST-0117,PROD-101,CHAN-4,2025-08-30,1,66.0,0.2,8.99,Completed,61.79
ORD-07496,CUST-0451,PROD-003,CHAN-2,2025-08-30,1,70.99,0.0,11.99,Completed,82.98
ORD-07497,CUST-0001,PROD-090,CHAN-1,2025-08-30,1,21.0,0.0,8.99,Completed,29.99
ORD-07498,CUST-1782,PROD-146,CHAN-1,2025-08-30,1,8.99,0.0,4.99,Completed,13.98
ORD-07499,CUST-0430,PROD-032,CHAN-4,2025-08-30,2,89.95,0.35,0.0,Completed,116.94
ORD-07500,CUST-0976,PROD-013,CHAN-1,2025-08-31,1,41.95,0.0,11.99,Completed,53.94
ORD-07501,CUST-0091,PROD-003,CHAN-1,2025-08-31,1,70.99,0.15,5.99,Completed,66.33
ORD-07502,CUST-0037,PROD-011,CHAN-1,2025-08-31,1,18.95,0.3,11.99,Completed,25.25
ORD-07503,CUST-0339,PROD-016,CHAN-4,2025-08-31,1,25.0,0.25,8.99,Completed,27.74
ORD-07504,CUST-1055,PROD-128,CHAN-1,2025-08-31,1,5.95,0.3,11.99,Returned,16.16
ORD-07505,CUST-0225,PROD-020,CHAN-1,2025-08-31,2,25.0,0.0,5.99,Completed,55.99
ORD-07506,CUST-0011,PROD-149,CHAN-2,2025-08-31,1,11.99,0.15,8.99,Completed,19.18
ORD-07507,CUST-0021,PROD-040,CHAN-1,2025-08-31,1,106.95,0.0,0.0,Refunded,106.95
ORD-07508,CUST-1212,PROD-023,CHAN-2,2025-08-31,2,58.95,0.0,0.0,Completed,117.9
ORD-07509,CUST-0007,PROD-053,CHAN-2,2025-09-01,1,88.95,0.0,0.0,Completed,88.95
ORD-07510,CUST-1213,PROD-133,CHAN-2,2025-09-01,1,18.99,0.0,4.99,Completed,23.98
ORD-07511,CUST-0326,PROD-078,CHAN-2,2025-09-01,1,9.99,0.15,8.99,Completed,17.48
ORD-07512,CUST-0004,PROD-135,CHAN-1,2025-09-01,1,13.99,0.0,5.99,Completed,19.98
ORD-07513,CUST-1208,PROD-015,CHAN-2,2025-09-01,1,65.0,0.0,11.99,Completed,76.99
ORD-07514,CUST-1843,PROD-002,CHAN-1,2025-09-01,1,28.99,0.35,8.99,Completed,27.83
ORD-07515,CUST-1066,PROD-004,CHAN-1,2025-09-01,1,47.99,0.0,11.99,Completed,59.98
ORD-07516,CUST-0100,PROD-091,CHAN-1,2025-09-01,2,13.0,0.25,5.99,Returned,25.49
ORD-07517,CUST-1139,PROD-122,CHAN-2,2025-09-01,1,178.99,0.0,0.0,Completed,178.99
ORD-07518,CUST-0217,PROD-141,CHAN-3,2025-09-01,1,15.0,0.35,5.99,Completed,15.74
ORD-07519,CUST-1709,PROD-101,CHAN-4,2025-09-01,1,66.0,0.0,4.99,Completed,70.99
ORD-07520,CUST-1325,PROD-119,CHAN-1,2025-09-01,4,123.0,0.1,0.0,Completed,442.8
ORD-07521,CUST-0118,PROD-030,CHAN-2,2025-09-01,1,62.99,0.35,8.99,Completed,49.93
ORD-07522,CUST-1476,PROD-025,CHAN-1,2025-09-01,1,57.99,0.0,0.0,Cancelled,0.0
ORD-07523,CUST-0265,PROD-078,CHAN-1,2025-09-01,1,9.99,0.3,5.99,Completed,12.98
ORD-07524,CUST-0044,PROD-089,CHAN-1,2025-09-01,2,5.99,0.0,11.99,Completed,23.97
ORD-07525,CUST-0161,PROD-001,CHAN-3,2025-09-01,1,50.95,0.0,11.99,Completed,62.94
ORD-07526,CUST-0515,PROD-080,CHAN-2,2025-09-01,2,20.95,0.3,11.99,Completed,41.32
ORD-07527,CUST-0968,PROD-052,CHAN-1,2025-09-02,1,124.0,0.0,0.0,Completed,124.0
ORD-07528,CUST-1520,PROD-141,CHAN-1,2025-09-02,1,15.0,0.25,8.99,Completed,20.24
ORD-07529,CUST-0046,PROD-067,CHAN-1,2025-09-02,2,95.99,0.0,0.0,Completed,191.98
ORD-07530,CUST-1613,PROD-140,CHAN-1,2025-09-02,3,12.0,0.0,11.99,Completed,47.99
ORD-07531,CUST-0896,PROD-002,CHAN-1,2025-09-02,2,28.99,0.0,5.99,Completed,63.97
ORD-07532,CUST-1776,PROD-006,CHAN-1,2025-09-02,1,58.0,0.15,5.99,Completed,55.29
ORD-07533,CUST-1833,PROD-142,CHAN-1,2025-09-02,1,5.0,0.0,11.99,Completed,16.99
ORD-07534,CUST-1543,PROD-081,CHAN-5,2025-09-02,2,38.95,0.0,0.0,Completed,77.9
ORD-07535,CUST-0042,PROD-086,CHAN-1,2025-09-02,2,7.0,0.2,4.99,Completed,16.19
ORD-07536,CUST-0520,PROD-137,CHAN-4,2025-09-02,1,15.0,0.3,11.99,Completed,22.49
ORD-07537,CUST-0022,PROD-036,CHAN-3,2025-09-02,2,102.99,0.0,0.0,Completed,205.98
ORD-07538,CUST-1814,PROD-057,CHAN-1,2025-09-03,1,32.0,0.0,11.99,Completed,43.99
ORD-07539,CUST-0046,PROD-068,CHAN-4,2025-09-03,1,83.95,0.0,0.0,Completed,83.95
ORD-07540,CUST-1401,PROD-025,CHAN-1,2025-09-03,1,57.99,0.0,11.99,Completed,69.98
ORD-07541,CUST-0237,PROD-125,CHAN-2,2025-09-03,1,162.99,0.4,0.0,Completed,97.79
ORD-07542,CUST-1264,PROD-150,CHAN-2,2025-09-03,1,7.0,0.0,8.99,Completed,15.99
ORD-07543,CUST-0054,PROD-002,CHAN-1,2025-09-03,3,28.99,0.0,0.0,Returned,86.97
ORD-07544,CUST-0008,PROD-036,CHAN-2,2025-09-03,2,102.99,0.0,0.0,Completed,205.98
ORD-07545,CUST-0026,PROD-030,CHAN-1,2025-09-03,1,62.99,0.3,5.99,Completed,50.08
ORD-07546,CUST-0094,PROD-052,CHAN-1,2025-09-04,1,124.0,0.0,0.0,Completed,124.0
ORD-07547,CUST-0031,PROD-141,CHAN-2,2025-09-04,2,15.0,0.0,4.99,Completed,34.99
ORD-07548,CUST-0034,PROD-098,CHAN-1,2025-09-04,1,30.99,0.0,11.99,Completed,42.98
ORD-07549,CUST-0965,PROD-087,CHAN-5,2025-09-04,2,34.99,0.0,11.99,Completed,81.97
ORD-07550,CUST-0018,PROD-017,CHAN-2,2025-09-05,1,28.99,0.15,4.99,Completed,29.63
ORD-07551,CUST-1057,PROD-042,CHAN-4,2025-09-05,1,17.0,0.0,11.99,Completed,28.99
ORD-07552,CUST-0362,PROD-002,CHAN-1,2025-09-05,2,28.99,0.4,8.99,Returned,43.78
ORD-07553,CUST-1951,PROD-027,CHAN-3,2025-09-05,1,54.0,0.3,11.99,Returned,49.79
ORD-07554,CUST-1788,PROD-010,CHAN-2,2025-09-05,1,32.99,0.0,5.99,Completed,38.98
ORD-07555,CUST-0397,PROD-013,CHAN-2,2025-09-05,1,41.95,0.0,4.99,Completed,46.94
ORD-07556,CUST-0006,PROD-083,CHAN-2,2025-09-05,2,25.99,0.25,4.99,Completed,43.98
ORD-07557,CUST-0215,PROD-002,CHAN-2,2025-09-06,1,28.99,0.0,8.99,Completed,37.98
ORD-07558,CUST-0630,PROD-001,CHAN-1,2025-09-06,1,50.95,0.25,8.99,Completed,47.2
ORD-07559,CUST-0001,PROD-139,CHAN-5,2025-09-06,1,6.99,0.0,8.99,Completed,15.98
ORD-07560,CUST-0054,PROD-124,CHAN-4,2025-09-06,2,180.95,0.0,0.0,Completed,361.9
ORD-07561,CUST-0402,PROD-002,CHAN-1,2025-09-06,2,28.99,0.0,5.99,Completed,63.97
ORD-07562,CUST-1401,PROD-029,CHAN-1,2025-09-06,1,79.0,0.35,11.99,Completed,63.34
ORD-07563,CUST-1126,PROD-080,CHAN-2,2025-09-06,1,20.95,0.0,4.99,Completed,25.94
ORD-07564,CUST-0067,PROD-078,CHAN-3,2025-09-07,1,9.99,0.4,4.99,Completed,10.98
ORD-07565,CUST-0031,PROD-069,CHAN-1,2025-09-07,1,71.0,0.0,4.99,Completed,75.99
ORD-07566,CUST-0550,PROD-090,CHAN-3,2025-09-07,1,21.0,0.0,8.99,Completed,29.99
ORD-07567,CUST-0396,PROD-004,CHAN-3,2025-09-07,2,47.99,0.0,0.0,Completed,95.98
ORD-07568,CUST-0091,PROD-006,CHAN-1,2025-09-07,1,58.0,0.0,4.99,Completed,62.99
ORD-07569,CUST-0008,PROD-069,CHAN-2,2025-09-07,1,71.0,0.0,11.99,Completed,82.99
ORD-07570,CUST-1404,PROD-023,CHAN-4,2025-09-07,1,58.95,0.0,4.99,Completed,63.94
ORD-07571,CUST-0011,PROD-027,CHAN-2,2025-09-07,1,54.0,0.0,8.99,Completed,62.99
ORD-07572,CUST-0447,PROD-016,CHAN-3,2025-09-07,1,25.0,0.0,11.99,Completed,36.99
ORD-07573,CUST-0490,PROD-134,CHAN-2,2025-09-07,1,3.99,0.35,4.99,Completed,7.58
ORD-07574,CUST-0286,PROD-063,CHAN-1,2025-09-07,1,96.99,0.4,11.99,Completed,70.18
ORD-07575,CUST-0100,PROD-091,CHAN-1,2025-09-07,1,13.0,0.0,11.99,Returned,24.99
ORD-07576,CUST-0044,PROD-069,CHAN-2,2025-09-07,1,71.0,0.0,8.99,Completed,79.99
ORD-07577,CUST-0108,PROD-122,CHAN-2,2025-09-07,1,178.99,0.0,0.0,Completed,178.99
ORD-07578,CUST-1737,PROD-144,CHAN-2,2025-09-07,3,17.95,0.0,11.99,Completed,65.84
ORD-07579,CUST-0396,PROD-016,CHAN-1,2025-09-08,1,25.0,0.05,8.99,Completed,32.74
ORD-07580,CUST-0528,PROD-030,CHAN-3,2025-09-08,1,62.99,0.0,8.99,Completed,71.98
ORD-07581,CUST-0073,PROD-001,CHAN-5,2025-09-08,2,50.95,0.0,0.0,Cancelled,0.0
ORD-07582,CUST-0552,PROD-103,CHAN-3,2025-09-08,3,111.0,0.0,0.0,Completed,333.0
ORD-07583,CUST-0169,PROD-047,CHAN-1,2025-09-08,4,82.0,0.0,0.0,Completed,328.0
ORD-07584,CUST-1921,PROD-093,CHAN-2,2025-09-08,1,25.99,0.0,4.99,Completed,30.98
ORD-07585,CUST-0227,PROD-015,CHAN-2,2025-09-08,1,65.0,0.0,5.99,Completed,70.99
ORD-07586,CUST-1957,PROD-028,CHAN-4,2025-09-08,2,109.0,0.0,0.0,Completed,218.0
ORD-07587,CUST-0084,PROD-009,CHAN-5,2025-09-08,2,60.99,0.4,5.99,Completed,79.18
ORD-07588,CUST-0059,PROD-002,CHAN-2,2025-09-08,1,28.99,0.0,5.99,Returned,34.98
ORD-07589,CUST-0045,PROD-081,CHAN-2,2025-09-08,1,38.95,0.1,5.99,Completed,41.05
ORD-07590,CUST-1707,PROD-069,CHAN-3,2025-09-09,1,71.0,0.0,0.0,Cancelled,0.0
ORD-07591,CUST-0089,PROD-003,CHAN-1,2025-09-09,4,70.99,0.0,0.0,Completed,283.96
ORD-07592,CUST-1807,PROD-086,CHAN-2,2025-09-09,2,7.0,0.1,8.99,Completed,21.59
ORD-07593,CUST-0419,PROD-001,CHAN-2,2025-09-09,1,50.95,0.0,8.99,Completed,59.94
ORD-07594,CUST-0069,PROD-008,CHAN-1,2025-09-09,1,38.99,0.0,8.99,Completed,47.98
ORD-07595,CUST-0019,PROD-078,CHAN-1,2025-09-09,1,9.99,0.3,8.99,Returned,15.98
ORD-07596,CUST-1127,PROD-039,CHAN-1,2025-09-09,2,83.0,0.15,0.0,Completed,141.1
ORD-07597,CUST-0150,PROD-110,CHAN-2,2025-09-09,1,35.95,0.4,5.99,Completed,27.56
ORD-07598,CUST-0546,PROD-014,CHAN-1,2025-09-09,1,19.0,0.0,11.99,Completed,30.99
ORD-07599,CUST-0055,PROD-081,CHAN-3,2025-09-09,2,38.95,0.0,0.0,Completed,77.9
ORD-07600,CUST-0071,PROD-066,CHAN-1,2025-09-09,1,71.95,0.0,4.99,Completed,76.94
ORD-07601,CUST-1450,PROD-001,CHAN-5,2025-09-09,2,50.95,0.0,0.0,Completed,101.9
ORD-07602,CUST-0966,PROD-072,CHAN-2,2025-09-10,5,35.95,0.0,0.0,Cancelled,0.0
ORD-07603,CUST-0995,PROD-020,CHAN-2,2025-09-10,1,25.0,0.0,8.99,Completed,33.99
ORD-07604,CUST-1843,PROD-121,CHAN-2,2025-09-10,2,156.99,0.0,0.0,Completed,313.98
ORD-07605,CUST-1551,PROD-011,CHAN-2,2025-09-10,1,18.95,0.0,4.99,Completed,23.94
ORD-07606,CUST-1000,PROD-023,CHAN-2,2025-09-10,1,58.95,0.0,8.99,Completed,67.94
ORD-07607,CUST-0011,PROD-003,CHAN-1,2025-09-10,1,70.99,0.0,11.99,Completed,82.98
ORD-07608,CUST-0380,PROD-068,CHAN-1,2025-09-10,1,83.95,0.05,0.0,Completed,79.75
ORD-07609,CUST-0512,PROD-005,CHAN-1,2025-09-10,2,30.99,0.0,4.99,Completed,66.97
ORD-07610,CUST-0001,PROD-005,CHAN-5,2025-09-10,2,30.99,0.0,11.99,Completed,73.97
ORD-07611,CUST-0267,PROD-060,CHAN-3,2025-09-10,2,51.99,0.0,0.0,Completed,103.98
ORD-07612,CUST-0110,PROD-037,CHAN-2,2025-09-10,1,60.95,0.0,4.99,Completed,65.94
ORD-07613,CUST-1722,PROD-029,CHAN-1,2025-09-10,3,79.0,0.15,0.0,Completed,201.45
ORD-07614,CUST-0012,PROD-001,CHAN-2,2025-09-11,1,50.95,0.1,5.99,Completed,51.85
ORD-07615,CUST-0976,PROD-002,CHAN-1,2025-09-11,1,28.99,0.0,4.99,Returned,33.98
ORD-07616,CUST-0894,PROD-009,CHAN-2,2025-09-11,2,60.99,0.0,0.0,Completed,121.98
ORD-07617,CUST-1577,PROD-078,CHAN-1,2025-09-11,1,9.99,0.2,4.99,Completed,12.98
ORD-07618,CUST-0743,PROD-115,CHAN-3,2025-09-11,3,166.95,0.0,0.0,Completed,500.85
ORD-07619,CUST-1140,PROD-005,CHAN-2,2025-09-11,2,30.99,0.15,8.99,Completed,61.67
ORD-07620,CUST-1410,PROD-128,CHAN-2,2025-09-11,1,5.95,0.3,11.99,Completed,16.16
ORD-07621,CUST-0001,PROD-050,CHAN-2,2025-09-11,4,40.0,0.05,0.0,Completed,152.0
ORD-07622,CUST-1515,PROD-095,CHAN-1,2025-09-11,1,18.95,0.0,4.99,Completed,23.94
ORD-07623,CUST-0762,PROD-001,CHAN-1,2025-09-11,2,50.95,0.0,0.0,Completed,101.9
ORD-07624,CUST-0015,PROD-002,CHAN-2,2025-09-11,3,28.99,0.0,0.0,Completed,86.97
ORD-07625,CUST-1232,PROD-143,CHAN-2,2025-09-12,1,19.0,0.0,8.99,Completed,27.99
ORD-07626,CUST-1726,PROD-028,CHAN-1,2025-09-12,1,109.0,0.1,0.0,Completed,98.1
ORD-07627,CUST-1152,PROD-126,CHAN-1,2025-09-12,1,6.99,0.0,8.99,Completed,15.98
ORD-07628,CUST-1500,PROD-001,CHAN-2,2025-09-12,1,50.95,0.1,8.99,Completed,54.85
ORD-07629,CUST-0158,PROD-031,CHAN-1,2025-09-12,2,100.0,0.25,0.0,Completed,150.0
ORD-07630,CUST-1636,PROD-037,CHAN-3,2025-09-12,2,60.95,0.0,0.0,Completed,121.9
ORD-07631,CUST-0115,PROD-052,CHAN-2,2025-09-13,1,124.0,0.0,0.0,Completed,124.0
ORD-07632,CUST-0179,PROD-148,CHAN-2,2025-09-13,1,15.0,0.35,8.99,Completed,18.74
ORD-07633,CUST-0060,PROD-008,CHAN-1,2025-09-13,1,38.99,0.3,8.99,Completed,36.28
ORD-07634,CUST-0016,PROD-021,CHAN-2,2025-09-13,1,39.0,0.0,11.99,Completed,50.99
ORD-07635,CUST-0003,PROD-001,CHAN-1,2025-09-13,1,50.95,0.0,8.99,Completed,59.94
ORD-07636,CUST-0392,PROD-032,CHAN-1,2025-09-13,2,89.95,0.15,0.0,Returned,152.91
ORD-07637,CUST-0331,PROD-003,CHAN-1,2025-09-13,4,70.99,0.35,0.0,Completed,184.57
ORD-07638,CUST-1879,PROD-011,CHAN-1,2025-09-13,1,18.95,0.0,8.99,Completed,27.94
ORD-07639,CUST-0293,PROD-026,CHAN-2,2025-09-13,1,36.95,0.25,4.99,Completed,32.7
ORD-07640,CUST-0012,PROD-049,CHAN-4,2025-09-14,1,19.95,0.0,0.0,Cancelled,0.0
ORD-07641,CUST-0787,PROD-030,CHAN-1,2025-09-14,2,62.99,0.0,0.0,Completed,125.98
ORD-07642,CUST-0256,PROD-051,CHAN-1,2025-09-14,1,105.95,0.0,0.0,Completed,105.95
ORD-07643,CUST-0505,PROD-027,CHAN-1,2025-09-14,1,54.0,0.0,0.0,Cancelled,0.0
ORD-07644,CUST-0001,PROD-008,CHAN-2,2025-09-14,1,38.99,0.0,5.99,Refunded,44.98
ORD-07645,CUST-0628,PROD-135,CHAN-1,2025-09-14,1,13.99,0.1,11.99,Completed,24.58
ORD-07646,CUST-0464,PROD-031,CHAN-2,2025-09-14,1,100.0,0.0,0.0,Completed,100.0
ORD-07647,CUST-0019,PROD-003,CHAN-2,2025-09-14,1,70.99,0.1,11.99,Completed,75.88
ORD-07648,CUST-1283,PROD-083,CHAN-1,2025-09-14,1,25.99,0.0,5.99,Completed,31.98
ORD-07649,CUST-0086,PROD-053,CHAN-3,2025-09-14,1,88.95,0.0,0.0,Completed,88.95
ORD-07650,CUST-0059,PROD-023,CHAN-1,2025-09-14,1,58.95,0.0,0.0,Cancelled,0.0
ORD-07651,CUST-0288,PROD-017,CHAN-2,2025-09-14,1,28.99,0.25,11.99,Completed,33.73
ORD-07652,CUST-0126,PROD-012,CHAN-2,2025-09-14,1,63.0,0.0,4.99,Completed,67.99
ORD-07653,CUST-0035,PROD-001,CHAN-1,2025-09-14,1,50.95,0.2,5.99,Completed,46.75
ORD-07654,CUST-0223,PROD-009,CHAN-1,2025-09-14,1,60.99,0.0,8.99,Completed,69.98
ORD-07655,CUST-0390,PROD-078,CHAN-2,2025-09-15,1,9.99,0.0,11.99,Completed,21.98
ORD-07656,CUST-0001,PROD-009,CHAN-1,2025-09-15,1,60.99,0.15,4.99,Completed,56.83
ORD-07657,CUST-0113,PROD-118,CHAN-1,2025-09-15,3,150.99,0.0,0.0,Completed,452.97
ORD-07658,CUST-1321,PROD-104,CHAN-3,2025-09-15,1,72.99,0.0,8.99,Completed,81.98
ORD-07659,CUST-0020,PROD-004,CHAN-1,2025-09-15,1,47.99,0.0,8.99,Completed,56.98
ORD-07660,CUST-1215,PROD-011,CHAN-1,2025-09-15,1,18.95,0.0,4.99,Returned,23.94
ORD-07661,CUST-0008,PROD-021,CHAN-1,2025-09-15,2,39.0,0.25,8.99,Completed,67.49
ORD-07662,CUST-0347,PROD-063,CHAN-1,2025-09-15,3,96.99,0.0,0.0,Returned,290.97
ORD-07663,CUST-0109,PROD-075,CHAN-4,2025-09-15,1,118.99,0.0,0.0,Completed,118.99
ORD-07664,CUST-0336,PROD-004,CHAN-1,2025-09-15,2,47.99,0.0,0.0,Completed,95.98
ORD-07665,CUST-0016,PROD-126,CHAN-2,2025-09-16,1,6.99,0.0,5.99,Completed,12.98
ORD-07666,CUST-0406,PROD-005,CHAN-1,2025-09-16,1,30.99,0.0,0.0,Cancelled,0.0
ORD-07667,CUST-0167,PROD-126,CHAN-1,2025-09-16,1,6.99,0.0,8.99,Completed,15.98
ORD-07668,CUST-0023,PROD-081,CHAN-2,2025-09-16,1,38.95,0.0,0.0,Cancelled,0.0
ORD-07669,CUST-1729,PROD-119,CHAN-2,2025-09-16,3,123.0,0.0,0.0,Completed,369.0
ORD-07670,CUST-0442,PROD-102,CHAN-1,2025-09-16,1,137.0,0.0,0.0,Completed,137.0
ORD-07671,CUST-1969,PROD-006,CHAN-1,2025-09-16,1,58.0,0.0,11.99,Completed,69.99
ORD-07672,CUST-0121,PROD-014,CHAN-2,2025-09-16,5,19.0,0.0,0.0,Completed,95.0
ORD-07673,CUST-0003,PROD-091,CHAN-1,2025-09-17,1,13.0,0.0,4.99,Refunded,17.99
ORD-07674,CUST-0608,PROD-114,CHAN-1,2025-09-17,1,21.0,0.3,11.99,Completed,26.69
ORD-07675,CUST-0025,PROD-123,CHAN-1,2025-09-17,1,141.0,0.0,0.0,Completed,141.0
ORD-07676,CUST-1484,PROD-046,CHAN-4,2025-09-17,3,36.99,0.35,8.99,Completed,81.12
ORD-07677,CUST-0264,PROD-051,CHAN-1,2025-09-17,5,105.95,0.0,0.0,Completed,529.75
ORD-07678,CUST-0076,PROD-092,CHAN-1,2025-09-17,1,8.0,0.4,11.99,Completed,16.79
ORD-07679,CUST-0010,PROD-047,CHAN-1,2025-09-17,1,82.0,0.0,0.0,Completed,82.0
ORD-07680,CUST-0048,PROD-011,CHAN-2,2025-09-17,1,18.95,0.0,5.99,Completed,24.94
ORD-07681,CUST-0006,PROD-044,CHAN-2,2025-09-17,1,66.0,0.0,4.99,Completed,70.99
ORD-07682,CUST-1866,PROD-003,CHAN-3,2025-09-17,1,70.99,0.15,4.99,Completed,65.33
ORD-07683,CUST-0360,PROD-041,CHAN-1,2025-09-17,1,27.95,0.0,5.99,Completed,33.94
ORD-07684,CUST-0591,PROD-001,CHAN-2,2025-09-17,2,50.95,0.25,0.0,Completed,76.43
ORD-07685,CUST-0138,PROD-009,CHAN-1,2025-09-17,1,60.99,0.0,11.99,Completed,72.98
ORD-07686,CUST-0007,PROD-006,CHAN-1,2025-09-18,1,58.0,0.05,5.99,Completed,61.09
ORD-07687,CUST-0096,PROD-149,CHAN-5,2025-09-18,1,11.99,0.1,8.99,Completed,19.78
ORD-07688,CUST-0041,PROD-037,CHAN-1,2025-09-18,1,60.95,0.0,8.99,Completed,69.94
ORD-07689,CUST-0183,PROD-017,CHAN-3,2025-09-18,2,28.99,0.0,8.99,Completed,66.97
ORD-07690,CUST-1936,PROD-009,CHAN-3,2025-09-18,1,60.99,0.0,4.99,Completed,65.98
ORD-07691,CUST-0498,PROD-120,CHAN-4,2025-09-18,2,158.0,0.0,0.0,Completed,316.0
ORD-07692,CUST-0130,PROD-037,CHAN-2,2025-09-18,2,60.95,0.0,0.0,Completed,121.9
ORD-07693,CUST-0657,PROD-021,CHAN-1,2025-09-18,1,39.0,0.0,5.99,Completed,44.99
ORD-07694,CUST-1619,PROD-003,CHAN-2,2025-09-18,2,70.99,0.0,0.0,Completed,141.98
ORD-07695,CUST-0209,PROD-096,CHAN-3,2025-09-18,1,22.99,0.0,5.99,Completed,28.98
ORD-07696,CUST-0198,PROD-072,CHAN-1,2025-09-18,1,35.95,0.0,8.99,Completed,44.94
ORD-07697,CUST-0504,PROD-005,CHAN-1,2025-09-18,1,30.99,0.0,0.0,Cancelled,0.0
ORD-07698,CUST-0019,PROD-040,CHAN-2,2025-09-18,1,106.95,0.0,0.0,Completed,106.95
ORD-07699,CUST-0946,PROD-022,CHAN-4,2025-09-18,1,21.0,0.0,11.99,Completed,32.99
ORD-07700,CUST-0020,PROD-086,CHAN-2,2025-09-18,1,7.0,0.0,11.99,Completed,18.99
ORD-07701,CUST-0138,PROD-005,CHAN-1,2025-09-18,1,30.99,0.15,5.99,Returned,32.33
ORD-07702,CUST-0327,PROD-121,CHAN-2,2025-09-19,1,156.99,0.0,0.0,Completed,156.99
ORD-07703,CUST-1425,PROD-032,CHAN-1,2025-09-19,2,89.95,0.0,0.0,Completed,179.9
ORD-07704,CUST-0109,PROD-011,CHAN-1,2025-09-19,1,18.95,0.15,4.99,Completed,21.1
ORD-07705,CUST-0008,PROD-092,CHAN-2,2025-09-19,1,8.0,0.2,5.99,Completed,12.39
ORD-07706,CUST-0001,PROD-100,CHAN-2,2025-09-19,1,38.95,0.35,8.99,Completed,34.31
ORD-07707,CUST-0965,PROD-002,CHAN-1,2025-09-19,1,28.99,0.0,11.99,Completed,40.98
ORD-07708,CUST-0262,PROD-007,CHAN-1,2025-09-19,1,49.0,0.0,11.99,Returned,60.99
ORD-07709,CUST-1958,PROD-017,CHAN-1,2025-09-19,2,28.99,0.0,11.99,Completed,69.97
ORD-07710,CUST-0209,PROD-031,CHAN-2,2025-09-19,1,100.0,0.0,0.0,Completed,100.0
ORD-07711,CUST-0496,PROD-001,CHAN-3,2025-09-19,1,50.95,0.0,8.99,Completed,59.94
ORD-07712,CUST-0086,PROD-006,CHAN-2,2025-09-20,1,58.0,0.0,11.99,Completed,69.99
ORD-07713,CUST-0945,PROD-064,CHAN-1,2025-09-20,1,43.0,0.3,5.99,Completed,36.09
ORD-07714,CUST-0335,PROD-016,CHAN-1,2025-09-20,2,25.0,0.0,8.99,Completed,58.99
ORD-07715,CUST-0920,PROD-019,CHAN-2,2025-09-20,1,35.95,0.0,5.99,Completed,41.94
ORD-07716,CUST-0001,PROD-023,CHAN-1,2025-09-20,1,58.95,0.0,11.99,Completed,70.94
ORD-07717,CUST-0060,PROD-133,CHAN-2,2025-09-20,2,18.99,0.0,8.99,Completed,46.97
ORD-07718,CUST-0042,PROD-006,CHAN-3,2025-09-20,1,58.0,0.0,8.99,Completed,66.99
ORD-07719,CUST-1486,PROD-002,CHAN-4,2025-09-21,1,28.99,0.0,5.99,Completed,34.98
ORD-07720,CUST-0021,PROD-070,CHAN-2,2025-09-21,1,91.99,0.1,0.0,Completed,82.79
ORD-07721,CUST-1932,PROD-073,CHAN-1,2025-09-21,1,24.95,0.0,11.99,Completed,36.94
ORD-07722,CUST-0176,PROD-009,CHAN-2,2025-09-21,2,60.99,0.25,0.0,Completed,91.48
ORD-07723,CUST-0663,PROD-030,CHAN-1,2025-09-21,3,62.99,0.0,0.0,Completed,188.97
ORD-07724,CUST-0071,PROD-013,CHAN-2,2025-09-21,2,41.95,0.0,0.0,Completed,83.9
ORD-07725,CUST-1916,PROD-141,CHAN-4,2025-09-21,1,15.0,0.0,4.99,Returned,19.99
ORD-07726,CUST-0024,PROD-052,CHAN-1,2025-09-21,1,124.0,0.0,0.0,Returned,124.0
ORD-07727,CUST-0001,PROD-007,CHAN-2,2025-09-21,1,49.0,0.05,4.99,Completed,51.54
ORD-07728,CUST-0151,PROD-103,CHAN-2,2025-09-21,3,111.0,0.15,0.0,Completed,283.05
ORD-07729,CUST-0241,PROD-013,CHAN-1,2025-09-22,1,41.95,0.2,4.99,Completed,38.55
ORD-07730,CUST-1260,PROD-007,CHAN-3,2025-09-22,1,49.0,0.0,11.99,Completed,60.99
ORD-07731,CUST-0018,PROD-062,CHAN-2,2025-09-22,1,77.99,0.25,5.99,Completed,64.48
ORD-07732,CUST-0183,PROD-092,CHAN-2,2025-09-22,1,8.0,0.2,8.99,Completed,15.39
ORD-07733,CUST-1639,PROD-010,CHAN-1,2025-09-22,1,32.99,0.0,11.99,Completed,44.98
ORD-07734,CUST-1483,PROD-039,CHAN-2,2025-09-22,4,83.0,0.0,0.0,Completed,332.0
ORD-07735,CUST-1041,PROD-006,CHAN-2,2025-09-22,2,58.0,0.0,0.0,Completed,116.0
ORD-07736,CUST-0051,PROD-017,CHAN-2,2025-09-22,1,28.99,0.0,4.99,Completed,33.98
ORD-07737,CUST-0039,PROD-074,CHAN-3,2025-09-22,1,45.95,0.0,4.99,Completed,50.94
ORD-07738,CUST-0242,PROD-055,CHAN-2,2025-09-22,5,110.99,0.0,0.0,Completed,554.95
ORD-07739,CUST-0724,PROD-058,CHAN-5,2025-09-22,1,86.0,0.05,0.0,Completed,81.7
ORD-07740,CUST-0005,PROD-048,CHAN-1,2025-09-22,1,121.95,0.0,0.0,Completed,121.95
ORD-07741,CUST-0096,PROD-068,CHAN-3,2025-09-22,1,83.95,0.0,0.0,Completed,83.95
ORD-07742,CUST-0394,PROD-015,CHAN-2,2025-09-22,1,65.0,0.0,11.99,Completed,76.99
ORD-07743,CUST-1630,PROD-001,CHAN-2,2025-09-22,1,50.95,0.0,4.99,Completed,55.94
ORD-07744,CUST-0387,PROD-109,CHAN-4,2025-09-22,1,68.99,0.25,11.99,Completed,63.73
ORD-07745,CUST-1144,PROD-013,CHAN-1,2025-09-22,2,41.95,0.15,11.99,Completed,83.3
ORD-07746,CUST-0012,PROD-001,CHAN-1,2025-09-22,1,50.95,0.0,11.99,Completed,62.94
ORD-07747,CUST-0006,PROD-099,CHAN-1,2025-09-23,1,17.95,0.0,11.99,Completed,29.94
ORD-07748,CUST-0068,PROD-040,CHAN-2,2025-09-23,3,106.95,0.15,0.0,Completed,272.72
ORD-07749,CUST-1846,PROD-028,CHAN-5,2025-09-23,1,109.0,0.2,0.0,Completed,87.2
ORD-07750,CUST-0001,PROD-088,CHAN-1,2025-09-23,1,29.99,0.0,8.99,Completed,38.98
ORD-07751,CUST-1617,PROD-094,CHAN-1,2025-09-23,2,24.95,0.15,8.99,Completed,51.41
ORD-07752,CUST-1269,PROD-123,CHAN-2,2025-09-23,2,141.0,0.0,0.0,Returned,282.0
ORD-07753,CUST-0968,PROD-071,CHAN-2,2025-09-24,1,54.99,0.3,4.99,Completed,43.48
ORD-07754,CUST-0290,PROD-149,CHAN-1,2025-09-24,1,11.99,0.3,8.99,Completed,17.38
ORD-07755,CUST-0978,PROD-009,CHAN-2,2025-09-24,1,60.99,0.0,5.99,Completed,66.98
ORD-07756,CUST-0561,PROD-134,CHAN-2,2025-09-24,1,3.99,0.0,11.99,Completed,15.98
ORD-07757,CUST-1849,PROD-016,CHAN-1,2025-09-24,1,25.0,0.0,5.99,Completed,30.99
ORD-07758,CUST-1951,PROD-002,CHAN-2,2025-09-24,1,28.99,0.15,11.99,Completed,36.63
ORD-07759,CUST-0006,PROD-131,CHAN-2,2025-09-24,2,7.95,0.0,8.99,Completed,24.89
ORD-07760,CUST-0054,PROD-087,CHAN-3,2025-09-24,1,34.99,0.0,8.99,Completed,43.98
ORD-07761,CUST-0456,PROD-142,CHAN-3,2025-09-24,1,5.0,0.0,11.99,Completed,16.99
ORD-07762,CUST-0674,PROD-092,CHAN-1,2025-09-24,1,8.0,0.0,4.99,Completed,12.99
ORD-07763,CUST-1918,PROD-135,CHAN-3,2025-09-25,1,13.99,0.0,4.99,Completed,18.98
ORD-07764,CUST-1969,PROD-056,CHAN-1,2025-09-25,1,131.0,0.0,0.0,Completed,131.0
ORD-07765,CUST-1320,PROD-003,CHAN-4,2025-09-25,3,70.99,0.0,0.0,Completed,212.97
ORD-07766,CUST-0001,PROD-122,CHAN-4,2025-09-25,1,178.99,0.4,0.0,Completed,107.39
ORD-07767,CUST-0087,PROD-022,CHAN-1,2025-09-25,2,21.0,0.25,8.99,Completed,40.49
ORD-07768,CUST-0140,PROD-137,CHAN-5,2025-09-25,1,15.0,0.15,8.99,Completed,21.74
ORD-07769,CUST-0338,PROD-047,CHAN-2,2025-09-25,1,82.0,0.25,5.99,Completed,67.49
ORD-07770,CUST-0024,PROD-002,CHAN-1,2025-09-25,3,28.99,0.0,0.0,Completed,86.97
ORD-07771,CUST-0078,PROD-002,CHAN-2,2025-09-25,1,28.99,0.0,8.99,Completed,37.98
ORD-07772,CUST-0005,PROD-058,CHAN-2,2025-09-25,1,86.0,0.0,0.0,Completed,86.0
ORD-07773,CUST-0262,PROD-030,CHAN-2,2025-09-25,2,62.99,0.0,0.0,Completed,125.98
ORD-07774,CUST-0079,PROD-029,CHAN-2,2025-09-25,3,79.0,0.05,0.0,Completed,225.15
ORD-07775,CUST-1469,PROD-035,CHAN-2,2025-09-25,1,102.99,0.0,0.0,Completed,102.99
ORD-07776,CUST-1371,PROD-106,CHAN-1,2025-09-25,1,103.0,0.0,0.0,Completed,103.0
ORD-07777,CUST-0161,PROD-014,CHAN-4,2025-09-25,1,19.0,0.0,8.99,Completed,27.99
ORD-07778,CUST-0029,PROD-121,CHAN-1,2025-09-26,1,156.99,0.0,0.0,Completed,156.99
ORD-07779,CUST-0232,PROD-053,CHAN-1,2025-09-26,1,88.95,0.0,0.0,Completed,88.95
ORD-07780,CUST-0036,PROD-050,CHAN-1,2025-09-26,2,40.0,0.0,0.0,Completed,80.0
ORD-07781,CUST-0203,PROD-031,CHAN-2,2025-09-26,1,100.0,0.15,0.0,Completed,85.0
ORD-07782,CUST-0021,PROD-093,CHAN-1,2025-09-26,1,25.99,0.0,8.99,Completed,34.98
ORD-07783,CUST-0009,PROD-101,CHAN-5,2025-09-26,1,66.0,0.0,4.99,Completed,70.99
ORD-07784,CUST-0332,PROD-030,CHAN-3,2025-09-26,1,62.99,0.0,5.99,Completed,68.98
ORD-07785,CUST-0645,PROD-064,CHAN-1,2025-09-26,1,43.0,0.2,8.99,Completed,43.39
ORD-07786,CUST-0054,PROD-096,CHAN-1,2025-09-27,1,22.99,0.0,4.99,Completed,27.98
ORD-07787,CUST-0096,PROD-012,CHAN-2,2025-09-27,2,63.0,0.3,0.0,Returned,88.2
ORD-07788,CUST-0558,PROD-093,CHAN-2,2025-09-27,1,25.99,0.0,5.99,Completed,31.98
ORD-07789,CUST-0224,PROD-129,CHAN-2,2025-09-27,1,8.99,0.0,8.99,Completed,17.98
ORD-07790,CUST-0366,PROD-017,CHAN-1,2025-09-27,1,28.99,0.25,11.99,Completed,33.73
ORD-07791,CUST-0827,PROD-014,CHAN-1,2025-09-27,3,19.0,0.0,8.99,Completed,65.99
ORD-07792,CUST-0445,PROD-003,CHAN-2,2025-09-27,1,70.99,0.0,11.99,Completed,82.98
ORD-07793,CUST-0418,PROD-040,CHAN-1,2025-09-27,1,106.95,0.25,0.0,Completed,80.21
ORD-07794,CUST-0041,PROD-003,CHAN-1,2025-09-27,5,70.99,0.0,0.0,Completed,354.95
ORD-07795,CUST-0186,PROD-112,CHAN-2,2025-09-28,1,115.0,0.3,0.0,Completed,80.5
ORD-07796,CUST-0021,PROD-013,CHAN-2,2025-09-28,2,41.95,0.0,0.0,Completed,83.9
ORD-07797,CUST-0003,PROD-039,CHAN-1,2025-09-28,1,83.0,0.0,0.0,Completed,83.0
ORD-07798,CUST-0584,PROD-083,CHAN-1,2025-09-28,1,25.99,0.0,8.99,Completed,34.98
ORD-07799,CUST-0276,PROD-150,CHAN-1,2025-09-28,1,7.0,0.05,8.99,Refunded,15.64
ORD-07800,CUST-0224,PROD-002,CHAN-2,2025-09-28,1,28.99,0.0,11.99,Completed,40.98
ORD-07801,CUST-0784,PROD-035,CHAN-2,2025-09-28,1,102.99,0.0,0.0,Completed,102.99
ORD-07802,CUST-1463,PROD-011,CHAN-2,2025-09-28,2,18.95,0.0,5.99,Completed,43.89
ORD-07803,CUST-0393,PROD-019,CHAN-5,2025-09-28,1,35.95,0.0,8.99,Completed,44.94
ORD-07804,CUST-1736,PROD-005,CHAN-1,2025-09-28,1,30.99,0.2,11.99,Completed,36.78
ORD-07805,CUST-0001,PROD-012,CHAN-1,2025-09-28,4,63.0,0.0,0.0,Completed,252.0
ORD-07806,CUST-0966,PROD-001,CHAN-1,2025-09-28,1,50.95,0.0,8.99,Completed,59.94
ORD-07807,CUST-0182,PROD-104,CHAN-2,2025-09-28,1,72.99,0.4,4.99,Completed,48.78
ORD-07808,CUST-0510,PROD-061,CHAN-1,2025-09-28,1,67.0,0.0,11.99,Completed,78.99
ORD-07809,CUST-0003,PROD-052,CHAN-2,2025-09-28,2,124.0,0.4,0.0,Completed,148.8
ORD-07810,CUST-0039,PROD-030,CHAN-1,2025-09-29,1,62.99,0.0,5.99,Completed,68.98
ORD-07811,CUST-1286,PROD-088,CHAN-4,2025-09-29,4,29.99,0.3,0.0,Completed,83.97
ORD-07812,CUST-1001,PROD-014,CHAN-1,2025-09-29,1,19.0,0.0,4.99,Completed,23.99
ORD-07813,CUST-1968,PROD-027,CHAN-1,2025-09-29,3,54.0,0.25,0.0,Completed,121.5
ORD-07814,CUST-0168,PROD-071,CHAN-2,2025-09-29,2,54.99,0.0,0.0,Completed,109.98
ORD-07815,CUST-1180,PROD-105,CHAN-2,2025-09-29,1,71.0,0.0,5.99,Completed,76.99
ORD-07816,CUST-0682,PROD-105,CHAN-1,2025-09-29,1,71.0,0.0,4.99,Completed,75.99
ORD-07817,CUST-0127,PROD-046,CHAN-1,2025-09-29,2,36.99,0.05,4.99,Completed,75.27
ORD-07818,CUST-0017,PROD-004,CHAN-1,2025-09-29,1,47.99,0.0,4.99,Completed,52.98
ORD-07819,CUST-0081,PROD-022,CHAN-4,2025-09-29,2,21.0,0.0,8.99,Completed,50.99
ORD-07820,CUST-1302,PROD-050,CHAN-3,2025-09-29,2,40.0,0.0,0.0,Completed,80.0
ORD-07821,CUST-1759,PROD-002,CHAN-1,2025-09-30,1,28.99,0.0,8.99,Refunded,37.98
ORD-07822,CUST-1641,PROD-055,CHAN-1,2025-09-30,1,110.99,0.15,0.0,Completed,94.34
ORD-07823,CUST-1212,PROD-130,CHAN-2,2025-09-30,2,5.95,0.0,5.99,Completed,17.89
ORD-07824,CUST-0107,PROD-034,CHAN-3,2025-09-30,2,65.99,0.0,0.0,Completed,131.98
ORD-07825,CUST-0728,PROD-002,CHAN-1,2025-09-30,1,28.99,0.0,11.99,Completed,40.98
ORD-07826,CUST-0476,PROD-044,CHAN-4,2025-09-30,1,66.0,0.0,5.99,Completed,71.99
ORD-07827,CUST-0087,PROD-006,CHAN-3,2025-09-30,1,58.0,0.0,5.99,Completed,63.99
ORD-07828,CUST-0645,PROD-048,CHAN-1,2025-09-30,1,121.95,0.0,0.0,Completed,121.95
ORD-07829,CUST-0159,PROD-021,CHAN-2,2025-09-30,1,39.0,0.0,11.99,Completed,50.99
ORD-07830,CUST-1838,PROD-110,CHAN-2,2025-09-30,1,35.95,0.15,5.99,Completed,36.55
ORD-07831,CUST-0700,PROD-003,CHAN-5,2025-10-01,1,70.99,0.1,5.99,Completed,69.88
ORD-07832,CUST-1552,PROD-141,CHAN-2,2025-10-01,1,15.0,0.1,5.99,Completed,19.49
ORD-07833,CUST-0459,PROD-054,CHAN-2,2025-10-01,1,109.0,0.2,0.0,Completed,87.2
ORD-07834,CUST-0270,PROD-128,CHAN-5,2025-10-01,1,5.95,0.0,8.99,Completed,14.94
ORD-07835,CUST-1379,PROD-005,CHAN-3,2025-10-01,1,30.99,0.0,5.99,Completed,36.98
ORD-07836,CUST-1790,PROD-072,CHAN-1,2025-10-01,1,35.95,0.0,5.99,Completed,41.94
ORD-07837,CUST-0052,PROD-069,CHAN-3,2025-10-01,2,71.0,0.0,0.0,Completed,142.0
ORD-07838,CUST-1233,PROD-091,CHAN-5,2025-10-01,2,13.0,0.0,4.99,Completed,30.99
ORD-07839,CUST-0040,PROD-094,CHAN-1,2025-10-01,5,24.95,0.05,0.0,Completed,118.51
ORD-07840,CUST-0159,PROD-014,CHAN-1,2025-10-01,1,19.0,0.0,4.99,Completed,23.99
ORD-07841,CUST-0011,PROD-137,CHAN-1,2025-10-01,1,15.0,0.0,5.99,Completed,20.99
ORD-07842,CUST-0003,PROD-011,CHAN-1,2025-10-01,1,18.95,0.0,11.99,Completed,30.94
ORD-07843,CUST-0073,PROD-001,CHAN-1,2025-10-02,2,50.95,0.0,0.0,Completed,101.9
ORD-07844,CUST-0232,PROD-014,CHAN-1,2025-10-02,1,19.0,0.0,5.99,Completed,24.99
ORD-07845,CUST-0093,PROD-060,CHAN-5,2025-10-02,1,51.99,0.35,5.99,Completed,39.78
ORD-07846,CUST-0025,PROD-007,CHAN-1,2025-10-02,1,49.0,0.0,8.99,Completed,57.99
ORD-07847,CUST-0287,PROD-129,CHAN-1,2025-10-02,1,8.99,0.0,5.99,Completed,14.98
ORD-07848,CUST-0964,PROD-005,CHAN-1,2025-10-02,1,30.99,0.0,11.99,Completed,42.98
ORD-07849,CUST-0001,PROD-096,CHAN-1,2025-10-02,1,22.99,0.0,4.99,Completed,27.98
ORD-07850,CUST-0896,PROD-011,CHAN-1,2025-10-02,1,18.95,0.0,5.99,Completed,24.94
ORD-07851,CUST-1313,PROD-075,CHAN-1,2025-10-02,2,118.99,0.25,0.0,Completed,178.48
ORD-07852,CUST-0798,PROD-150,CHAN-1,2025-10-03,2,7.0,0.15,11.99,Completed,23.89
ORD-07853,CUST-0242,PROD-121,CHAN-1,2025-10-03,1,156.99,0.4,0.0,Completed,94.19
ORD-07854,CUST-1293,PROD-100,CHAN-1,2025-10-04,1,38.95,0.0,5.99,Completed,44.94
ORD-07855,CUST-0165,PROD-001,CHAN-1,2025-10-04,1,50.95,0.0,8.99,Completed,59.94
ORD-07856,CUST-0503,PROD-013,CHAN-1,2025-10-04,3,41.95,0.0,0.0,Completed,125.85
ORD-07857,CUST-0013,PROD-068,CHAN-3,2025-10-04,1,83.95,0.0,0.0,Returned,83.95
ORD-07858,CUST-0042,PROD-050,CHAN-2,2025-10-04,1,40.0,0.3,5.99,Completed,33.99
ORD-07859,CUST-0422,PROD-136,CHAN-1,2025-10-04,2,4.0,0.0,8.99,Completed,16.99
ORD-07860,CUST-0050,PROD-022,CHAN-1,2025-10-04,1,21.0,0.0,4.99,Completed,25.99
ORD-07861,CUST-1116,PROD-003,CHAN-1,2025-10-04,1,70.99,0.0,8.99,Returned,79.98
ORD-07862,CUST-0010,PROD-087,CHAN-2,2025-10-04,2,34.99,0.0,11.99,Completed,81.97
ORD-07863,CUST-0481,PROD-039,CHAN-1,2025-10-04,1,83.0,0.0,0.0,Completed,83.0
ORD-07864,CUST-0240,PROD-142,CHAN-4,2025-10-04,3,5.0,0.2,4.99,Completed,16.99
ORD-07865,CUST-0142,PROD-022,CHAN-3,2025-10-04,2,21.0,0.35,8.99,Completed,36.29
ORD-07866,CUST-0786,PROD-013,CHAN-3,2025-10-04,1,41.95,0.0,8.99,Completed,50.94
ORD-07867,CUST-0243,PROD-112,CHAN-1,2025-10-04,1,115.0,0.0,0.0,Completed,115.0
ORD-07868,CUST-0270,PROD-053,CHAN-1,2025-10-05,1,88.95,0.0,0.0,Completed,88.95
ORD-07869,CUST-0425,PROD-037,CHAN-3,2025-10-05,1,60.95,0.0,8.99,Completed,69.94
ORD-07870,CUST-1437,PROD-026,CHAN-2,2025-10-05,1,36.95,0.2,8.99,Completed,38.55
ORD-07871,CUST-0036,PROD-087,CHAN-1,2025-10-05,4,34.99,0.1,0.0,Completed,125.96
ORD-07872,CUST-0032,PROD-122,CHAN-2,2025-10-05,1,178.99,0.0,0.0,Completed,178.99
ORD-07873,CUST-0007,PROD-021,CHAN-1,2025-10-05,1,39.0,0.0,4.99,Returned,43.99
ORD-07874,CUST-0414,PROD-075,CHAN-3,2025-10-05,1,118.99,0.0,0.0,Completed,118.99
ORD-07875,CUST-0051,PROD-018,CHAN-3,2025-10-05,1,83.95,0.0,0.0,Completed,83.95
ORD-07876,CUST-0580,PROD-001,CHAN-1,2025-10-05,1,50.95,0.0,4.99,Completed,55.94
ORD-07877,CUST-0256,PROD-037,CHAN-2,2025-10-05,1,60.95,0.35,11.99,Completed,51.61
ORD-07878,CUST-0078,PROD-070,CHAN-2,2025-10-05,1,91.99,0.0,0.0,Refunded,91.99
ORD-07879,CUST-0690,PROD-058,CHAN-1,2025-10-05,2,86.0,0.0,0.0,Completed,172.0
ORD-07880,CUST-0361,PROD-008,CHAN-2,2025-10-05,1,38.99,0.0,4.99,Completed,43.98
ORD-07881,CUST-1599,PROD-082,CHAN-1,2025-10-05,1,22.0,0.0,4.99,Completed,26.99
ORD-07882,CUST-1306,PROD-107,CHAN-1,2025-10-05,1,53.0,0.1,11.99,Returned,59.69
ORD-07883,CUST-0808,PROD-078,CHAN-1,2025-10-05,1,9.99,0.35,4.99,Completed,11.48
ORD-07884,CUST-0077,PROD-012,CHAN-1,2025-10-05,1,63.0,0.35,5.99,Completed,46.94
ORD-07885,CUST-1117,PROD-038,CHAN-1,2025-10-05,2,83.99,0.0,0.0,Completed,167.98
ORD-07886,CUST-0003,PROD-095,CHAN-2,2025-10-06,1,18.95,0.0,8.99,Completed,27.94
ORD-07887,CUST-0035,PROD-115,CHAN-2,2025-10-06,1,166.95,0.0,0.0,Completed,166.95
ORD-07888,CUST-1466,PROD-020,CHAN-1,2025-10-06,1,25.0,0.0,8.99,Completed,33.99
ORD-07889,CUST-0666,PROD-020,CHAN-1,2025-10-06,1,25.0,0.0,11.99,Completed,36.99
ORD-07890,CUST-0575,PROD-111,CHAN-2,2025-10-06,1,27.99,0.0,5.99,Completed,33.98
ORD-07891,CUST-0003,PROD-120,CHAN-1,2025-10-06,1,158.0,0.25,0.0,Completed,118.5
ORD-07892,CUST-1580,PROD-098,CHAN-2,2025-10-06,2,30.99,0.0,11.99,Completed,73.97
ORD-07893,CUST-1603,PROD-099,CHAN-2,2025-10-06,1,17.95,0.15,8.99,Completed,24.25
ORD-07894,CUST-0019,PROD-034,CHAN-1,2025-10-06,1,65.99,0.0,11.99,Completed,77.98
ORD-07895,CUST-0668,PROD-005,CHAN-1,2025-10-06,1,30.99,0.1,8.99,Completed,36.88
ORD-07896,CUST-0108,PROD-028,CHAN-4,2025-10-06,2,109.0,0.35,0.0,Completed,141.7
ORD-07897,CUST-0113,PROD-007,CHAN-2,2025-10-06,1,49.0,0.35,11.99,Completed,43.84
ORD-07898,CUST-0297,PROD-009,CHAN-1,2025-10-06,1,60.99,0.0,5.99,Completed,66.98
ORD-07899,CUST-0257,PROD-093,CHAN-3,2025-10-06,1,25.99,0.2,4.99,Completed,25.78
ORD-07900,CUST-1087,PROD-148,CHAN-2,2025-10-06,2,15.0,0.0,11.99,Completed,41.99
ORD-07901,CUST-1550,PROD-019,CHAN-1,2025-10-06,4,35.95,0.0,0.0,Completed,143.8
ORD-07902,CUST-0308,PROD-092,CHAN-3,2025-10-07,1,8.0,0.05,5.99,Completed,13.59
ORD-07903,CUST-0396,PROD-044,CHAN-1,2025-10-07,1,66.0,0.0,4.99,Completed,70.99
ORD-07904,CUST-0400,PROD-004,CHAN-1,2025-10-07,1,47.99,0.0,8.99,Completed,56.98
ORD-07905,CUST-0793,PROD-114,CHAN-2,2025-10-07,1,21.0,0.0,5.99,Completed,26.99
ORD-07906,CUST-1982,PROD-001,CHAN-1,2025-10-07,1,50.95,0.0,5.99,Completed,56.94
ORD-07907,CUST-0138,PROD-010,CHAN-1,2025-10-07,1,32.99,0.0,5.99,Completed,38.98
ORD-07908,CUST-0333,PROD-024,CHAN-2,2025-10-07,1,39.0,0.0,5.99,Completed,44.99
ORD-07909,CUST-0030,PROD-098,CHAN-2,2025-10-07,1,30.99,0.0,0.0,Cancelled,0.0
ORD-07910,CUST-0024,PROD-095,CHAN-2,2025-10-07,1,18.95,0.0,5.99,Completed,24.94
ORD-07911,CUST-0096,PROD-033,CHAN-2,2025-10-07,2,63.99,0.1,0.0,Completed,115.18
ORD-07912,CUST-0424,PROD-013,CHAN-1,2025-10-08,1,41.95,0.25,11.99,Completed,43.45
ORD-07913,CUST-0637,PROD-006,CHAN-2,2025-10-08,1,58.0,0.0,8.99,Completed,66.99
ORD-07914,CUST-0097,PROD-067,CHAN-2,2025-10-08,1,95.99,0.0,0.0,Completed,95.99
ORD-07915,CUST-1495,PROD-072,CHAN-1,2025-10-08,2,35.95,0.1,5.99,Completed,70.7
ORD-07916,CUST-0889,PROD-094,CHAN-2,2025-10-08,1,24.95,0.1,8.99,Completed,31.45
ORD-07917,CUST-0131,PROD-064,CHAN-1,2025-10-08,2,43.0,0.0,0.0,Completed,86.0
ORD-07918,CUST-0152,PROD-060,CHAN-2,2025-10-08,1,51.99,0.0,4.99,Completed,56.98
ORD-07919,CUST-0889,PROD-059,CHAN-1,2025-10-08,1,58.99,0.4,4.99,Completed,40.38
ORD-07920,CUST-1254,PROD-117,CHAN-1,2025-10-08,1,27.99,0.0,11.99,Completed,39.98
ORD-07921,CUST-0079,PROD-132,CHAN-1,2025-10-09,1,8.0,0.3,11.99,Completed,17.59
ORD-07922,CUST-0029,PROD-080,CHAN-3,2025-10-09,1,20.95,0.0,8.99,Completed,29.94
ORD-07923,CUST-0016,PROD-052,CHAN-1,2025-10-09,1,124.0,0.0,0.0,Cancelled,0.0
ORD-07924,CUST-1446,PROD-114,CHAN-5,2025-10-09,1,21.0,0.35,8.99,Completed,22.64
ORD-07925,CUST-0087,PROD-089,CHAN-1,2025-10-09,1,5.99,0.3,5.99,Completed,10.18
ORD-07926,CUST-0063,PROD-136,CHAN-2,2025-10-09,1,4.0,0.0,8.99,Completed,12.99
ORD-07927,CUST-0008,PROD-106,CHAN-3,2025-10-09,1,103.0,0.0,0.0,Completed,103.0
ORD-07928,CUST-0035,PROD-035,CHAN-2,2025-10-09,3,102.99,0.0,0.0,Completed,308.97
ORD-07929,CUST-0025,PROD-040,CHAN-1,2025-10-10,1,106.95,0.0,0.0,Completed,106.95
ORD-07930,CUST-0036,PROD-105,CHAN-1,2025-10-10,1,71.0,0.25,5.99,Completed,59.24
ORD-07931,CUST-0193,PROD-112,CHAN-2,2025-10-10,1,115.0,0.0,0.0,Completed,115.0
ORD-07932,CUST-0005,PROD-046,CHAN-1,2025-10-10,1,36.99,0.0,11.99,Completed,48.98
ORD-07933,CUST-1074,PROD-004,CHAN-5,2025-10-10,1,47.99,0.0,5.99,Completed,53.98
ORD-07934,CUST-0012,PROD-016,CHAN-2,2025-10-10,1,25.0,0.0,11.99,Completed,36.99
ORD-07935,CUST-0883,PROD-021,CHAN-1,2025-10-11,2,39.0,0.2,5.99,Completed,68.39
ORD-07936,CUST-1712,PROD-058,CHAN-3,2025-10-11,1,86.0,0.0,0.0,Completed,86.0
ORD-07937,CUST-0071,PROD-017,CHAN-4,2025-10-11,1,28.99,0.0,11.99,Returned,40.98
ORD-07938,CUST-0001,PROD-023,CHAN-1,2025-10-11,1,58.95,0.0,11.99,Completed,70.94
ORD-07939,CUST-0254,PROD-017,CHAN-1,2025-10-11,1,28.99,0.3,4.99,Completed,25.28
ORD-07940,CUST-0414,PROD-072,CHAN-1,2025-10-11,2,35.95,0.25,4.99,Completed,58.92
ORD-07941,CUST-0023,PROD-004,CHAN-3,2025-10-11,1,47.99,0.0,11.99,Completed,59.98
ORD-07942,CUST-0223,PROD-135,CHAN-1,2025-10-11,1,13.99,0.1,4.99,Completed,17.58
ORD-07943,CUST-1684,PROD-001,CHAN-2,2025-10-11,1,50.95,0.0,8.99,Completed,59.94
ORD-07944,CUST-0277,PROD-045,CHAN-1,2025-10-12,2,51.0,0.05,0.0,Completed,96.9
ORD-07945,CUST-1649,PROD-003,CHAN-3,2025-10-12,1,70.99,0.0,8.99,Returned,79.98
ORD-07946,CUST-0006,PROD-137,CHAN-2,2025-10-12,1,15.0,0.0,8.99,Completed,23.99
ORD-07947,CUST-0452,PROD-012,CHAN-2,2025-10-12,1,63.0,0.0,4.99,Completed,67.99
ORD-07948,CUST-1373,PROD-001,CHAN-1,2025-10-12,1,50.95,0.4,11.99,Completed,42.56
ORD-07949,CUST-0009,PROD-134,CHAN-4,2025-10-12,2,3.99,0.0,8.99,Completed,16.97
ORD-07950,CUST-0619,PROD-108,CHAN-1,2025-10-12,1,114.95,0.0,0.0,Completed,114.95
ORD-07951,CUST-0104,PROD-104,CHAN-2,2025-10-12,1,72.99,0.4,5.99,Completed,49.78
ORD-07952,CUST-0049,PROD-063,CHAN-3,2025-10-12,1,96.99,0.0,0.0,Completed,96.99
ORD-07953,CUST-0561,PROD-018,CHAN-2,2025-10-12,1,83.95,0.0,0.0,Completed,83.95
ORD-07954,CUST-0123,PROD-028,CHAN-1,2025-10-12,2,109.0,0.0,0.0,Cancelled,0.0
ORD-07955,CUST-1783,PROD-035,CHAN-1,2025-10-12,1,102.99,0.05,0.0,Completed,97.84
ORD-07956,CUST-0251,PROD-011,CHAN-1,2025-10-13,2,18.95,0.35,8.99,Completed,33.62
ORD-07957,CUST-1089,PROD-103,CHAN-1,2025-10-13,2,111.0,0.35,0.0,Completed,144.3
ORD-07958,CUST-0476,PROD-022,CHAN-3,2025-10-13,5,21.0,0.0,0.0,Completed,105.0
ORD-07959,CUST-1504,PROD-090,CHAN-2,2025-10-13,1,21.0,0.0,11.99,Completed,32.99
ORD-07960,CUST-1308,PROD-037,CHAN-1,2025-10-13,2,60.95,0.0,0.0,Completed,121.9
ORD-07961,CUST-1596,PROD-019,CHAN-2,2025-10-13,1,35.95,0.0,0.0,Cancelled,0.0
ORD-07962,CUST-1706,PROD-070,CHAN-2,2025-10-13,2,91.99,0.0,0.0,Completed,183.98
ORD-07963,CUST-1150,PROD-119,CHAN-4,2025-10-13,1,123.0,0.0,0.0,Completed,123.0
ORD-07964,CUST-0013,PROD-102,CHAN-4,2025-10-13,1,137.0,0.0,0.0,Completed,137.0
ORD-07965,CUST-0001,PROD-017,CHAN-1,2025-10-13,2,28.99,0.0,5.99,Completed,63.97
ORD-07966,CUST-0003,PROD-009,CHAN-3,2025-10-13,1,60.99,0.0,11.99,Completed,72.98
ORD-07967,CUST-0958,PROD-021,CHAN-2,2025-10-13,1,39.0,0.4,5.99,Completed,29.39
ORD-07968,CUST-0082,PROD-028,CHAN-3,2025-10-13,1,109.0,0.0,0.0,Completed,109.0
ORD-07969,CUST-0003,PROD-096,CHAN-1,2025-10-13,3,22.99,0.1,4.99,Refunded,67.06
ORD-07970,CUST-0041,PROD-036,CHAN-1,2025-10-13,1,102.99,0.0,0.0,Refunded,102.99
ORD-07971,CUST-0318,PROD-026,CHAN-1,2025-10-14,2,36.95,0.35,5.99,Completed,54.03
ORD-07972,CUST-1110,PROD-060,CHAN-2,2025-10-14,1,51.99,0.0,11.99,Completed,63.98
ORD-07973,CUST-0018,PROD-131,CHAN-1,2025-10-14,1,7.95,0.0,5.99,Completed,13.94
ORD-07974,CUST-0532,PROD-061,CHAN-3,2025-10-14,1,67.0,0.2,5.99,Completed,59.59
ORD-07975,CUST-0924,PROD-054,CHAN-1,2025-10-14,1,109.0,0.2,0.0,Completed,87.2
ORD-07976,CUST-1245,PROD-016,CHAN-2,2025-10-14,1,25.0,0.0,11.99,Completed,36.99
ORD-07977,CUST-0558,PROD-117,CHAN-1,2025-10-14,1,27.99,0.0,11.99,Completed,39.98
ORD-07978,CUST-0213,PROD-015,CHAN-4,2025-10-14,1,65.0,0.0,5.99,Completed,70.99
ORD-07979,CUST-0013,PROD-080,CHAN-1,2025-10-14,2,20.95,0.3,5.99,Completed,35.32
ORD-07980,CUST-1223,PROD-011,CHAN-1,2025-10-14,1,18.95,0.0,11.99,Completed,30.94
ORD-07981,CUST-0036,PROD-012,CHAN-3,2025-10-14,2,63.0,0.25,0.0,Completed,94.5
ORD-07982,CUST-0001,PROD-114,CHAN-1,2025-10-15,1,21.0,0.0,5.99,Completed,26.99
ORD-07983,CUST-0020,PROD-002,CHAN-2,2025-10-15,1,28.99,0.0,4.99,Completed,33.98
ORD-07984,CUST-0514,PROD-028,CHAN-1,2025-10-15,2,109.0,0.0,0.0,Completed,218.0
ORD-07985,CUST-1177,PROD-001,CHAN-1,2025-10-15,1,50.95,0.0,8.99,Completed,59.94
ORD-07986,CUST-0528,PROD-050,CHAN-2,2025-10-15,4,40.0,0.0,0.0,Completed,160.0
ORD-07987,CUST-0174,PROD-047,CHAN-2,2025-10-15,1,82.0,0.1,4.99,Completed,78.79
ORD-07988,CUST-0169,PROD-059,CHAN-2,2025-10-15,1,58.99,0.0,8.99,Completed,67.98
ORD-07989,CUST-0038,PROD-039,CHAN-3,2025-10-15,2,83.0,0.0,0.0,Cancelled,0.0
ORD-07990,CUST-0930,PROD-073,CHAN-1,2025-10-15,1,24.95,0.4,11.99,Completed,26.96
ORD-07991,CUST-0011,PROD-100,CHAN-1,2025-10-15,2,38.95,0.15,8.99,Completed,75.2
ORD-07992,CUST-1155,PROD-119,CHAN-2,2025-10-15,1,123.0,0.35,0.0,Completed,79.95
ORD-07993,CUST-0512,PROD-017,CHAN-1,2025-10-15,1,28.99,0.0,11.99,Completed,40.98
ORD-07994,CUST-0029,PROD-131,CHAN-1,2025-10-15,2,7.95,0.15,4.99,Completed,18.51
ORD-07995,CUST-0030,PROD-143,CHAN-1,2025-10-15,1,19.0,0.0,5.99,Completed,24.99
ORD-07996,CUST-0189,PROD-100,CHAN-1,2025-10-15,2,38.95,0.0,0.0,Cancelled,0.0
ORD-07997,CUST-0655,PROD-009,CHAN-1,2025-10-15,2,60.99,0.0,0.0,Completed,121.98
ORD-07998,CUST-0044,PROD-118,CHAN-1,2025-10-16,1,150.99,0.0,0.0,Completed,150.99
ORD-07999,CUST-0751,PROD-065,CHAN-1,2025-10-16,2,30.0,0.0,11.99,Completed,71.99
ORD-08000,CUST-0994,PROD-040,CHAN-2,2025-10-16,1,106.95,0.0,0.0,Completed,106.95
ORD-08001,CUST-1726,PROD-120,CHAN-1,2025-10-16,1,158.0,0.0,0.0,Completed,158.0
ORD-08002,CUST-1902,PROD-010,CHAN-4,2025-10-16,1,32.99,0.0,11.99,Completed,44.98
ORD-08003,CUST-0003,PROD-018,CHAN-2,2025-10-16,2,83.95,0.0,0.0,Completed,167.9
ORD-08004,CUST-0114,PROD-016,CHAN-4,2025-10-16,1,25.0,0.0,4.99,Returned,29.99
ORD-08005,CUST-0415,PROD-039,CHAN-1,2025-10-16,1,83.0,0.25,8.99,Completed,71.24
ORD-08006,CUST-0164,PROD-004,CHAN-2,2025-10-16,1,47.99,0.1,11.99,Completed,55.18
ORD-08007,CUST-0748,PROD-045,CHAN-1,2025-10-16,1,51.0,0.0,8.99,Completed,59.99
ORD-08008,CUST-0058,PROD-027,CHAN-4,2025-10-16,1,54.0,0.0,5.99,Completed,59.99
ORD-08009,CUST-0200,PROD-080,CHAN-2,2025-10-17,4,20.95,0.05,0.0,Returned,79.61
ORD-08010,CUST-0033,PROD-001,CHAN-1,2025-10-17,1,50.95,0.1,4.99,Completed,50.85
ORD-08011,CUST-0409,PROD-121,CHAN-2,2025-10-17,1,156.99,0.0,0.0,Returned,156.99
ORD-08012,CUST-0012,PROD-125,CHAN-2,2025-10-17,3,162.99,0.05,0.0,Completed,464.52
ORD-08013,CUST-0883,PROD-148,CHAN-3,2025-10-17,1,15.0,0.05,4.99,Completed,19.24
ORD-08014,CUST-0955,PROD-034,CHAN-1,2025-10-17,1,65.99,0.0,8.99,Completed,74.98
ORD-08015,CUST-0181,PROD-003,CHAN-1,2025-10-17,1,70.99,0.35,8.99,Completed,55.13
ORD-08016,CUST-1762,PROD-050,CHAN-1,2025-10-18,1,40.0,0.0,4.99,Completed,44.99
ORD-08017,CUST-0034,PROD-065,CHAN-3,2025-10-18,1,30.0,0.0,11.99,Completed,41.99
ORD-08018,CUST-0414,PROD-075,CHAN-1,2025-10-18,1,118.99,0.0,0.0,Completed,118.99
ORD-08019,CUST-0863,PROD-070,CHAN-1,2025-10-18,1,91.99,0.0,0.0,Completed,91.99
ORD-08020,CUST-0716,PROD-013,CHAN-3,2025-10-18,1,41.95,0.0,11.99,Completed,53.94
ORD-08021,CUST-0032,PROD-014,CHAN-4,2025-10-18,2,19.0,0.0,8.99,Completed,46.99
ORD-08022,CUST-1437,PROD-030,CHAN-3,2025-10-18,2,62.99,0.0,0.0,Completed,125.98
ORD-08023,CUST-0184,PROD-149,CHAN-3,2025-10-18,4,11.99,0.0,4.99,Completed,52.95
ORD-08024,CUST-1362,PROD-090,CHAN-4,2025-10-18,1,21.0,0.0,8.99,Completed,29.99
ORD-08025,CUST-1041,PROD-009,CHAN-2,2025-10-18,2,60.99,0.0,0.0,Completed,121.98
ORD-08026,CUST-0822,PROD-108,CHAN-1,2025-10-18,1,114.95,0.05,0.0,Completed,109.2
ORD-08027,CUST-0001,PROD-005,CHAN-2,2025-10-18,1,30.99,0.0,11.99,Completed,42.98
ORD-08028,CUST-0035,PROD-011,CHAN-1,2025-10-18,2,18.95,0.2,11.99,Completed,42.31
ORD-08029,CUST-0539,PROD-002,CHAN-2,2025-10-19,1,28.99,0.0,11.99,Completed,40.98
ORD-08030,CUST-0694,PROD-004,CHAN-5,2025-10-19,1,47.99,0.25,8.99,Completed,44.98
ORD-08031,CUST-0901,PROD-044,CHAN-1,2025-10-19,1,66.0,0.0,5.99,Completed,71.99
ORD-08032,CUST-0145,PROD-096,CHAN-1,2025-10-19,2,22.99,0.0,8.99,Completed,54.97
ORD-08033,CUST-0650,PROD-012,CHAN-1,2025-10-19,3,63.0,0.0,0.0,Completed,189.0
ORD-08034,CUST-0092,PROD-003,CHAN-2,2025-10-19,1,70.99,0.4,4.99,Completed,47.58
ORD-08035,CUST-0284,PROD-001,CHAN-5,2025-10-19,1,50.95,0.1,11.99,Returned,57.85
ORD-08036,CUST-1996,PROD-024,CHAN-1,2025-10-19,3,39.0,0.0,0.0,Completed,117.0
ORD-08037,CUST-0114,PROD-029,CHAN-1,2025-10-19,3,79.0,0.0,0.0,Cancelled,0.0
ORD-08038,CUST-0007,PROD-089,CHAN-2,2025-10-19,1,5.99,0.1,5.99,Completed,11.38
ORD-08039,CUST-0001,PROD-131,CHAN-2,2025-10-19,1,7.95,0.0,5.99,Completed,13.94
ORD-08040,CUST-0232,PROD-010,CHAN-2,2025-10-19,1,32.99,0.0,5.99,Completed,38.98
ORD-08041,CUST-0852,PROD-021,CHAN-5,2025-10-19,1,39.0,0.0,11.99,Completed,50.99
ORD-08042,CUST-0006,PROD-126,CHAN-2,2025-10-19,1,6.99,0.0,5.99,Completed,12.98
ORD-08043,CUST-0967,PROD-032,CHAN-1,2025-10-20,1,89.95,0.0,0.0,Completed,89.95
ORD-08044,CUST-0056,PROD-004,CHAN-1,2025-10-20,1,47.99,0.0,4.99,Completed,52.98
ORD-08045,CUST-0003,PROD-117,CHAN-2,2025-10-20,1,27.99,0.0,8.99,Completed,36.98
ORD-08046,CUST-0736,PROD-097,CHAN-2,2025-10-20,1,6.0,0.0,4.99,Completed,10.99
ORD-08047,CUST-0011,PROD-111,CHAN-1,2025-10-20,1,27.99,0.4,4.99,Completed,21.78
ORD-08048,CUST-0618,PROD-005,CHAN-5,2025-10-20,2,30.99,0.05,11.99,Completed,70.87
ORD-08049,CUST-0536,PROD-104,CHAN-2,2025-10-20,2,72.99,0.0,0.0,Completed,145.98
ORD-08050,CUST-0628,PROD-001,CHAN-4,2025-10-20,2,50.95,0.0,0.0,Completed,101.9
ORD-08051,CUST-1759,PROD-080,CHAN-1,2025-10-20,1,20.95,0.0,5.99,Completed,26.94
ORD-08052,CUST-0029,PROD-005,CHAN-1,2025-10-20,1,30.99,0.0,5.99,Completed,36.98
ORD-08053,CUST-0727,PROD-016,CHAN-2,2025-10-20,1,25.0,0.15,8.99,Completed,30.24
ORD-08054,CUST-0763,PROD-147,CHAN-2,2025-10-20,1,5.95,0.0,5.99,Completed,11.94
ORD-08055,CUST-0287,PROD-089,CHAN-2,2025-10-20,3,5.99,0.4,11.99,Completed,22.77
ORD-08056,CUST-0003,PROD-014,CHAN-1,2025-10-20,2,19.0,0.0,11.99,Completed,49.99
ORD-08057,CUST-0364,PROD-005,CHAN-1,2025-10-21,1,30.99,0.0,5.99,Completed,36.98
ORD-08058,CUST-1980,PROD-021,CHAN-1,2025-10-21,1,39.0,0.2,8.99,Completed,40.19
ORD-08059,CUST-0099,PROD-048,CHAN-2,2025-10-21,1,121.95,0.0,0.0,Completed,121.95
ORD-08060,CUST-1572,PROD-008,CHAN-3,2025-10-21,3,38.99,0.0,0.0,Completed,116.97
ORD-08061,CUST-0155,PROD-003,CHAN-3,2025-10-21,2,70.99,0.0,0.0,Completed,141.98
ORD-08062,CUST-0041,PROD-031,CHAN-2,2025-10-21,1,100.0,0.0,0.0,Completed,100.0
ORD-08063,CUST-0817,PROD-071,CHAN-3,2025-10-21,1,54.99,0.35,8.99,Completed,44.73
ORD-08064,CUST-0461,PROD-058,CHAN-1,2025-10-21,2,86.0,0.0,0.0,Refunded,172.0
ORD-08065,CUST-0669,PROD-105,CHAN-2,2025-10-21,1,71.0,0.15,4.99,Completed,65.34
ORD-08066,CUST-0023,PROD-127,CHAN-1,2025-10-21,4,7.95,0.05,8.99,Completed,39.2
ORD-08067,CUST-0186,PROD-005,CHAN-3,2025-10-21,2,30.99,0.0,11.99,Completed,73.97
ORD-08068,CUST-1051,PROD-003,CHAN-3,2025-10-21,1,70.99,0.0,4.99,Completed,75.98
ORD-08069,CUST-0276,PROD-125,CHAN-2,2025-10-21,1,162.99,0.1,0.0,Completed,146.69
ORD-08070,CUST-0356,PROD-061,CHAN-3,2025-10-21,1,67.0,0.0,5.99,Completed,72.99
ORD-08071,CUST-1080,PROD-096,CHAN-1,2025-10-21,1,22.99,0.15,11.99,Returned,31.53
ORD-08072,CUST-0476,PROD-093,CHAN-2,2025-10-21,2,25.99,0.0,5.99,Completed,57.97
ORD-08073,CUST-0568,PROD-064,CHAN-1,2025-10-21,1,43.0,0.15,4.99,Completed,41.54
ORD-08074,CUST-0848,PROD-087,CHAN-2,2025-10-21,1,34.99,0.0,5.99,Completed,40.98
ORD-08075,CUST-0549,PROD-003,CHAN-2,2025-10-21,1,70.99,0.0,8.99,Completed,79.98
ORD-08076,CUST-0522,PROD-048,CHAN-2,2025-10-22,1,121.95,0.0,0.0,Completed,121.95
ORD-08077,CUST-0155,PROD-024,CHAN-2,2025-10-22,1,39.0,0.3,5.99,Completed,33.29
ORD-08078,CUST-0028,PROD-145,CHAN-2,2025-10-22,1,10.95,0.1,11.99,Completed,21.84
ORD-08079,CUST-0690,PROD-082,CHAN-2,2025-10-22,1,22.0,0.25,4.99,Completed,21.49
ORD-08080,CUST-0026,PROD-022,CHAN-1,2025-10-22,1,21.0,0.0,8.99,Completed,29.99
ORD-08081,CUST-0438,PROD-030,CHAN-2,2025-10-22,1,62.99,0.0,4.99,Completed,67.98
ORD-08082,CUST-0105,PROD-005,CHAN-1,2025-10-22,1,30.99,0.0,8.99,Completed,39.98
ORD-08083,CUST-0795,PROD-101,CHAN-2,2025-10-22,1,66.0,0.0,5.99,Completed,71.99
ORD-08084,CUST-0097,PROD-076,CHAN-2,2025-10-22,1,7.99,0.25,11.99,Completed,17.98
ORD-08085,CUST-1542,PROD-002,CHAN-2,2025-10-22,1,28.99,0.2,8.99,Returned,32.18
ORD-08086,CUST-1241,PROD-125,CHAN-4,2025-10-22,1,162.99,0.0,0.0,Completed,162.99
ORD-08087,CUST-0714,PROD-003,CHAN-2,2025-10-22,2,70.99,0.0,0.0,Refunded,141.98
ORD-08088,CUST-0255,PROD-002,CHAN-1,2025-10-22,1,28.99,0.0,8.99,Completed,37.98
ORD-08089,CUST-0053,PROD-024,CHAN-1,2025-10-22,1,39.0,0.0,5.99,Completed,44.99
ORD-08090,CUST-0008,PROD-117,CHAN-2,2025-10-22,1,27.99,0.0,5.99,Completed,33.98
ORD-08091,CUST-0531,PROD-025,CHAN-3,2025-10-22,3,57.99,0.0,0.0,Completed,173.97
ORD-08092,CUST-0001,PROD-002,CHAN-2,2025-10-22,1,28.99,0.0,4.99,Completed,33.98
ORD-08093,CUST-1560,PROD-067,CHAN-1,2025-10-22,1,95.99,0.05,0.0,Completed,91.19
ORD-08094,CUST-0747,PROD-005,CHAN-3,2025-10-22,1,30.99,0.0,4.99,Completed,35.98
ORD-08095,CUST-1889,PROD-006,CHAN-2,2025-10-22,1,58.0,0.0,11.99,Completed,69.99
ORD-08096,CUST-0222,PROD-060,CHAN-1,2025-10-22,1,51.99,0.0,8.99,Completed,60.98
ORD-08097,CUST-0094,PROD-038,CHAN-2,2025-10-23,2,83.99,0.0,0.0,Completed,167.98
ORD-08098,CUST-0013,PROD-002,CHAN-1,2025-10-23,2,28.99,0.0,8.99,Completed,66.97
ORD-08099,CUST-1315,PROD-047,CHAN-3,2025-10-23,2,82.0,0.0,0.0,Completed,164.0
ORD-08100,CUST-0076,PROD-006,CHAN-1,2025-10-23,1,58.0,0.0,5.99,Completed,63.99
ORD-08101,CUST-0569,PROD-052,CHAN-2,2025-10-23,1,124.0,0.4,5.99,Completed,80.39
ORD-08102,CUST-1071,PROD-029,CHAN-2,2025-10-23,5,79.0,0.0,0.0,Completed,395.0
ORD-08103,CUST-0079,PROD-025,CHAN-2,2025-10-23,2,57.99,0.0,0.0,Completed,115.98
ORD-08104,CUST-0014,PROD-081,CHAN-4,2025-10-23,1,38.95,0.0,5.99,Completed,44.94
ORD-08105,CUST-0082,PROD-069,CHAN-1,2025-10-23,1,71.0,0.2,11.99,Completed,68.79
ORD-08106,CUST-1493,PROD-053,CHAN-1,2025-10-23,1,88.95,0.2,5.99,Completed,77.15
ORD-08107,CUST-0580,PROD-036,CHAN-2,2025-10-23,2,102.99,0.0,0.0,Completed,205.98
ORD-08108,CUST-0292,PROD-147,CHAN-4,2025-10-23,1,5.95,0.0,5.99,Completed,11.94
ORD-08109,CUST-0069,PROD-015,CHAN-1,2025-10-23,1,65.0,0.1,5.99,Completed,64.49
ORD-08110,CUST-0214,PROD-002,CHAN-1,2025-10-23,1,28.99,0.0,5.99,Completed,34.98
ORD-08111,CUST-0003,PROD-036,CHAN-1,2025-10-23,3,102.99,0.2,0.0,Completed,247.18
ORD-08112,CUST-0009,PROD-129,CHAN-1,2025-10-23,1,8.99,0.0,11.99,Returned,20.98
ORD-08113,CUST-0058,PROD-102,CHAN-1,2025-10-23,3,137.0,0.0,0.0,Completed,411.0
ORD-08114,CUST-0003,PROD-010,CHAN-2,2025-10-24,2,32.99,0.0,0.0,Cancelled,0.0
ORD-08115,CUST-1748,PROD-029,CHAN-2,2025-10-24,2,79.0,0.0,0.0,Completed,158.0
ORD-08116,CUST-0455,PROD-071,CHAN-1,2025-10-24,1,54.99,0.0,11.99,Completed,66.98
ORD-08117,CUST-1050,PROD-035,CHAN-3,2025-10-24,2,102.99,0.3,0.0,Completed,144.19
ORD-08118,CUST-1349,PROD-004,CHAN-1,2025-10-24,1,47.99,0.0,11.99,Completed,59.98
ORD-08119,CUST-1909,PROD-010,CHAN-1,2025-10-24,1,32.99,0.15,8.99,Completed,37.03
ORD-08120,CUST-0002,PROD-012,CHAN-1,2025-10-24,1,63.0,0.1,8.99,Completed,65.69
ORD-08121,CUST-1827,PROD-073,CHAN-2,2025-10-24,1,24.95,0.4,4.99,Completed,19.96
ORD-08122,CUST-1142,PROD-124,CHAN-4,2025-10-24,1,180.95,0.0,0.0,Completed,180.95
ORD-08123,CUST-1418,PROD-009,CHAN-1,2025-10-24,1,60.99,0.0,4.99,Returned,65.98
ORD-08124,CUST-0703,PROD-054,CHAN-1,2025-10-24,2,109.0,0.25,0.0,Returned,163.5
ORD-08125,CUST-0233,PROD-001,CHAN-1,2025-10-24,1,50.95,0.0,4.99,Completed,55.94
ORD-08126,CUST-0005,PROD-005,CHAN-5,2025-10-24,2,30.99,0.0,8.99,Completed,70.97
ORD-08127,CUST-0015,PROD-051,CHAN-1,2025-10-24,1,105.95,0.0,0.0,Completed,105.95
ORD-08128,CUST-0277,PROD-001,CHAN-1,2025-10-25,1,50.95,0.05,11.99,Completed,60.39
ORD-08129,CUST-0305,PROD-123,CHAN-5,2025-10-25,3,141.0,0.1,0.0,Completed,380.7
ORD-08130,CUST-1924,PROD-001,CHAN-2,2025-10-25,1,50.95,0.0,8.99,Completed,59.94
ORD-08131,CUST-1358,PROD-099,CHAN-1,2025-10-25,1,17.95,0.2,8.99,Completed,23.35
ORD-08132,CUST-0068,PROD-014,CHAN-5,2025-10-25,2,19.0,0.1,11.99,Completed,46.19
ORD-08133,CUST-0033,PROD-013,CHAN-1,2025-10-25,4,41.95,0.0,0.0,Completed,167.8
ORD-08134,CUST-1540,PROD-046,CHAN-2,2025-10-25,2,36.99,0.4,4.99,Completed,49.38
ORD-08135,CUST-0038,PROD-131,CHAN-2,2025-10-25,1,7.95,0.0,5.99,Completed,13.94
ORD-08136,CUST-0181,PROD-055,CHAN-1,2025-10-25,1,110.99,0.0,0.0,Completed,110.99
ORD-08137,CUST-1428,PROD-089,CHAN-2,2025-10-25,1,5.99,0.0,11.99,Completed,17.98
ORD-08138,CUST-0062,PROD-032,CHAN-1,2025-10-25,3,89.95,0.0,0.0,Completed,269.85
ORD-08139,CUST-1540,PROD-005,CHAN-3,2025-10-26,2,30.99,0.0,5.99,Completed,67.97
ORD-08140,CUST-1870,PROD-033,CHAN-2,2025-10-26,1,63.99,0.3,11.99,Completed,56.78
ORD-08141,CUST-0005,PROD-001,CHAN-1,2025-10-26,1,50.95,0.05,11.99,Completed,60.39
ORD-08142,CUST-0065,PROD-079,CHAN-2,2025-10-26,4,37.99,0.05,0.0,Completed,144.36
ORD-08143,CUST-0099,PROD-132,CHAN-2,2025-10-26,1,8.0,0.35,8.99,Completed,14.19
ORD-08144,CUST-0683,PROD-074,CHAN-1,2025-10-26,2,45.95,0.0,0.0,Completed,91.9
ORD-08145,CUST-0849,PROD-150,CHAN-4,2025-10-26,1,7.0,0.0,8.99,Completed,15.99
ORD-08146,CUST-0810,PROD-134,CHAN-4,2025-10-26,2,3.99,0.35,4.99,Completed,10.18
ORD-08147,CUST-0986,PROD-003,CHAN-3,2025-10-26,1,70.99,0.0,4.99,Completed,75.98
ORD-08148,CUST-0440,PROD-026,CHAN-1,2025-10-26,1,36.95,0.25,11.99,Completed,39.7
ORD-08149,CUST-1316,PROD-088,CHAN-2,2025-10-26,1,29.99,0.0,5.99,Completed,35.98
ORD-08150,CUST-1918,PROD-025,CHAN-2,2025-10-26,1,57.99,0.0,4.99,Completed,62.98
ORD-08151,CUST-1674,PROD-020,CHAN-5,2025-10-26,1,25.0,0.25,11.99,Completed,30.74
ORD-08152,CUST-0010,PROD-007,CHAN-1,2025-10-26,1,49.0,0.0,5.99,Completed,54.99
ORD-08153,CUST-0351,PROD-023,CHAN-2,2025-10-26,2,58.95,0.4,8.99,Completed,79.73
ORD-08154,CUST-1249,PROD-079,CHAN-4,2025-10-27,1,37.99,0.0,8.99,Completed,46.98
ORD-08155,CUST-0001,PROD-014,CHAN-1,2025-10-27,1,19.0,0.0,4.99,Completed,23.99
ORD-08156,CUST-1529,PROD-105,CHAN-1,2025-10-27,1,71.0,0.0,11.99,Completed,82.99
ORD-08157,CUST-0660,PROD-147,CHAN-1,2025-10-27,1,5.95,0.0,5.99,Completed,11.94
ORD-08158,CUST-1937,PROD-144,CHAN-1,2025-10-27,1,17.95,0.05,4.99,Returned,22.04
ORD-08159,CUST-0487,PROD-113,CHAN-1,2025-10-27,3,97.0,0.4,0.0,Completed,174.6
ORD-08160,CUST-0117,PROD-056,CHAN-2,2025-10-27,1,131.0,0.1,0.0,Completed,117.9
ORD-08161,CUST-0135,PROD-034,CHAN-3,2025-10-27,1,65.99,0.0,8.99,Completed,74.98
ORD-08162,CUST-0590,PROD-069,CHAN-2,2025-10-27,3,71.0,0.0,0.0,Completed,213.0
ORD-08163,CUST-0521,PROD-060,CHAN-2,2025-10-27,2,51.99,0.0,0.0,Refunded,103.98
ORD-08164,CUST-0016,PROD-120,CHAN-1,2025-10-27,1,158.0,0.0,0.0,Completed,158.0
ORD-08165,CUST-0552,PROD-008,CHAN-1,2025-10-27,1,38.99,0.0,4.99,Returned,43.98
ORD-08166,CUST-0072,PROD-117,CHAN-3,2025-10-27,1,27.99,0.35,11.99,Completed,30.18
ORD-08167,CUST-0084,PROD-119,CHAN-1,2025-10-27,5,123.0,0.0,0.0,Completed,615.0
ORD-08168,CUST-0063,PROD-082,CHAN-1,2025-10-27,1,22.0,0.0,8.99,Refunded,30.99
ORD-08169,CUST-0062,PROD-068,CHAN-1,2025-10-27,1,83.95,0.25,5.99,Completed,68.95
ORD-08170,CUST-0038,PROD-031,CHAN-2,2025-10-27,1,100.0,0.0,0.0,Completed,100.0
ORD-08171,CUST-0035,PROD-033,CHAN-2,2025-10-27,4,63.99,0.0,0.0,Completed,255.96
ORD-08172,CUST-1063,PROD-006,CHAN-1,2025-10-27,1,58.0,0.0,11.99,Completed,69.99
ORD-08173,CUST-0016,PROD-011,CHAN-1,2025-10-28,1,18.95,0.0,11.99,Completed,30.94
ORD-08174,CUST-0050,PROD-015,CHAN-1,2025-10-28,1,65.0,0.0,8.99,Completed,73.99
ORD-08175,CUST-0740,PROD-010,CHAN-1,2025-10-28,1,32.99,0.0,4.99,Completed,37.98
ORD-08176,CUST-0323,PROD-106,CHAN-1,2025-10-28,1,103.0,0.0,0.0,Completed,103.0
ORD-08177,CUST-0638,PROD-053,CHAN-3,2025-10-28,2,88.95,0.0,0.0,Completed,177.9
ORD-08178,CUST-0004,PROD-021,CHAN-2,2025-10-28,3,39.0,0.0,0.0,Completed,117.0
ORD-08179,CUST-1118,PROD-006,CHAN-1,2025-10-28,2,58.0,0.1,0.0,Completed,104.4
ORD-08180,CUST-0278,PROD-045,CHAN-2,2025-10-28,1,51.0,0.0,11.99,Completed,62.99
ORD-08181,CUST-1318,PROD-112,CHAN-2,2025-10-28,1,115.0,0.0,0.0,Cancelled,0.0
ORD-08182,CUST-0662,PROD-007,CHAN-1,2025-10-28,1,49.0,0.3,8.99,Completed,43.29
ORD-08183,CUST-1566,PROD-019,CHAN-1,2025-10-28,1,35.95,0.0,5.99,Refunded,41.94
ORD-08184,CUST-0006,PROD-002,CHAN-2,2025-10-28,1,28.99,0.0,11.99,Refunded,40.98
ORD-08185,CUST-0473,PROD-065,CHAN-2,2025-10-28,1,30.0,0.2,4.99,Completed,28.99
ORD-08186,CUST-0620,PROD-016,CHAN-1,2025-10-28,1,25.0,0.0,11.99,Completed,36.99
ORD-08187,CUST-0114,PROD-010,CHAN-1,2025-10-28,1,32.99,0.0,11.99,Completed,44.98
ORD-08188,CUST-0388,PROD-018,CHAN-5,2025-10-29,1,83.95,0.0,0.0,Cancelled,0.0
ORD-08189,CUST-1458,PROD-049,CHAN-1,2025-10-29,4,19.95,0.25,4.99,Completed,64.84
ORD-08190,CUST-1442,PROD-034,CHAN-1,2025-10-29,1,65.99,0.0,8.99,Completed,74.98
ORD-08191,CUST-1123,PROD-002,CHAN-2,2025-10-29,1,28.99,0.05,8.99,Completed,36.53
ORD-08192,CUST-0030,PROD-074,CHAN-2,2025-10-29,1,45.95,0.0,4.99,Completed,50.94
ORD-08193,CUST-0296,PROD-104,CHAN-2,2025-10-29,1,72.99,0.0,5.99,Completed,78.98
ORD-08194,CUST-0199,PROD-005,CHAN-5,2025-10-29,1,30.99,0.0,11.99,Completed,42.98
ORD-08195,CUST-0120,PROD-076,CHAN-2,2025-10-29,1,7.99,0.0,5.99,Completed,13.98
ORD-08196,CUST-1406,PROD-002,CHAN-2,2025-10-29,1,28.99,0.2,4.99,Completed,28.18
ORD-08197,CUST-0105,PROD-102,CHAN-2,2025-10-29,2,137.0,0.0,0.0,Completed,274.0
ORD-08198,CUST-0201,PROD-133,CHAN-1,2025-10-29,1,18.99,0.0,0.0,Cancelled,0.0
ORD-08199,CUST-1663,PROD-002,CHAN-1,2025-10-29,5,28.99,0.0,0.0,Completed,144.95
ORD-08200,CUST-1850,PROD-089,CHAN-2,2025-10-30,1,5.99,0.25,5.99,Completed,10.48
ORD-08201,CUST-0064,PROD-029,CHAN-1,2025-10-30,1,79.0,0.0,0.0,Completed,79.0
ORD-08202,CUST-0252,PROD-035,CHAN-2,2025-10-30,1,102.99,0.4,11.99,Returned,73.78
ORD-08203,CUST-1342,PROD-022,CHAN-1,2025-10-30,1,21.0,0.35,5.99,Refunded,19.64
ORD-08204,CUST-0037,PROD-024,CHAN-2,2025-10-30,1,39.0,0.0,5.99,Completed,44.99
ORD-08205,CUST-1537,PROD-057,CHAN-1,2025-10-30,1,32.0,0.0,11.99,Completed,43.99
ORD-08206,CUST-0977,PROD-062,CHAN-3,2025-10-30,2,77.99,0.4,0.0,Completed,93.59
ORD-08207,CUST-0004,PROD-003,CHAN-2,2025-10-30,1,70.99,0.0,0.0,Cancelled,0.0
ORD-08208,CUST-0490,PROD-094,CHAN-2,2025-10-30,1,24.95,0.05,5.99,Completed,29.69
ORD-08209,CUST-0627,PROD-005,CHAN-2,2025-10-30,1,30.99,0.0,4.99,Completed,35.98
ORD-08210,CUST-0347,PROD-013,CHAN-2,2025-10-30,1,41.95,0.0,11.99,Completed,53.94
ORD-08211,CUST-0004,PROD-127,CHAN-2,2025-10-30,1,7.95,0.0,4.99,Completed,12.94
ORD-08212,CUST-0229,PROD-138,CHAN-2,2025-10-31,1,3.99,0.3,4.99,Completed,7.78
ORD-08213,CUST-0645,PROD-013,CHAN-1,2025-10-31,1,41.95,0.15,4.99,Returned,40.65
ORD-08214,CUST-0086,PROD-082,CHAN-1,2025-10-31,2,22.0,0.0,11.99,Completed,55.99
ORD-08215,CUST-0363,PROD-023,CHAN-1,2025-10-31,1,58.95,0.0,4.99,Completed,63.94
ORD-08216,CUST-0105,PROD-029,CHAN-2,2025-10-31,1,79.0,0.15,11.99,Completed,79.14
ORD-08217,CUST-0921,PROD-076,CHAN-3,2025-11-01,1,7.99,0.25,11.99,Completed,17.98
ORD-08218,CUST-1974,PROD-035,CHAN-2,2025-11-01,1,102.99,0.35,5.99,Completed,72.93
ORD-08219,CUST-0444,PROD-149,CHAN-1,2025-11-01,1,11.99,0.4,11.99,Completed,19.18
ORD-08220,CUST-0014,PROD-007,CHAN-2,2025-11-01,1,49.0,0.0,8.99,Completed,57.99
ORD-08221,CUST-1462,PROD-060,CHAN-1,2025-11-01,1,51.99,0.15,5.99,Completed,50.18
ORD-08222,CUST-0014,PROD-127,CHAN-2,2025-11-01,1,7.95,0.15,8.99,Completed,15.75
ORD-08223,CUST-0005,PROD-017,CHAN-1,2025-11-01,2,28.99,0.0,5.99,Completed,63.97
ORD-08224,CUST-0831,PROD-038,CHAN-3,2025-11-01,1,83.99,0.4,5.99,Completed,56.38
ORD-08225,CUST-0250,PROD-076,CHAN-1,2025-11-01,1,7.99,0.05,5.99,Completed,13.58
ORD-08226,CUST-0456,PROD-022,CHAN-2,2025-11-01,1,21.0,0.0,4.99,Completed,25.99
ORD-08227,CUST-0150,PROD-003,CHAN-1,2025-11-01,1,70.99,0.15,11.99,Completed,72.33
ORD-08228,CUST-0027,PROD-119,CHAN-3,2025-11-01,1,123.0,0.0,0.0,Completed,123.0
ORD-08229,CUST-1218,PROD-043,CHAN-1,2025-11-01,1,45.99,0.0,4.99,Completed,50.98
ORD-08230,CUST-0715,PROD-002,CHAN-1,2025-11-01,1,28.99,0.35,4.99,Completed,23.83
ORD-08231,CUST-0104,PROD-018,CHAN-2,2025-11-01,1,83.95,0.4,4.99,Completed,55.36
ORD-08232,CUST-0002,PROD-016,CHAN-3,2025-11-01,1,25.0,0.0,4.99,Completed,29.99
ORD-08233,CUST-0202,PROD-034,CHAN-2,2025-11-01,1,65.99,0.0,5.99,Completed,71.98
ORD-08234,CUST-0008,PROD-008,CHAN-1,2025-11-01,1,38.99,0.0,11.99,Completed,50.98
ORD-08235,CUST-0002,PROD-014,CHAN-2,2025-11-01,1,19.0,0.0,5.99,Completed,24.99
ORD-08236,CUST-0796,PROD-024,CHAN-5,2025-11-01,4,39.0,0.0,0.0,Completed,156.0
ORD-08237,CUST-1100,PROD-137,CHAN-1,2025-11-02,2,15.0,0.0,5.99,Completed,35.99
ORD-08238,CUST-0108,PROD-079,CHAN-1,2025-11-02,1,37.99,0.0,5.99,Completed,43.98
ORD-08239,CUST-1786,PROD-008,CHAN-2,2025-11-02,1,38.99,0.2,4.99,Completed,36.18
ORD-08240,CUST-0094,PROD-032,CHAN-1,2025-11-02,3,89.95,0.1,0.0,Completed,242.87
ORD-08241,CUST-1833,PROD-080,CHAN-3,2025-11-02,1,20.95,0.0,8.99,Completed,29.94
ORD-08242,CUST-0166,PROD-018,CHAN-2,2025-11-02,1,83.95,0.0,0.0,Returned,83.95
ORD-08243,CUST-0439,PROD-064,CHAN-1,2025-11-02,1,43.0,0.1,11.99,Completed,50.69
ORD-08244,CUST-0002,PROD-087,CHAN-1,2025-11-02,1,34.99,0.0,8.99,Completed,43.98
ORD-08245,CUST-1022,PROD-005,CHAN-1,2025-11-02,2,30.99,0.0,0.0,Cancelled,0.0
ORD-08246,CUST-0460,PROD-046,CHAN-1,2025-11-02,1,36.99,0.0,4.99,Completed,41.98
ORD-08247,CUST-0478,PROD-001,CHAN-3,2025-11-02,1,50.95,0.0,11.99,Completed,62.94
ORD-08248,CUST-0204,PROD-012,CHAN-3,2025-11-02,1,63.0,0.0,11.99,Completed,74.99
ORD-08249,CUST-0247,PROD-052,CHAN-1,2025-11-02,1,124.0,0.2,0.0,Completed,99.2
ORD-08250,CUST-0140,PROD-026,CHAN-1,2025-11-02,1,36.95,0.0,8.99,Completed,45.94
ORD-08251,CUST-0002,PROD-006,CHAN-1,2025-11-02,2,58.0,0.0,0.0,Completed,116.0
ORD-08252,CUST-0542,PROD-138,CHAN-1,2025-11-02,1,3.99,0.15,11.99,Completed,15.38
ORD-08253,CUST-0832,PROD-050,CHAN-2,2025-11-02,1,40.0,0.0,8.99,Completed,48.99
ORD-08254,CUST-0482,PROD-088,CHAN-2,2025-11-02,3,29.99,0.0,0.0,Completed,89.97
ORD-08255,CUST-1732,PROD-028,CHAN-1,2025-11-02,1,109.0,0.4,8.99,Completed,74.39
ORD-08256,CUST-0013,PROD-002,CHAN-1,2025-11-02,1,28.99,0.0,0.0,Cancelled,0.0
ORD-08257,CUST-0574,PROD-007,CHAN-2,2025-11-02,1,49.0,0.0,5.99,Completed,54.99
ORD-08258,CUST-1205,PROD-091,CHAN-1,2025-11-02,3,13.0,0.0,11.99,Completed,50.99
ORD-08259,CUST-0031,PROD-099,CHAN-2,2025-11-02,1,17.95,0.0,8.99,Completed,26.94
ORD-08260,CUST-0007,PROD-006,CHAN-3,2025-11-02,1,58.0,0.0,11.99,Completed,69.99
ORD-08261,CUST-0053,PROD-038,CHAN-1,2025-11-02,1,83.99,0.35,4.99,Completed,59.58
ORD-08262,CUST-1542,PROD-032,CHAN-1,2025-11-03,3,89.95,0.0,0.0,Completed,269.85
ORD-08263,CUST-0183,PROD-018,CHAN-1,2025-11-03,1,83.95,0.0,0.0,Completed,83.95
ORD-08264,CUST-0429,PROD-001,CHAN-2,2025-11-03,2,50.95,0.0,0.0,Completed,101.9
ORD-08265,CUST-0553,PROD-113,CHAN-1,2025-11-03,1,97.0,0.35,5.99,Returned,69.04
ORD-08266,CUST-0765,PROD-007,CHAN-1,2025-11-03,1,49.0,0.0,0.0,Cancelled,0.0
ORD-08267,CUST-0989,PROD-001,CHAN-1,2025-11-03,1,50.95,0.0,11.99,Completed,62.94
ORD-08268,CUST-0944,PROD-039,CHAN-1,2025-11-03,2,83.0,0.1,0.0,Completed,149.4
ORD-08269,CUST-0929,PROD-042,CHAN-1,2025-11-03,1,17.0,0.05,11.99,Completed,28.14
ORD-08270,CUST-1663,PROD-002,CHAN-1,2025-11-03,1,28.99,0.25,11.99,Completed,33.73
ORD-08271,CUST-0591,PROD-064,CHAN-1,2025-11-03,1,43.0,0.0,11.99,Completed,54.99
ORD-08272,CUST-1637,PROD-086,CHAN-4,2025-11-03,2,7.0,0.0,11.99,Completed,25.99
ORD-08273,CUST-0187,PROD-004,CHAN-2,2025-11-03,1,47.99,0.0,8.99,Completed,56.98
ORD-08274,CUST-0215,PROD-028,CHAN-4,2025-11-03,1,109.0,0.0,0.0,Completed,109.0
ORD-08275,CUST-0033,PROD-056,CHAN-3,2025-11-03,3,131.0,0.0,0.0,Completed,393.0
ORD-08276,CUST-0429,PROD-001,CHAN-1,2025-11-03,3,50.95,0.0,0.0,Cancelled,0.0
ORD-08277,CUST-0323,PROD-079,CHAN-1,2025-11-03,1,37.99,0.0,0.0,Cancelled,0.0
ORD-08278,CUST-0470,PROD-104,CHAN-5,2025-11-03,2,72.99,0.4,0.0,Completed,87.59
ORD-08279,CUST-0420,PROD-056,CHAN-3,2025-11-03,1,131.0,0.0,0.0,Completed,131.0
ORD-08280,CUST-1751,PROD-043,CHAN-4,2025-11-03,2,45.99,0.0,0.0,Completed,91.98
ORD-08281,CUST-0020,PROD-006,CHAN-1,2025-11-03,1,58.0,0.2,5.99,Completed,52.39
ORD-08282,CUST-0233,PROD-055,CHAN-1,2025-11-03,1,110.99,0.0,0.0,Completed,110.99
ORD-08283,CUST-1872,PROD-028,CHAN-3,2025-11-03,1,109.0,0.1,0.0,Completed,98.1
ORD-08284,CUST-1138,PROD-006,CHAN-2,2025-11-03,1,58.0,0.0,11.99,Completed,69.99
ORD-08285,CUST-1552,PROD-017,CHAN-1,2025-11-03,2,28.99,0.0,8.99,Refunded,66.97
ORD-08286,CUST-0116,PROD-010,CHAN-2,2025-11-03,1,32.99,0.1,8.99,Returned,38.68
ORD-08287,CUST-0089,PROD-024,CHAN-1,2025-11-03,1,39.0,0.3,8.99,Completed,36.29
ORD-08288,CUST-0167,PROD-090,CHAN-4,2025-11-03,1,21.0,0.0,8.99,Completed,29.99
ORD-08289,CUST-1188,PROD-130,CHAN-2,2025-11-03,5,5.95,0.25,11.99,Completed,34.3
ORD-08290,CUST-0119,PROD-103,CHAN-2,2025-11-04,1,111.0,0.0,0.0,Completed,111.0
ORD-08291,CUST-0787,PROD-040,CHAN-1,2025-11-04,1,106.95,0.1,0.0,Returned,96.26
ORD-08292,CUST-0813,PROD-076,CHAN-2,2025-11-04,1,7.99,0.0,5.99,Completed,13.98
ORD-08293,CUST-0029,PROD-029,CHAN-3,2025-11-04,2,79.0,0.0,0.0,Completed,158.0
ORD-08294,CUST-0665,PROD-150,CHAN-3,2025-11-04,1,7.0,0.0,4.99,Completed,11.99
ORD-08295,CUST-0183,PROD-004,CHAN-2,2025-11-04,2,47.99,0.0,0.0,Completed,95.98
ORD-08296,CUST-0021,PROD-116,CHAN-2,2025-11-04,2,103.99,0.35,0.0,Completed,135.19
ORD-08297,CUST-0003,PROD-003,CHAN-2,2025-11-04,2,70.99,0.35,0.0,Completed,92.29
ORD-08298,CUST-1393,PROD-071,CHAN-1,2025-11-04,1,54.99,0.0,11.99,Completed,66.98
ORD-08299,CUST-1425,PROD-003,CHAN-2,2025-11-04,1,70.99,0.0,4.99,Completed,75.98
ORD-08300,CUST-0210,PROD-030,CHAN-4,2025-11-04,2,62.99,0.25,0.0,Completed,94.48
ORD-08301,CUST-1355,PROD-026,CHAN-1,2025-11-04,5,36.95,0.0,0.0,Completed,184.75
ORD-08302,CUST-0018,PROD-040,CHAN-1,2025-11-04,1,106.95,0.0,0.0,Returned,106.95
ORD-08303,CUST-0095,PROD-121,CHAN-4,2025-11-04,1,156.99,0.2,0.0,Completed,125.59
ORD-08304,CUST-0005,PROD-066,CHAN-1,2025-11-04,4,71.95,0.0,0.0,Completed,287.8
ORD-08305,CUST-0007,PROD-004,CHAN-2,2025-11-04,2,47.99,0.0,0.0,Completed,95.98
ORD-08306,CUST-0278,PROD-013,CHAN-1,2025-11-04,1,41.95,0.2,5.99,Completed,39.55
ORD-08307,CUST-0047,PROD-108,CHAN-1,2025-11-04,1,114.95,0.0,0.0,Completed,114.95
ORD-08308,CUST-0920,PROD-001,CHAN-3,2025-11-04,2,50.95,0.0,0.0,Completed,101.9
ORD-08309,CUST-0005,PROD-120,CHAN-2,2025-11-04,1,158.0,0.0,0.0,Completed,158.0
ORD-08310,CUST-1428,PROD-116,CHAN-1,2025-11-04,1,103.99,0.0,0.0,Completed,103.99
ORD-08311,CUST-0064,PROD-088,CHAN-4,2025-11-04,1,29.99,0.1,11.99,Completed,38.98
ORD-08312,CUST-0001,PROD-101,CHAN-1,2025-11-04,1,66.0,0.0,4.99,Refunded,70.99
ORD-08313,CUST-0032,PROD-019,CHAN-5,2025-11-05,4,35.95,0.0,0.0,Refunded,143.8
ORD-08314,CUST-0116,PROD-140,CHAN-1,2025-11-05,2,12.0,0.2,8.99,Completed,28.19
ORD-08315,CUST-0041,PROD-102,CHAN-1,2025-11-05,1,137.0,0.1,0.0,Completed,123.3
ORD-08316,CUST-1669,PROD-009,CHAN-5,2025-11-05,1,60.99,0.35,5.99,Completed,45.63
ORD-08317,CUST-0001,PROD-114,CHAN-2,2025-11-05,1,21.0,0.0,8.99,Completed,29.99
ORD-08318,CUST-0006,PROD-050,CHAN-1,2025-11-05,1,40.0,0.0,0.0,Cancelled,0.0
ORD-08319,CUST-0587,PROD-061,CHAN-4,2025-11-05,1,67.0,0.0,8.99,Returned,75.99
ORD-08320,CUST-0123,PROD-018,CHAN-2,2025-11-05,1,83.95,0.2,5.99,Completed,73.15
ORD-08321,CUST-0158,PROD-106,CHAN-3,2025-11-05,1,103.0,0.1,0.0,Completed,92.7
ORD-08322,CUST-0479,PROD-028,CHAN-2,2025-11-05,2,109.0,0.0,0.0,Completed,218.0
ORD-08323,CUST-0888,PROD-001,CHAN-2,2025-11-05,2,50.95,0.0,0.0,Completed,101.9
ORD-08324,CUST-0009,PROD-005,CHAN-2,2025-11-05,1,30.99,0.0,5.99,Completed,36.98
ORD-08325,CUST-1182,PROD-007,CHAN-1,2025-11-05,1,49.0,0.0,4.99,Completed,53.99
ORD-08326,CUST-0251,PROD-042,CHAN-3,2025-11-05,2,17.0,0.0,5.99,Completed,39.99
ORD-08327,CUST-1949,PROD-002,CHAN-1,2025-11-05,1,28.99,0.05,4.99,Completed,32.53
ORD-08328,CUST-0390,PROD-012,CHAN-2,2025-11-05,1,63.0,0.0,4.99,Completed,67.99
ORD-08329,CUST-0010,PROD-033,CHAN-1,2025-11-05,2,63.99,0.0,0.0,Completed,127.98
ORD-08330,CUST-1244,PROD-004,CHAN-3,2025-11-05,1,47.99,0.1,11.99,Completed,55.18
ORD-08331,CUST-0329,PROD-003,CHAN-2,2025-11-05,1,70.99,0.0,5.99,Completed,76.98
ORD-08332,CUST-0076,PROD-003,CHAN-2,2025-11-05,1,70.99,0.0,4.99,Completed,75.98
ORD-08333,CUST-1466,PROD-081,CHAN-4,2025-11-06,2,38.95,0.2,4.99,Completed,67.31
ORD-08334,CUST-0090,PROD-045,CHAN-2,2025-11-06,1,51.0,0.0,5.99,Completed,56.99
ORD-08335,CUST-0457,PROD-074,CHAN-1,2025-11-06,2,45.95,0.25,11.99,Completed,80.92
ORD-08336,CUST-0018,PROD-001,CHAN-2,2025-11-06,1,50.95,0.0,11.99,Completed,62.94
ORD-08337,CUST-0002,PROD-040,CHAN-2,2025-11-06,1,106.95,0.2,0.0,Completed,85.56
ORD-08338,CUST-0807,PROD-008,CHAN-2,2025-11-06,1,38.99,0.25,4.99,Completed,34.23
ORD-08339,CUST-0288,PROD-119,CHAN-3,2025-11-06,2,123.0,0.0,0.0,Completed,246.0
ORD-08340,CUST-0022,PROD-001,CHAN-2,2025-11-06,1,50.95,0.0,5.99,Completed,56.94
ORD-08341,CUST-1548,PROD-020,CHAN-1,2025-11-06,1,25.0,0.0,8.99,Completed,33.99
ORD-08342,CUST-1088,PROD-012,CHAN-4,2025-11-06,1,63.0,0.0,4.99,Completed,67.99
ORD-08343,CUST-1257,PROD-042,CHAN-2,2025-11-06,1,17.0,0.1,5.99,Completed,21.29
ORD-08344,CUST-1098,PROD-042,CHAN-1,2025-11-06,1,17.0,0.2,4.99,Completed,18.59
ORD-08345,CUST-0900,PROD-004,CHAN-1,2025-11-06,1,47.99,0.0,8.99,Completed,56.98
ORD-08346,CUST-0001,PROD-066,CHAN-1,2025-11-06,1,71.95,0.0,5.99,Completed,77.94
ORD-08347,CUST-0107,PROD-038,CHAN-2,2025-11-06,1,83.99,0.35,8.99,Completed,63.58
ORD-08348,CUST-0315,PROD-028,CHAN-3,2025-11-06,1,109.0,0.0,0.0,Completed,109.0
ORD-08349,CUST-1368,PROD-011,CHAN-2,2025-11-06,1,18.95,0.2,8.99,Completed,24.15
ORD-08350,CUST-0087,PROD-057,CHAN-2,2025-11-06,1,32.0,0.0,4.99,Completed,36.99
ORD-08351,CUST-0271,PROD-002,CHAN-4,2025-11-06,2,28.99,0.0,0.0,Cancelled,0.0
ORD-08352,CUST-0182,PROD-088,CHAN-1,2025-11-06,2,29.99,0.2,4.99,Completed,52.97
ORD-08353,CUST-0351,PROD-033,CHAN-1,2025-11-06,4,63.99,0.0,0.0,Completed,255.96
ORD-08354,CUST-1243,PROD-094,CHAN-1,2025-11-06,1,24.95,0.0,5.99,Completed,30.94
ORD-08355,CUST-0459,PROD-107,CHAN-4,2025-11-06,1,53.0,0.0,11.99,Completed,64.99
ORD-08356,CUST-0533,PROD-078,CHAN-1,2025-11-07,1,9.99,0.0,5.99,Completed,15.98
ORD-08357,CUST-0031,PROD-073,CHAN-3,2025-11-07,2,24.95,0.0,11.99,Completed,61.89
ORD-08358,CUST-0689,PROD-020,CHAN-2,2025-11-07,2,25.0,0.0,8.99,Completed,58.99
ORD-08359,CUST-0577,PROD-027,CHAN-4,2025-11-07,2,54.0,0.15,0.0,Completed,91.8
ORD-08360,CUST-1430,PROD-122,CHAN-1,2025-11-07,2,178.99,0.0,0.0,Completed,357.98
ORD-08361,CUST-0453,PROD-001,CHAN-2,2025-11-07,1,50.95,0.25,8.99,Completed,47.2
ORD-08362,CUST-0074,PROD-142,CHAN-1,2025-11-07,3,5.0,0.35,11.99,Completed,21.74
ORD-08363,CUST-0022,PROD-023,CHAN-1,2025-11-07,2,58.95,0.0,0.0,Completed,117.9
ORD-08364,CUST-0043,PROD-146,CHAN-2,2025-11-07,2,8.99,0.2,5.99,Completed,20.37
ORD-08365,CUST-0010,PROD-035,CHAN-4,2025-11-07,1,102.99,0.05,0.0,Completed,97.84
ORD-08366,CUST-0018,PROD-036,CHAN-4,2025-11-07,1,102.99,0.0,0.0,Completed,102.99
ORD-08367,CUST-0190,PROD-063,CHAN-4,2025-11-07,1,96.99,0.3,4.99,Returned,72.88
ORD-08368,CUST-0020,PROD-004,CHAN-1,2025-11-07,1,47.99,0.0,5.99,Returned,53.98
ORD-08369,CUST-0049,PROD-046,CHAN-1,2025-11-07,1,36.99,0.0,4.99,Completed,41.98
ORD-08370,CUST-1703,PROD-005,CHAN-1,2025-11-07,1,30.99,0.0,4.99,Completed,35.98
ORD-08371,CUST-0411,PROD-081,CHAN-3,2025-11-07,1,38.95,0.25,11.99,Completed,41.2
ORD-08372,CUST-1314,PROD-092,CHAN-1,2025-11-07,1,8.0,0.0,4.99,Completed,12.99
ORD-08373,CUST-0694,PROD-143,CHAN-1,2025-11-07,1,19.0,0.0,11.99,Returned,30.99
ORD-08374,CUST-1373,PROD-008,CHAN-2,2025-11-07,1,38.99,0.15,5.99,Returned,39.13
ORD-08375,CUST-0001,PROD-032,CHAN-2,2025-11-08,1,89.95,0.05,0.0,Completed,85.45
ORD-08376,CUST-0974,PROD-004,CHAN-2,2025-11-08,1,47.99,0.4,11.99,Returned,40.78
ORD-08377,CUST-0935,PROD-097,CHAN-1,2025-11-08,1,6.0,0.0,5.99,Completed,11.99
ORD-08378,CUST-1474,PROD-027,CHAN-2,2025-11-08,1,54.0,0.0,11.99,Completed,65.99
ORD-08379,CUST-1973,PROD-128,CHAN-1,2025-11-08,1,5.95,0.3,4.99,Returned,9.16
ORD-08380,CUST-1386,PROD-029,CHAN-1,2025-11-08,1,79.0,0.0,0.0,Completed,79.0
ORD-08381,CUST-0002,PROD-093,CHAN-2,2025-11-08,1,25.99,0.0,8.99,Returned,34.98
ORD-08382,CUST-0063,PROD-092,CHAN-2,2025-11-08,1,8.0,0.4,5.99,Completed,10.79
ORD-08383,CUST-1528,PROD-004,CHAN-2,2025-11-08,1,47.99,0.0,0.0,Cancelled,0.0
ORD-08384,CUST-0050,PROD-004,CHAN-1,2025-11-08,2,47.99,0.0,0.0,Completed,95.98
ORD-08385,CUST-1056,PROD-062,CHAN-1,2025-11-08,3,77.99,0.0,0.0,Completed,233.97
ORD-08386,CUST-0095,PROD-055,CHAN-3,2025-11-08,1,110.99,0.0,0.0,Completed,110.99
ORD-08387,CUST-0642,PROD-001,CHAN-1,2025-11-09,2,50.95,0.15,0.0,Completed,86.62
ORD-08388,CUST-0021,PROD-030,CHAN-1,2025-11-09,1,62.99,0.0,5.99,Completed,68.98
ORD-08389,CUST-0006,PROD-085,CHAN-1,2025-11-09,2,23.95,0.05,4.99,Completed,50.49
ORD-08390,CUST-0669,PROD-027,CHAN-3,2025-11-09,1,54.0,0.0,4.99,Completed,58.99
ORD-08391,CUST-0068,PROD-004,CHAN-1,2025-11-09,4,47.99,0.0,0.0,Completed,191.96
ORD-08392,CUST-0023,PROD-103,CHAN-2,2025-11-09,1,111.0,0.0,0.0,Completed,111.0
ORD-08393,CUST-1717,PROD-142,CHAN-4,2025-11-09,1,5.0,0.0,5.99,Completed,10.99
ORD-08394,CUST-0045,PROD-024,CHAN-2,2025-11-09,1,39.0,0.15,4.99,Completed,38.14
ORD-08395,CUST-0797,PROD-095,CHAN-1,2025-11-09,1,18.95,0.0,5.99,Completed,24.94
ORD-08396,CUST-1781,PROD-011,CHAN-1,2025-11-09,1,18.95,0.0,5.99,Completed,24.94
ORD-08397,CUST-0117,PROD-022,CHAN-1,2025-11-09,1,21.0,0.0,8.99,Completed,29.99
ORD-08398,CUST-0463,PROD-015,CHAN-1,2025-11-09,2,65.0,0.05,0.0,Completed,123.5
ORD-08399,CUST-0482,PROD-006,CHAN-3,2025-11-09,1,58.0,0.4,4.99,Completed,39.79
ORD-08400,CUST-0048,PROD-120,CHAN-1,2025-11-09,2,158.0,0.4,0.0,Completed,189.6
ORD-08401,CUST-1112,PROD-016,CHAN-1,2025-11-09,1,25.0,0.0,11.99,Completed,36.99
ORD-08402,CUST-0011,PROD-119,CHAN-1,2025-11-09,1,123.0,0.35,0.0,Completed,79.95
ORD-08403,CUST-0425,PROD-008,CHAN-1,2025-11-09,1,38.99,0.35,8.99,Completed,34.33
ORD-08404,CUST-0967,PROD-001,CHAN-1,2025-11-09,1,50.95,0.0,8.99,Completed,59.94
ORD-08405,CUST-0417,PROD-019,CHAN-1,2025-11-09,1,35.95,0.05,4.99,Completed,39.14
ORD-08406,CUST-0453,PROD-011,CHAN-2,2025-11-09,1,18.95,0.0,4.99,Completed,23.94
ORD-08407,CUST-0925,PROD-051,CHAN-3,2025-11-10,1,105.95,0.0,0.0,Completed,105.95
ORD-08408,CUST-0031,PROD-101,CHAN-2,2025-11-10,4,66.0,0.0,0.0,Returned,264.0
ORD-08409,CUST-0008,PROD-053,CHAN-2,2025-11-10,1,88.95,0.15,0.0,Completed,75.61
ORD-08410,CUST-1895,PROD-043,CHAN-2,2025-11-10,1,45.99,0.0,0.0,Cancelled,0.0
ORD-08411,CUST-0091,PROD-018,CHAN-1,2025-11-10,1,83.95,0.0,0.0,Refunded,83.95
ORD-08412,CUST-0026,PROD-032,CHAN-2,2025-11-10,2,89.95,0.15,0.0,Completed,152.91
ORD-08413,CUST-0327,PROD-033,CHAN-1,2025-11-10,2,63.99,0.0,0.0,Cancelled,0.0
ORD-08414,CUST-0008,PROD-145,CHAN-2,2025-11-10,1,10.95,0.0,8.99,Completed,19.94
ORD-08415,CUST-0137,PROD-001,CHAN-1,2025-11-10,1,50.95,0.0,8.99,Completed,59.94
ORD-08416,CUST-0421,PROD-004,CHAN-2,2025-11-10,2,47.99,0.0,0.0,Completed,95.98
ORD-08417,CUST-0457,PROD-015,CHAN-1,2025-11-10,1,65.0,0.0,11.99,Completed,76.99
ORD-08418,CUST-0869,PROD-059,CHAN-2,2025-11-10,1,58.99,0.05,4.99,Completed,61.03
ORD-08419,CUST-0039,PROD-099,CHAN-2,2025-11-10,4,17.95,0.0,5.99,Returned,77.79
ORD-08420,CUST-2000,PROD-096,CHAN-1,2025-11-10,1,22.99,0.0,11.99,Completed,34.98
ORD-08421,CUST-0062,PROD-146,CHAN-1,2025-11-10,2,8.99,0.0,11.99,Returned,29.97
ORD-08422,CUST-1787,PROD-101,CHAN-2,2025-11-10,1,66.0,0.2,5.99,Completed,58.79
ORD-08423,CUST-0027,PROD-037,CHAN-4,2025-11-10,3,60.95,0.25,0.0,Completed,137.14
ORD-08424,CUST-0024,PROD-014,CHAN-2,2025-11-10,1,19.0,0.05,11.99,Completed,30.04
ORD-08425,CUST-0012,PROD-022,CHAN-4,2025-11-10,3,21.0,0.0,0.0,Cancelled,0.0
ORD-08426,CUST-0431,PROD-061,CHAN-1,2025-11-10,2,67.0,0.0,0.0,Completed,134.0
ORD-08427,CUST-0003,PROD-009,CHAN-1,2025-11-10,1,60.99,0.0,8.99,Completed,69.98
ORD-08428,CUST-1295,PROD-145,CHAN-2,2025-11-10,2,10.95,0.1,11.99,Completed,31.7
ORD-08429,CUST-0067,PROD-041,CHAN-2,2025-11-11,1,27.95,0.35,5.99,Completed,24.16
ORD-08430,CUST-0007,PROD-082,CHAN-1,2025-11-11,1,22.0,0.0,8.99,Completed,30.99
ORD-08431,CUST-0288,PROD-002,CHAN-2,2025-11-11,1,28.99,0.0,8.99,Completed,37.98
ORD-08432,CUST-0063,PROD-140,CHAN-3,2025-11-11,1,12.0,0.0,11.99,Completed,23.99
ORD-08433,CUST-0923,PROD-020,CHAN-2,2025-11-11,2,25.0,0.0,11.99,Completed,61.99
ORD-08434,CUST-0020,PROD-066,CHAN-3,2025-11-11,1,71.95,0.0,5.99,Completed,77.94
ORD-08435,CUST-0006,PROD-001,CHAN-1,2025-11-11,1,50.95,0.0,8.99,Completed,59.94
ORD-08436,CUST-0112,PROD-015,CHAN-1,2025-11-11,1,65.0,0.0,5.99,Completed,70.99
ORD-08437,CUST-1957,PROD-122,CHAN-1,2025-11-11,2,178.99,0.0,0.0,Completed,357.98
ORD-08438,CUST-1679,PROD-123,CHAN-3,2025-11-11,2,141.0,0.2,0.0,Completed,225.6
ORD-08439,CUST-0086,PROD-002,CHAN-2,2025-11-11,1,28.99,0.0,8.99,Completed,37.98
ORD-08440,CUST-1992,PROD-021,CHAN-4,2025-11-11,2,39.0,0.0,0.0,Completed,78.0
ORD-08441,CUST-0197,PROD-004,CHAN-1,2025-11-11,1,47.99,0.0,8.99,Completed,56.98
ORD-08442,CUST-1214,PROD-144,CHAN-1,2025-11-11,1,17.95,0.0,8.99,Returned,26.94
ORD-08443,CUST-0002,PROD-012,CHAN-3,2025-11-11,1,63.0,0.0,8.99,Completed,71.99
ORD-08444,CUST-0408,PROD-031,CHAN-1,2025-11-11,1,100.0,0.1,0.0,Completed,90.0
ORD-08445,CUST-0327,PROD-018,CHAN-2,2025-11-11,1,83.95,0.0,0.0,Completed,83.95
ORD-08446,CUST-0619,PROD-138,CHAN-2,2025-11-11,1,3.99,0.35,5.99,Completed,8.58
ORD-08447,CUST-0919,PROD-098,CHAN-1,2025-11-12,2,30.99,0.0,5.99,Returned,67.97
ORD-08448,CUST-0226,PROD-100,CHAN-1,2025-11-12,3,38.95,0.4,8.99,Completed,79.1
ORD-08449,CUST-0462,PROD-020,CHAN-1,2025-11-12,1,25.0,0.2,4.99,Completed,24.99
ORD-08450,CUST-0019,PROD-002,CHAN-1,2025-11-12,1,28.99,0.0,4.99,Completed,33.98
ORD-08451,CUST-0144,PROD-001,CHAN-2,2025-11-12,1,50.95,0.0,4.99,Completed,55.94
ORD-08452,CUST-0041,PROD-004,CHAN-2,2025-11-12,1,47.99,0.0,8.99,Completed,56.98
ORD-08453,CUST-0063,PROD-032,CHAN-1,2025-11-12,1,89.95,0.2,8.99,Completed,80.95
ORD-08454,CUST-0126,PROD-111,CHAN-2,2025-11-12,5,27.99,0.25,0.0,Completed,104.96
ORD-08455,CUST-0373,PROD-050,CHAN-4,2025-11-12,1,40.0,0.0,5.99,Completed,45.99
ORD-08456,CUST-0423,PROD-023,CHAN-2,2025-11-12,1,58.95,0.0,8.99,Completed,67.94
ORD-08457,CUST-1042,PROD-146,CHAN-1,2025-11-12,2,8.99,0.0,11.99,Completed,29.97
ORD-08458,CUST-0055,PROD-008,CHAN-2,2025-11-12,1,38.99,0.0,4.99,Completed,43.98
ORD-08459,CUST-0266,PROD-001,CHAN-2,2025-11-12,1,50.95,0.0,0.0,Cancelled,0.0
ORD-08460,CUST-1578,PROD-078,CHAN-1,2025-11-12,1,9.99,0.3,11.99,Completed,18.98
ORD-08461,CUST-1653,PROD-079,CHAN-2,2025-11-12,1,37.99,0.25,8.99,Completed,37.48
ORD-08462,CUST-0182,PROD-052,CHAN-2,2025-11-12,1,124.0,0.0,0.0,Completed,124.0
ORD-08463,CUST-1842,PROD-010,CHAN-1,2025-11-12,1,32.99,0.0,8.99,Completed,41.98
ORD-08464,CUST-0413,PROD-023,CHAN-1,2025-11-12,4,58.95,0.0,0.0,Completed,235.8
ORD-08465,CUST-0218,PROD-027,CHAN-2,2025-11-13,1,54.0,0.1,8.99,Completed,57.59
ORD-08466,CUST-0176,PROD-018,CHAN-2,2025-11-13,2,83.95,0.0,0.0,Completed,167.9
ORD-08467,CUST-0033,PROD-056,CHAN-1,2025-11-13,1,131.0,0.0,0.0,Completed,131.0
ORD-08468,CUST-0280,PROD-002,CHAN-2,2025-11-13,1,28.99,0.0,11.99,Completed,40.98
ORD-08469,CUST-1962,PROD-060,CHAN-1,2025-11-13,1,51.99,0.0,5.99,Completed,57.98
ORD-08470,CUST-0002,PROD-003,CHAN-2,2025-11-13,2,70.99,0.0,0.0,Completed,141.98
ORD-08471,CUST-0021,PROD-025,CHAN-1,2025-11-13,1,57.99,0.2,4.99,Completed,51.38
ORD-08472,CUST-0030,PROD-136,CHAN-2,2025-11-13,3,4.0,0.0,8.99,Completed,20.99
ORD-08473,CUST-0076,PROD-052,CHAN-2,2025-11-13,2,124.0,0.1,0.0,Completed,223.2
ORD-08474,CUST-0001,PROD-150,CHAN-4,2025-11-13,1,7.0,0.0,11.99,Completed,18.99
ORD-08475,CUST-0400,PROD-016,CHAN-3,2025-11-13,1,25.0,0.0,5.99,Completed,30.99
ORD-08476,CUST-0046,PROD-001,CHAN-1,2025-11-13,1,50.95,0.0,8.99,Completed,59.94
ORD-08477,CUST-0017,PROD-061,CHAN-2,2025-11-13,1,67.0,0.0,5.99,Completed,72.99
ORD-08478,CUST-0517,PROD-005,CHAN-1,2025-11-13,2,30.99,0.0,8.99,Completed,70.97
ORD-08479,CUST-0147,PROD-020,CHAN-1,2025-11-13,1,25.0,0.3,11.99,Completed,29.49
ORD-08480,CUST-1136,PROD-034,CHAN-1,2025-11-13,2,65.99,0.25,0.0,Completed,98.98
ORD-08481,CUST-0005,PROD-034,CHAN-1,2025-11-13,3,65.99,0.0,0.0,Completed,197.97
ORD-08482,CUST-0887,PROD-048,CHAN-2,2025-11-13,1,121.95,0.0,0.0,Completed,121.95
ORD-08483,CUST-0019,PROD-075,CHAN-2,2025-11-13,1,118.99,0.0,0.0,Completed,118.99
ORD-08484,CUST-0003,PROD-005,CHAN-2,2025-11-14,1,30.99,0.0,11.99,Completed,42.98
ORD-08485,CUST-0048,PROD-010,CHAN-2,2025-11-14,1,32.99,0.0,8.99,Completed,41.98
ORD-08486,CUST-0226,PROD-042,CHAN-1,2025-11-14,2,17.0,0.25,8.99,Completed,34.49
ORD-08487,CUST-0004,PROD-112,CHAN-2,2025-11-14,1,115.0,0.0,0.0,Completed,115.0
ORD-08488,CUST-1620,PROD-074,CHAN-4,2025-11-14,1,45.95,0.0,5.99,Completed,51.94
ORD-08489,CUST-0251,PROD-043,CHAN-1,2025-11-14,3,45.99,0.3,0.0,Completed,96.58
ORD-08490,CUST-0683,PROD-057,CHAN-4,2025-11-14,5,32.0,0.4,0.0,Completed,96.0
ORD-08491,CUST-0023,PROD-084,CHAN-2,2025-11-14,1,17.0,0.0,4.99,Completed,21.99
ORD-08492,CUST-1882,PROD-108,CHAN-2,2025-11-14,1,114.95,0.25,0.0,Completed,86.21
ORD-08493,CUST-0678,PROD-043,CHAN-1,2025-11-14,1,45.99,0.0,5.99,Completed,51.98
ORD-08494,CUST-0041,PROD-038,CHAN-2,2025-11-14,1,83.99,0.0,0.0,Returned,83.99
ORD-08495,CUST-0979,PROD-001,CHAN-2,2025-11-14,1,50.95,0.0,4.99,Completed,55.94
ORD-08496,CUST-0965,PROD-087,CHAN-1,2025-11-14,1,34.99,0.0,11.99,Completed,46.98
ORD-08497,CUST-0754,PROD-040,CHAN-1,2025-11-14,1,106.95,0.0,0.0,Returned,106.95
ORD-08498,CUST-0013,PROD-015,CHAN-2,2025-11-15,1,65.0,0.0,11.99,Completed,76.99
ORD-08499,CUST-0479,PROD-021,CHAN-4,2025-11-15,1,39.0,0.0,4.99,Completed,43.99
ORD-08500,CUST-0213,PROD-001,CHAN-2,2025-11-15,1,50.95,0.0,5.99,Completed,56.94
ORD-08501,CUST-0480,PROD-118,CHAN-2,2025-11-15,2,150.99,0.0,0.0,Completed,301.98
ORD-08502,CUST-0004,PROD-017,CHAN-1,2025-11-15,1,28.99,0.0,5.99,Completed,34.98
ORD-08503,CUST-0245,PROD-090,CHAN-1,2025-11-15,1,21.0,0.0,4.99,Completed,25.99
ORD-08504,CUST-0085,PROD-007,CHAN-1,2025-11-15,1,49.0,0.0,11.99,Completed,60.99
ORD-08505,CUST-0001,PROD-077,CHAN-1,2025-11-15,1,42.99,0.2,8.99,Completed,43.38
ORD-08506,CUST-0152,PROD-123,CHAN-2,2025-11-15,4,141.0,0.0,0.0,Cancelled,0.0
ORD-08507,CUST-0393,PROD-139,CHAN-1,2025-11-15,1,6.99,0.0,5.99,Completed,12.98
ORD-08508,CUST-0773,PROD-146,CHAN-3,2025-11-15,1,8.99,0.2,5.99,Completed,13.18
ORD-08509,CUST-0007,PROD-021,CHAN-1,2025-11-15,1,39.0,0.0,0.0,Cancelled,0.0
ORD-08510,CUST-0065,PROD-024,CHAN-3,2025-11-15,1,39.0,0.0,11.99,Completed,50.99
ORD-08511,CUST-0096,PROD-012,CHAN-1,2025-11-15,1,63.0,0.0,5.99,Returned,68.99
ORD-08512,CUST-0056,PROD-133,CHAN-1,2025-11-15,1,18.99,0.05,5.99,Completed,24.03
ORD-08513,CUST-0272,PROD-007,CHAN-1,2025-11-15,1,49.0,0.0,5.99,Completed,54.99
ORD-08514,CUST-0014,PROD-078,CHAN-2,2025-11-15,1,9.99,0.0,11.99,Completed,21.98
ORD-08515,CUST-0741,PROD-024,CHAN-1,2025-11-15,1,39.0,0.2,8.99,Completed,40.19
ORD-08516,CUST-0426,PROD-001,CHAN-2,2025-11-16,2,50.95,0.0,0.0,Completed,101.9
ORD-08517,CUST-1334,PROD-003,CHAN-1,2025-11-16,1,70.99,0.4,5.99,Completed,48.58
ORD-08518,CUST-1618,PROD-088,CHAN-3,2025-11-16,1,29.99,0.0,5.99,Refunded,35.98
ORD-08519,CUST-0369,PROD-015,CHAN-3,2025-11-16,2,65.0,0.25,0.0,Completed,97.5
ORD-08520,CUST-0175,PROD-018,CHAN-2,2025-11-16,1,83.95,0.35,8.99,Completed,63.56
ORD-08521,CUST-1334,PROD-031,CHAN-1,2025-11-16,1,100.0,0.0,0.0,Completed,100.0
ORD-08522,CUST-0626,PROD-012,CHAN-4,2025-11-16,4,63.0,0.3,0.0,Completed,176.4
ORD-08523,CUST-0368,PROD-048,CHAN-2,2025-11-16,1,121.95,0.0,0.0,Completed,121.95
ORD-08524,CUST-1719,PROD-011,CHAN-1,2025-11-16,3,18.95,0.0,4.99,Returned,61.84
ORD-08525,CUST-0041,PROD-084,CHAN-1,2025-11-16,4,17.0,0.25,4.99,Completed,55.99
ORD-08526,CUST-1068,PROD-127,CHAN-4,2025-11-16,1,7.95,0.0,8.99,Completed,16.94
ORD-08527,CUST-0225,PROD-063,CHAN-3,2025-11-16,1,96.99,0.0,0.0,Completed,96.99
ORD-08528,CUST-1574,PROD-009,CHAN-3,2025-11-16,1,60.99,0.0,11.99,Returned,72.98
ORD-08529,CUST-0349,PROD-022,CHAN-1,2025-11-16,1,21.0,0.2,4.99,Completed,21.79
ORD-08530,CUST-0216,PROD-035,CHAN-2,2025-11-16,1,102.99,0.05,0.0,Completed,97.84
ORD-08531,CUST-0192,PROD-123,CHAN-2,2025-11-16,1,141.0,0.4,0.0,Completed,84.6
ORD-08532,CUST-1145,PROD-147,CHAN-4,2025-11-16,2,5.95,0.15,5.99,Completed,16.11
ORD-08533,CUST-0585,PROD-013,CHAN-2,2025-11-16,1,41.95,0.0,5.99,Completed,47.94
ORD-08534,CUST-0079,PROD-011,CHAN-1,2025-11-16,1,18.95,0.0,8.99,Refunded,27.94
ORD-08535,CUST-0086,PROD-047,CHAN-3,2025-11-16,1,82.0,0.3,5.99,Returned,63.39
ORD-08536,CUST-1822,PROD-034,CHAN-1,2025-11-16,1,65.99,0.0,8.99,Completed,74.98
ORD-08537,CUST-0122,PROD-012,CHAN-3,2025-11-17,2,63.0,0.0,0.0,Completed,126.0
ORD-08538,CUST-1439,PROD-052,CHAN-1,2025-11-17,1,124.0,0.15,0.0,Completed,105.4
ORD-08539,CUST-0480,PROD-057,CHAN-1,2025-11-17,3,32.0,0.0,0.0,Cancelled,0.0
ORD-08540,CUST-0611,PROD-105,CHAN-2,2025-11-17,1,71.0,0.0,8.99,Completed,79.99
ORD-08541,CUST-0884,PROD-010,CHAN-2,2025-11-17,1,32.99,0.15,11.99,Completed,40.03
ORD-08542,CUST-0020,PROD-027,CHAN-1,2025-11-17,1,54.0,0.0,4.99,Completed,58.99
ORD-08543,CUST-1190,PROD-038,CHAN-1,2025-11-17,1,83.99,0.0,0.0,Completed,83.99
ORD-08544,CUST-0943,PROD-001,CHAN-2,2025-11-17,1,50.95,0.0,5.99,Completed,56.94
ORD-08545,CUST-1476,PROD-047,CHAN-1,2025-11-17,1,82.0,0.0,0.0,Returned,82.0
ORD-08546,CUST-0565,PROD-001,CHAN-3,2025-11-17,1,50.95,0.0,5.99,Completed,56.94
ORD-08547,CUST-0002,PROD-001,CHAN-2,2025-11-17,1,50.95,0.0,4.99,Completed,55.94
ORD-08548,CUST-0009,PROD-110,CHAN-1,2025-11-17,1,35.95,0.0,5.99,Completed,41.94
ORD-08549,CUST-0028,PROD-129,CHAN-2,2025-11-17,2,8.99,0.0,8.99,Completed,26.97
ORD-08550,CUST-0003,PROD-042,CHAN-2,2025-11-17,1,17.0,0.0,11.99,Completed,28.99
ORD-08551,CUST-0108,PROD-109,CHAN-1,2025-11-17,1,68.99,0.4,4.99,Completed,46.38
ORD-08552,CUST-0178,PROD-066,CHAN-1,2025-11-17,1,71.95,0.3,4.99,Completed,55.36
ORD-08553,CUST-0488,PROD-144,CHAN-5,2025-11-17,1,17.95,0.2,8.99,Completed,23.35
ORD-08554,CUST-0009,PROD-053,CHAN-1,2025-11-17,2,88.95,0.35,0.0,Returned,115.64
ORD-08555,CUST-0371,PROD-040,CHAN-2,2025-11-17,1,106.95,0.0,0.0,Completed,106.95
ORD-08556,CUST-0709,PROD-037,CHAN-3,2025-11-18,1,60.95,0.0,4.99,Completed,65.94
ORD-08557,CUST-0092,PROD-136,CHAN-2,2025-11-18,3,4.0,0.2,5.99,Completed,15.59
ORD-08558,CUST-0742,PROD-129,CHAN-1,2025-11-18,1,8.99,0.0,4.99,Completed,13.98
ORD-08559,CUST-1109,PROD-097,CHAN-2,2025-11-18,1,6.0,0.35,5.99,Completed,9.89
ORD-08560,CUST-1575,PROD-006,CHAN-2,2025-11-18,1,58.0,0.0,0.0,Cancelled,0.0
ORD-08561,CUST-0017,PROD-030,CHAN-3,2025-11-18,2,62.99,0.15,0.0,Completed,107.08
ORD-08562,CUST-1864,PROD-001,CHAN-1,2025-11-18,1,50.95,0.05,5.99,Completed,54.39
ORD-08563,CUST-0002,PROD-012,CHAN-1,2025-11-18,1,63.0,0.0,11.99,Completed,74.99
ORD-08564,CUST-0017,PROD-037,CHAN-4,2025-11-18,2,60.95,0.4,4.99,Returned,78.13
ORD-08565,CUST-1262,PROD-097,CHAN-1,2025-11-18,2,6.0,0.0,8.99,Completed,20.99
ORD-08566,CUST-0941,PROD-008,CHAN-3,2025-11-18,1,38.99,0.0,11.99,Completed,50.98
ORD-08567,CUST-0001,PROD-062,CHAN-2,2025-11-18,1,77.99,0.0,0.0,Completed,77.99
ORD-08568,CUST-0041,PROD-036,CHAN-1,2025-11-18,4,102.99,0.2,0.0,Completed,329.57
ORD-08569,CUST-1193,PROD-087,CHAN-1,2025-11-18,1,34.99,0.0,4.99,Returned,39.98
ORD-08570,CUST-0162,PROD-037,CHAN-1,2025-11-18,1,60.95,0.0,5.99,Completed,66.94
ORD-08571,CUST-0140,PROD-048,CHAN-1,2025-11-18,1,121.95,0.0,0.0,Completed,121.95
ORD-08572,CUST-0990,PROD-038,CHAN-2,2025-11-18,1,83.99,0.35,11.99,Completed,66.58
ORD-08573,CUST-1314,PROD-001,CHAN-1,2025-11-18,1,50.95,0.0,5.99,Completed,56.94
ORD-08574,CUST-1699,PROD-069,CHAN-2,2025-11-19,1,71.0,0.35,4.99,Completed,51.14
ORD-08575,CUST-0312,PROD-030,CHAN-2,2025-11-19,1,62.99,0.0,4.99,Completed,67.98
ORD-08576,CUST-0106,PROD-003,CHAN-1,2025-11-19,1,70.99,0.0,8.99,Completed,79.98
ORD-08577,CUST-0130,PROD-047,CHAN-2,2025-11-19,1,82.0,0.0,0.0,Completed,82.0
ORD-08578,CUST-0317,PROD-111,CHAN-2,2025-11-19,1,27.99,0.0,8.99,Returned,36.98
ORD-08579,CUST-0302,PROD-024,CHAN-1,2025-11-19,1,39.0,0.0,11.99,Completed,50.99
ORD-08580,CUST-0028,PROD-094,CHAN-1,2025-11-19,3,24.95,0.0,11.99,Completed,86.84
ORD-08581,CUST-1138,PROD-070,CHAN-2,2025-11-19,1,91.99,0.0,0.0,Returned,91.99
ORD-08582,CUST-0449,PROD-133,CHAN-1,2025-11-19,1,18.99,0.0,8.99,Completed,27.98
ORD-08583,CUST-0003,PROD-049,CHAN-1,2025-11-19,1,19.95,0.0,11.99,Completed,31.94
ORD-08584,CUST-0832,PROD-006,CHAN-2,2025-11-19,1,58.0,0.35,4.99,Completed,42.69
ORD-08585,CUST-0019,PROD-013,CHAN-2,2025-11-19,2,41.95,0.0,0.0,Completed,83.9
ORD-08586,CUST-0045,PROD-003,CHAN-3,2025-11-19,1,70.99,0.0,5.99,Completed,76.98
ORD-08587,CUST-0022,PROD-047,CHAN-3,2025-11-19,1,82.0,0.05,0.0,Completed,77.9
ORD-08588,CUST-0007,PROD-013,CHAN-2,2025-11-19,1,41.95,0.15,11.99,Completed,47.65
ORD-08589,CUST-1162,PROD-084,CHAN-2,2025-11-19,1,17.0,0.35,8.99,Completed,20.04
ORD-08590,CUST-1938,PROD-037,CHAN-2,2025-11-19,5,60.95,0.3,0.0,Refunded,213.32
ORD-08591,CUST-1351,PROD-032,CHAN-1,2025-11-19,1,89.95,0.0,0.0,Completed,89.95
ORD-08592,CUST-1629,PROD-107,CHAN-1,2025-11-20,2,53.0,0.0,0.0,Cancelled,0.0
ORD-08593,CUST-0970,PROD-010,CHAN-2,2025-11-20,1,32.99,0.0,11.99,Completed,44.98
ORD-08594,CUST-1064,PROD-005,CHAN-2,2025-11-20,1,30.99,0.2,4.99,Refunded,29.78
ORD-08595,CUST-0002,PROD-004,CHAN-2,2025-11-20,1,47.99,0.0,11.99,Completed,59.98
ORD-08596,CUST-0589,PROD-027,CHAN-2,2025-11-20,1,54.0,0.0,8.99,Completed,62.99
ORD-08597,CUST-0098,PROD-005,CHAN-1,2025-11-20,1,30.99,0.2,4.99,Completed,29.78
ORD-08598,CUST-0897,PROD-006,CHAN-2,2025-11-20,1,58.0,0.0,8.99,Completed,66.99
ORD-08599,CUST-0045,PROD-043,CHAN-1,2025-11-20,1,45.99,0.0,5.99,Completed,51.98
ORD-08600,CUST-1771,PROD-005,CHAN-2,2025-11-20,3,30.99,0.0,0.0,Completed,92.97
ORD-08601,CUST-0027,PROD-022,CHAN-1,2025-11-20,1,21.0,0.0,4.99,Completed,25.99
ORD-08602,CUST-0687,PROD-066,CHAN-2,2025-11-20,2,71.95,0.0,0.0,Completed,143.9
ORD-08603,CUST-0002,PROD-138,CHAN-1,2025-11-20,1,3.99,0.0,8.99,Completed,12.98
ORD-08604,CUST-1699,PROD-103,CHAN-2,2025-11-20,1,111.0,0.0,0.0,Cancelled,0.0
ORD-08605,CUST-1128,PROD-056,CHAN-2,2025-11-20,4,131.0,0.0,0.0,Completed,524.0
ORD-08606,CUST-0034,PROD-039,CHAN-2,2025-11-20,1,83.0,0.0,0.0,Completed,83.0
ORD-08607,CUST-0003,PROD-003,CHAN-2,2025-11-20,1,70.99,0.0,11.99,Completed,82.98
ORD-08608,CUST-0016,PROD-019,CHAN-1,2025-11-20,1,35.95,0.15,4.99,Completed,35.55
ORD-08609,CUST-0020,PROD-117,CHAN-1,2025-11-20,2,27.99,0.0,4.99,Completed,60.97
ORD-08610,CUST-0939,PROD-048,CHAN-1,2025-11-20,2,121.95,0.25,0.0,Completed,182.93
ORD-08611,CUST-0284,PROD-006,CHAN-1,2025-11-20,1,58.0,0.0,8.99,Completed,66.99
ORD-08612,CUST-0158,PROD-038,CHAN-1,2025-11-20,1,83.99,0.0,0.0,Completed,83.99
ORD-08613,CUST-1674,PROD-020,CHAN-1,2025-11-20,2,25.0,0.25,11.99,Returned,49.49
ORD-08614,CUST-0376,PROD-029,CHAN-3,2025-11-20,2,79.0,0.1,0.0,Completed,142.2
ORD-08615,CUST-0496,PROD-007,CHAN-2,2025-11-20,1,49.0,0.0,4.99,Completed,53.99
ORD-08616,CUST-0223,PROD-012,CHAN-2,2025-11-20,1,63.0,0.0,4.99,Completed,67.99
ORD-08617,CUST-0040,PROD-122,CHAN-3,2025-11-20,2,178.99,0.0,0.0,Cancelled,0.0
ORD-08618,CUST-0185,PROD-022,CHAN-2,2025-11-20,1,21.0,0.3,4.99,Returned,19.69
ORD-08619,CUST-0518,PROD-004,CHAN-2,2025-11-20,3,47.99,0.0,0.0,Completed,143.97
ORD-08620,CUST-0007,PROD-019,CHAN-2,2025-11-20,1,35.95,0.0,0.0,Cancelled,0.0
ORD-08621,CUST-0007,PROD-114,CHAN-1,2025-11-20,2,21.0,0.15,11.99,Completed,47.69
ORD-08622,CUST-0002,PROD-005,CHAN-3,2025-11-20,2,30.99,0.0,11.99,Completed,73.97
ORD-08623,CUST-1906,PROD-004,CHAN-2,2025-11-20,1,47.99,0.0,8.99,Completed,56.98
ORD-08624,CUST-0021,PROD-006,CHAN-1,2025-11-20,2,58.0,0.0,0.0,Completed,116.0
ORD-08625,CUST-0014,PROD-060,CHAN-2,2025-11-20,1,51.99,0.0,11.99,Completed,63.98
ORD-08626,CUST-1992,PROD-020,CHAN-4,2025-11-20,3,25.0,0.15,8.99,Completed,72.74
ORD-08627,CUST-1738,PROD-085,CHAN-1,2025-11-20,1,23.95,0.0,8.99,Completed,32.94
ORD-08628,CUST-0452,PROD-021,CHAN-3,2025-11-20,2,39.0,0.25,4.99,Returned,63.49
ORD-08629,CUST-0075,PROD-001,CHAN-1,2025-11-20,1,50.95,0.2,11.99,Completed,52.75
ORD-08630,CUST-0006,PROD-065,CHAN-2,2025-11-20,1,30.0,0.0,8.99,Completed,38.99
ORD-08631,CUST-0508,PROD-055,CHAN-2,2025-11-20,3,110.99,0.0,0.0,Completed,332.97
ORD-08632,CUST-0010,PROD-026,CHAN-3,2025-11-20,1,36.95,0.0,5.99,Completed,42.94
ORD-08633,CUST-0214,PROD-067,CHAN-2,2025-11-20,1,95.99,0.0,0.0,Completed,95.99
ORD-08634,CUST-0255,PROD-018,CHAN-2,2025-11-20,1,83.95,0.0,0.0,Completed,83.95
ORD-08635,CUST-0639,PROD-064,CHAN-1,2025-11-20,1,43.0,0.0,11.99,Completed,54.99
ORD-08636,CUST-0152,PROD-011,CHAN-2,2025-11-20,1,18.95,0.35,4.99,Completed,17.31
ORD-08637,CUST-0043,PROD-117,CHAN-2,2025-11-20,1,27.99,0.4,4.99,Completed,21.78
ORD-08638,CUST-0041,PROD-044,CHAN-1,2025-11-20,2,66.0,0.0,0.0,Returned,132.0
ORD-08639,CUST-0314,PROD-126,CHAN-1,2025-11-20,1,6.99,0.3,8.99,Completed,13.88
ORD-08640,CUST-1444,PROD-014,CHAN-1,2025-11-20,1,19.0,0.0,4.99,Completed,23.99
ORD-08641,CUST-1799,PROD-060,CHAN-2,2025-11-20,1,51.99,0.0,4.99,Returned,56.98
ORD-08642,CUST-0002,PROD-031,CHAN-1,2025-11-21,1,100.0,0.3,11.99,Completed,81.99
ORD-08643,CUST-1181,PROD-065,CHAN-5,2025-11-21,1,30.0,0.0,8.99,Completed,38.99
ORD-08644,CUST-0181,PROD-098,CHAN-1,2025-11-21,1,30.99,0.05,11.99,Completed,41.43
ORD-08645,CUST-0217,PROD-023,CHAN-5,2025-11-21,1,58.95,0.2,8.99,Completed,56.15
ORD-08646,CUST-1338,PROD-118,CHAN-1,2025-11-21,2,150.99,0.0,0.0,Completed,301.98
ORD-08647,CUST-0076,PROD-003,CHAN-3,2025-11-21,1,70.99,0.1,4.99,Completed,68.88
ORD-08648,CUST-0128,PROD-017,CHAN-1,2025-11-21,1,28.99,0.3,4.99,Refunded,25.28
ORD-08649,CUST-0218,PROD-026,CHAN-4,2025-11-21,1,36.95,0.35,8.99,Completed,33.01
ORD-08650,CUST-0002,PROD-007,CHAN-2,2025-11-21,1,49.0,0.0,4.99,Completed,53.99
ORD-08651,CUST-1751,PROD-072,CHAN-1,2025-11-21,1,35.95,0.0,11.99,Completed,47.94
ORD-08652,CUST-0358,PROD-066,CHAN-1,2025-11-21,1,71.95,0.0,4.99,Completed,76.94
ORD-08653,CUST-1356,PROD-079,CHAN-2,2025-11-21,2,37.99,0.0,0.0,Completed,75.98
ORD-08654,CUST-0010,PROD-008,CHAN-1,2025-11-21,1,38.99,0.0,4.99,Completed,43.98
ORD-08655,CUST-1567,PROD-009,CHAN-2,2025-11-21,1,60.99,0.15,5.99,Completed,57.83
ORD-08656,CUST-0625,PROD-046,CHAN-2,2025-11-21,1,36.99,0.0,5.99,Completed,42.98
ORD-08657,CUST-1584,PROD-001,CHAN-1,2025-11-21,1,50.95,0.0,11.99,Completed,62.94
ORD-08658,CUST-0115,PROD-026,CHAN-5,2025-11-21,2,36.95,0.3,8.99,Completed,60.72
ORD-08659,CUST-1408,PROD-022,CHAN-1,2025-11-21,2,21.0,0.0,11.99,Completed,53.99
ORD-08660,CUST-1129,PROD-046,CHAN-3,2025-11-21,4,36.99,0.0,0.0,Completed,147.96
ORD-08661,CUST-0277,PROD-009,CHAN-2,2025-11-21,4,60.99,0.0,0.0,Completed,243.96
ORD-08662,CUST-0086,PROD-057,CHAN-2,2025-11-21,1,32.0,0.0,8.99,Completed,40.99
ORD-08663,CUST-0491,PROD-016,CHAN-3,2025-11-21,2,25.0,0.0,8.99,Completed,58.99
ORD-08664,CUST-1199,PROD-008,CHAN-1,2025-11-21,2,38.99,0.0,0.0,Completed,77.98
ORD-08665,CUST-0169,PROD-007,CHAN-1,2025-11-21,1,49.0,0.0,11.99,Completed,60.99
ORD-08666,CUST-0020,PROD-049,CHAN-2,2025-11-21,1,19.95,0.0,8.99,Completed,28.94
ORD-08667,CUST-1524,PROD-005,CHAN-2,2025-11-21,1,30.99,0.0,5.99,Completed,36.98
ORD-08668,CUST-1402,PROD-130,CHAN-1,2025-11-21,1,5.95,0.0,11.99,Completed,17.94
ORD-08669,CUST-0077,PROD-111,CHAN-2,2025-11-21,2,27.99,0.05,8.99,Completed,62.17
ORD-08670,CUST-0012,PROD-035,CHAN-2,2025-11-21,2,102.99,0.15,0.0,Completed,175.08
ORD-08671,CUST-0164,PROD-016,CHAN-4,2025-11-21,1,25.0,0.0,11.99,Completed,36.99
ORD-08672,CUST-0290,PROD-032,CHAN-1,2025-11-21,1,89.95,0.0,0.0,Completed,89.95
ORD-08673,CUST-0841,PROD-022,CHAN-1,2025-11-21,2,21.0,0.0,11.99,Completed,53.99
ORD-08674,CUST-1940,PROD-091,CHAN-3,2025-11-21,3,13.0,0.25,8.99,Completed,38.24
ORD-08675,CUST-1107,PROD-145,CHAN-2,2025-11-21,1,10.95,0.0,8.99,Completed,19.94
ORD-08676,CUST-0754,PROD-121,CHAN-2,2025-11-21,2,156.99,0.05,0.0,Completed,298.28
ORD-08677,CUST-0043,PROD-125,CHAN-1,2025-11-21,1,162.99,0.0,0.0,Completed,162.99
ORD-08678,CUST-1100,PROD-020,CHAN-1,2025-11-21,1,25.0,0.0,5.99,Completed,30.99
ORD-08679,CUST-0002,PROD-003,CHAN-2,2025-11-21,2,70.99,0.0,0.0,Cancelled,0.0
ORD-08680,CUST-0245,PROD-059,CHAN-3,2025-11-21,1,58.99,0.35,5.99,Completed,44.33
ORD-08681,CUST-0648,PROD-020,CHAN-2,2025-11-21,1,25.0,0.1,5.99,Completed,28.49
ORD-08682,CUST-1883,PROD-002,CHAN-2,2025-11-21,1,28.99,0.0,4.99,Completed,33.98
ORD-08683,CUST-0518,PROD-029,CHAN-1,2025-11-22,1,79.0,0.0,0.0,Completed,79.0
ORD-08684,CUST-0030,PROD-092,CHAN-1,2025-11-22,2,8.0,0.0,8.99,Returned,24.99
ORD-08685,CUST-0299,PROD-002,CHAN-1,2025-11-22,2,28.99,0.3,11.99,Completed,52.58
ORD-08686,CUST-0523,PROD-007,CHAN-2,2025-11-22,2,49.0,0.0,0.0,Completed,98.0
ORD-08687,CUST-0115,PROD-047,CHAN-1,2025-11-22,1,82.0,0.0,0.0,Completed,82.0
ORD-08688,CUST-0184,PROD-084,CHAN-2,2025-11-22,1,17.0,0.15,5.99,Completed,20.44
ORD-08689,CUST-0148,PROD-033,CHAN-1,2025-11-22,1,63.99,0.4,4.99,Returned,43.38
ORD-08690,CUST-0004,PROD-098,CHAN-1,2025-11-22,1,30.99,0.25,4.99,Returned,28.23
ORD-08691,CUST-0247,PROD-089,CHAN-3,2025-11-22,1,5.99,0.0,4.99,Completed,10.98
ORD-08692,CUST-0709,PROD-007,CHAN-1,2025-11-22,3,49.0,0.15,0.0,Completed,124.95
ORD-08693,CUST-0024,PROD-010,CHAN-1,2025-11-22,1,32.99,0.0,5.99,Completed,38.98
ORD-08694,CUST-1597,PROD-012,CHAN-2,2025-11-22,1,63.0,0.4,5.99,Completed,43.79
ORD-08695,CUST-0120,PROD-049,CHAN-2,2025-11-22,1,19.95,0.0,11.99,Returned,31.94
ORD-08696,CUST-1296,PROD-002,CHAN-1,2025-11-22,5,28.99,0.0,0.0,Completed,144.95
ORD-08697,CUST-0920,PROD-097,CHAN-2,2025-11-22,1,6.0,0.4,8.99,Completed,12.59
ORD-08698,CUST-0585,PROD-003,CHAN-2,2025-11-22,1,70.99,0.0,4.99,Completed,75.98
ORD-08699,CUST-1776,PROD-061,CHAN-1,2025-11-22,1,67.0,0.05,11.99,Refunded,75.64
ORD-08700,CUST-0004,PROD-083,CHAN-2,2025-11-22,1,25.99,0.4,4.99,Completed,20.58
ORD-08701,CUST-1836,PROD-133,CHAN-4,2025-11-22,1,18.99,0.0,8.99,Completed,27.98
ORD-08702,CUST-0859,PROD-134,CHAN-2,2025-11-22,1,3.99,0.3,11.99,Completed,14.78
ORD-08703,CUST-1167,PROD-116,CHAN-2,2025-11-22,1,103.99,0.0,0.0,Completed,103.99
ORD-08704,CUST-0032,PROD-059,CHAN-2,2025-11-22,1,58.99,0.0,4.99,Completed,63.98
ORD-08705,CUST-0011,PROD-004,CHAN-1,2025-11-22,1,47.99,0.15,8.99,Completed,49.78
ORD-08706,CUST-0561,PROD-022,CHAN-2,2025-11-22,2,21.0,0.0,11.99,Completed,53.99
ORD-08707,CUST-0031,PROD-127,CHAN-2,2025-11-22,1,7.95,0.3,8.99,Completed,14.55
ORD-08708,CUST-1548,PROD-012,CHAN-1,2025-11-22,1,63.0,0.0,8.99,Completed,71.99
ORD-08709,CUST-0256,PROD-039,CHAN-2,2025-11-22,1,83.0,0.0,0.0,Completed,83.0
ORD-08710,CUST-0002,PROD-028,CHAN-1,2025-11-22,2,109.0,0.0,0.0,Completed,218.0
ORD-08711,CUST-0686,PROD-017,CHAN-1,2025-11-22,1,28.99,0.05,8.99,Completed,36.53
ORD-08712,CUST-0749,PROD-147,CHAN-1,2025-11-22,2,5.95,0.2,5.99,Completed,15.51
ORD-08713,CUST-1364,PROD-001,CHAN-4,2025-11-22,1,50.95,0.0,11.99,Completed,62.94
ORD-08714,CUST-1814,PROD-044,CHAN-1,2025-11-22,4,66.0,0.0,0.0,Completed,264.0
ORD-08715,CUST-0056,PROD-117,CHAN-1,2025-11-22,1,27.99,0.15,4.99,Completed,28.78
ORD-08716,CUST-0197,PROD-142,CHAN-1,2025-11-22,1,5.0,0.0,11.99,Completed,16.99
ORD-08717,CUST-0611,PROD-144,CHAN-1,2025-11-22,1,17.95,0.0,5.99,Completed,23.94
ORD-08718,CUST-0264,PROD-011,CHAN-3,2025-11-22,1,18.95,0.0,11.99,Completed,30.94
ORD-08719,CUST-0787,PROD-043,CHAN-1,2025-11-22,1,45.99,0.3,5.99,Completed,38.18
ORD-08720,CUST-1214,PROD-031,CHAN-1,2025-11-22,1,100.0,0.0,0.0,Completed,100.0
ORD-08721,CUST-1021,PROD-018,CHAN-4,2025-11-22,1,83.95,0.0,0.0,Completed,83.95
ORD-08722,CUST-0229,PROD-048,CHAN-2,2025-11-23,3,121.95,0.4,0.0,Completed,219.51
ORD-08723,CUST-0258,PROD-003,CHAN-2,2025-11-23,1,70.99,0.25,11.99,Completed,65.23
ORD-08724,CUST-0979,PROD-131,CHAN-1,2025-11-23,1,7.95,0.0,4.99,Completed,12.94
ORD-08725,CUST-0308,PROD-121,CHAN-5,2025-11-23,4,156.99,0.0,0.0,Completed,627.96
ORD-08726,CUST-0049,PROD-038,CHAN-1,2025-11-23,1,83.99,0.3,8.99,Completed,67.78
ORD-08727,CUST-0002,PROD-006,CHAN-1,2025-11-23,1,58.0,0.35,5.99,Completed,43.69
ORD-08728,CUST-0077,PROD-010,CHAN-2,2025-11-23,1,32.99,0.0,11.99,Completed,44.98
ORD-08729,CUST-0792,PROD-022,CHAN-3,2025-11-23,1,21.0,0.0,4.99,Completed,25.99
ORD-08730,CUST-0022,PROD-069,CHAN-4,2025-11-23,1,71.0,0.3,8.99,Completed,58.69
ORD-08731,CUST-0005,PROD-131,CHAN-1,2025-11-23,1,7.95,0.0,4.99,Completed,12.94
ORD-08732,CUST-1643,PROD-096,CHAN-1,2025-11-23,3,22.99,0.0,5.99,Completed,74.96
ORD-08733,CUST-0448,PROD-002,CHAN-2,2025-11-23,1,28.99,0.0,5.99,Completed,34.98
ORD-08734,CUST-0458,PROD-149,CHAN-1,2025-11-23,1,11.99,0.4,4.99,Completed,12.18
ORD-08735,CUST-0260,PROD-013,CHAN-2,2025-11-23,1,41.95,0.25,4.99,Completed,36.45
ORD-08736,CUST-1320,PROD-116,CHAN-2,2025-11-23,1,103.99,0.0,0.0,Completed,103.99
ORD-08737,CUST-0374,PROD-021,CHAN-1,2025-11-23,1,39.0,0.35,5.99,Completed,31.34
ORD-08738,CUST-0657,PROD-053,CHAN-4,2025-11-23,1,88.95,0.0,0.0,Completed,88.95
ORD-08739,CUST-0154,PROD-067,CHAN-2,2025-11-23,1,95.99,0.0,0.0,Completed,95.99
ORD-08740,CUST-0101,PROD-011,CHAN-3,2025-11-23,2,18.95,0.1,11.99,Completed,46.1
ORD-08741,CUST-0080,PROD-003,CHAN-1,2025-11-23,1,70.99,0.0,4.99,Completed,75.98
ORD-08742,CUST-0053,PROD-010,CHAN-2,2025-11-23,1,32.99,0.0,8.99,Completed,41.98
ORD-08743,CUST-0432,PROD-019,CHAN-3,2025-11-23,3,35.95,0.0,0.0,Completed,107.85
ORD-08744,CUST-0189,PROD-001,CHAN-1,2025-11-23,1,50.95,0.0,8.99,Completed,59.94
ORD-08745,CUST-0128,PROD-062,CHAN-2,2025-11-23,1,77.99,0.25,8.99,Completed,67.48
ORD-08746,CUST-0985,PROD-004,CHAN-1,2025-11-23,1,47.99,0.0,5.99,Completed,53.98
ORD-08747,CUST-0035,PROD-069,CHAN-5,2025-11-23,2,71.0,0.0,0.0,Completed,142.0
ORD-08748,CUST-0022,PROD-041,CHAN-1,2025-11-23,5,27.95,0.15,0.0,Completed,118.79
ORD-08749,CUST-1814,PROD-004,CHAN-4,2025-11-23,1,47.99,0.0,8.99,Completed,56.98
ORD-08750,CUST-0106,PROD-020,CHAN-1,2025-11-23,2,25.0,0.0,0.0,Cancelled,0.0
ORD-08751,CUST-0115,PROD-100,CHAN-5,2025-11-23,2,38.95,0.0,0.0,Completed,77.9
ORD-08752,CUST-0129,PROD-076,CHAN-2,2025-11-23,2,7.99,0.25,8.99,Completed,20.98
ORD-08753,CUST-0020,PROD-061,CHAN-2,2025-11-23,2,67.0,0.0,0.0,Completed,134.0
ORD-08754,CUST-1810,PROD-002,CHAN-1,2025-11-23,1,28.99,0.0,11.99,Completed,40.98
ORD-08755,CUST-0099,PROD-016,CHAN-1,2025-11-23,2,25.0,0.0,4.99,Completed,54.99
ORD-08756,CUST-1544,PROD-002,CHAN-1,2025-11-23,1,28.99,0.0,5.99,Completed,34.98
ORD-08757,CUST-0338,PROD-094,CHAN-1,2025-11-23,1,24.95,0.05,5.99,Returned,29.69
ORD-08758,CUST-0019,PROD-142,CHAN-3,2025-11-23,3,5.0,0.05,4.99,Completed,19.24
ORD-08759,CUST-0010,PROD-036,CHAN-1,2025-11-23,1,102.99,0.0,0.0,Completed,102.99
ORD-08760,CUST-0051,PROD-089,CHAN-2,2025-11-23,1,5.99,0.0,11.99,Completed,17.98
ORD-08761,CUST-1195,PROD-038,CHAN-1,2025-11-23,1,83.99,0.3,11.99,Completed,70.78
ORD-08762,CUST-1778,PROD-054,CHAN-2,2025-11-23,3,109.0,0.1,0.0,Completed,294.3
ORD-08763,CUST-0349,PROD-149,CHAN-1,2025-11-23,1,11.99,0.0,4.99,Completed,16.98
ORD-08764,CUST-0041,PROD-032,CHAN-1,2025-11-23,1,89.95,0.4,8.99,Completed,62.96
ORD-08765,CUST-0040,PROD-017,CHAN-1,2025-11-23,2,28.99,0.0,0.0,Cancelled,0.0
ORD-08766,CUST-0045,PROD-027,CHAN-1,2025-11-23,1,54.0,0.0,11.99,Completed,65.99
ORD-08767,CUST-1490,PROD-105,CHAN-3,2025-11-23,1,71.0,0.0,11.99,Completed,82.99
ORD-08768,CUST-0017,PROD-003,CHAN-2,2025-11-23,2,70.99,0.35,0.0,Completed,92.29
ORD-08769,CUST-1508,PROD-014,CHAN-1,2025-11-23,1,19.0,0.0,8.99,Completed,27.99
ORD-08770,CUST-1010,PROD-013,CHAN-2,2025-11-23,3,41.95,0.0,0.0,Completed,125.85
ORD-08771,CUST-0935,PROD-002,CHAN-1,2025-11-23,2,28.99,0.4,8.99,Completed,43.78
ORD-08772,CUST-0417,PROD-078,CHAN-1,2025-11-23,2,9.99,0.0,8.99,Completed,28.97
ORD-08773,CUST-1006,PROD-119,CHAN-1,2025-11-23,1,123.0,0.3,0.0,Completed,86.1
ORD-08774,CUST-0020,PROD-130,CHAN-1,2025-11-23,1,5.95,0.0,11.99,Completed,17.94
ORD-08775,CUST-0033,PROD-089,CHAN-3,2025-11-23,2,5.99,0.0,4.99,Completed,16.97
ORD-08776,CUST-0439,PROD-149,CHAN-1,2025-11-23,2,11.99,0.3,8.99,Completed,25.78
ORD-08777,CUST-0218,PROD-032,CHAN-1,2025-11-23,1,89.95,0.0,0.0,Completed,89.95
ORD-08778,CUST-0104,PROD-006,CHAN-2,2025-11-23,1,58.0,0.0,8.99,Completed,66.99
ORD-08779,CUST-0017,PROD-115,CHAN-4,2025-11-23,4,166.95,0.0,0.0,Completed,667.8
ORD-08780,CUST-0718,PROD-089,CHAN-3,2025-11-23,1,5.99,0.05,11.99,Completed,17.68
ORD-08781,CUST-0115,PROD-005,CHAN-1,2025-11-23,2,30.99,0.0,5.99,Completed,67.97
ORD-08782,CUST-0762,PROD-032,CHAN-1,2025-11-23,1,89.95,0.3,4.99,Completed,67.95
ORD-08783,CUST-0860,PROD-040,CHAN-1,2025-11-23,1,106.95,0.0,0.0,Completed,106.95
ORD-08784,CUST-0532,PROD-140,CHAN-4,2025-11-23,1,12.0,0.3,11.99,Returned,20.39
ORD-08785,CUST-0293,PROD-018,CHAN-2,2025-11-23,1,83.95,0.15,4.99,Completed,76.35
ORD-08786,CUST-0036,PROD-091,CHAN-2,2025-11-23,5,13.0,0.15,11.99,Completed,67.24
ORD-08787,CUST-0001,PROD-007,CHAN-2,2025-11-23,1,49.0,0.0,8.99,Completed,57.99
ORD-08788,CUST-0478,PROD-142,CHAN-1,2025-11-23,1,5.0,0.15,8.99,Completed,13.24
ORD-08789,CUST-1555,PROD-044,CHAN-1,2025-11-23,2,66.0,0.3,0.0,Completed,92.4
ORD-08790,CUST-0562,PROD-016,CHAN-1,2025-11-24,1,25.0,0.1,5.99,Completed,28.49
ORD-08791,CUST-0005,PROD-133,CHAN-1,2025-11-24,1,18.99,0.25,4.99,Completed,19.23
ORD-08792,CUST-0629,PROD-078,CHAN-2,2025-11-24,1,9.99,0.2,11.99,Completed,19.98
ORD-08793,CUST-1391,PROD-045,CHAN-1,2025-11-24,2,51.0,0.0,0.0,Completed,102.0
ORD-08794,CUST-0056,PROD-111,CHAN-2,2025-11-24,3,27.99,0.25,4.99,Completed,67.97
ORD-08795,CUST-0037,PROD-132,CHAN-2,2025-11-24,1,8.0,0.0,4.99,Completed,12.99
ORD-08796,CUST-0210,PROD-137,CHAN-1,2025-11-24,1,15.0,0.0,5.99,Completed,20.99
ORD-08797,CUST-1034,PROD-014,CHAN-1,2025-11-24,2,19.0,0.0,4.99,Completed,42.99
ORD-08798,CUST-0014,PROD-101,CHAN-2,2025-11-24,1,66.0,0.4,8.99,Completed,48.59
ORD-08799,CUST-0049,PROD-092,CHAN-3,2025-11-24,1,8.0,0.0,5.99,Completed,13.99
ORD-08800,CUST-0172,PROD-011,CHAN-2,2025-11-24,1,18.95,0.35,4.99,Completed,17.31
ORD-08801,CUST-0039,PROD-094,CHAN-3,2025-11-24,1,24.95,0.0,4.99,Returned,29.94
ORD-08802,CUST-1003,PROD-109,CHAN-5,2025-11-24,1,68.99,0.0,5.99,Completed,74.98
ORD-08803,CUST-0153,PROD-140,CHAN-1,2025-11-24,1,12.0,0.0,5.99,Completed,17.99
ORD-08804,CUST-0334,PROD-055,CHAN-1,2025-11-24,3,110.99,0.0,0.0,Completed,332.97
ORD-08805,CUST-0071,PROD-063,CHAN-2,2025-11-24,1,96.99,0.2,0.0,Returned,77.59
ORD-08806,CUST-0032,PROD-137,CHAN-2,2025-11-24,1,15.0,0.0,11.99,Completed,26.99
ORD-08807,CUST-1039,PROD-002,CHAN-2,2025-11-24,1,28.99,0.0,11.99,Completed,40.98
ORD-08808,CUST-0897,PROD-005,CHAN-3,2025-11-24,1,30.99,0.4,5.99,Completed,24.58
ORD-08809,CUST-0168,PROD-021,CHAN-1,2025-11-24,3,39.0,0.1,0.0,Completed,105.3
ORD-08810,CUST-0012,PROD-034,CHAN-1,2025-11-24,5,65.99,0.0,0.0,Completed,329.95
ORD-08811,CUST-0486,PROD-005,CHAN-2,2025-11-24,5,30.99,0.0,0.0,Completed,154.95
ORD-08812,CUST-0528,PROD-032,CHAN-1,2025-11-24,1,89.95,0.0,0.0,Completed,89.95
ORD-08813,CUST-0048,PROD-046,CHAN-2,2025-11-24,2,36.99,0.25,8.99,Completed,64.47
ORD-08814,CUST-1078,PROD-004,CHAN-2,2025-11-24,1,47.99,0.05,4.99,Returned,50.58
ORD-08815,CUST-0275,PROD-050,CHAN-1,2025-11-24,1,40.0,0.0,8.99,Completed,48.99
ORD-08816,CUST-0367,PROD-006,CHAN-2,2025-11-24,1,58.0,0.1,4.99,Returned,57.19
ORD-08817,CUST-1541,PROD-135,CHAN-5,2025-11-24,2,13.99,0.0,4.99,Completed,32.97
ORD-08818,CUST-1925,PROD-075,CHAN-4,2025-11-24,1,118.99,0.2,0.0,Completed,95.19
ORD-08819,CUST-1135,PROD-004,CHAN-2,2025-11-24,3,47.99,0.0,0.0,Completed,143.97
ORD-08820,CUST-0393,PROD-007,CHAN-2,2025-11-24,2,49.0,0.0,0.0,Completed,98.0
ORD-08821,CUST-0994,PROD-042,CHAN-1,2025-11-24,3,17.0,0.0,5.99,Completed,56.99
ORD-08822,CUST-1007,PROD-013,CHAN-3,2025-11-24,1,41.95,0.0,11.99,Completed,53.94
ORD-08823,CUST-0101,PROD-112,CHAN-3,2025-11-24,1,115.0,0.0,0.0,Completed,115.0
ORD-08824,CUST-0001,PROD-007,CHAN-4,2025-11-24,2,49.0,0.0,0.0,Completed,98.0
ORD-08825,CUST-0252,PROD-015,CHAN-1,2025-11-24,2,65.0,0.4,0.0,Completed,78.0
ORD-08826,CUST-0110,PROD-040,CHAN-2,2025-11-24,1,106.95,0.0,0.0,Completed,106.95
ORD-08827,CUST-0062,PROD-021,CHAN-2,2025-11-24,2,39.0,0.0,0.0,Completed,78.0
ORD-08828,CUST-0406,PROD-004,CHAN-1,2025-11-24,1,47.99,0.0,11.99,Completed,59.98
ORD-08829,CUST-0007,PROD-052,CHAN-4,2025-11-24,2,124.0,0.05,0.0,Completed,235.6
ORD-08830,CUST-1010,PROD-079,CHAN-3,2025-11-24,2,37.99,0.0,0.0,Completed,75.98
ORD-08831,CUST-0579,PROD-021,CHAN-1,2025-11-24,1,39.0,0.2,8.99,Completed,40.19
ORD-08832,CUST-1621,PROD-051,CHAN-1,2025-11-24,1,105.95,0.0,0.0,Cancelled,0.0
ORD-08833,CUST-0269,PROD-130,CHAN-1,2025-11-24,2,5.95,0.0,8.99,Returned,20.89
ORD-08834,CUST-0721,PROD-145,CHAN-2,2025-11-24,2,10.95,0.0,11.99,Completed,33.89
ORD-08835,CUST-0001,PROD-004,CHAN-1,2025-11-24,1,47.99,0.0,11.99,Completed,59.98
ORD-08836,CUST-0246,PROD-008,CHAN-2,2025-11-24,1,38.99,0.0,5.99,Completed,44.98
ORD-08837,CUST-0365,PROD-003,CHAN-4,2025-11-24,1,70.99,0.0,11.99,Completed,82.98
ORD-08838,CUST-0068,PROD-071,CHAN-1,2025-11-24,1,54.99,0.35,5.99,Completed,41.73
ORD-08839,CUST-0124,PROD-116,CHAN-5,2025-11-24,1,103.99,0.2,0.0,Refunded,83.19
ORD-08840,CUST-0001,PROD-009,CHAN-2,2025-11-24,1,60.99,0.0,4.99,Completed,65.98
ORD-08841,CUST-1143,PROD-026,CHAN-2,2025-11-24,1,36.95,0.0,4.99,Completed,41.94
ORD-08842,CUST-1522,PROD-001,CHAN-2,2025-11-24,1,50.95,0.0,11.99,Completed,62.94
ORD-08843,CUST-0635,PROD-027,CHAN-1,2025-11-24,1,54.0,0.0,5.99,Completed,59.99
ORD-08844,CUST-1212,PROD-002,CHAN-1,2025-11-24,1,28.99,0.0,11.99,Completed,40.98
ORD-08845,CUST-0541,PROD-092,CHAN-2,2025-11-24,1,8.0,0.35,11.99,Completed,17.19
ORD-08846,CUST-0017,PROD-094,CHAN-1,2025-11-24,1,24.95,0.3,8.99,Completed,26.45
ORD-08847,CUST-0455,PROD-011,CHAN-3,2025-11-24,1,18.95,0.0,11.99,Completed,30.94
ORD-08848,CUST-0227,PROD-011,CHAN-2,2025-11-24,1,18.95,0.0,5.99,Completed,24.94
ORD-08849,CUST-1068,PROD-032,CHAN-1,2025-11-24,1,89.95,0.0,0.0,Cancelled,0.0
ORD-08850,CUST-1996,PROD-026,CHAN-2,2025-11-24,3,36.95,0.3,0.0,Completed,77.59
ORD-08851,CUST-0001,PROD-065,CHAN-1,2025-11-24,1,30.0,0.05,11.99,Completed,40.49
ORD-08852,CUST-0047,PROD-101,CHAN-1,2025-11-24,1,66.0,0.05,11.99,Completed,74.69
ORD-08853,CUST-0008,PROD-005,CHAN-3,2025-11-25,1,30.99,0.25,5.99,Completed,29.23
ORD-08854,CUST-1580,PROD-100,CHAN-3,2025-11-25,1,38.95,0.0,11.99,Completed,50.94
ORD-08855,CUST-0072,PROD-047,CHAN-1,2025-11-25,1,82.0,0.0,0.0,Completed,82.0
ORD-08856,CUST-0003,PROD-142,CHAN-1,2025-11-25,1,5.0,0.2,5.99,Completed,9.99
ORD-08857,CUST-0711,PROD-005,CHAN-1,2025-11-25,1,30.99,0.05,11.99,Completed,41.43
ORD-08858,CUST-0004,PROD-011,CHAN-1,2025-11-25,1,18.95,0.0,8.99,Completed,27.94
ORD-08859,CUST-0232,PROD-034,CHAN-2,2025-11-25,1,65.99,0.0,5.99,Completed,71.98
ORD-08860,CUST-0016,PROD-116,CHAN-2,2025-11-25,1,103.99,0.0,0.0,Completed,103.99
ORD-08861,CUST-1798,PROD-072,CHAN-1,2025-11-25,4,35.95,0.3,0.0,Completed,100.66
ORD-08862,CUST-0147,PROD-146,CHAN-1,2025-11-25,1,8.99,0.1,11.99,Completed,20.08
ORD-08863,CUST-0656,PROD-001,CHAN-1,2025-11-25,2,50.95,0.0,0.0,Completed,101.9
ORD-08864,CUST-0025,PROD-127,CHAN-1,2025-11-25,2,7.95,0.0,5.99,Completed,21.89
ORD-08865,CUST-0205,PROD-043,CHAN-1,2025-11-25,1,45.99,0.4,5.99,Completed,33.58
ORD-08866,CUST-0105,PROD-009,CHAN-1,2025-11-25,1,60.99,0.0,11.99,Completed,72.98
ORD-08867,CUST-0096,PROD-081,CHAN-1,2025-11-25,1,38.95,0.0,5.99,Completed,44.94
ORD-08868,CUST-1530,PROD-061,CHAN-4,2025-11-25,3,67.0,0.0,0.0,Cancelled,0.0
ORD-08869,CUST-0004,PROD-137,CHAN-1,2025-11-25,3,15.0,0.0,11.99,Completed,56.99
ORD-08870,CUST-0406,PROD-043,CHAN-2,2025-11-25,2,45.99,0.0,0.0,Completed,91.98
ORD-08871,CUST-0556,PROD-028,CHAN-1,2025-11-25,2,109.0,0.0,0.0,Completed,218.0
ORD-08872,CUST-0014,PROD-079,CHAN-2,2025-11-25,1,37.99,0.0,11.99,Completed,49.98
ORD-08873,CUST-0546,PROD-089,CHAN-4,2025-11-25,1,5.99,0.35,5.99,Completed,9.88
ORD-08874,CUST-1728,PROD-139,CHAN-3,2025-11-25,2,6.99,0.05,11.99,Completed,25.27
ORD-08875,CUST-0751,PROD-001,CHAN-2,2025-11-25,2,50.95,0.0,0.0,Completed,101.9
ORD-08876,CUST-1702,PROD-049,CHAN-2,2025-11-25,2,19.95,0.4,11.99,Completed,35.93
ORD-08877,CUST-0078,PROD-005,CHAN-2,2025-11-25,1,30.99,0.0,0.0,Cancelled,0.0
ORD-08878,CUST-0057,PROD-062,CHAN-2,2025-11-25,1,77.99,0.25,8.99,Completed,67.48
ORD-08879,CUST-1441,PROD-008,CHAN-1,2025-11-25,1,38.99,0.0,5.99,Completed,44.98
ORD-08880,CUST-1211,PROD-044,CHAN-1,2025-11-25,1,66.0,0.0,5.99,Completed,71.99
ORD-08881,CUST-1151,PROD-013,CHAN-1,2025-11-25,1,41.95,0.0,4.99,Completed,46.94
ORD-08882,CUST-0002,PROD-027,CHAN-1,2025-11-25,1,54.0,0.0,4.99,Completed,58.99
ORD-08883,CUST-0172,PROD-003,CHAN-1,2025-11-25,2,70.99,0.0,0.0,Completed,141.98
ORD-08884,CUST-0002,PROD-071,CHAN-3,2025-11-25,1,54.99,0.0,4.99,Completed,59.98
ORD-08885,CUST-0034,PROD-062,CHAN-1,2025-11-25,1,77.99,0.0,0.0,Completed,77.99
ORD-08886,CUST-1237,PROD-004,CHAN-2,2025-11-25,3,47.99,0.0,0.0,Completed,143.97
ORD-08887,CUST-0004,PROD-002,CHAN-2,2025-11-25,4,28.99,0.25,0.0,Completed,86.97
ORD-08888,CUST-0045,PROD-018,CHAN-1,2025-11-25,1,83.95,0.0,0.0,Completed,83.95
ORD-08889,CUST-0003,PROD-024,CHAN-2,2025-11-25,4,39.0,0.0,0.0,Completed,156.0
ORD-08890,CUST-1169,PROD-101,CHAN-1,2025-11-25,1,66.0,0.25,5.99,Completed,55.49
ORD-08891,CUST-0523,PROD-041,CHAN-2,2025-11-25,1,27.95,0.25,4.99,Completed,25.95
ORD-08892,CUST-0313,PROD-005,CHAN-1,2025-11-25,1,30.99,0.0,8.99,Completed,39.98
ORD-08893,CUST-1322,PROD-001,CHAN-4,2025-11-25,2,50.95,0.3,8.99,Completed,80.32
ORD-08894,CUST-0936,PROD-145,CHAN-1,2025-11-25,1,10.95,0.0,0.0,Cancelled,0.0
ORD-08895,CUST-1291,PROD-004,CHAN-2,2025-11-25,1,47.99,0.0,4.99,Completed,52.98
ORD-08896,CUST-0228,PROD-125,CHAN-2,2025-11-26,1,162.99,0.0,0.0,Completed,162.99
ORD-08897,CUST-1680,PROD-007,CHAN-3,2025-11-26,4,49.0,0.4,0.0,Completed,117.6
ORD-08898,CUST-1410,PROD-069,CHAN-2,2025-11-26,1,71.0,0.0,11.99,Completed,82.99
ORD-08899,CUST-0262,PROD-013,CHAN-1,2025-11-26,2,41.95,0.0,0.0,Completed,83.9
ORD-08900,CUST-0577,PROD-052,CHAN-2,2025-11-26,2,124.0,0.1,0.0,Completed,223.2
ORD-08901,CUST-0922,PROD-003,CHAN-1,2025-11-26,1,70.99,0.0,11.99,Completed,82.98
ORD-08902,CUST-0390,PROD-002,CHAN-2,2025-11-26,1,28.99,0.0,11.99,Completed,40.98
ORD-08903,CUST-0072,PROD-092,CHAN-1,2025-11-26,1,8.0,0.3,4.99,Completed,10.59
ORD-08904,CUST-1620,PROD-057,CHAN-2,2025-11-26,2,32.0,0.4,4.99,Returned,43.39
ORD-08905,CUST-0046,PROD-051,CHAN-1,2025-11-26,1,105.95,0.0,0.0,Completed,105.95
ORD-08906,CUST-0033,PROD-052,CHAN-2,2025-11-26,2,124.0,0.0,0.0,Returned,248.0
ORD-08907,CUST-0219,PROD-022,CHAN-2,2025-11-26,2,21.0,0.3,4.99,Completed,34.39
ORD-08908,CUST-0061,PROD-015,CHAN-2,2025-11-26,1,65.0,0.35,8.99,Completed,51.24
ORD-08909,CUST-0790,PROD-039,CHAN-1,2025-11-26,1,83.0,0.0,0.0,Completed,83.0
ORD-08910,CUST-1516,PROD-010,CHAN-1,2025-11-26,2,32.99,0.25,8.99,Completed,58.48
ORD-08911,CUST-0727,PROD-054,CHAN-2,2025-11-26,4,109.0,0.0,0.0,Completed,436.0
ORD-08912,CUST-0013,PROD-040,CHAN-2,2025-11-26,1,106.95,0.0,0.0,Cancelled,0.0
ORD-08913,CUST-0198,PROD-092,CHAN-2,2025-11-26,2,8.0,0.0,11.99,Completed,27.99
ORD-08914,CUST-0623,PROD-088,CHAN-3,2025-11-26,1,29.99,0.3,4.99,Completed,25.98
ORD-08915,CUST-0925,PROD-072,CHAN-2,2025-11-26,1,35.95,0.3,8.99,Completed,34.16
ORD-08916,CUST-0032,PROD-102,CHAN-1,2025-11-26,1,137.0,0.0,0.0,Completed,137.0
ORD-08917,CUST-0059,PROD-073,CHAN-5,2025-11-26,2,24.95,0.15,4.99,Completed,47.41
ORD-08918,CUST-0560,PROD-049,CHAN-2,2025-11-26,1,19.95,0.0,11.99,Completed,31.94
ORD-08919,CUST-0131,PROD-026,CHAN-4,2025-11-26,1,36.95,0.0,8.99,Completed,45.94
ORD-08920,CUST-0486,PROD-128,CHAN-2,2025-11-26,1,5.95,0.3,5.99,Completed,10.16
ORD-08921,CUST-0163,PROD-022,CHAN-2,2025-11-26,1,21.0,0.0,4.99,Completed,25.99
ORD-08922,CUST-0864,PROD-118,CHAN-1,2025-11-26,1,150.99,0.0,0.0,Returned,150.99
ORD-08923,CUST-0608,PROD-021,CHAN-2,2025-11-26,1,39.0,0.0,4.99,Returned,43.99
ORD-08924,CUST-0193,PROD-128,CHAN-1,2025-11-26,1,5.95,0.0,8.99,Completed,14.94
ORD-08925,CUST-1444,PROD-004,CHAN-1,2025-11-26,3,47.99,0.0,0.0,Completed,143.97
ORD-08926,CUST-0040,PROD-005,CHAN-2,2025-11-26,1,30.99,0.0,8.99,Completed,39.98
ORD-08927,CUST-0563,PROD-032,CHAN-2,2025-11-26,1,89.95,0.1,0.0,Completed,80.95
ORD-08928,CUST-1532,PROD-013,CHAN-2,2025-11-26,3,41.95,0.0,0.0,Completed,125.85
ORD-08929,CUST-0185,PROD-006,CHAN-1,2025-11-26,4,58.0,0.0,0.0,Completed,232.0
ORD-08930,CUST-0973,PROD-127,CHAN-2,2025-11-26,1,7.95,0.0,11.99,Completed,19.94
ORD-08931,CUST-0013,PROD-130,CHAN-2,2025-11-26,1,5.95,0.0,4.99,Returned,10.94
ORD-08932,CUST-0468,PROD-003,CHAN-1,2025-11-26,1,70.99,0.0,11.99,Completed,82.98
ORD-08933,CUST-0009,PROD-004,CHAN-2,2025-11-27,1,47.99,0.0,5.99,Completed,53.98
ORD-08934,CUST-0031,PROD-001,CHAN-4,2025-11-27,1,50.95,0.0,8.99,Completed,59.94
ORD-08935,CUST-0001,PROD-017,CHAN-1,2025-11-27,1,28.99,0.0,5.99,Completed,34.98
ORD-08936,CUST-1481,PROD-036,CHAN-2,2025-11-27,3,102.99,0.25,0.0,Completed,231.73
ORD-08937,CUST-0032,PROD-037,CHAN-2,2025-11-27,1,60.95,0.25,5.99,Completed,51.7
ORD-08938,CUST-0894,PROD-074,CHAN-1,2025-11-27,1,45.95,0.0,5.99,Completed,51.94
ORD-08939,CUST-0001,PROD-022,CHAN-1,2025-11-27,2,21.0,0.0,5.99,Completed,47.99
ORD-08940,CUST-0119,PROD-067,CHAN-1,2025-11-27,2,95.99,0.0,0.0,Completed,191.98
ORD-08941,CUST-1456,PROD-105,CHAN-2,2025-11-27,1,71.0,0.2,11.99,Returned,68.79
ORD-08942,CUST-0154,PROD-028,CHAN-4,2025-11-27,1,109.0,0.0,0.0,Completed,109.0
ORD-08943,CUST-0613,PROD-091,CHAN-2,2025-11-27,1,13.0,0.0,11.99,Completed,24.99
ORD-08944,CUST-0057,PROD-002,CHAN-2,2025-11-27,2,28.99,0.0,4.99,Completed,62.97
ORD-08945,CUST-0198,PROD-046,CHAN-1,2025-11-27,1,36.99,0.15,11.99,Completed,43.43
ORD-08946,CUST-0040,PROD-086,CHAN-2,2025-11-27,1,7.0,0.0,11.99,Completed,18.99
ORD-08947,CUST-0002,PROD-058,CHAN-1,2025-11-27,1,86.0,0.0,0.0,Completed,86.0
ORD-08948,CUST-0199,PROD-031,CHAN-1,2025-11-27,2,100.0,0.15,0.0,Completed,170.0
ORD-08949,CUST-0218,PROD-056,CHAN-2,2025-11-27,1,131.0,0.0,0.0,Completed,131.0
ORD-08950,CUST-0431,PROD-101,CHAN-3,2025-11-27,1,66.0,0.0,11.99,Completed,77.99
ORD-08951,CUST-0601,PROD-003,CHAN-1,2025-11-27,1,70.99,0.0,8.99,Completed,79.98
ORD-08952,CUST-1508,PROD-063,CHAN-2,2025-11-27,1,96.99,0.0,0.0,Cancelled,0.0
ORD-08953,CUST-0252,PROD-025,CHAN-2,2025-11-27,1,57.99,0.0,4.99,Completed,62.98
ORD-08954,CUST-0392,PROD-125,CHAN-3,2025-11-27,2,162.99,0.0,0.0,Completed,325.98
ORD-08955,CUST-0157,PROD-133,CHAN-3,2025-11-27,2,18.99,0.0,8.99,Completed,46.97
ORD-08956,CUST-1657,PROD-132,CHAN-1,2025-11-27,1,8.0,0.0,4.99,Completed,12.99
ORD-08957,CUST-0747,PROD-048,CHAN-1,2025-11-27,1,121.95,0.0,0.0,Returned,121.95
ORD-08958,CUST-0004,PROD-001,CHAN-1,2025-11-27,1,50.95,0.4,8.99,Completed,39.56
ORD-08959,CUST-0828,PROD-135,CHAN-2,2025-11-27,1,13.99,0.25,11.99,Completed,22.48
ORD-08960,CUST-0001,PROD-040,CHAN-3,2025-11-27,1,106.95,0.0,0.0,Returned,106.95
ORD-08961,CUST-0048,PROD-108,CHAN-4,2025-11-27,1,114.95,0.0,0.0,Completed,114.95
ORD-08962,CUST-0039,PROD-019,CHAN-1,2025-11-27,2,35.95,0.0,8.99,Returned,80.89
ORD-08963,CUST-1642,PROD-060,CHAN-2,2025-11-27,1,51.99,0.4,11.99,Completed,43.18
ORD-08964,CUST-0159,PROD-060,CHAN-3,2025-11-27,2,51.99,0.0,0.0,Completed,103.98
ORD-08965,CUST-0006,PROD-033,CHAN-1,2025-11-27,2,63.99,0.0,0.0,Completed,127.98
ORD-08966,CUST-0325,PROD-020,CHAN-2,2025-11-27,1,25.0,0.1,5.99,Completed,28.49
ORD-08967,CUST-0063,PROD-119,CHAN-1,2025-11-27,1,123.0,0.1,0.0,Completed,110.7
ORD-08968,CUST-0018,PROD-006,CHAN-2,2025-11-27,1,58.0,0.0,4.99,Completed,62.99
ORD-08969,CUST-0245,PROD-008,CHAN-1,2025-11-27,1,38.99,0.15,11.99,Completed,45.13
ORD-08970,CUST-0443,PROD-015,CHAN-1,2025-11-27,1,65.0,0.0,4.99,Completed,69.99
ORD-08971,CUST-0002,PROD-003,CHAN-2,2025-11-27,1,70.99,0.0,11.99,Returned,82.98
ORD-08972,CUST-0002,PROD-039,CHAN-2,2025-11-27,1,83.0,0.35,8.99,Completed,62.94
ORD-08973,CUST-0011,PROD-085,CHAN-2,2025-11-27,1,23.95,0.0,5.99,Returned,29.94
ORD-08974,CUST-0163,PROD-005,CHAN-2,2025-11-27,1,30.99,0.0,8.99,Completed,39.98
ORD-08975,CUST-0007,PROD-023,CHAN-4,2025-11-27,1,58.95,0.0,11.99,Completed,70.94
ORD-08976,CUST-0111,PROD-062,CHAN-1,2025-11-27,1,77.99,0.0,0.0,Completed,77.99
ORD-08977,CUST-0688,PROD-109,CHAN-2,2025-11-27,1,68.99,0.05,4.99,Completed,70.53
ORD-08978,CUST-0987,PROD-121,CHAN-2,2025-11-27,1,156.99,0.0,0.0,Completed,156.99
ORD-08979,CUST-1423,PROD-006,CHAN-1,2025-11-27,1,58.0,0.0,4.99,Completed,62.99
ORD-08980,CUST-0162,PROD-096,CHAN-1,2025-11-27,1,22.99,0.0,11.99,Completed,34.98
ORD-08981,CUST-0601,PROD-068,CHAN-3,2025-11-27,1,83.95,0.35,11.99,Completed,66.56
ORD-08982,CUST-0007,PROD-046,CHAN-1,2025-11-27,1,36.99,0.0,5.99,Completed,42.98
ORD-08983,CUST-1024,PROD-026,CHAN-2,2025-11-27,1,36.95,0.0,4.99,Completed,41.94
ORD-08984,CUST-0185,PROD-001,CHAN-1,2025-11-27,1,50.95,0.0,5.99,Completed,56.94
ORD-08985,CUST-1881,PROD-082,CHAN-2,2025-11-27,1,22.0,0.15,11.99,Completed,30.69
ORD-08986,CUST-0012,PROD-099,CHAN-4,2025-11-28,1,17.95,0.4,11.99,Completed,22.76
ORD-08987,CUST-1554,PROD-023,CHAN-1,2025-11-28,1,58.95,0.35,8.99,Completed,47.31
ORD-08988,CUST-1000,PROD-034,CHAN-3,2025-11-28,1,65.99,0.0,8.99,Completed,74.98
ORD-08989,CUST-0712,PROD-004,CHAN-1,2025-11-28,1,47.99,0.3,11.99,Completed,45.58
ORD-08990,CUST-1133,PROD-064,CHAN-1,2025-11-28,1,43.0,0.4,11.99,Completed,37.79
ORD-08991,CUST-0973,PROD-014,CHAN-4,2025-11-28,3,19.0,0.15,4.99,Completed,53.44
ORD-08992,CUST-0418,PROD-060,CHAN-2,2025-11-28,1,51.99,0.0,11.99,Completed,63.98
ORD-08993,CUST-0147,PROD-004,CHAN-4,2025-11-28,2,47.99,0.0,0.0,Returned,95.98
ORD-08994,CUST-0003,PROD-046,CHAN-1,2025-11-28,2,36.99,0.0,5.99,Completed,79.97
ORD-08995,CUST-0127,PROD-062,CHAN-1,2025-11-28,1,77.99,0.0,0.0,Completed,77.99
ORD-08996,CUST-0087,PROD-006,CHAN-2,2025-11-28,1,58.0,0.35,5.99,Completed,43.69
ORD-08997,CUST-1912,PROD-067,CHAN-2,2025-11-28,3,95.99,0.0,0.0,Completed,287.97
ORD-08998,CUST-1207,PROD-046,CHAN-2,2025-11-28,3,36.99,0.35,8.99,Completed,81.12
ORD-08999,CUST-0556,PROD-076,CHAN-1,2025-11-28,2,7.99,0.0,8.99,Completed,24.97
ORD-09000,CUST-0068,PROD-004,CHAN-3,2025-11-28,1,47.99,0.05,4.99,Completed,50.58
ORD-09001,CUST-0193,PROD-029,CHAN-1,2025-11-28,1,79.0,0.0,0.0,Completed,79.0
ORD-09002,CUST-0132,PROD-005,CHAN-1,2025-11-28,2,30.99,0.05,11.99,Completed,70.87
ORD-09003,CUST-0012,PROD-003,CHAN-4,2025-11-28,2,70.99,0.3,0.0,Refunded,99.39
ORD-09004,CUST-0003,PROD-002,CHAN-2,2025-11-28,1,28.99,0.4,11.99,Returned,29.38
ORD-09005,CUST-0845,PROD-026,CHAN-4,2025-11-28,1,36.95,0.0,5.99,Completed,42.94
ORD-09006,CUST-0003,PROD-018,CHAN-2,2025-11-28,1,83.95,0.0,0.0,Completed,83.95
ORD-09007,CUST-0001,PROD-002,CHAN-2,2025-11-28,1,28.99,0.0,4.99,Completed,33.98
ORD-09008,CUST-0008,PROD-066,CHAN-2,2025-11-28,3,71.95,0.0,0.0,Completed,215.85
ORD-09009,CUST-1256,PROD-134,CHAN-4,2025-11-28,1,3.99,0.0,11.99,Completed,15.98
ORD-09010,CUST-0303,PROD-014,CHAN-2,2025-11-28,1,19.0,0.0,5.99,Completed,24.99
ORD-09011,CUST-0693,PROD-001,CHAN-1,2025-11-28,1,50.95,0.0,5.99,Completed,56.94
ORD-09012,CUST-1683,PROD-005,CHAN-3,2025-11-28,1,30.99,0.15,8.99,Completed,35.33
ORD-09013,CUST-0638,PROD-017,CHAN-1,2025-11-28,5,28.99,0.2,0.0,Completed,115.96
ORD-09014,CUST-0047,PROD-008,CHAN-2,2025-11-28,2,38.99,0.0,0.0,Completed,77.98
ORD-09015,CUST-1908,PROD-074,CHAN-2,2025-11-28,1,45.95,0.0,11.99,Completed,57.94
ORD-09016,CUST-0506,PROD-054,CHAN-1,2025-11-28,1,109.0,0.2,0.0,Completed,87.2
ORD-09017,CUST-0038,PROD-037,CHAN-1,2025-11-28,1,60.95,0.2,11.99,Completed,60.75
ORD-09018,CUST-0548,PROD-002,CHAN-1,2025-11-28,1,28.99,0.0,0.0,Cancelled,0.0
ORD-09019,CUST-0025,PROD-008,CHAN-2,2025-11-28,1,38.99,0.0,8.99,Completed,47.98
ORD-09020,CUST-0276,PROD-062,CHAN-2,2025-11-28,1,77.99,0.05,5.99,Completed,80.08
ORD-09021,CUST-1321,PROD-147,CHAN-1,2025-11-28,1,5.95,0.2,5.99,Returned,10.75
ORD-09022,CUST-0001,PROD-001,CHAN-1,2025-11-28,2,50.95,0.0,0.0,Completed,101.9
ORD-09023,CUST-0643,PROD-031,CHAN-1,2025-11-28,1,100.0,0.0,0.0,Completed,100.0
ORD-09024,CUST-0100,PROD-115,CHAN-2,2025-11-28,1,166.95,0.0,0.0,Completed,166.95
ORD-09025,CUST-0269,PROD-131,CHAN-2,2025-11-28,1,7.95,0.35,4.99,Completed,10.16
ORD-09026,CUST-0230,PROD-014,CHAN-5,2025-11-28,1,19.0,0.0,4.99,Completed,23.99
ORD-09027,CUST-0005,PROD-027,CHAN-1,2025-11-28,1,54.0,0.1,8.99,Completed,57.59
ORD-09028,CUST-0047,PROD-001,CHAN-1,2025-11-28,1,50.95,0.0,4.99,Completed,55.94
ORD-09029,CUST-0131,PROD-104,CHAN-1,2025-11-28,1,72.99,0.0,11.99,Completed,84.98
ORD-09030,CUST-1032,PROD-113,CHAN-2,2025-11-28,1,97.0,0.0,0.0,Returned,97.0
ORD-09031,CUST-1002,PROD-001,CHAN-4,2025-11-28,2,50.95,0.0,0.0,Returned,101.9
ORD-09032,CUST-0403,PROD-013,CHAN-1,2025-11-28,5,41.95,0.0,0.0,Completed,209.75
ORD-09033,CUST-0968,PROD-019,CHAN-1,2025-11-29,1,35.95,0.0,5.99,Completed,41.94
ORD-09034,CUST-1931,PROD-075,CHAN-1,2025-11-29,1,118.99,0.0,0.0,Completed,118.99
ORD-09035,CUST-0011,PROD-125,CHAN-1,2025-11-29,2,162.99,0.0,0.0,Refunded,325.98
ORD-09036,CUST-0007,PROD-004,CHAN-2,2025-11-29,2,47.99,0.0,0.0,Completed,95.98
ORD-09037,CUST-0037,PROD-027,CHAN-2,2025-11-29,2,54.0,0.2,0.0,Completed,86.4
ORD-09038,CUST-0582,PROD-003,CHAN-2,2025-11-29,2,70.99,0.0,0.0,Returned,141.98
ORD-09039,CUST-1368,PROD-052,CHAN-5,2025-11-29,1,124.0,0.0,0.0,Completed,124.0
ORD-09040,CUST-0289,PROD-090,CHAN-1,2025-11-29,4,21.0,0.0,0.0,Completed,84.0
ORD-09041,CUST-0136,PROD-020,CHAN-1,2025-11-29,1,25.0,0.0,5.99,Completed,30.99
ORD-09042,CUST-0468,PROD-029,CHAN-1,2025-11-29,2,79.0,0.0,0.0,Completed,158.0
ORD-09043,CUST-0004,PROD-104,CHAN-1,2025-11-29,1,72.99,0.0,4.99,Completed,77.98
ORD-09044,CUST-0163,PROD-049,CHAN-2,2025-11-29,4,19.95,0.0,0.0,Completed,79.8
ORD-09045,CUST-0096,PROD-046,CHAN-2,2025-11-29,5,36.99,0.0,0.0,Completed,184.95
ORD-09046,CUST-1134,PROD-025,CHAN-2,2025-11-29,1,57.99,0.0,5.99,Completed,63.98
ORD-09047,CUST-0945,PROD-107,CHAN-4,2025-11-29,1,53.0,0.3,4.99,Completed,42.09
ORD-09048,CUST-0691,PROD-031,CHAN-2,2025-11-29,1,100.0,0.3,11.99,Completed,81.99
ORD-09049,CUST-0888,PROD-001,CHAN-1,2025-11-29,2,50.95,0.0,0.0,Completed,101.9
ORD-09050,CUST-1649,PROD-060,CHAN-2,2025-11-29,2,51.99,0.0,0.0,Completed,103.98
ORD-09051,CUST-0144,PROD-003,CHAN-4,2025-11-29,3,70.99,0.05,0.0,Completed,202.32
ORD-09052,CUST-0236,PROD-009,CHAN-3,2025-11-29,2,60.99,0.0,0.0,Completed,121.98
ORD-09053,CUST-0001,PROD-003,CHAN-5,2025-11-29,1,70.99,0.0,11.99,Completed,82.98
ORD-09054,CUST-0079,PROD-046,CHAN-1,2025-11-29,1,36.99,0.0,11.99,Completed,48.98
ORD-09055,CUST-0135,PROD-013,CHAN-3,2025-11-29,1,41.95,0.25,11.99,Refunded,43.45
ORD-09056,CUST-0077,PROD-016,CHAN-1,2025-11-29,1,25.0,0.25,11.99,Completed,30.74
ORD-09057,CUST-0826,PROD-003,CHAN-2,2025-11-29,2,70.99,0.0,0.0,Completed,141.98
ORD-09058,CUST-0150,PROD-019,CHAN-3,2025-11-29,2,35.95,0.0,4.99,Completed,76.89
ORD-09059,CUST-1420,PROD-049,CHAN-4,2025-11-29,2,19.95,0.25,5.99,Completed,35.91
ORD-09060,CUST-0203,PROD-060,CHAN-1,2025-11-29,1,51.99,0.0,5.99,Completed,57.98
ORD-09061,CUST-0067,PROD-014,CHAN-1,2025-11-29,1,19.0,0.0,11.99,Completed,30.99
ORD-09062,CUST-0293,PROD-054,CHAN-1,2025-11-29,2,109.0,0.0,0.0,Completed,218.0
ORD-09063,CUST-0359,PROD-061,CHAN-1,2025-11-30,2,67.0,0.0,0.0,Completed,134.0
ORD-09064,CUST-0573,PROD-111,CHAN-1,2025-11-30,1,27.99,0.25,8.99,Completed,29.98
ORD-09065,CUST-0011,PROD-009,CHAN-1,2025-11-30,2,60.99,0.2,0.0,Returned,97.58
ORD-09066,CUST-0426,PROD-018,CHAN-2,2025-11-30,1,83.95,0.25,11.99,Completed,74.95
ORD-09067,CUST-0152,PROD-054,CHAN-2,2025-11-30,1,109.0,0.0,0.0,Completed,109.0
ORD-09068,CUST-0041,PROD-019,CHAN-4,2025-11-30,4,35.95,0.4,0.0,Completed,86.28
ORD-09069,CUST-0100,PROD-062,CHAN-1,2025-11-30,1,77.99,0.0,0.0,Cancelled,0.0
ORD-09070,CUST-1073,PROD-038,CHAN-3,2025-11-30,1,83.99,0.0,0.0,Cancelled,0.0
ORD-09071,CUST-0584,PROD-001,CHAN-2,2025-11-30,4,50.95,0.4,0.0,Completed,122.28
ORD-09072,CUST-0280,PROD-005,CHAN-5,2025-11-30,1,30.99,0.0,11.99,Returned,42.98
ORD-09073,CUST-0195,PROD-002,CHAN-1,2025-11-30,1,28.99,0.0,5.99,Completed,34.98
ORD-09074,CUST-0409,PROD-047,CHAN-2,2025-11-30,1,82.0,0.0,0.0,Completed,82.0
ORD-09075,CUST-0315,PROD-096,CHAN-4,2025-11-30,1,22.99,0.15,5.99,Completed,25.53
ORD-09076,CUST-0015,PROD-028,CHAN-1,2025-11-30,2,109.0,0.4,0.0,Completed,130.8
ORD-09077,CUST-0054,PROD-046,CHAN-1,2025-11-30,1,36.99,0.1,11.99,Completed,45.28
ORD-09078,CUST-0002,PROD-088,CHAN-4,2025-11-30,1,29.99,0.0,0.0,Cancelled,0.0
ORD-09079,CUST-0064,PROD-031,CHAN-2,2025-11-30,1,100.0,0.35,11.99,Completed,76.99
ORD-09080,CUST-1113,PROD-008,CHAN-1,2025-11-30,1,38.99,0.0,11.99,Completed,50.98
ORD-09081,CUST-0012,PROD-073,CHAN-1,2025-11-30,2,24.95,0.0,5.99,Completed,55.89
ORD-09082,CUST-0276,PROD-048,CHAN-1,2025-11-30,1,121.95,0.4,5.99,Completed,79.16
ORD-09083,CUST-0590,PROD-011,CHAN-1,2025-11-30,1,18.95,0.0,8.99,Completed,27.94
ORD-09084,CUST-0049,PROD-095,CHAN-4,2025-11-30,1,18.95,0.4,11.99,Completed,23.36
ORD-09085,CUST-1587,PROD-117,CHAN-1,2025-11-30,1,27.99,0.0,4.99,Completed,32.98
ORD-09086,CUST-0287,PROD-042,CHAN-1,2025-11-30,1,17.0,0.0,11.99,Completed,28.99
ORD-09087,CUST-0222,PROD-071,CHAN-1,2025-11-30,2,54.99,0.0,0.0,Returned,109.98
ORD-09088,CUST-1628,PROD-087,CHAN-1,2025-11-30,1,34.99,0.0,0.0,Cancelled,0.0
ORD-09089,CUST-0307,PROD-137,CHAN-3,2025-11-30,1,15.0,0.0,11.99,Completed,26.99
ORD-09090,CUST-0018,PROD-076,CHAN-3,2025-11-30,3,7.99,0.0,11.99,Completed,35.96
ORD-09091,CUST-0544,PROD-040,CHAN-2,2025-11-30,3,106.95,0.0,0.0,Returned,320.85
ORD-09092,CUST-0582,PROD-012,CHAN-2,2025-11-30,2,63.0,0.0,0.0,Completed,126.0
ORD-09093,CUST-0446,PROD-039,CHAN-2,2025-11-30,1,83.0,0.0,0.0,Completed,83.0
ORD-09094,CUST-0004,PROD-079,CHAN-1,2025-11-30,3,37.99,0.0,0.0,Completed,113.97
ORD-09095,CUST-1847,PROD-031,CHAN-4,2025-11-30,1,100.0,0.0,0.0,Completed,100.0
ORD-09096,CUST-0724,PROD-002,CHAN-1,2025-11-30,2,28.99,0.0,8.99,Completed,66.97
ORD-09097,CUST-1479,PROD-043,CHAN-1,2025-11-30,1,45.99,0.0,4.99,Completed,50.98
ORD-09098,CUST-1375,PROD-008,CHAN-1,2025-11-30,2,38.99,0.0,0.0,Completed,77.98
ORD-09099,CUST-1671,PROD-003,CHAN-3,2025-11-30,1,70.99,0.0,5.99,Completed,76.98
ORD-09100,CUST-0050,PROD-085,CHAN-2,2025-11-30,1,23.95,0.0,8.99,Completed,32.94
ORD-09101,CUST-0327,PROD-086,CHAN-1,2025-11-30,1,7.0,0.0,5.99,Completed,12.99
ORD-09102,CUST-0013,PROD-016,CHAN-1,2025-11-30,1,25.0,0.25,8.99,Returned,27.74
ORD-09103,CUST-0017,PROD-023,CHAN-1,2025-11-30,2,58.95,0.0,0.0,Completed,117.9
ORD-09104,CUST-0772,PROD-003,CHAN-4,2025-11-30,2,70.99,0.0,0.0,Completed,141.98
ORD-09105,CUST-0553,PROD-035,CHAN-1,2025-11-30,4,102.99,0.0,0.0,Completed,411.96
ORD-09106,CUST-0001,PROD-072,CHAN-2,2025-11-30,3,35.95,0.2,0.0,Completed,86.28
ORD-09107,CUST-0163,PROD-041,CHAN-2,2025-11-30,1,27.95,0.0,11.99,Completed,39.94
ORD-09108,CUST-0003,PROD-008,CHAN-1,2025-11-30,1,38.99,0.0,5.99,Completed,44.98
ORD-09109,CUST-0570,PROD-095,CHAN-4,2025-11-30,1,18.95,0.2,8.99,Completed,24.15
ORD-09110,CUST-0077,PROD-112,CHAN-3,2025-11-30,1,115.0,0.0,0.0,Completed,115.0
ORD-09111,CUST-0073,PROD-124,CHAN-1,2025-11-30,1,180.95,0.0,0.0,Completed,180.95
ORD-09112,CUST-1088,PROD-048,CHAN-1,2025-11-30,1,121.95,0.3,0.0,Completed,85.36
ORD-09113,CUST-0983,PROD-107,CHAN-1,2025-12-01,1,53.0,0.0,11.99,Completed,64.99
ORD-09114,CUST-0340,PROD-110,CHAN-1,2025-12-01,1,35.95,0.0,4.99,Completed,40.94
ORD-09115,CUST-0063,PROD-001,CHAN-3,2025-12-01,1,50.95,0.0,11.99,Completed,62.94
ORD-09116,CUST-0983,PROD-019,CHAN-1,2025-12-01,3,35.95,0.0,0.0,Cancelled,0.0
ORD-09117,CUST-0655,PROD-071,CHAN-2,2025-12-01,1,54.99,0.05,5.99,Completed,58.23
ORD-09118,CUST-0439,PROD-013,CHAN-3,2025-12-01,1,41.95,0.25,11.99,Completed,43.45
ORD-09119,CUST-0056,PROD-121,CHAN-2,2025-12-01,1,156.99,0.0,0.0,Completed,156.99
ORD-09120,CUST-0002,PROD-124,CHAN-4,2025-12-01,1,180.95,0.0,0.0,Completed,180.95
ORD-09121,CUST-0237,PROD-021,CHAN-1,2025-12-01,1,39.0,0.15,4.99,Completed,38.14
ORD-09122,CUST-0014,PROD-127,CHAN-1,2025-12-01,2,7.95,0.2,11.99,Completed,24.71
ORD-09123,CUST-0096,PROD-009,CHAN-2,2025-12-01,2,60.99,0.0,0.0,Completed,121.98
ORD-09124,CUST-0853,PROD-010,CHAN-1,2025-12-01,2,32.99,0.0,4.99,Completed,70.97
ORD-09125,CUST-0843,PROD-076,CHAN-1,2025-12-01,2,7.99,0.0,4.99,Completed,20.97
ORD-09126,CUST-0140,PROD-025,CHAN-1,2025-12-01,1,57.99,0.0,4.99,Completed,62.98
ORD-09127,CUST-0208,PROD-001,CHAN-2,2025-12-01,2,50.95,0.0,0.0,Completed,101.9
ORD-09128,CUST-1796,PROD-002,CHAN-1,2025-12-01,1,28.99,0.0,11.99,Completed,40.98
ORD-09129,CUST-0025,PROD-004,CHAN-2,2025-12-01,1,47.99,0.0,4.99,Completed,52.98
ORD-09130,CUST-1176,PROD-150,CHAN-2,2025-12-01,1,7.0,0.3,8.99,Completed,13.89
ORD-09131,CUST-0921,PROD-044,CHAN-2,2025-12-01,3,66.0,0.0,0.0,Cancelled,0.0
ORD-09132,CUST-0779,PROD-070,CHAN-1,2025-12-01,2,91.99,0.0,0.0,Completed,183.98
ORD-09133,CUST-1076,PROD-015,CHAN-1,2025-12-01,1,65.0,0.0,4.99,Completed,69.99
ORD-09134,CUST-0003,PROD-067,CHAN-1,2025-12-01,3,95.99,0.0,0.0,Cancelled,0.0
ORD-09135,CUST-1263,PROD-020,CHAN-1,2025-12-01,1,25.0,0.25,8.99,Returned,27.74
ORD-09136,CUST-0008,PROD-001,CHAN-2,2025-12-01,3,50.95,0.1,0.0,Completed,137.57
ORD-09137,CUST-1586,PROD-098,CHAN-2,2025-12-01,2,30.99,0.0,11.99,Completed,73.97
ORD-09138,CUST-0348,PROD-007,CHAN-2,2025-12-01,3,49.0,0.0,0.0,Completed,147.0
ORD-09139,CUST-0001,PROD-011,CHAN-1,2025-12-01,1,18.95,0.1,5.99,Completed,23.05
ORD-09140,CUST-0047,PROD-023,CHAN-4,2025-12-01,2,58.95,0.0,0.0,Completed,117.9
ORD-09141,CUST-1723,PROD-004,CHAN-1,2025-12-01,1,47.99,0.3,8.99,Completed,42.58
ORD-09142,CUST-1572,PROD-005,CHAN-2,2025-12-01,1,30.99,0.2,11.99,Completed,36.78
ORD-09143,CUST-0001,PROD-002,CHAN-2,2025-12-01,1,28.99,0.35,11.99,Completed,30.83
ORD-09144,CUST-0049,PROD-023,CHAN-2,2025-12-01,1,58.95,0.05,8.99,Completed,64.99
ORD-09145,CUST-1716,PROD-029,CHAN-1,2025-12-01,1,79.0,0.2,5.99,Completed,69.19
ORD-09146,CUST-0248,PROD-093,CHAN-4,2025-12-02,2,25.99,0.0,0.0,Cancelled,0.0
ORD-09147,CUST-0172,PROD-009,CHAN-4,2025-12-02,1,60.99,0.0,4.99,Completed,65.98
ORD-09148,CUST-0995,PROD-147,CHAN-2,2025-12-02,1,5.95,0.2,5.99,Completed,10.75
ORD-09149,CUST-0773,PROD-007,CHAN-2,2025-12-02,1,49.0,0.2,8.99,Completed,48.19
ORD-09150,CUST-0024,PROD-056,CHAN-2,2025-12-02,2,131.0,0.15,0.0,Completed,222.7
ORD-09151,CUST-1389,PROD-009,CHAN-2,2025-12-02,1,60.99,0.0,8.99,Completed,69.98
ORD-09152,CUST-0584,PROD-108,CHAN-1,2025-12-02,1,114.95,0.2,0.0,Completed,91.96
ORD-09153,CUST-0292,PROD-093,CHAN-2,2025-12-02,2,25.99,0.0,11.99,Completed,63.97
ORD-09154,CUST-0083,PROD-074,CHAN-2,2025-12-02,1,45.95,0.0,8.99,Completed,54.94
ORD-09155,CUST-0160,PROD-018,CHAN-1,2025-12-02,1,83.95,0.0,0.0,Returned,83.95
ORD-09156,CUST-0004,PROD-108,CHAN-3,2025-12-02,2,114.95,0.35,0.0,Completed,149.44
ORD-09157,CUST-1167,PROD-009,CHAN-2,2025-12-02,3,60.99,0.0,0.0,Completed,182.97
ORD-09158,CUST-0960,PROD-001,CHAN-2,2025-12-02,1,50.95,0.0,11.99,Completed,62.94
ORD-09159,CUST-0078,PROD-030,CHAN-3,2025-12-02,1,62.99,0.0,4.99,Completed,67.98
ORD-09160,CUST-0144,PROD-037,CHAN-3,2025-12-02,1,60.95,0.0,11.99,Completed,72.94
ORD-09161,CUST-0551,PROD-012,CHAN-2,2025-12-02,1,63.0,0.0,4.99,Completed,67.99
ORD-09162,CUST-1303,PROD-001,CHAN-1,2025-12-02,1,50.95,0.0,4.99,Completed,55.94
ORD-09163,CUST-0575,PROD-078,CHAN-1,2025-12-03,1,9.99,0.35,4.99,Returned,11.48
ORD-09164,CUST-1097,PROD-076,CHAN-3,2025-12-03,1,7.99,0.1,4.99,Completed,12.18
ORD-09165,CUST-0931,PROD-023,CHAN-2,2025-12-03,2,58.95,0.2,0.0,Completed,94.32
ORD-09166,CUST-0026,PROD-028,CHAN-2,2025-12-03,1,109.0,0.0,0.0,Completed,109.0
ORD-09167,CUST-0721,PROD-014,CHAN-1,2025-12-03,1,19.0,0.05,5.99,Completed,24.04
ORD-09168,CUST-1707,PROD-134,CHAN-1,2025-12-03,1,3.99,0.0,11.99,Completed,15.98
ORD-09169,CUST-0001,PROD-010,CHAN-1,2025-12-03,1,32.99,0.0,4.99,Completed,37.98
ORD-09170,CUST-1091,PROD-084,CHAN-1,2025-12-03,1,17.0,0.1,8.99,Completed,24.29
ORD-09171,CUST-0358,PROD-004,CHAN-2,2025-12-03,1,47.99,0.35,4.99,Completed,36.18
ORD-09172,CUST-0028,PROD-005,CHAN-4,2025-12-03,1,30.99,0.0,11.99,Completed,42.98
ORD-09173,CUST-0197,PROD-101,CHAN-1,2025-12-03,3,66.0,0.0,0.0,Completed,198.0
ORD-09174,CUST-0764,PROD-047,CHAN-2,2025-12-03,1,82.0,0.0,0.0,Completed,82.0
ORD-09175,CUST-1450,PROD-103,CHAN-1,2025-12-03,1,111.0,0.0,0.0,Completed,111.0
ORD-09176,CUST-0004,PROD-009,CHAN-1,2025-12-03,1,60.99,0.15,4.99,Refunded,56.83
ORD-09177,CUST-0103,PROD-089,CHAN-3,2025-12-03,1,5.99,0.0,4.99,Completed,10.98
ORD-09178,CUST-0001,PROD-005,CHAN-3,2025-12-03,1,30.99,0.0,8.99,Completed,39.98
ORD-09179,CUST-1910,PROD-118,CHAN-3,2025-12-03,1,150.99,0.0,0.0,Completed,150.99
ORD-09180,CUST-0284,PROD-149,CHAN-1,2025-12-03,1,11.99,0.0,8.99,Completed,20.98
ORD-09181,CUST-0127,PROD-024,CHAN-3,2025-12-03,1,39.0,0.0,11.99,Completed,50.99
ORD-09182,CUST-0956,PROD-068,CHAN-2,2025-12-03,2,83.95,0.0,0.0,Returned,167.9
ORD-09183,CUST-1847,PROD-140,CHAN-2,2025-12-03,1,12.0,0.0,11.99,Completed,23.99
ORD-09184,CUST-0023,PROD-001,CHAN-1,2025-12-03,1,50.95,0.2,8.99,Completed,49.75
ORD-09185,CUST-0015,PROD-009,CHAN-1,2025-12-04,1,60.99,0.0,0.0,Cancelled,0.0
ORD-09186,CUST-0014,PROD-083,CHAN-1,2025-12-04,1,25.99,0.0,8.99,Returned,34.98
ORD-09187,CUST-1430,PROD-002,CHAN-5,2025-12-04,1,28.99,0.0,4.99,Completed,33.98
ORD-09188,CUST-0003,PROD-016,CHAN-3,2025-12-04,1,25.0,0.4,8.99,Completed,23.99
ORD-09189,CUST-0082,PROD-133,CHAN-2,2025-12-04,2,18.99,0.0,5.99,Completed,43.97
ORD-09190,CUST-1456,PROD-089,CHAN-1,2025-12-04,1,5.99,0.0,8.99,Completed,14.98
ORD-09191,CUST-1262,PROD-007,CHAN-1,2025-12-04,1,49.0,0.25,5.99,Completed,42.74
ORD-09192,CUST-0034,PROD-003,CHAN-3,2025-12-04,2,70.99,0.25,0.0,Completed,106.48
ORD-09193,CUST-0020,PROD-075,CHAN-2,2025-12-04,1,118.99,0.0,0.0,Cancelled,0.0
ORD-09194,CUST-0048,PROD-011,CHAN-2,2025-12-04,1,18.95,0.0,11.99,Completed,30.94
ORD-09195,CUST-0076,PROD-001,CHAN-4,2025-12-04,2,50.95,0.0,0.0,Completed,101.9
ORD-09196,CUST-0280,PROD-133,CHAN-1,2025-12-04,1,18.99,0.0,8.99,Completed,27.98
ORD-09197,CUST-0095,PROD-016,CHAN-3,2025-12-04,2,25.0,0.0,8.99,Completed,58.99
ORD-09198,CUST-0087,PROD-002,CHAN-1,2025-12-05,2,28.99,0.0,4.99,Returned,62.97
ORD-09199,CUST-0009,PROD-068,CHAN-3,2025-12-05,1,83.95,0.0,0.0,Completed,83.95
ORD-09200,CUST-1344,PROD-002,CHAN-2,2025-12-05,2,28.99,0.25,11.99,Completed,55.48
ORD-09201,CUST-0240,PROD-008,CHAN-4,2025-12-05,1,38.99,0.0,11.99,Completed,50.98
ORD-09202,CUST-0422,PROD-022,CHAN-2,2025-12-05,1,21.0,0.0,11.99,Returned,32.99
ORD-09203,CUST-0384,PROD-008,CHAN-2,2025-12-05,1,38.99,0.05,5.99,Completed,43.03
ORD-09204,CUST-0001,PROD-035,CHAN-2,2025-12-05,1,102.99,0.0,0.0,Completed,102.99
ORD-09205,CUST-0416,PROD-041,CHAN-1,2025-12-05,1,27.95,0.0,11.99,Completed,39.94
ORD-09206,CUST-1782,PROD-037,CHAN-2,2025-12-05,1,60.95,0.35,11.99,Completed,51.61
ORD-09207,CUST-0967,PROD-063,CHAN-2,2025-12-05,2,96.99,0.0,0.0,Completed,193.98
ORD-09208,CUST-0051,PROD-022,CHAN-1,2025-12-06,2,21.0,0.2,8.99,Completed,42.59
ORD-09209,CUST-1269,PROD-026,CHAN-1,2025-12-06,1,36.95,0.35,11.99,Completed,36.01
ORD-09210,CUST-0006,PROD-015,CHAN-1,2025-12-06,1,65.0,0.35,8.99,Completed,51.24
ORD-09211,CUST-0286,PROD-008,CHAN-2,2025-12-06,3,38.99,0.0,0.0,Completed,116.97
ORD-09212,CUST-0002,PROD-069,CHAN-2,2025-12-06,3,71.0,0.0,0.0,Completed,213.0
ORD-09213,CUST-0625,PROD-059,CHAN-2,2025-12-06,1,58.99,0.3,11.99,Completed,53.28
ORD-09214,CUST-0507,PROD-041,CHAN-1,2025-12-06,1,27.95,0.15,8.99,Completed,32.75
ORD-09215,CUST-0086,PROD-013,CHAN-2,2025-12-06,3,41.95,0.2,0.0,Completed,100.68
ORD-09216,CUST-0050,PROD-002,CHAN-5,2025-12-06,1,28.99,0.0,0.0,Cancelled,0.0
ORD-09217,CUST-1447,PROD-005,CHAN-3,2025-12-06,2,30.99,0.25,11.99,Completed,58.48
ORD-09218,CUST-0020,PROD-006,CHAN-1,2025-12-06,1,58.0,0.0,4.99,Completed,62.99
ORD-09219,CUST-1871,PROD-021,CHAN-2,2025-12-06,2,39.0,0.0,0.0,Completed,78.0
ORD-09220,CUST-0168,PROD-070,CHAN-1,2025-12-07,1,91.99,0.3,5.99,Completed,70.38
ORD-09221,CUST-1829,PROD-006,CHAN-1,2025-12-07,2,58.0,0.0,0.0,Returned,116.0
ORD-09222,CUST-0677,PROD-060,CHAN-3,2025-12-07,1,51.99,0.25,8.99,Completed,47.98
ORD-09223,CUST-0998,PROD-117,CHAN-1,2025-12-07,1,27.99,0.2,8.99,Completed,31.38
ORD-09224,CUST-0131,PROD-001,CHAN-1,2025-12-07,1,50.95,0.0,0.0,Cancelled,0.0
ORD-09225,CUST-1594,PROD-058,CHAN-3,2025-12-07,1,86.0,0.15,8.99,Completed,82.09
ORD-09226,CUST-0040,PROD-142,CHAN-3,2025-12-07,1,5.0,0.0,5.99,Completed,10.99
ORD-09227,CUST-0565,PROD-021,CHAN-2,2025-12-07,2,39.0,0.0,0.0,Completed,78.0
ORD-09228,CUST-0881,PROD-010,CHAN-1,2025-12-07,1,32.99,0.0,4.99,Completed,37.98
ORD-09229,CUST-1031,PROD-037,CHAN-4,2025-12-07,2,60.95,0.4,5.99,Completed,79.13
ORD-09230,CUST-0041,PROD-092,CHAN-2,2025-12-07,1,8.0,0.0,5.99,Completed,13.99
ORD-09231,CUST-0145,PROD-142,CHAN-2,2025-12-07,2,5.0,0.0,11.99,Completed,21.99
ORD-09232,CUST-0287,PROD-022,CHAN-2,2025-12-07,2,21.0,0.0,8.99,Completed,50.99
ORD-09233,CUST-0005,PROD-013,CHAN-2,2025-12-07,1,41.95,0.1,11.99,Completed,49.75
ORD-09234,CUST-1042,PROD-004,CHAN-2,2025-12-07,1,47.99,0.1,5.99,Completed,49.18
ORD-09235,CUST-0084,PROD-019,CHAN-1,2025-12-07,1,35.95,0.0,4.99,Completed,40.94
ORD-09236,CUST-0824,PROD-023,CHAN-2,2025-12-07,1,58.95,0.0,4.99,Completed,63.94
ORD-09237,CUST-0018,PROD-038,CHAN-2,2025-12-07,1,83.99,0.0,0.0,Completed,83.99
ORD-09238,CUST-0632,PROD-008,CHAN-1,2025-12-07,1,38.99,0.35,8.99,Returned,34.33
ORD-09239,CUST-0172,PROD-087,CHAN-2,2025-12-07,1,34.99,0.0,11.99,Completed,46.98
ORD-09240,CUST-0596,PROD-034,CHAN-1,2025-12-07,2,65.99,0.0,0.0,Completed,131.98
ORD-09241,CUST-0021,PROD-125,CHAN-1,2025-12-07,1,162.99,0.0,0.0,Completed,162.99
ORD-09242,CUST-1642,PROD-087,CHAN-1,2025-12-07,1,34.99,0.0,8.99,Returned,43.98
ORD-09243,CUST-0099,PROD-039,CHAN-2,2025-12-08,1,83.0,0.0,0.0,Completed,83.0
ORD-09244,CUST-0005,PROD-043,CHAN-1,2025-12-08,1,45.99,0.15,5.99,Completed,45.08
ORD-09245,CUST-0288,PROD-062,CHAN-2,2025-12-08,1,77.99,0.0,0.0,Completed,77.99
ORD-09246,CUST-1656,PROD-063,CHAN-1,2025-12-08,4,96.99,0.25,0.0,Completed,290.97
ORD-09247,CUST-1430,PROD-005,CHAN-2,2025-12-08,1,30.99,0.3,5.99,Completed,27.68
ORD-09248,CUST-0033,PROD-010,CHAN-2,2025-12-08,1,32.99,0.4,5.99,Completed,25.78
ORD-09249,CUST-1233,PROD-003,CHAN-4,2025-12-08,2,70.99,0.2,0.0,Completed,113.58
ORD-09250,CUST-0891,PROD-012,CHAN-2,2025-12-08,1,63.0,0.0,5.99,Completed,68.99
ORD-09251,CUST-0596,PROD-016,CHAN-3,2025-12-08,1,25.0,0.0,4.99,Completed,29.99
ORD-09252,CUST-0748,PROD-103,CHAN-2,2025-12-08,1,111.0,0.0,0.0,Completed,111.0
ORD-09253,CUST-0081,PROD-040,CHAN-1,2025-12-08,1,106.95,0.0,0.0,Completed,106.95
ORD-09254,CUST-0002,PROD-088,CHAN-1,2025-12-08,3,29.99,0.15,0.0,Completed,76.47
ORD-09255,CUST-0237,PROD-086,CHAN-1,2025-12-08,3,7.0,0.0,8.99,Completed,29.99
ORD-09256,CUST-0002,PROD-001,CHAN-1,2025-12-09,1,50.95,0.0,11.99,Completed,62.94
ORD-09257,CUST-0302,PROD-093,CHAN-1,2025-12-09,2,25.99,0.0,4.99,Completed,56.97
ORD-09258,CUST-1008,PROD-124,CHAN-1,2025-12-09,1,180.95,0.1,0.0,Completed,162.85
ORD-09259,CUST-0013,PROD-021,CHAN-2,2025-12-09,1,39.0,0.0,11.99,Completed,50.99
ORD-09260,CUST-0064,PROD-058,CHAN-1,2025-12-09,1,86.0,0.0,0.0,Completed,86.0
ORD-09261,CUST-0010,PROD-053,CHAN-2,2025-12-09,2,88.95,0.0,0.0,Completed,177.9
ORD-09262,CUST-1525,PROD-088,CHAN-1,2025-12-09,1,29.99,0.0,4.99,Completed,34.98
ORD-09263,CUST-1576,PROD-093,CHAN-2,2025-12-09,2,25.99,0.25,4.99,Completed,43.98
ORD-09264,CUST-0070,PROD-107,CHAN-1,2025-12-09,1,53.0,0.0,0.0,Cancelled,0.0
ORD-09265,CUST-0129,PROD-047,CHAN-2,2025-12-09,1,82.0,0.0,0.0,Cancelled,0.0
ORD-09266,CUST-0419,PROD-027,CHAN-1,2025-12-09,1,54.0,0.0,8.99,Completed,62.99
ORD-09267,CUST-1067,PROD-035,CHAN-2,2025-12-09,1,102.99,0.0,0.0,Completed,102.99
ORD-09268,CUST-0004,PROD-028,CHAN-1,2025-12-09,1,109.0,0.0,0.0,Completed,109.0
ORD-09269,CUST-0337,PROD-004,CHAN-2,2025-12-09,2,47.99,0.4,8.99,Completed,66.58
ORD-09270,CUST-0124,PROD-145,CHAN-4,2025-12-09,2,10.95,0.1,11.99,Completed,31.7
ORD-09271,CUST-1152,PROD-026,CHAN-1,2025-12-09,3,36.95,0.3,0.0,Completed,77.59
ORD-09272,CUST-0148,PROD-003,CHAN-1,2025-12-09,2,70.99,0.0,0.0,Completed,141.98
ORD-09273,CUST-0165,PROD-008,CHAN-3,2025-12-10,1,38.99,0.0,11.99,Completed,50.98
ORD-09274,CUST-0447,PROD-005,CHAN-1,2025-12-10,1,30.99,0.0,0.0,Cancelled,0.0
ORD-09275,CUST-0348,PROD-090,CHAN-2,2025-12-10,1,21.0,0.05,5.99,Completed,25.94
ORD-09276,CUST-1300,PROD-003,CHAN-1,2025-12-10,2,70.99,0.25,0.0,Completed,106.48
ORD-09277,CUST-0057,PROD-075,CHAN-1,2025-12-10,1,118.99,0.0,0.0,Completed,118.99
ORD-09278,CUST-0538,PROD-007,CHAN-1,2025-12-10,1,49.0,0.0,8.99,Completed,57.99
ORD-09279,CUST-0115,PROD-096,CHAN-3,2025-12-10,1,22.99,0.0,4.99,Completed,27.98
ORD-09280,CUST-0086,PROD-033,CHAN-2,2025-12-10,1,63.99,0.0,4.99,Completed,68.98
ORD-09281,CUST-0117,PROD-101,CHAN-1,2025-12-10,1,66.0,0.0,11.99,Completed,77.99
ORD-09282,CUST-0008,PROD-090,CHAN-1,2025-12-10,2,21.0,0.0,5.99,Completed,47.99
ORD-09283,CUST-0010,PROD-119,CHAN-1,2025-12-10,1,123.0,0.0,0.0,Completed,123.0
ORD-09284,CUST-1280,PROD-001,CHAN-1,2025-12-10,3,50.95,0.0,0.0,Completed,152.85
ORD-09285,CUST-0171,PROD-075,CHAN-1,2025-12-10,1,118.99,0.0,0.0,Completed,118.99
ORD-09286,CUST-0005,PROD-077,CHAN-1,2025-12-10,1,42.99,0.0,11.99,Completed,54.98
ORD-09287,CUST-0024,PROD-059,CHAN-1,2025-12-10,1,58.99,0.0,4.99,Completed,63.98
ORD-09288,CUST-0642,PROD-007,CHAN-3,2025-12-10,2,49.0,0.1,0.0,Completed,88.2
ORD-09289,CUST-0468,PROD-004,CHAN-2,2025-12-10,1,47.99,0.3,8.99,Completed,42.58
ORD-09290,CUST-1117,PROD-015,CHAN-1,2025-12-10,1,65.0,0.0,0.0,Cancelled,0.0
ORD-09291,CUST-1808,PROD-090,CHAN-1,2025-12-10,4,21.0,0.0,0.0,Returned,84.0
ORD-09292,CUST-0017,PROD-081,CHAN-2,2025-12-10,2,38.95,0.0,0.0,Returned,77.9
ORD-09293,CUST-0164,PROD-025,CHAN-2,2025-12-10,1,57.99,0.0,5.99,Completed,63.98
ORD-09294,CUST-0002,PROD-080,CHAN-2,2025-12-10,1,20.95,0.0,8.99,Completed,29.94
ORD-09295,CUST-0093,PROD-017,CHAN-2,2025-12-10,2,28.99,0.0,11.99,Completed,69.97
ORD-09296,CUST-1171,PROD-087,CHAN-2,2025-12-10,1,34.99,0.0,5.99,Returned,40.98
ORD-09297,CUST-0009,PROD-087,CHAN-1,2025-12-10,4,34.99,0.0,0.0,Completed,139.96
ORD-09298,CUST-1398,PROD-043,CHAN-1,2025-12-10,1,45.99,0.0,0.0,Cancelled,0.0
ORD-09299,CUST-0877,PROD-086,CHAN-1,2025-12-10,2,7.0,0.0,11.99,Completed,25.99
ORD-09300,CUST-0615,PROD-001,CHAN-1,2025-12-10,1,50.95,0.0,5.99,Completed,56.94
ORD-09301,CUST-0032,PROD-005,CHAN-1,2025-12-10,3,30.99,0.0,0.0,Completed,92.97
ORD-09302,CUST-0004,PROD-021,CHAN-1,2025-12-10,2,39.0,0.0,0.0,Completed,78.0
ORD-09303,CUST-0794,PROD-097,CHAN-2,2025-12-10,1,6.0,0.0,5.99,Completed,11.99
ORD-09304,CUST-0192,PROD-061,CHAN-1,2025-12-10,1,67.0,0.0,5.99,Completed,72.99
ORD-09305,CUST-0010,PROD-111,CHAN-2,2025-12-10,1,27.99,0.0,5.99,Completed,33.98
ORD-09306,CUST-0483,PROD-090,CHAN-2,2025-12-10,1,21.0,0.0,11.99,Completed,32.99
ORD-09307,CUST-0083,PROD-004,CHAN-1,2025-12-10,1,47.99,0.2,5.99,Completed,44.38
ORD-09308,CUST-1374,PROD-088,CHAN-1,2025-12-10,1,29.99,0.25,8.99,Completed,31.48
ORD-09309,CUST-0310,PROD-027,CHAN-2,2025-12-10,1,54.0,0.0,11.99,Completed,65.99
ORD-09310,CUST-1352,PROD-003,CHAN-1,2025-12-11,3,70.99,0.0,0.0,Completed,212.97
ORD-09311,CUST-0001,PROD-024,CHAN-1,2025-12-11,1,39.0,0.0,0.0,Cancelled,0.0
ORD-09312,CUST-0077,PROD-113,CHAN-4,2025-12-11,2,97.0,0.3,0.0,Completed,135.8
ORD-09313,CUST-0182,PROD-147,CHAN-2,2025-12-11,1,5.95,0.2,8.99,Completed,13.75
ORD-09314,CUST-0008,PROD-067,CHAN-2,2025-12-11,1,95.99,0.3,8.99,Refunded,76.18
ORD-09315,CUST-0412,PROD-147,CHAN-1,2025-12-11,1,5.95,0.0,4.99,Completed,10.94
ORD-09316,CUST-1522,PROD-004,CHAN-4,2025-12-11,2,47.99,0.0,0.0,Completed,95.98
ORD-09317,CUST-0174,PROD-002,CHAN-1,2025-12-11,1,28.99,0.0,11.99,Completed,40.98
ORD-09318,CUST-0789,PROD-036,CHAN-2,2025-12-11,1,102.99,0.25,0.0,Completed,77.24
ORD-09319,CUST-0458,PROD-141,CHAN-2,2025-12-11,3,15.0,0.35,5.99,Refunded,35.24
ORD-09320,CUST-0055,PROD-076,CHAN-2,2025-12-11,3,7.99,0.0,11.99,Completed,35.96
ORD-09321,CUST-0341,PROD-013,CHAN-1,2025-12-11,1,41.95,0.2,11.99,Returned,45.55
ORD-09322,CUST-0045,PROD-034,CHAN-3,2025-12-11,1,65.99,0.0,4.99,Completed,70.98
ORD-09323,CUST-0083,PROD-109,CHAN-1,2025-12-11,4,68.99,0.0,0.0,Completed,275.96
ORD-09324,CUST-0071,PROD-030,CHAN-1,2025-12-11,5,62.99,0.3,0.0,Completed,220.46
ORD-09325,CUST-1463,PROD-100,CHAN-1,2025-12-11,4,38.95,0.0,0.0,Completed,155.8
ORD-09326,CUST-1642,PROD-029,CHAN-2,2025-12-11,5,79.0,0.0,0.0,Completed,395.0
ORD-09327,CUST-0195,PROD-003,CHAN-3,2025-12-11,1,70.99,0.1,5.99,Completed,69.88
ORD-09328,CUST-1931,PROD-046,CHAN-1,2025-12-11,1,36.99,0.0,4.99,Completed,41.98
ORD-09329,CUST-0827,PROD-001,CHAN-1,2025-12-11,1,50.95,0.0,5.99,Completed,56.94
ORD-09330,CUST-0619,PROD-138,CHAN-2,2025-12-11,1,3.99,0.0,11.99,Returned,15.98
ORD-09331,CUST-0180,PROD-048,CHAN-2,2025-12-11,2,121.95,0.0,0.0,Completed,243.9
ORD-09332,CUST-1322,PROD-066,CHAN-5,2025-12-11,2,71.95,0.0,0.0,Completed,143.9
ORD-09333,CUST-0014,PROD-039,CHAN-4,2025-12-11,3,83.0,0.0,0.0,Returned,249.0
ORD-09334,CUST-0162,PROD-079,CHAN-1,2025-12-11,1,37.99,0.0,4.99,Completed,42.98
ORD-09335,CUST-1439,PROD-130,CHAN-2,2025-12-11,1,5.95,0.0,4.99,Refunded,10.94
ORD-09336,CUST-1160,PROD-035,CHAN-1,2025-12-11,1,102.99,0.0,0.0,Completed,102.99
ORD-09337,CUST-0020,PROD-071,CHAN-1,2025-12-11,1,54.99,0.05,8.99,Completed,61.23
ORD-09338,CUST-1588,PROD-137,CHAN-1,2025-12-11,1,15.0,0.0,5.99,Completed,20.99
ORD-09339,CUST-0499,PROD-005,CHAN-1,2025-12-11,1,30.99,0.0,4.99,Completed,35.98
ORD-09340,CUST-1738,PROD-139,CHAN-3,2025-12-11,1,6.99,0.0,11.99,Completed,18.98
ORD-09341,CUST-0835,PROD-034,CHAN-2,2025-12-11,1,65.99,0.0,4.99,Completed,70.98
ORD-09342,CUST-0868,PROD-003,CHAN-1,2025-12-11,4,70.99,0.1,0.0,Completed,255.56
ORD-09343,CUST-0119,PROD-012,CHAN-1,2025-12-11,1,63.0,0.0,4.99,Completed,67.99
ORD-09344,CUST-0008,PROD-008,CHAN-2,2025-12-11,1,38.99,0.2,11.99,Completed,43.18
ORD-09345,CUST-0630,PROD-003,CHAN-1,2025-12-11,2,70.99,0.0,0.0,Completed,141.98
ORD-09346,CUST-0961,PROD-067,CHAN-1,2025-12-11,1,95.99,0.05,0.0,Completed,91.19
ORD-09347,CUST-1146,PROD-005,CHAN-3,2025-12-11,1,30.99,0.0,11.99,Returned,42.98
ORD-09348,CUST-0896,PROD-062,CHAN-1,2025-12-11,1,77.99,0.0,0.0,Completed,77.99
ORD-09349,CUST-0696,PROD-097,CHAN-1,2025-12-11,1,6.0,0.0,8.99,Completed,14.99
ORD-09350,CUST-0133,PROD-047,CHAN-1,2025-12-11,3,82.0,0.0,0.0,Cancelled,0.0
ORD-09351,CUST-0410,PROD-128,CHAN-3,2025-12-11,1,5.95,0.0,4.99,Returned,10.94
ORD-09352,CUST-0015,PROD-111,CHAN-2,2025-12-11,1,27.99,0.0,5.99,Completed,33.98
ORD-09353,CUST-1666,PROD-034,CHAN-1,2025-12-11,1,65.99,0.0,11.99,Completed,77.98
ORD-09354,CUST-1187,PROD-003,CHAN-1,2025-12-11,1,70.99,0.0,11.99,Completed,82.98
ORD-09355,CUST-1252,PROD-091,CHAN-1,2025-12-11,1,13.0,0.4,5.99,Completed,13.79
ORD-09356,CUST-0178,PROD-049,CHAN-5,2025-12-11,1,19.95,0.0,11.99,Completed,31.94
ORD-09357,CUST-1939,PROD-084,CHAN-1,2025-12-11,2,17.0,0.0,5.99,Completed,39.99
ORD-09358,CUST-0023,PROD-043,CHAN-2,2025-12-11,2,45.99,0.0,0.0,Completed,91.98
ORD-09359,CUST-0040,PROD-115,CHAN-4,2025-12-11,1,166.95,0.3,0.0,Completed,116.86
ORD-09360,CUST-1442,PROD-012,CHAN-1,2025-12-11,3,63.0,0.0,0.0,Completed,189.0
ORD-09361,CUST-0175,PROD-058,CHAN-2,2025-12-11,1,86.0,0.0,0.0,Completed,86.0
ORD-09362,CUST-0688,PROD-001,CHAN-1,2025-12-11,3,50.95,0.0,0.0,Completed,152.85
ORD-09363,CUST-1760,PROD-036,CHAN-1,2025-12-12,1,102.99,0.0,0.0,Completed,102.99
ORD-09364,CUST-1407,PROD-002,CHAN-1,2025-12-12,2,28.99,0.0,8.99,Completed,66.97
ORD-09365,CUST-0202,PROD-002,CHAN-1,2025-12-12,2,28.99,0.0,5.99,Completed,63.97
ORD-09366,CUST-0307,PROD-006,CHAN-3,2025-12-12,2,58.0,0.0,0.0,Completed,116.0
ORD-09367,CUST-0001,PROD-051,CHAN-1,2025-12-12,1,105.95,0.3,8.99,Completed,83.15
ORD-09368,CUST-0077,PROD-017,CHAN-2,2025-12-12,1,28.99,0.4,11.99,Completed,29.38
ORD-09369,CUST-0179,PROD-003,CHAN-4,2025-12-12,1,70.99,0.0,0.0,Cancelled,0.0
ORD-09370,CUST-0594,PROD-002,CHAN-2,2025-12-12,1,28.99,0.0,11.99,Completed,40.98
ORD-09371,CUST-0049,PROD-063,CHAN-1,2025-12-12,1,96.99,0.0,0.0,Completed,96.99
ORD-09372,CUST-0014,PROD-008,CHAN-2,2025-12-12,1,38.99,0.0,11.99,Completed,50.98
ORD-09373,CUST-0011,PROD-009,CHAN-1,2025-12-12,1,60.99,0.3,11.99,Refunded,54.68
ORD-09374,CUST-0078,PROD-003,CHAN-3,2025-12-12,1,70.99,0.35,11.99,Completed,58.13
ORD-09375,CUST-1339,PROD-101,CHAN-1,2025-12-12,1,66.0,0.0,8.99,Completed,74.99
ORD-09376,CUST-0003,PROD-053,CHAN-2,2025-12-12,1,88.95,0.0,0.0,Completed,88.95
ORD-09377,CUST-0396,PROD-006,CHAN-3,2025-12-12,1,58.0,0.0,11.99,Completed,69.99
ORD-09378,CUST-1927,PROD-023,CHAN-1,2025-12-12,2,58.95,0.0,0.0,Completed,117.9
ORD-09379,CUST-0447,PROD-078,CHAN-1,2025-12-12,2,9.99,0.0,5.99,Completed,25.97
ORD-09380,CUST-1588,PROD-030,CHAN-1,2025-12-12,1,62.99,0.0,11.99,Completed,74.98
ORD-09381,CUST-1765,PROD-058,CHAN-4,2025-12-12,1,86.0,0.0,0.0,Returned,86.0
ORD-09382,CUST-1576,PROD-003,CHAN-1,2025-12-12,1,70.99,0.0,8.99,Completed,79.98
ORD-09383,CUST-0644,PROD-015,CHAN-4,2025-12-12,3,65.0,0.0,0.0,Completed,195.0
ORD-09384,CUST-1098,PROD-004,CHAN-1,2025-12-12,1,47.99,0.0,8.99,Completed,56.98
ORD-09385,CUST-0979,PROD-004,CHAN-2,2025-12-12,1,47.99,0.0,11.99,Completed,59.98
ORD-09386,CUST-0851,PROD-029,CHAN-2,2025-12-12,1,79.0,0.2,8.99,Returned,72.19
ORD-09387,CUST-0042,PROD-122,CHAN-1,2025-12-12,4,178.99,0.0,0.0,Completed,715.96
ORD-09388,CUST-0003,PROD-038,CHAN-1,2025-12-12,5,83.99,0.0,0.0,Completed,419.95
ORD-09389,CUST-1947,PROD-010,CHAN-1,2025-12-12,2,32.99,0.05,8.99,Completed,71.67
ORD-09390,CUST-1461,PROD-066,CHAN-3,2025-12-12,1,71.95,0.0,4.99,Completed,76.94
ORD-09391,CUST-0612,PROD-073,CHAN-1,2025-12-12,2,24.95,0.35,8.99,Completed,41.43
ORD-09392,CUST-1714,PROD-121,CHAN-1,2025-12-12,1,156.99,0.0,0.0,Completed,156.99
ORD-09393,CUST-0322,PROD-005,CHAN-4,2025-12-12,1,30.99,0.0,5.99,Completed,36.98
ORD-09394,CUST-0965,PROD-019,CHAN-2,2025-12-12,1,35.95,0.0,8.99,Completed,44.94
ORD-09395,CUST-0038,PROD-031,CHAN-2,2025-12-12,2,100.0,0.0,0.0,Completed,200.0
ORD-09396,CUST-0002,PROD-005,CHAN-2,2025-12-12,2,30.99,0.0,4.99,Completed,66.97
ORD-09397,CUST-0052,PROD-010,CHAN-1,2025-12-12,1,32.99,0.0,5.99,Completed,38.98
ORD-09398,CUST-0001,PROD-052,CHAN-4,2025-12-12,1,124.0,0.0,0.0,Completed,124.0
ORD-09399,CUST-0932,PROD-050,CHAN-4,2025-12-12,2,40.0,0.1,5.99,Completed,77.99
ORD-09400,CUST-1305,PROD-061,CHAN-3,2025-12-12,1,67.0,0.0,4.99,Refunded,71.99
ORD-09401,CUST-0040,PROD-125,CHAN-2,2025-12-12,1,162.99,0.05,0.0,Completed,154.84
ORD-09402,CUST-1363,PROD-020,CHAN-1,2025-12-12,1,25.0,0.0,4.99,Returned,29.99
ORD-09403,CUST-0449,PROD-044,CHAN-1,2025-12-12,3,66.0,0.0,0.0,Completed,198.0
ORD-09404,CUST-1743,PROD-001,CHAN-1,2025-12-13,1,50.95,0.35,5.99,Completed,39.11
ORD-09405,CUST-1295,PROD-118,CHAN-2,2025-12-13,2,150.99,0.0,0.0,Completed,301.98
ORD-09406,CUST-0783,PROD-038,CHAN-1,2025-12-13,1,83.99,0.1,0.0,Refunded,75.59
ORD-09407,CUST-0065,PROD-048,CHAN-1,2025-12-13,1,121.95,0.0,0.0,Completed,121.95
ORD-09408,CUST-0001,PROD-057,CHAN-5,2025-12-13,2,32.0,0.0,5.99,Completed,69.99
ORD-09409,CUST-0790,PROD-092,CHAN-1,2025-12-13,1,8.0,0.0,11.99,Completed,19.99
ORD-09410,CUST-0150,PROD-002,CHAN-2,2025-12-13,1,28.99,0.0,11.99,Returned,40.98
ORD-09411,CUST-0970,PROD-007,CHAN-1,2025-12-13,3,49.0,0.0,0.0,Completed,147.0
ORD-09412,CUST-0010,PROD-038,CHAN-1,2025-12-13,1,83.99,0.0,0.0,Completed,83.99
ORD-09413,CUST-0595,PROD-060,CHAN-1,2025-12-13,2,51.99,0.0,0.0,Completed,103.98
ORD-09414,CUST-0779,PROD-015,CHAN-1,2025-12-13,2,65.0,0.0,0.0,Completed,130.0
ORD-09415,CUST-0875,PROD-005,CHAN-1,2025-12-13,1,30.99,0.0,5.99,Completed,36.98
ORD-09416,CUST-0087,PROD-014,CHAN-5,2025-12-13,2,19.0,0.4,8.99,Completed,31.79
ORD-09417,CUST-1029,PROD-013,CHAN-1,2025-12-13,1,41.95,0.0,4.99,Completed,46.94
ORD-09418,CUST-0418,PROD-014,CHAN-1,2025-12-13,1,19.0,0.0,8.99,Completed,27.99
ORD-09419,CUST-1401,PROD-054,CHAN-1,2025-12-13,2,109.0,0.0,0.0,Cancelled,0.0
ORD-09420,CUST-0947,PROD-014,CHAN-1,2025-12-13,2,19.0,0.0,11.99,Completed,49.99
ORD-09421,CUST-0114,PROD-108,CHAN-1,2025-12-13,1,114.95,0.0,0.0,Completed,114.95
ORD-09422,CUST-0029,PROD-068,CHAN-5,2025-12-13,1,83.95,0.0,0.0,Completed,83.95
ORD-09423,CUST-0009,PROD-017,CHAN-3,2025-12-13,2,28.99,0.0,8.99,Completed,66.97
ORD-09424,CUST-0050,PROD-137,CHAN-2,2025-12-13,1,15.0,0.0,11.99,Completed,26.99
ORD-09425,CUST-0457,PROD-031,CHAN-3,2025-12-13,1,100.0,0.2,0.0,Completed,80.0
ORD-09426,CUST-1398,PROD-099,CHAN-2,2025-12-13,1,17.95,0.1,8.99,Completed,25.15
ORD-09427,CUST-1845,PROD-046,CHAN-4,2025-12-13,1,36.99,0.0,11.99,Completed,48.98
ORD-09428,CUST-1912,PROD-100,CHAN-4,2025-12-13,1,38.95,0.0,11.99,Completed,50.94
ORD-09429,CUST-0221,PROD-003,CHAN-1,2025-12-13,1,70.99,0.3,4.99,Completed,54.68
ORD-09430,CUST-1751,PROD-067,CHAN-1,2025-12-13,3,95.99,0.0,0.0,Completed,287.97
ORD-09431,CUST-0894,PROD-123,CHAN-4,2025-12-13,2,141.0,0.0,0.0,Completed,282.0
ORD-09432,CUST-0056,PROD-149,CHAN-1,2025-12-13,1,11.99,0.0,5.99,Completed,17.98
ORD-09433,CUST-1273,PROD-006,CHAN-2,2025-12-13,1,58.0,0.35,11.99,Completed,49.69
ORD-09434,CUST-0056,PROD-001,CHAN-3,2025-12-14,1,50.95,0.0,4.99,Completed,55.94
ORD-09435,CUST-1411,PROD-054,CHAN-2,2025-12-14,2,109.0,0.0,0.0,Completed,218.0
ORD-09436,CUST-0339,PROD-021,CHAN-1,2025-12-14,1,39.0,0.0,4.99,Completed,43.99
ORD-09437,CUST-0419,PROD-015,CHAN-2,2025-12-14,1,65.0,0.0,5.99,Completed,70.99
ORD-09438,CUST-1121,PROD-047,CHAN-4,2025-12-14,1,82.0,0.0,0.0,Completed,82.0
ORD-09439,CUST-1452,PROD-041,CHAN-2,2025-12-14,1,27.95,0.1,5.99,Completed,31.15
ORD-09440,CUST-0184,PROD-131,CHAN-1,2025-12-14,1,7.95,0.0,8.99,Completed,16.94
ORD-09441,CUST-1215,PROD-050,CHAN-1,2025-12-14,1,40.0,0.0,8.99,Completed,48.99
ORD-09442,CUST-0366,PROD-053,CHAN-3,2025-12-14,1,88.95,0.2,5.99,Completed,77.15
ORD-09443,CUST-0707,PROD-104,CHAN-3,2025-12-14,1,72.99,0.0,0.0,Cancelled,0.0
ORD-09444,CUST-0133,PROD-053,CHAN-3,2025-12-14,2,88.95,0.0,0.0,Completed,177.9
ORD-09445,CUST-0481,PROD-146,CHAN-1,2025-12-14,2,8.99,0.0,11.99,Completed,29.97
ORD-09446,CUST-1169,PROD-124,CHAN-5,2025-12-14,1,180.95,0.0,0.0,Completed,180.95
ORD-09447,CUST-0034,PROD-033,CHAN-3,2025-12-14,2,63.99,0.0,0.0,Completed,127.98
ORD-09448,CUST-0120,PROD-001,CHAN-2,2025-12-14,1,50.95,0.0,4.99,Completed,55.94
ORD-09449,CUST-0007,PROD-095,CHAN-1,2025-12-14,1,18.95,0.4,4.99,Completed,16.36
ORD-09450,CUST-0009,PROD-111,CHAN-2,2025-12-14,1,27.99,0.0,8.99,Completed,36.98
ORD-09451,CUST-0585,PROD-007,CHAN-5,2025-12-14,2,49.0,0.0,0.0,Completed,98.0
ORD-09452,CUST-1061,PROD-005,CHAN-1,2025-12-14,1,30.99,0.05,5.99,Completed,35.43
ORD-09453,CUST-0018,PROD-091,CHAN-1,2025-12-14,1,13.0,0.0,8.99,Completed,21.99
ORD-09454,CUST-0005,PROD-149,CHAN-4,2025-12-14,1,11.99,0.0,8.99,Returned,20.98
ORD-09455,CUST-0117,PROD-024,CHAN-1,2025-12-14,3,39.0,0.0,0.0,Cancelled,0.0
ORD-09456,CUST-0837,PROD-137,CHAN-3,2025-12-14,2,15.0,0.25,5.99,Returned,28.49
ORD-09457,CUST-0764,PROD-112,CHAN-2,2025-12-14,1,115.0,0.0,0.0,Completed,115.0
ORD-09458,CUST-0632,PROD-040,CHAN-5,2025-12-14,1,106.95,0.4,5.99,Completed,70.16
ORD-09459,CUST-0002,PROD-012,CHAN-4,2025-12-14,4,63.0,0.0,0.0,Returned,252.0
ORD-09460,CUST-0859,PROD-002,CHAN-1,2025-12-14,1,28.99,0.1,11.99,Completed,38.08
ORD-09461,CUST-1999,PROD-113,CHAN-4,2025-12-14,1,97.0,0.0,0.0,Completed,97.0
ORD-09462,CUST-1331,PROD-017,CHAN-1,2025-12-14,3,28.99,0.0,0.0,Completed,86.97
ORD-09463,CUST-0044,PROD-079,CHAN-2,2025-12-14,1,37.99,0.25,4.99,Completed,33.48
ORD-09464,CUST-0034,PROD-018,CHAN-2,2025-12-14,1,83.95,0.0,0.0,Completed,83.95
ORD-09465,CUST-0192,PROD-066,CHAN-1,2025-12-14,1,71.95,0.0,0.0,Cancelled,0.0
ORD-09466,CUST-0173,PROD-014,CHAN-2,2025-12-14,4,19.0,0.0,0.0,Returned,76.0
ORD-09467,CUST-0001,PROD-122,CHAN-1,2025-12-14,1,178.99,0.3,0.0,Completed,125.29
ORD-09468,CUST-1298,PROD-050,CHAN-1,2025-12-14,1,40.0,0.0,8.99,Completed,48.99
ORD-09469,CUST-1062,PROD-010,CHAN-2,2025-12-14,1,32.99,0.0,4.99,Refunded,37.98
ORD-09470,CUST-0094,PROD-093,CHAN-2,2025-12-14,1,25.99,0.0,5.99,Completed,31.98
ORD-09471,CUST-0155,PROD-009,CHAN-2,2025-12-14,2,60.99,0.0,0.0,Completed,121.98
ORD-09472,CUST-0464,PROD-141,CHAN-1,2025-12-14,5,15.0,0.0,0.0,Completed,75.0
ORD-09473,CUST-0748,PROD-104,CHAN-1,2025-12-14,1,72.99,0.0,11.99,Completed,84.98
ORD-09474,CUST-1090,PROD-087,CHAN-1,2025-12-14,1,34.99,0.15,5.99,Completed,35.73
ORD-09475,CUST-0670,PROD-131,CHAN-1,2025-12-14,1,7.95,0.0,8.99,Completed,16.94
ORD-09476,CUST-1483,PROD-070,CHAN-1,2025-12-14,1,91.99,0.2,4.99,Completed,78.58
ORD-09477,CUST-0837,PROD-020,CHAN-1,2025-12-14,1,25.0,0.0,4.99,Completed,29.99
ORD-09478,CUST-0109,PROD-019,CHAN-2,2025-12-14,2,35.95,0.05,5.99,Completed,74.3
ORD-09479,CUST-0075,PROD-002,CHAN-1,2025-12-14,1,28.99,0.15,4.99,Completed,29.63
ORD-09480,CUST-0765,PROD-138,CHAN-2,2025-12-14,1,3.99,0.0,8.99,Completed,12.98
ORD-09481,CUST-0029,PROD-010,CHAN-1,2025-12-14,1,32.99,0.0,0.0,Cancelled,0.0
ORD-09482,CUST-0009,PROD-120,CHAN-3,2025-12-14,1,158.0,0.2,0.0,Completed,126.4
ORD-09483,CUST-0004,PROD-097,CHAN-1,2025-12-14,1,6.0,0.0,5.99,Completed,11.99
ORD-09484,CUST-0111,PROD-029,CHAN-1,2025-12-14,1,79.0,0.0,0.0,Completed,79.0
ORD-09485,CUST-0011,PROD-111,CHAN-1,2025-12-14,1,27.99,0.0,5.99,Completed,33.98
ORD-09486,CUST-0302,PROD-001,CHAN-2,2025-12-14,1,50.95,0.1,4.99,Completed,50.85
ORD-09487,CUST-0513,PROD-057,CHAN-3,2025-12-14,1,32.0,0.0,4.99,Completed,36.99
ORD-09488,CUST-0266,PROD-139,CHAN-2,2025-12-14,4,6.99,0.25,11.99,Completed,32.96
ORD-09489,CUST-1633,PROD-056,CHAN-1,2025-12-14,2,131.0,0.0,0.0,Completed,262.0
ORD-09490,CUST-0768,PROD-052,CHAN-2,2025-12-14,1,124.0,0.0,0.0,Completed,124.0
ORD-09491,CUST-0356,PROD-027,CHAN-1,2025-12-14,2,54.0,0.0,0.0,Completed,108.0
ORD-09492,CUST-1358,PROD-053,CHAN-1,2025-12-15,1,88.95,0.0,0.0,Completed,88.95
ORD-09493,CUST-0001,PROD-002,CHAN-1,2025-12-15,1,28.99,0.3,8.99,Completed,29.28
ORD-09494,CUST-0068,PROD-073,CHAN-4,2025-12-15,1,24.95,0.0,8.99,Completed,33.94
ORD-09495,CUST-0270,PROD-148,CHAN-4,2025-12-15,1,15.0,0.0,11.99,Completed,26.99
ORD-09496,CUST-0106,PROD-011,CHAN-1,2025-12-15,1,18.95,0.0,5.99,Completed,24.94
ORD-09497,CUST-0124,PROD-083,CHAN-1,2025-12-15,2,25.99,0.15,8.99,Completed,53.17
ORD-09498,CUST-0083,PROD-053,CHAN-2,2025-12-15,1,88.95,0.3,5.99,Completed,68.25
ORD-09499,CUST-0027,PROD-014,CHAN-1,2025-12-15,1,19.0,0.0,11.99,Completed,30.99
ORD-09500,CUST-0006,PROD-041,CHAN-1,2025-12-15,1,27.95,0.0,4.99,Completed,32.94
ORD-09501,CUST-0735,PROD-027,CHAN-1,2025-12-15,1,54.0,0.05,5.99,Completed,57.29
ORD-09502,CUST-0896,PROD-011,CHAN-1,2025-12-15,1,18.95,0.0,11.99,Completed,30.94
ORD-09503,CUST-1819,PROD-009,CHAN-2,2025-12-15,3,60.99,0.0,0.0,Completed,182.97
ORD-09504,CUST-0264,PROD-017,CHAN-2,2025-12-15,1,28.99,0.0,8.99,Completed,37.98
ORD-09505,CUST-0142,PROD-012,CHAN-1,2025-12-15,1,63.0,0.0,4.99,Completed,67.99
ORD-09506,CUST-0886,PROD-137,CHAN-1,2025-12-15,1,15.0,0.25,8.99,Completed,20.24
ORD-09507,CUST-0829,PROD-044,CHAN-2,2025-12-15,1,66.0,0.3,4.99,Completed,51.19
ORD-09508,CUST-1532,PROD-005,CHAN-1,2025-12-15,1,30.99,0.25,8.99,Completed,32.23
ORD-09509,CUST-0309,PROD-129,CHAN-4,2025-12-15,2,8.99,0.0,0.0,Cancelled,0.0
ORD-09510,CUST-0046,PROD-080,CHAN-1,2025-12-15,3,20.95,0.0,11.99,Completed,74.84
ORD-09511,CUST-0042,PROD-005,CHAN-3,2025-12-15,2,30.99,0.0,8.99,Completed,70.97
ORD-09512,CUST-1181,PROD-005,CHAN-3,2025-12-15,1,30.99,0.0,5.99,Completed,36.98
ORD-09513,CUST-0640,PROD-051,CHAN-2,2025-12-15,1,105.95,0.1,0.0,Completed,95.36
ORD-09514,CUST-0015,PROD-044,CHAN-2,2025-12-15,1,66.0,0.0,5.99,Completed,71.99
ORD-09515,CUST-0046,PROD-073,CHAN-1,2025-12-15,1,24.95,0.0,8.99,Returned,33.94
ORD-09516,CUST-1460,PROD-006,CHAN-1,2025-12-15,1,58.0,0.0,11.99,Completed,69.99
ORD-09517,CUST-0285,PROD-021,CHAN-4,2025-12-15,1,39.0,0.0,8.99,Completed,47.99
ORD-09518,CUST-0141,PROD-021,CHAN-2,2025-12-15,1,39.0,0.0,8.99,Completed,47.99
ORD-09519,CUST-1630,PROD-009,CHAN-2,2025-12-15,2,60.99,0.0,0.0,Completed,121.98
ORD-09520,CUST-1204,PROD-006,CHAN-2,2025-12-15,1,58.0,0.0,5.99,Completed,63.99
ORD-09521,CUST-1118,PROD-036,CHAN-1,2025-12-15,2,102.99,0.0,0.0,Completed,205.98
ORD-09522,CUST-0116,PROD-004,CHAN-2,2025-12-15,1,47.99,0.0,0.0,Cancelled,0.0
ORD-09523,CUST-1744,PROD-021,CHAN-2,2025-12-15,3,39.0,0.25,0.0,Completed,87.75
ORD-09524,CUST-0177,PROD-021,CHAN-1,2025-12-15,3,39.0,0.0,0.0,Completed,117.0
ORD-09525,CUST-1103,PROD-009,CHAN-1,2025-12-15,3,60.99,0.25,0.0,Completed,137.23
ORD-09526,CUST-0388,PROD-047,CHAN-2,2025-12-15,2,82.0,0.0,0.0,Completed,164.0
ORD-09527,CUST-1690,PROD-096,CHAN-4,2025-12-15,2,22.99,0.1,11.99,Completed,53.37
ORD-09528,CUST-0003,PROD-004,CHAN-3,2025-12-15,1,47.99,0.3,11.99,Returned,45.58
ORD-09529,CUST-1079,PROD-108,CHAN-1,2025-12-15,1,114.95,0.0,0.0,Completed,114.95
ORD-09530,CUST-0034,PROD-001,CHAN-2,2025-12-15,1,50.95,0.0,5.99,Completed,56.94
ORD-09531,CUST-1716,PROD-015,CHAN-2,2025-12-15,1,65.0,0.15,11.99,Completed,67.24
ORD-09532,CUST-0386,PROD-020,CHAN-1,2025-12-15,1,25.0,0.05,11.99,Refunded,35.74
ORD-09533,CUST-1709,PROD-001,CHAN-1,2025-12-15,2,50.95,0.0,0.0,Completed,101.9
ORD-09534,CUST-1382,PROD-007,CHAN-1,2025-12-15,1,49.0,0.0,11.99,Completed,60.99
ORD-09535,CUST-0042,PROD-002,CHAN-1,2025-12-15,1,28.99,0.0,5.99,Completed,34.98
ORD-09536,CUST-0291,PROD-005,CHAN-2,2025-12-15,1,30.99,0.0,8.99,Completed,39.98
ORD-09537,CUST-0054,PROD-022,CHAN-1,2025-12-15,2,21.0,0.0,5.99,Returned,47.99
ORD-09538,CUST-0037,PROD-085,CHAN-2,2025-12-15,1,23.95,0.0,4.99,Completed,28.94
ORD-09539,CUST-0624,PROD-001,CHAN-1,2025-12-15,1,50.95,0.3,8.99,Completed,44.66
ORD-09540,CUST-0204,PROD-029,CHAN-2,2025-12-15,1,79.0,0.0,0.0,Returned,79.0
ORD-09541,CUST-1788,PROD-006,CHAN-1,2025-12-15,3,58.0,0.0,0.0,Completed,174.0
ORD-09542,CUST-0001,PROD-148,CHAN-1,2025-12-15,1,15.0,0.0,11.99,Completed,26.99
ORD-09543,CUST-0054,PROD-030,CHAN-2,2025-12-15,1,62.99,0.0,11.99,Completed,74.98
ORD-09544,CUST-0005,PROD-001,CHAN-1,2025-12-15,3,50.95,0.0,0.0,Completed,152.85
ORD-09545,CUST-0173,PROD-087,CHAN-1,2025-12-15,1,34.99,0.4,11.99,Completed,32.98
ORD-09546,CUST-0421,PROD-101,CHAN-3,2025-12-15,1,66.0,0.3,4.99,Completed,51.19
ORD-09547,CUST-0087,PROD-003,CHAN-2,2025-12-15,1,70.99,0.0,0.0,Cancelled,0.0
ORD-09548,CUST-1269,PROD-055,CHAN-3,2025-12-15,1,110.99,0.0,0.0,Completed,110.99
ORD-09549,CUST-1000,PROD-015,CHAN-2,2025-12-15,1,65.0,0.1,11.99,Completed,70.49
ORD-09550,CUST-0534,PROD-043,CHAN-2,2025-12-15,2,45.99,0.0,0.0,Completed,91.98
ORD-09551,CUST-0581,PROD-002,CHAN-4,2025-12-15,1,28.99,0.0,5.99,Completed,34.98
ORD-09552,CUST-1113,PROD-035,CHAN-3,2025-12-15,1,102.99,0.0,0.0,Completed,102.99
ORD-09553,CUST-0629,PROD-021,CHAN-2,2025-12-16,1,39.0,0.35,11.99,Completed,37.34
ORD-09554,CUST-0831,PROD-007,CHAN-2,2025-12-16,1,49.0,0.0,5.99,Completed,54.99
ORD-09555,CUST-0077,PROD-099,CHAN-3,2025-12-16,1,17.95,0.0,11.99,Completed,29.94
ORD-09556,CUST-1617,PROD-005,CHAN-1,2025-12-16,1,30.99,0.0,8.99,Completed,39.98
ORD-09557,CUST-0095,PROD-018,CHAN-2,2025-12-16,1,83.95,0.0,0.0,Cancelled,0.0
ORD-09558,CUST-0082,PROD-049,CHAN-1,2025-12-16,1,19.95,0.0,5.99,Completed,25.94
ORD-09559,CUST-0004,PROD-136,CHAN-1,2025-12-16,2,4.0,0.3,5.99,Completed,11.59
ORD-09560,CUST-0375,PROD-010,CHAN-1,2025-12-16,1,32.99,0.0,0.0,Cancelled,0.0
ORD-09561,CUST-1817,PROD-007,CHAN-1,2025-12-16,1,49.0,0.0,5.99,Completed,54.99
ORD-09562,CUST-0177,PROD-097,CHAN-2,2025-12-16,1,6.0,0.0,11.99,Completed,17.99
ORD-09563,CUST-1602,PROD-022,CHAN-2,2025-12-16,1,21.0,0.0,5.99,Returned,26.99
ORD-09564,CUST-0004,PROD-001,CHAN-1,2025-12-16,3,50.95,0.0,0.0,Returned,152.85
ORD-09565,CUST-1079,PROD-004,CHAN-2,2025-12-16,1,47.99,0.0,11.99,Completed,59.98
ORD-09566,CUST-0001,PROD-029,CHAN-2,2025-12-16,1,79.0,0.0,0.0,Completed,79.0
ORD-09567,CUST-1297,PROD-065,CHAN-1,2025-12-16,2,30.0,0.2,8.99,Completed,56.99
ORD-09568,CUST-0001,PROD-118,CHAN-1,2025-12-16,1,150.99,0.0,0.0,Completed,150.99
ORD-09569,CUST-1055,PROD-014,CHAN-1,2025-12-16,1,19.0,0.0,11.99,Completed,30.99
ORD-09570,CUST-0479,PROD-014,CHAN-5,2025-12-16,2,19.0,0.0,5.99,Completed,43.99
ORD-09571,CUST-0074,PROD-062,CHAN-1,2025-12-16,2,77.99,0.15,0.0,Completed,132.58
ORD-09572,CUST-0114,PROD-007,CHAN-1,2025-12-16,4,49.0,0.0,0.0,Completed,196.0
ORD-09573,CUST-0141,PROD-009,CHAN-2,2025-12-16,1,60.99,0.0,5.99,Completed,66.98
ORD-09574,CUST-0051,PROD-057,CHAN-1,2025-12-16,1,32.0,0.0,11.99,Completed,43.99
ORD-09575,CUST-0170,PROD-043,CHAN-1,2025-12-16,1,45.99,0.0,5.99,Completed,51.98
ORD-09576,CUST-0006,PROD-023,CHAN-1,2025-12-16,1,58.95,0.0,8.99,Completed,67.94
ORD-09577,CUST-0182,PROD-060,CHAN-2,2025-12-16,1,51.99,0.2,5.99,Completed,47.58
ORD-09578,CUST-0029,PROD-051,CHAN-4,2025-12-16,1,105.95,0.0,0.0,Completed,105.95
ORD-09579,CUST-0005,PROD-012,CHAN-1,2025-12-16,1,63.0,0.3,4.99,Completed,49.09
ORD-09580,CUST-1232,PROD-037,CHAN-1,2025-12-16,3,60.95,0.0,0.0,Completed,182.85
ORD-09581,CUST-0014,PROD-004,CHAN-1,2025-12-16,1,47.99,0.0,8.99,Completed,56.98
ORD-09582,CUST-0933,PROD-016,CHAN-2,2025-12-16,2,25.0,0.35,11.99,Completed,44.49
ORD-09583,CUST-0053,PROD-041,CHAN-2,2025-12-16,2,27.95,0.25,11.99,Completed,53.91
ORD-09584,CUST-0001,PROD-017,CHAN-3,2025-12-17,1,28.99,0.3,5.99,Completed,26.28
ORD-09585,CUST-0016,PROD-050,CHAN-1,2025-12-17,1,40.0,0.35,11.99,Completed,37.99
ORD-09586,CUST-1175,PROD-041,CHAN-2,2025-12-17,1,27.95,0.25,4.99,Completed,25.95
ORD-09587,CUST-1075,PROD-082,CHAN-1,2025-12-17,1,22.0,0.0,4.99,Completed,26.99
ORD-09588,CUST-1060,PROD-021,CHAN-1,2025-12-17,1,39.0,0.0,11.99,Completed,50.99
ORD-09589,CUST-0023,PROD-019,CHAN-3,2025-12-17,1,35.95,0.0,11.99,Completed,47.94
ORD-09590,CUST-0259,PROD-005,CHAN-1,2025-12-17,1,30.99,0.0,4.99,Completed,35.98
ORD-09591,CUST-0001,PROD-036,CHAN-1,2025-12-17,1,102.99,0.15,0.0,Completed,87.54
ORD-09592,CUST-1947,PROD-025,CHAN-2,2025-12-17,1,57.99,0.0,5.99,Completed,63.98
ORD-09593,CUST-0058,PROD-049,CHAN-1,2025-12-17,1,19.95,0.0,5.99,Completed,25.94
ORD-09594,CUST-0018,PROD-009,CHAN-2,2025-12-17,1,60.99,0.0,5.99,Completed,66.98
ORD-09595,CUST-0100,PROD-010,CHAN-3,2025-12-17,1,32.99,0.4,5.99,Refunded,25.78
ORD-09596,CUST-0712,PROD-130,CHAN-1,2025-12-17,1,5.95,0.0,8.99,Completed,14.94
ORD-09597,CUST-1893,PROD-013,CHAN-1,2025-12-17,1,41.95,0.0,4.99,Returned,46.94
ORD-09598,CUST-0050,PROD-148,CHAN-1,2025-12-17,1,15.0,0.0,8.99,Completed,23.99
ORD-09599,CUST-0409,PROD-034,CHAN-2,2025-12-17,4,65.99,0.0,0.0,Completed,263.96
ORD-09600,CUST-1406,PROD-016,CHAN-2,2025-12-17,1,25.0,0.0,5.99,Completed,30.99
ORD-09601,CUST-0195,PROD-006,CHAN-2,2025-12-17,1,58.0,0.3,8.99,Completed,49.59
ORD-09602,CUST-0924,PROD-016,CHAN-4,2025-12-17,1,25.0,0.0,8.99,Completed,33.99
ORD-09603,CUST-1251,PROD-059,CHAN-5,2025-12-17,2,58.99,0.0,0.0,Completed,117.98
ORD-09604,CUST-0856,PROD-012,CHAN-2,2025-12-17,1,63.0,0.0,8.99,Completed,71.99
ORD-09605,CUST-0001,PROD-076,CHAN-1,2025-12-17,1,7.99,0.0,11.99,Completed,19.98
ORD-09606,CUST-0081,PROD-008,CHAN-1,2025-12-17,1,38.99,0.3,8.99,Completed,36.28
ORD-09607,CUST-0006,PROD-044,CHAN-1,2025-12-17,3,66.0,0.0,0.0,Completed,198.0
ORD-09608,CUST-1825,PROD-016,CHAN-1,2025-12-17,1,25.0,0.0,11.99,Completed,36.99
ORD-09609,CUST-1529,PROD-052,CHAN-2,2025-12-17,2,124.0,0.25,0.0,Completed,186.0
ORD-09610,CUST-1556,PROD-103,CHAN-2,2025-12-17,2,111.0,0.35,0.0,Completed,144.3
ORD-09611,CUST-1402,PROD-022,CHAN-5,2025-12-17,2,21.0,0.05,8.99,Completed,48.89
ORD-09612,CUST-0152,PROD-030,CHAN-2,2025-12-17,1,62.99,0.35,8.99,Completed,49.93
ORD-09613,CUST-1201,PROD-005,CHAN-4,2025-12-17,1,30.99,0.25,5.99,Returned,29.23
ORD-09614,CUST-0020,PROD-110,CHAN-1,2025-12-17,2,35.95,0.1,11.99,Refunded,76.7
ORD-09615,CUST-0089,PROD-131,CHAN-1,2025-12-17,1,7.95,0.0,4.99,Completed,12.94
ORD-09616,CUST-1677,PROD-006,CHAN-4,2025-12-17,2,58.0,0.2,0.0,Completed,92.8
ORD-09617,CUST-0006,PROD-031,CHAN-1,2025-12-17,1,100.0,0.0,0.0,Completed,100.0
ORD-09618,CUST-0134,PROD-054,CHAN-5,2025-12-17,1,109.0,0.0,0.0,Completed,109.0
ORD-09619,CUST-0114,PROD-052,CHAN-1,2025-12-17,2,124.0,0.0,0.0,Cancelled,0.0
ORD-09620,CUST-0188,PROD-135,CHAN-2,2025-12-18,1,13.99,0.3,4.99,Completed,14.78
ORD-09621,CUST-0831,PROD-105,CHAN-3,2025-12-18,1,71.0,0.3,4.99,Completed,54.69
ORD-09622,CUST-0204,PROD-032,CHAN-1,2025-12-18,1,89.95,0.0,0.0,Returned,89.95
ORD-09623,CUST-0936,PROD-001,CHAN-1,2025-12-18,1,50.95,0.0,5.99,Completed,56.94
ORD-09624,CUST-0014,PROD-013,CHAN-2,2025-12-18,4,41.95,0.0,0.0,Completed,167.8
ORD-09625,CUST-0348,PROD-019,CHAN-3,2025-12-18,1,35.95,0.0,11.99,Completed,47.94
ORD-09626,CUST-0008,PROD-019,CHAN-1,2025-12-18,2,35.95,0.4,4.99,Completed,48.13
ORD-09627,CUST-1623,PROD-043,CHAN-2,2025-12-18,1,45.99,0.0,0.0,Cancelled,0.0
ORD-09628,CUST-0249,PROD-128,CHAN-1,2025-12-18,1,5.95,0.1,11.99,Completed,17.34
ORD-09629,CUST-0121,PROD-040,CHAN-2,2025-12-18,1,106.95,0.0,0.0,Completed,106.95
ORD-09630,CUST-0956,PROD-052,CHAN-2,2025-12-18,2,124.0,0.25,0.0,Completed,186.0
ORD-09631,CUST-1358,PROD-008,CHAN-2,2025-12-18,2,38.99,0.0,0.0,Completed,77.98
ORD-09632,CUST-0018,PROD-106,CHAN-1,2025-12-18,2,103.0,0.0,0.0,Completed,206.0
ORD-09633,CUST-0023,PROD-082,CHAN-1,2025-12-18,1,22.0,0.0,11.99,Completed,33.99
ORD-09634,CUST-0018,PROD-013,CHAN-5,2025-12-18,1,41.95,0.0,8.99,Completed,50.94
ORD-09635,CUST-0192,PROD-069,CHAN-1,2025-12-18,1,71.0,0.0,5.99,Completed,76.99
ORD-09636,CUST-0018,PROD-062,CHAN-4,2025-12-18,2,77.99,0.0,0.0,Completed,155.98
ORD-09637,CUST-1910,PROD-050,CHAN-4,2025-12-18,1,40.0,0.25,5.99,Completed,35.99
ORD-09638,CUST-0210,PROD-025,CHAN-1,2025-12-18,2,57.99,0.0,0.0,Completed,115.98
ORD-09639,CUST-0001,PROD-080,CHAN-1,2025-12-18,1,20.95,0.05,11.99,Completed,31.89
ORD-09640,CUST-0084,PROD-019,CHAN-4,2025-12-18,1,35.95,0.0,8.99,Completed,44.94
ORD-09641,CUST-0400,PROD-004,CHAN-1,2025-12-18,1,47.99,0.1,4.99,Completed,48.18
ORD-09642,CUST-0966,PROD-006,CHAN-2,2025-12-18,1,58.0,0.15,4.99,Completed,54.29
ORD-09643,CUST-0148,PROD-060,CHAN-2,2025-12-18,1,51.99,0.0,8.99,Completed,60.98
ORD-09644,CUST-0518,PROD-081,CHAN-1,2025-12-18,1,38.95,0.0,11.99,Completed,50.94
ORD-09645,CUST-0082,PROD-131,CHAN-1,2025-12-18,1,7.95,0.0,5.99,Completed,13.94
ORD-09646,CUST-0006,PROD-007,CHAN-1,2025-12-18,1,49.0,0.25,5.99,Completed,42.74
ORD-09647,CUST-0130,PROD-106,CHAN-3,2025-12-18,1,103.0,0.25,0.0,Completed,77.25
ORD-09648,CUST-1456,PROD-031,CHAN-2,2025-12-18,1,100.0,0.35,11.99,Completed,76.99
ORD-09649,CUST-0003,PROD-006,CHAN-1,2025-12-18,2,58.0,0.0,0.0,Completed,116.0
ORD-09650,CUST-0026,PROD-004,CHAN-4,2025-12-18,1,47.99,0.35,4.99,Completed,36.18
ORD-09651,CUST-0281,PROD-003,CHAN-3,2025-12-18,1,70.99,0.0,8.99,Completed,79.98
ORD-09652,CUST-0542,PROD-067,CHAN-1,2025-12-18,3,95.99,0.0,0.0,Refunded,287.97
ORD-09653,CUST-0003,PROD-100,CHAN-2,2025-12-18,1,38.95,0.0,8.99,Completed,47.94
ORD-09654,CUST-1930,PROD-051,CHAN-2,2025-12-18,1,105.95,0.0,0.0,Completed,105.95
ORD-09655,CUST-1135,PROD-087,CHAN-4,2025-12-18,3,34.99,0.0,0.0,Completed,104.97
ORD-09656,CUST-0042,PROD-033,CHAN-4,2025-12-18,1,63.99,0.0,11.99,Completed,75.98
ORD-09657,CUST-0267,PROD-003,CHAN-1,2025-12-18,1,70.99,0.0,0.0,Cancelled,0.0
ORD-09658,CUST-1018,PROD-031,CHAN-1,2025-12-18,1,100.0,0.0,0.0,Completed,100.0
ORD-09659,CUST-1606,PROD-038,CHAN-4,2025-12-18,1,83.99,0.0,0.0,Completed,83.99
ORD-09660,CUST-1447,PROD-092,CHAN-4,2025-12-18,2,8.0,0.0,11.99,Completed,27.99
ORD-09661,CUST-0108,PROD-122,CHAN-2,2025-12-18,1,178.99,0.05,0.0,Completed,170.04
ORD-09662,CUST-0003,PROD-021,CHAN-2,2025-12-18,1,39.0,0.0,4.99,Completed,43.99
ORD-09663,CUST-0370,PROD-001,CHAN-1,2025-12-18,1,50.95,0.1,11.99,Completed,57.85
ORD-09664,CUST-0254,PROD-148,CHAN-3,2025-12-18,1,15.0,0.0,5.99,Completed,20.99
ORD-09665,CUST-0502,PROD-039,CHAN-1,2025-12-19,4,83.0,0.0,0.0,Completed,332.0
ORD-09666,CUST-0214,PROD-039,CHAN-2,2025-12-19,1,83.0,0.0,0.0,Completed,83.0
ORD-09667,CUST-0046,PROD-007,CHAN-1,2025-12-19,1,49.0,0.2,4.99,Completed,44.19
ORD-09668,CUST-1629,PROD-076,CHAN-3,2025-12-19,2,7.99,0.0,8.99,Refunded,24.97
ORD-09669,CUST-0782,PROD-011,CHAN-2,2025-12-19,1,18.95,0.0,4.99,Completed,23.94
ORD-09670,CUST-0015,PROD-060,CHAN-2,2025-12-19,1,51.99,0.0,11.99,Refunded,63.98
ORD-09671,CUST-0135,PROD-002,CHAN-2,2025-12-19,4,28.99,0.0,0.0,Returned,115.96
ORD-09672,CUST-0895,PROD-107,CHAN-2,2025-12-19,1,53.0,0.0,0.0,Cancelled,0.0
ORD-09673,CUST-0853,PROD-012,CHAN-1,2025-12-19,2,63.0,0.35,0.0,Refunded,81.9
ORD-09674,CUST-1529,PROD-036,CHAN-4,2025-12-19,1,102.99,0.0,0.0,Completed,102.99
ORD-09675,CUST-0013,PROD-041,CHAN-3,2025-12-19,1,27.95,0.3,4.99,Completed,24.55
ORD-09676,CUST-0920,PROD-045,CHAN-2,2025-12-19,1,51.0,0.05,8.99,Completed,57.44
ORD-09677,CUST-0037,PROD-013,CHAN-1,2025-12-19,2,41.95,0.0,0.0,Completed,83.9
ORD-09678,CUST-1210,PROD-006,CHAN-2,2025-12-19,1,58.0,0.25,4.99,Completed,48.49
ORD-09679,CUST-0454,PROD-063,CHAN-1,2025-12-19,3,96.99,0.2,0.0,Completed,232.78
ORD-09680,CUST-1672,PROD-003,CHAN-2,2025-12-19,1,70.99,0.0,8.99,Completed,79.98
ORD-09681,CUST-0003,PROD-138,CHAN-2,2025-12-19,1,3.99,0.35,5.99,Completed,8.58
ORD-09682,CUST-0689,PROD-107,CHAN-3,2025-12-19,1,53.0,0.4,8.99,Completed,40.79
ORD-09683,CUST-1169,PROD-109,CHAN-2,2025-12-19,1,68.99,0.05,4.99,Completed,70.53
ORD-09684,CUST-0011,PROD-010,CHAN-2,2025-12-19,2,32.99,0.0,8.99,Completed,74.97
ORD-09685,CUST-1112,PROD-038,CHAN-2,2025-12-19,2,83.99,0.0,0.0,Completed,167.98
ORD-09686,CUST-0471,PROD-009,CHAN-1,2025-12-19,1,60.99,0.0,0.0,Cancelled,0.0
ORD-09687,CUST-0001,PROD-002,CHAN-2,2025-12-19,1,28.99,0.0,4.99,Completed,33.98
ORD-09688,CUST-0184,PROD-146,CHAN-2,2025-12-19,2,8.99,0.25,11.99,Completed,25.48
ORD-09689,CUST-0074,PROD-062,CHAN-2,2025-12-19,1,77.99,0.0,0.0,Completed,77.99
ORD-09690,CUST-0228,PROD-043,CHAN-5,2025-12-19,1,45.99,0.0,5.99,Completed,51.98
ORD-09691,CUST-0043,PROD-031,CHAN-2,2025-12-19,1,100.0,0.0,0.0,Completed,100.0
ORD-09692,CUST-1123,PROD-028,CHAN-1,2025-12-19,1,109.0,0.0,0.0,Completed,109.0
ORD-09693,CUST-1006,PROD-146,CHAN-1,2025-12-19,1,8.99,0.0,11.99,Completed,20.98
ORD-09694,CUST-0025,PROD-116,CHAN-2,2025-12-19,2,103.99,0.0,0.0,Returned,207.98
ORD-09695,CUST-1922,PROD-046,CHAN-1,2025-12-19,1,36.99,0.0,4.99,Completed,41.98
ORD-09696,CUST-0002,PROD-108,CHAN-1,2025-12-19,1,114.95,0.0,0.0,Completed,114.95
ORD-09697,CUST-0010,PROD-001,CHAN-1,2025-12-19,1,50.95,0.0,4.99,Completed,55.94
ORD-09698,CUST-0006,PROD-057,CHAN-2,2025-12-19,4,32.0,0.0,0.0,Completed,128.0
ORD-09699,CUST-1505,PROD-049,CHAN-2,2025-12-19,1,19.95,0.0,0.0,Cancelled,0.0
ORD-09700,CUST-0485,PROD-026,CHAN-1,2025-12-19,2,36.95,0.0,4.99,Completed,78.89
ORD-09701,CUST-0089,PROD-023,CHAN-1,2025-12-20,2,58.95,0.0,0.0,Completed,117.9
ORD-09702,CUST-0026,PROD-023,CHAN-3,2025-12-20,1,58.95,0.0,11.99,Completed,70.94
ORD-09703,CUST-1732,PROD-121,CHAN-1,2025-12-20,1,156.99,0.0,0.0,Completed,156.99
ORD-09704,CUST-1953,PROD-047,CHAN-1,2025-12-20,2,82.0,0.0,0.0,Completed,164.0
ORD-09705,CUST-0016,PROD-012,CHAN-3,2025-12-20,1,63.0,0.35,8.99,Completed,49.94
ORD-09706,CUST-0911,PROD-031,CHAN-2,2025-12-20,1,100.0,0.25,0.0,Completed,75.0
ORD-09707,CUST-0207,PROD-017,CHAN-1,2025-12-20,1,28.99,0.3,8.99,Completed,29.28
ORD-09708,CUST-0109,PROD-137,CHAN-2,2025-12-20,1,15.0,0.0,5.99,Completed,20.99
ORD-09709,CUST-0328,PROD-149,CHAN-2,2025-12-20,2,11.99,0.2,8.99,Completed,28.17
ORD-09710,CUST-0102,PROD-034,CHAN-1,2025-12-20,1,65.99,0.0,11.99,Completed,77.98
ORD-09711,CUST-0127,PROD-084,CHAN-1,2025-12-20,1,17.0,0.25,11.99,Completed,24.74
ORD-09712,CUST-0278,PROD-006,CHAN-1,2025-12-20,1,58.0,0.3,11.99,Completed,52.59
ORD-09713,CUST-0403,PROD-064,CHAN-1,2025-12-20,1,43.0,0.0,5.99,Completed,48.99
ORD-09714,CUST-0399,PROD-040,CHAN-1,2025-12-20,1,106.95,0.0,0.0,Completed,106.95
ORD-09715,CUST-0038,PROD-043,CHAN-2,2025-12-20,1,45.99,0.0,5.99,Completed,51.98
ORD-09716,CUST-0045,PROD-008,CHAN-1,2025-12-20,1,38.99,0.0,11.99,Completed,50.98
ORD-09717,CUST-0224,PROD-010,CHAN-2,2025-12-20,1,32.99,0.0,4.99,Completed,37.98
ORD-09718,CUST-0687,PROD-062,CHAN-2,2025-12-20,3,77.99,0.0,0.0,Completed,233.97
ORD-09719,CUST-0001,PROD-002,CHAN-2,2025-12-20,1,28.99,0.1,4.99,Completed,31.08
ORD-09720,CUST-1929,PROD-009,CHAN-1,2025-12-20,1,60.99,0.0,5.99,Completed,66.98
ORD-09721,CUST-0077,PROD-019,CHAN-4,2025-12-20,1,35.95,0.1,8.99,Completed,41.35
ORD-09722,CUST-0377,PROD-018,CHAN-1,2025-12-20,1,83.95,0.1,0.0,Completed,75.56
ORD-09723,CUST-0016,PROD-001,CHAN-5,2025-12-20,1,50.95,0.2,5.99,Returned,46.75
ORD-09724,CUST-1019,PROD-002,CHAN-1,2025-12-20,1,28.99,0.0,5.99,Returned,34.98
ORD-09725,CUST-0844,PROD-025,CHAN-1,2025-12-20,1,57.99,0.4,11.99,Returned,46.78
ORD-09726,CUST-0020,PROD-085,CHAN-1,2025-12-20,1,23.95,0.0,4.99,Completed,28.94
ORD-09727,CUST-0692,PROD-001,CHAN-2,2025-12-20,2,50.95,0.0,0.0,Completed,101.9
ORD-09728,CUST-0003,PROD-053,CHAN-1,2025-12-20,1,88.95,0.0,0.0,Completed,88.95
ORD-09729,CUST-0723,PROD-056,CHAN-2,2025-12-20,2,131.0,0.0,0.0,Completed,262.0
ORD-09730,CUST-0082,PROD-069,CHAN-2,2025-12-20,1,71.0,0.0,11.99,Completed,82.99
ORD-09731,CUST-1778,PROD-019,CHAN-2,2025-12-20,2,35.95,0.0,11.99,Completed,83.89
ORD-09732,CUST-0330,PROD-004,CHAN-1,2025-12-20,1,47.99,0.4,11.99,Refunded,40.78
ORD-09733,CUST-0355,PROD-012,CHAN-2,2025-12-20,1,63.0,0.3,11.99,Completed,56.09
ORD-09734,CUST-0001,PROD-021,CHAN-2,2025-12-20,2,39.0,0.0,0.0,Completed,78.0
ORD-09735,CUST-0002,PROD-012,CHAN-5,2025-12-20,1,63.0,0.0,5.99,Completed,68.99
ORD-09736,CUST-1019,PROD-040,CHAN-1,2025-12-20,1,106.95,0.0,0.0,Completed,106.95
ORD-09737,CUST-1824,PROD-118,CHAN-2,2025-12-20,1,150.99,0.0,0.0,Completed,150.99
ORD-09738,CUST-0106,PROD-021,CHAN-1,2025-12-20,3,39.0,0.0,0.0,Refunded,117.0
ORD-09739,CUST-0041,PROD-023,CHAN-1,2025-12-21,1,58.95,0.0,11.99,Completed,70.94
ORD-09740,CUST-0001,PROD-013,CHAN-2,2025-12-21,2,41.95,0.0,0.0,Completed,83.9
ORD-09741,CUST-0451,PROD-023,CHAN-2,2025-12-21,1,58.95,0.0,8.99,Completed,67.94
ORD-09742,CUST-0058,PROD-003,CHAN-3,2025-12-21,1,70.99,0.0,4.99,Completed,75.98
ORD-09743,CUST-0027,PROD-012,CHAN-2,2025-12-21,1,63.0,0.0,11.99,Completed,74.99
ORD-09744,CUST-1719,PROD-033,CHAN-1,2025-12-21,2,63.99,0.1,0.0,Completed,115.18
ORD-09745,CUST-0062,PROD-017,CHAN-1,2025-12-21,1,28.99,0.0,11.99,Returned,40.98
ORD-09746,CUST-1212,PROD-050,CHAN-1,2025-12-21,1,40.0,0.4,8.99,Completed,32.99
ORD-09747,CUST-0595,PROD-117,CHAN-3,2025-12-21,1,27.99,0.0,8.99,Completed,36.98
ORD-09748,CUST-1363,PROD-001,CHAN-1,2025-12-21,1,50.95,0.0,8.99,Completed,59.94
ORD-09749,CUST-0029,PROD-097,CHAN-2,2025-12-21,1,6.0,0.2,8.99,Completed,13.79
ORD-09750,CUST-1609,PROD-024,CHAN-1,2025-12-21,1,39.0,0.0,11.99,Completed,50.99
ORD-09751,CUST-1368,PROD-143,CHAN-1,2025-12-21,2,19.0,0.15,4.99,Completed,37.29
ORD-09752,CUST-1290,PROD-005,CHAN-2,2025-12-21,1,30.99,0.0,4.99,Completed,35.98
ORD-09753,CUST-0243,PROD-116,CHAN-2,2025-12-21,1,103.99,0.0,0.0,Completed,103.99
ORD-09754,CUST-1133,PROD-005,CHAN-1,2025-12-21,1,30.99,0.0,5.99,Completed,36.98
ORD-09755,CUST-1015,PROD-119,CHAN-2,2025-12-21,3,123.0,0.0,0.0,Completed,369.0
ORD-09756,CUST-0857,PROD-048,CHAN-2,2025-12-21,2,121.95,0.0,0.0,Completed,243.9
ORD-09757,CUST-0007,PROD-006,CHAN-1,2025-12-21,2,58.0,0.0,0.0,Completed,116.0
ORD-09758,CUST-1718,PROD-020,CHAN-4,2025-12-21,1,25.0,0.05,5.99,Completed,29.74
ORD-09759,CUST-0281,PROD-104,CHAN-2,2025-12-21,1,72.99,0.4,5.99,Completed,49.78
ORD-09760,CUST-0001,PROD-001,CHAN-2,2025-12-21,1,50.95,0.0,5.99,Completed,56.94
ORD-09761,CUST-0885,PROD-058,CHAN-2,2025-12-21,2,86.0,0.0,0.0,Completed,172.0
ORD-09762,CUST-1963,PROD-011,CHAN-2,2025-12-21,2,18.95,0.0,5.99,Completed,43.89
ORD-09763,CUST-0001,PROD-008,CHAN-2,2025-12-21,1,38.99,0.35,5.99,Completed,31.33
ORD-09764,CUST-0007,PROD-026,CHAN-2,2025-12-21,1,36.95,0.0,8.99,Completed,45.94
ORD-09765,CUST-0775,PROD-089,CHAN-2,2025-12-21,1,5.99,0.0,8.99,Completed,14.98
ORD-09766,CUST-0789,PROD-047,CHAN-3,2025-12-21,1,82.0,0.15,5.99,Completed,75.69
ORD-09767,CUST-0461,PROD-004,CHAN-3,2025-12-21,1,47.99,0.0,5.99,Completed,53.98
ORD-09768,CUST-0830,PROD-029,CHAN-1,2025-12-21,1,79.0,0.0,0.0,Completed,79.0
ORD-09769,CUST-0019,PROD-025,CHAN-1,2025-12-21,1,57.99,0.0,5.99,Completed,63.98
ORD-09770,CUST-0013,PROD-079,CHAN-2,2025-12-21,1,37.99,0.2,4.99,Completed,35.38
ORD-09771,CUST-0315,PROD-033,CHAN-1,2025-12-21,1,63.99,0.0,11.99,Completed,75.98
ORD-09772,CUST-0031,PROD-114,CHAN-3,2025-12-21,1,21.0,0.0,5.99,Completed,26.99
ORD-09773,CUST-0836,PROD-038,CHAN-1,2025-12-21,2,83.99,0.4,0.0,Completed,100.79
ORD-09774,CUST-0044,PROD-075,CHAN-2,2025-12-21,1,118.99,0.0,0.0,Completed,118.99
ORD-09775,CUST-0278,PROD-074,CHAN-1,2025-12-21,1,45.95,0.4,11.99,Completed,39.56
ORD-09776,CUST-1491,PROD-084,CHAN-3,2025-12-22,1,17.0,0.0,4.99,Completed,21.99
ORD-09777,CUST-0261,PROD-043,CHAN-1,2025-12-22,2,45.99,0.15,0.0,Completed,78.18
ORD-09778,CUST-1212,PROD-123,CHAN-2,2025-12-22,1,141.0,0.3,0.0,Returned,98.7
ORD-09779,CUST-1218,PROD-085,CHAN-3,2025-12-22,1,23.95,0.1,4.99,Completed,26.55
ORD-09780,CUST-1433,PROD-003,CHAN-2,2025-12-22,1,70.99,0.0,4.99,Completed,75.98
ORD-09781,CUST-0924,PROD-059,CHAN-1,2025-12-22,1,58.99,0.4,5.99,Completed,41.38
ORD-09782,CUST-0019,PROD-005,CHAN-1,2025-12-22,1,30.99,0.05,5.99,Completed,35.43
ORD-09783,CUST-0012,PROD-004,CHAN-1,2025-12-22,1,47.99,0.0,8.99,Completed,56.98
ORD-09784,CUST-0075,PROD-058,CHAN-2,2025-12-22,4,86.0,0.0,0.0,Refunded,344.0
ORD-09785,CUST-0013,PROD-112,CHAN-1,2025-12-22,1,115.0,0.0,0.0,Returned,115.0
ORD-09786,CUST-0131,PROD-004,CHAN-2,2025-12-22,2,47.99,0.1,0.0,Completed,86.38
ORD-09787,CUST-1400,PROD-139,CHAN-2,2025-12-22,1,6.99,0.0,11.99,Completed,18.98
ORD-09788,CUST-0319,PROD-115,CHAN-2,2025-12-22,1,166.95,0.0,0.0,Completed,166.95
ORD-09789,CUST-0723,PROD-029,CHAN-2,2025-12-22,2,79.0,0.35,0.0,Completed,102.7
ORD-09790,CUST-0643,PROD-132,CHAN-3,2025-12-22,1,8.0,0.25,8.99,Completed,14.99
ORD-09791,CUST-0001,PROD-023,CHAN-3,2025-12-22,1,58.95,0.1,4.99,Completed,58.05
ORD-09792,CUST-0748,PROD-035,CHAN-2,2025-12-22,1,102.99,0.0,0.0,Completed,102.99
ORD-09793,CUST-0054,PROD-011,CHAN-2,2025-12-22,1,18.95,0.0,8.99,Completed,27.94
ORD-09794,CUST-1144,PROD-019,CHAN-2,2025-12-22,3,35.95,0.15,0.0,Completed,91.67
ORD-09795,CUST-0532,PROD-011,CHAN-3,2025-12-22,1,18.95,0.0,4.99,Completed,23.94
ORD-09796,CUST-0063,PROD-024,CHAN-1,2025-12-22,1,39.0,0.0,11.99,Returned,50.99
ORD-09797,CUST-0428,PROD-026,CHAN-1,2025-12-22,1,36.95,0.0,4.99,Completed,41.94
ORD-09798,CUST-0085,PROD-009,CHAN-1,2025-12-22,1,60.99,0.2,8.99,Completed,57.78
ORD-09799,CUST-0632,PROD-015,CHAN-4,2025-12-22,1,65.0,0.0,5.99,Completed,70.99
ORD-09800,CUST-0809,PROD-002,CHAN-2,2025-12-22,1,28.99,0.0,4.99,Returned,33.98
ORD-09801,CUST-0450,PROD-007,CHAN-1,2025-12-22,2,49.0,0.4,4.99,Completed,63.79
ORD-09802,CUST-0984,PROD-010,CHAN-1,2025-12-22,1,32.99,0.3,11.99,Completed,35.08
ORD-09803,CUST-0007,PROD-004,CHAN-1,2025-12-22,2,47.99,0.35,8.99,Completed,71.38
ORD-09804,CUST-0340,PROD-094,CHAN-2,2025-12-22,1,24.95,0.0,5.99,Completed,30.94
ORD-09805,CUST-0323,PROD-130,CHAN-2,2025-12-22,1,5.95,0.3,8.99,Completed,13.16
ORD-09806,CUST-1373,PROD-002,CHAN-2,2025-12-22,1,28.99,0.0,4.99,Completed,33.98
ORD-09807,CUST-1175,PROD-094,CHAN-2,2025-12-22,1,24.95,0.0,5.99,Completed,30.94
ORD-09808,CUST-1003,PROD-036,CHAN-4,2025-12-22,1,102.99,0.35,5.99,Completed,72.93
ORD-09809,CUST-1472,PROD-051,CHAN-1,2025-12-22,1,105.95,0.0,0.0,Cancelled,0.0
ORD-09810,CUST-0088,PROD-113,CHAN-1,2025-12-22,1,97.0,0.0,0.0,Completed,97.0
ORD-09811,CUST-0306,PROD-014,CHAN-2,2025-12-22,1,19.0,0.0,8.99,Completed,27.99
ORD-09812,CUST-1550,PROD-048,CHAN-3,2025-12-22,1,121.95,0.0,0.0,Completed,121.95
ORD-09813,CUST-0041,PROD-113,CHAN-1,2025-12-22,1,97.0,0.0,0.0,Returned,97.0
ORD-09814,CUST-0054,PROD-044,CHAN-1,2025-12-22,2,66.0,0.0,0.0,Completed,132.0
ORD-09815,CUST-1679,PROD-075,CHAN-1,2025-12-22,1,118.99,0.05,0.0,Completed,113.04
ORD-09816,CUST-1456,PROD-013,CHAN-1,2025-12-22,1,41.95,0.05,5.99,Completed,45.84
ORD-09817,CUST-0315,PROD-080,CHAN-2,2025-12-22,1,20.95,0.0,4.99,Completed,25.94
ORD-09818,CUST-0861,PROD-060,CHAN-2,2025-12-22,1,51.99,0.0,8.99,Completed,60.98
ORD-09819,CUST-0101,PROD-019,CHAN-3,2025-12-22,2,35.95,0.15,4.99,Completed,66.11
ORD-09820,CUST-0061,PROD-002,CHAN-2,2025-12-22,1,28.99,0.0,4.99,Returned,33.98
ORD-09821,CUST-0044,PROD-004,CHAN-1,2025-12-23,1,47.99,0.15,5.99,Completed,46.78
ORD-09822,CUST-0123,PROD-073,CHAN-5,2025-12-23,1,24.95,0.3,11.99,Completed,29.45
ORD-09823,CUST-0056,PROD-019,CHAN-2,2025-12-23,1,35.95,0.0,8.99,Completed,44.94
ORD-09824,CUST-0134,PROD-003,CHAN-2,2025-12-23,2,70.99,0.0,0.0,Returned,141.98
ORD-09825,CUST-0058,PROD-004,CHAN-2,2025-12-23,1,47.99,0.0,8.99,Completed,56.98
ORD-09826,CUST-0156,PROD-090,CHAN-1,2025-12-23,2,21.0,0.2,11.99,Completed,45.59
ORD-09827,CUST-0700,PROD-009,CHAN-2,2025-12-23,1,60.99,0.0,4.99,Returned,65.98
ORD-09828,CUST-0036,PROD-005,CHAN-2,2025-12-23,1,30.99,0.1,8.99,Completed,36.88
ORD-09829,CUST-0269,PROD-002,CHAN-4,2025-12-23,1,28.99,0.0,8.99,Completed,37.98
ORD-09830,CUST-0565,PROD-062,CHAN-1,2025-12-23,4,77.99,0.0,0.0,Completed,311.96
ORD-09831,CUST-0015,PROD-082,CHAN-1,2025-12-23,2,22.0,0.0,11.99,Completed,55.99
ORD-09832,CUST-0824,PROD-048,CHAN-4,2025-12-23,3,121.95,0.0,0.0,Completed,365.85
ORD-09833,CUST-0003,PROD-007,CHAN-2,2025-12-23,3,49.0,0.25,0.0,Completed,110.25
ORD-09834,CUST-0221,PROD-001,CHAN-2,2025-12-23,1,50.95,0.1,4.99,Completed,50.85
ORD-09835,CUST-0417,PROD-023,CHAN-2,2025-12-23,3,58.95,0.25,0.0,Completed,132.64
ORD-09836,CUST-0300,PROD-001,CHAN-2,2025-12-23,1,50.95,0.25,4.99,Completed,43.2
ORD-09837,CUST-1023,PROD-034,CHAN-2,2025-12-23,3,65.99,0.3,0.0,Completed,138.58
ORD-09838,CUST-0144,PROD-147,CHAN-1,2025-12-23,1,5.95,0.0,5.99,Completed,11.94
ORD-09839,CUST-0002,PROD-009,CHAN-2,2025-12-23,1,60.99,0.15,11.99,Completed,63.83
ORD-09840,CUST-0009,PROD-014,CHAN-2,2025-12-23,1,19.0,0.1,5.99,Returned,23.09
ORD-09841,CUST-0295,PROD-059,CHAN-1,2025-12-23,1,58.99,0.4,8.99,Completed,44.38
ORD-09842,CUST-0541,PROD-055,CHAN-2,2025-12-23,1,110.99,0.25,0.0,Completed,83.24
ORD-09843,CUST-0039,PROD-069,CHAN-1,2025-12-23,1,71.0,0.0,11.99,Returned,82.99
ORD-09844,CUST-0005,PROD-100,CHAN-2,2025-12-23,4,38.95,0.0,0.0,Returned,155.8
ORD-09845,CUST-1705,PROD-150,CHAN-1,2025-12-23,1,7.0,0.0,5.99,Completed,12.99
ORD-09846,CUST-0193,PROD-043,CHAN-1,2025-12-23,1,45.99,0.0,4.99,Completed,50.98
ORD-09847,CUST-0796,PROD-140,CHAN-2,2025-12-23,1,12.0,0.0,8.99,Completed,20.99
ORD-09848,CUST-1685,PROD-021,CHAN-4,2025-12-23,2,39.0,0.0,0.0,Completed,78.0
ORD-09849,CUST-0373,PROD-069,CHAN-2,2025-12-23,1,71.0,0.25,4.99,Completed,58.24
ORD-09850,CUST-0023,PROD-072,CHAN-1,2025-12-23,2,35.95,0.0,5.99,Completed,77.89
ORD-09851,CUST-0422,PROD-012,CHAN-3,2025-12-23,1,63.0,0.0,4.99,Completed,67.99
ORD-09852,CUST-0300,PROD-001,CHAN-1,2025-12-23,1,50.95,0.05,8.99,Completed,57.39
ORD-09853,CUST-0075,PROD-011,CHAN-1,2025-12-23,1,18.95,0.3,11.99,Completed,25.25
ORD-09854,CUST-0362,PROD-049,CHAN-2,2025-12-23,2,19.95,0.0,5.99,Completed,45.89
ORD-09855,CUST-0002,PROD-057,CHAN-3,2025-12-23,1,32.0,0.15,8.99,Returned,36.19
ORD-09856,CUST-0317,PROD-052,CHAN-1,2025-12-23,1,124.0,0.0,0.0,Completed,124.0
ORD-09857,CUST-1049,PROD-049,CHAN-1,2025-12-23,2,19.95,0.25,11.99,Completed,41.91
ORD-09858,CUST-0917,PROD-019,CHAN-2,2025-12-24,1,35.95,0.0,4.99,Completed,40.94
ORD-09859,CUST-0126,PROD-059,CHAN-1,2025-12-24,1,58.99,0.0,0.0,Cancelled,0.0
ORD-09860,CUST-0099,PROD-132,CHAN-3,2025-12-24,1,8.0,0.2,8.99,Completed,15.39
ORD-09861,CUST-0440,PROD-002,CHAN-2,2025-12-24,1,28.99,0.0,11.99,Completed,40.98
ORD-09862,CUST-0545,PROD-106,CHAN-1,2025-12-24,1,103.0,0.0,0.0,Completed,103.0
ORD-09863,CUST-0440,PROD-008,CHAN-2,2025-12-24,1,38.99,0.15,5.99,Completed,39.13
ORD-09864,CUST-0985,PROD-003,CHAN-1,2025-12-24,5,70.99,0.0,0.0,Completed,354.95
ORD-09865,CUST-0742,PROD-070,CHAN-1,2025-12-24,1,91.99,0.0,0.0,Completed,91.99
ORD-09866,CUST-1740,PROD-003,CHAN-5,2025-12-24,1,70.99,0.0,11.99,Completed,82.98
ORD-09867,CUST-0026,PROD-016,CHAN-2,2025-12-24,2,25.0,0.0,8.99,Completed,58.99
ORD-09868,CUST-1848,PROD-021,CHAN-1,2025-12-24,1,39.0,0.0,11.99,Completed,50.99
ORD-09869,CUST-0805,PROD-025,CHAN-1,2025-12-24,1,57.99,0.05,11.99,Completed,67.08
ORD-09870,CUST-0651,PROD-037,CHAN-2,2025-12-24,1,60.95,0.0,0.0,Cancelled,0.0
ORD-09871,CUST-1261,PROD-005,CHAN-1,2025-12-24,1,30.99,0.0,4.99,Completed,35.98
ORD-09872,CUST-0885,PROD-012,CHAN-4,2025-12-24,2,63.0,0.0,0.0,Completed,126.0
ORD-09873,CUST-0043,PROD-079,CHAN-2,2025-12-24,2,37.99,0.0,0.0,Completed,75.98
ORD-09874,CUST-1580,PROD-076,CHAN-1,2025-12-24,2,7.99,0.0,11.99,Completed,27.97
ORD-09875,CUST-0761,PROD-050,CHAN-1,2025-12-24,3,40.0,0.4,5.99,Completed,77.99
ORD-09876,CUST-0344,PROD-059,CHAN-1,2025-12-25,2,58.99,0.3,0.0,Completed,82.59
ORD-09877,CUST-0124,PROD-098,CHAN-1,2025-12-25,2,30.99,0.2,5.99,Completed,55.57
ORD-09878,CUST-0286,PROD-073,CHAN-2,2025-12-25,1,24.95,0.0,5.99,Completed,30.94
ORD-09879,CUST-0286,PROD-140,CHAN-2,2025-12-25,1,12.0,0.15,5.99,Completed,16.19
ORD-09880,CUST-1714,PROD-091,CHAN-1,2025-12-25,1,13.0,0.15,5.99,Completed,17.04
ORD-09881,CUST-0216,PROD-003,CHAN-3,2025-12-25,1,70.99,0.0,5.99,Completed,76.98
ORD-09882,CUST-0259,PROD-074,CHAN-4,2025-12-25,1,45.95,0.0,11.99,Completed,57.94
ORD-09883,CUST-0176,PROD-057,CHAN-2,2025-12-25,3,32.0,0.0,0.0,Completed,96.0
ORD-09884,CUST-0001,PROD-059,CHAN-1,2025-12-25,2,58.99,0.0,0.0,Completed,117.98
ORD-09885,CUST-0019,PROD-120,CHAN-1,2025-12-25,2,158.0,0.0,0.0,Completed,316.0
ORD-09886,CUST-0084,PROD-047,CHAN-2,2025-12-25,1,82.0,0.0,0.0,Completed,82.0
ORD-09887,CUST-0090,PROD-003,CHAN-1,2025-12-25,1,70.99,0.0,4.99,Completed,75.98
ORD-09888,CUST-0350,PROD-076,CHAN-2,2025-12-25,1,7.99,0.0,5.99,Completed,13.98
ORD-09889,CUST-0073,PROD-089,CHAN-2,2025-12-25,1,5.99,0.35,5.99,Completed,9.88
ORD-09890,CUST-0175,PROD-013,CHAN-1,2025-12-25,2,41.95,0.0,0.0,Completed,83.9
ORD-09891,CUST-0085,PROD-134,CHAN-3,2025-12-25,2,3.99,0.4,4.99,Completed,9.78
ORD-09892,CUST-0112,PROD-013,CHAN-2,2025-12-25,1,41.95,0.0,4.99,Completed,46.94
ORD-09893,CUST-1512,PROD-004,CHAN-2,2025-12-25,1,47.99,0.0,8.99,Completed,56.98
ORD-09894,CUST-1124,PROD-045,CHAN-2,2025-12-25,4,51.0,0.0,0.0,Completed,204.0
ORD-09895,CUST-0008,PROD-003,CHAN-1,2025-12-25,1,70.99,0.0,11.99,Completed,82.98
ORD-09896,CUST-0036,PROD-002,CHAN-1,2025-12-25,2,28.99,0.35,11.99,Completed,49.68
ORD-09897,CUST-0299,PROD-106,CHAN-1,2025-12-25,2,103.0,0.0,0.0,Completed,206.0
ORD-09898,CUST-0304,PROD-056,CHAN-1,2025-12-25,1,131.0,0.05,0.0,Returned,124.45
ORD-09899,CUST-1730,PROD-105,CHAN-1,2025-12-25,3,71.0,0.0,0.0,Completed,213.0
ORD-09900,CUST-0092,PROD-030,CHAN-2,2025-12-26,1,62.99,0.0,8.99,Completed,71.98
ORD-09901,CUST-0110,PROD-026,CHAN-2,2025-12-26,1,36.95,0.0,8.99,Completed,45.94
ORD-09902,CUST-0001,PROD-127,CHAN-1,2025-12-26,1,7.95,0.3,8.99,Completed,14.55
ORD-09903,CUST-0958,PROD-015,CHAN-1,2025-12-26,4,65.0,0.2,0.0,Completed,208.0
ORD-09904,CUST-1601,PROD-003,CHAN-3,2025-12-26,2,70.99,0.0,0.0,Completed,141.98
ORD-09905,CUST-0597,PROD-043,CHAN-1,2025-12-26,1,45.99,0.0,4.99,Completed,50.98
ORD-09906,CUST-0531,PROD-101,CHAN-2,2025-12-26,1,66.0,0.3,4.99,Completed,51.19
ORD-09907,CUST-0084,PROD-045,CHAN-2,2025-12-26,1,51.0,0.0,0.0,Cancelled,0.0
ORD-09908,CUST-0549,PROD-081,CHAN-1,2025-12-26,1,38.95,0.0,8.99,Completed,47.94
ORD-09909,CUST-0065,PROD-133,CHAN-1,2025-12-26,1,18.99,0.0,11.99,Refunded,30.98
ORD-09910,CUST-0846,PROD-022,CHAN-1,2025-12-26,1,21.0,0.0,4.99,Completed,25.99
ORD-09911,CUST-0682,PROD-012,CHAN-1,2025-12-26,1,63.0,0.05,8.99,Completed,68.84
ORD-09912,CUST-0783,PROD-001,CHAN-2,2025-12-26,3,50.95,0.15,0.0,Completed,129.92
ORD-09913,CUST-0028,PROD-041,CHAN-2,2025-12-26,1,27.95,0.35,11.99,Completed,30.16
ORD-09914,CUST-0933,PROD-113,CHAN-3,2025-12-27,1,97.0,0.0,0.0,Completed,97.0
ORD-09915,CUST-1116,PROD-027,CHAN-1,2025-12-27,1,54.0,0.0,4.99,Completed,58.99
ORD-09916,CUST-1548,PROD-028,CHAN-3,2025-12-27,1,109.0,0.15,0.0,Completed,92.65
ORD-09917,CUST-0984,PROD-003,CHAN-1,2025-12-27,5,70.99,0.0,0.0,Completed,354.95
ORD-09918,CUST-0005,PROD-033,CHAN-3,2025-12-27,2,63.99,0.0,0.0,Completed,127.98
ORD-09919,CUST-0278,PROD-056,CHAN-2,2025-12-27,1,131.0,0.0,0.0,Completed,131.0
ORD-09920,CUST-0081,PROD-015,CHAN-1,2025-12-27,1,65.0,0.0,5.99,Completed,70.99
ORD-09921,CUST-0060,PROD-020,CHAN-1,2025-12-27,1,25.0,0.0,11.99,Completed,36.99
ORD-09922,CUST-0027,PROD-093,CHAN-3,2025-12-27,1,25.99,0.0,8.99,Completed,34.98
ORD-09923,CUST-0013,PROD-078,CHAN-4,2025-12-28,1,9.99,0.0,4.99,Completed,14.98
ORD-09924,CUST-0001,PROD-007,CHAN-2,2025-12-28,4,49.0,0.3,0.0,Completed,137.2
ORD-09925,CUST-0929,PROD-050,CHAN-2,2025-12-28,1,40.0,0.0,11.99,Completed,51.99
ORD-09926,CUST-0740,PROD-017,CHAN-1,2025-12-28,1,28.99,0.1,8.99,Completed,35.08
ORD-09927,CUST-0683,PROD-088,CHAN-2,2025-12-28,1,29.99,0.0,5.99,Completed,35.98
ORD-09928,CUST-0002,PROD-009,CHAN-1,2025-12-28,1,60.99,0.05,11.99,Completed,69.93
ORD-09929,CUST-0006,PROD-079,CHAN-2,2025-12-28,1,37.99,0.35,8.99,Returned,33.68
ORD-09930,CUST-0438,PROD-003,CHAN-1,2025-12-28,2,70.99,0.0,0.0,Completed,141.98
ORD-09931,CUST-0664,PROD-003,CHAN-3,2025-12-28,1,70.99,0.0,4.99,Completed,75.98
ORD-09932,CUST-0251,PROD-072,CHAN-1,2025-12-28,1,35.95,0.0,4.99,Completed,40.94
ORD-09933,CUST-0558,PROD-129,CHAN-1,2025-12-28,1,8.99,0.35,8.99,Completed,14.83
ORD-09934,CUST-1678,PROD-009,CHAN-3,2025-12-28,1,60.99,0.0,4.99,Completed,65.98
ORD-09935,CUST-0001,PROD-018,CHAN-2,2025-12-28,1,83.95,0.0,0.0,Completed,83.95
ORD-09936,CUST-0165,PROD-004,CHAN-1,2025-12-28,1,47.99,0.0,8.99,Completed,56.98
ORD-09937,CUST-0106,PROD-008,CHAN-1,2025-12-28,2,38.99,0.1,11.99,Completed,82.17
ORD-09938,CUST-0012,PROD-035,CHAN-1,2025-12-28,1,102.99,0.0,0.0,Completed,102.99
ORD-09939,CUST-1181,PROD-130,CHAN-1,2025-12-28,1,5.95,0.4,11.99,Completed,15.56
ORD-09940,CUST-0707,PROD-106,CHAN-3,2025-12-28,1,103.0,0.0,0.0,Completed,103.0
ORD-09941,CUST-1908,PROD-142,CHAN-2,2025-12-28,1,5.0,0.4,4.99,Completed,7.99
ORD-09942,CUST-0683,PROD-022,CHAN-2,2025-12-28,1,21.0,0.05,8.99,Completed,28.94
ORD-09943,CUST-0002,PROD-109,CHAN-4,2025-12-28,1,68.99,0.4,8.99,Completed,50.38
ORD-09944,CUST-1062,PROD-024,CHAN-2,2025-12-28,1,39.0,0.25,5.99,Completed,35.24
ORD-09945,CUST-0415,PROD-038,CHAN-3,2025-12-28,1,83.99,0.0,0.0,Completed,83.99
ORD-09946,CUST-0199,PROD-071,CHAN-4,2025-12-29,1,54.99,0.05,8.99,Completed,61.23
ORD-09947,CUST-0171,PROD-113,CHAN-2,2025-12-29,3,97.0,0.05,0.0,Completed,276.45
ORD-09948,CUST-0002,PROD-111,CHAN-2,2025-12-29,2,27.99,0.1,5.99,Completed,56.37
ORD-09949,CUST-0510,PROD-002,CHAN-2,2025-12-29,1,28.99,0.4,8.99,Completed,26.38
ORD-09950,CUST-0370,PROD-082,CHAN-2,2025-12-29,1,22.0,0.0,5.99,Completed,27.99
ORD-09951,CUST-0515,PROD-002,CHAN-1,2025-12-29,1,28.99,0.2,8.99,Completed,32.18
ORD-09952,CUST-0951,PROD-101,CHAN-2,2025-12-29,2,66.0,0.0,0.0,Completed,132.0
ORD-09953,CUST-0014,PROD-140,CHAN-4,2025-12-29,1,12.0,0.1,11.99,Completed,22.79
ORD-09954,CUST-0004,PROD-032,CHAN-1,2025-12-29,1,89.95,0.0,0.0,Completed,89.95
ORD-09955,CUST-0032,PROD-036,CHAN-1,2025-12-29,1,102.99,0.0,0.0,Completed,102.99
ORD-09956,CUST-0058,PROD-001,CHAN-2,2025-12-29,1,50.95,0.0,11.99,Completed,62.94
ORD-09957,CUST-0768,PROD-064,CHAN-1,2025-12-29,1,43.0,0.0,11.99,Completed,54.99
ORD-09958,CUST-0446,PROD-127,CHAN-1,2025-12-29,1,7.95,0.0,11.99,Completed,19.94
ORD-09959,CUST-0928,PROD-097,CHAN-4,2025-12-29,1,6.0,0.0,5.99,Completed,11.99
ORD-09960,CUST-0034,PROD-087,CHAN-1,2025-12-29,1,34.99,0.0,4.99,Completed,39.98
ORD-09961,CUST-0582,PROD-072,CHAN-2,2025-12-29,1,35.95,0.1,5.99,Completed,38.35
ORD-09962,CUST-1903,PROD-007,CHAN-1,2025-12-29,1,49.0,0.0,5.99,Completed,54.99
ORD-09963,CUST-1552,PROD-047,CHAN-2,2025-12-29,1,82.0,0.0,0.0,Completed,82.0
ORD-09964,CUST-0003,PROD-070,CHAN-1,2025-12-29,3,91.99,0.1,0.0,Completed,248.37
ORD-09965,CUST-0031,PROD-015,CHAN-2,2025-12-30,1,65.0,0.35,4.99,Completed,47.24
ORD-09966,CUST-0184,PROD-016,CHAN-1,2025-12-30,2,25.0,0.0,5.99,Completed,55.99
ORD-09967,CUST-0246,PROD-050,CHAN-2,2025-12-30,1,40.0,0.0,4.99,Completed,44.99
ORD-09968,CUST-0787,PROD-060,CHAN-1,2025-12-30,1,51.99,0.0,11.99,Completed,63.98
ORD-09969,CUST-0057,PROD-052,CHAN-1,2025-12-30,1,124.0,0.0,0.0,Completed,124.0
ORD-09970,CUST-0876,PROD-013,CHAN-4,2025-12-30,1,41.95,0.0,4.99,Completed,46.94
ORD-09971,CUST-1982,PROD-033,CHAN-1,2025-12-30,1,63.99,0.0,8.99,Completed,72.98
ORD-09972,CUST-0006,PROD-002,CHAN-1,2025-12-30,1,28.99,0.0,4.99,Completed,33.98
ORD-09973,CUST-0011,PROD-030,CHAN-1,2025-12-30,1,62.99,0.0,8.99,Completed,71.98
ORD-09974,CUST-0034,PROD-125,CHAN-2,2025-12-30,1,162.99,0.0,0.0,Completed,162.99
ORD-09975,CUST-0002,PROD-047,CHAN-1,2025-12-30,3,82.0,0.0,0.0,Completed,246.0
ORD-09976,CUST-1444,PROD-061,CHAN-2,2025-12-30,1,67.0,0.2,5.99,Completed,59.59
ORD-09977,CUST-0001,PROD-074,CHAN-1,2025-12-30,1,45.95,0.0,8.99,Returned,54.94
ORD-09978,CUST-0001,PROD-016,CHAN-2,2025-12-30,1,25.0,0.0,5.99,Completed,30.99
ORD-09979,CUST-0756,PROD-042,CHAN-4,2025-12-30,1,17.0,0.0,0.0,Cancelled,0.0
ORD-09980,CUST-0838,PROD-105,CHAN-1,2025-12-30,2,71.0,0.0,0.0,Completed,142.0
ORD-09981,CUST-0177,PROD-004,CHAN-1,2025-12-30,2,47.99,0.0,0.0,Completed,95.98
ORD-09982,CUST-0031,PROD-002,CHAN-2,2025-12-30,1,28.99,0.0,11.99,Completed,40.98
ORD-09983,CUST-0749,PROD-003,CHAN-1,2025-12-30,1,70.99,0.05,8.99,Completed,76.43
ORD-09984,CUST-0358,PROD-102,CHAN-2,2025-12-30,3,137.0,0.0,0.0,Completed,411.0
ORD-09985,CUST-0044,PROD-054,CHAN-2,2025-12-30,2,109.0,0.0,0.0,Completed,218.0
ORD-09986,CUST-1940,PROD-034,CHAN-1,2025-12-30,2,65.99,0.05,0.0,Returned,125.38
ORD-09987,CUST-0028,PROD-001,CHAN-1,2025-12-31,1,50.95,0.0,11.99,Completed,62.94
ORD-09988,CUST-0180,PROD-146,CHAN-1,2025-12-31,2,8.99,0.0,5.99,Completed,23.97
ORD-09989,CUST-0060,PROD-015,CHAN-1,2025-12-31,1,65.0,0.0,5.99,Completed,70.99
ORD-09990,CUST-0047,PROD-077,CHAN-2,2025-12-31,1,42.99,0.0,4.99,Completed,47.98
ORD-09991,CUST-0001,PROD-001,CHAN-2,2025-12-31,2,50.95,0.0,0.0,Completed,101.9
ORD-09992,CUST-0514,PROD-029,CHAN-3,2025-12-31,1,79.0,0.0,0.0,Completed,79.0
ORD-09993,CUST-0141,PROD-048,CHAN-1,2025-12-31,5,121.95,0.25,0.0,Completed,457.31
ORD-09994,CUST-0250,PROD-002,CHAN-1,2025-12-31,1,28.99,0.0,4.99,Returned,33.98
ORD-09995,CUST-0413,PROD-146,CHAN-2,2025-12-31,1,8.99,0.1,11.99,Completed,20.08
ORD-09996,CUST-0042,PROD-003,CHAN-2,2025-12-31,2,70.99,0.0,0.0,Completed,141.98
ORD-09997,CUST-0489,PROD-030,CHAN-2,2025-12-31,1,62.99,0.0,8.99,Completed,71.98
ORD-09998,CUST-0017,PROD-082,CHAN-2,2025-12-31,1,22.0,0.0,8.99,Completed,30.99
ORD-09999,CUST-0431,PROD-010,CHAN-1,2025-12-31,1,32.99,0.0,4.99,Completed,37.98
ORD-10000,CUST-0047,PROD-084,CHAN-2,2025-12-31,2,17.0,0.25,5.99,Completed,31.49
